Data;DataHora;Grupo;Transportadora;ChaveNFe;NumeroNF;ShipmentOrderID;UF;FaixaPeso;PesoRealKg;ValorCobrado;ValorEBBEstimado;Economia
2026-06-08;2026-06-08 18:04:50.633;Todo Brasil / Dominalog -> Sul/Sudeste;Dominalog Standard;31260701336140000874550010003935481794030566;393548;31695053;PR;30kg+;83.42655750000002;210.66;537.3662837837838;326.7062837837839
2026-06-11;2026-06-11 12:25:38.600;Todo Brasil / Dominalog -> Sul/Sudeste;Dominalog Standard;31260601336140000874550010003756641800009001;375664;31717164;PR;30kg+;42.0;262.73;537.3662837837838;274.6362837837838
2026-06-11;2026-06-11 12:30:52.300;Todo Brasil / Dominalog -> Sul/Sudeste;Dominalog Standard;31260601336140000874550010003756651797208840;375665;31717254;RS;30kg+;114.7314375;346.25;639.6241803278688;293.37418032786877
2026-06-12;2026-06-12 14:34:48.673;Todo Brasil / Dominalog -> Sul/Sudeste;Dominalog Standard;31260601336140000874550010003826251029496927;382625;31725782;RS;10-20kg;16.37;111.48;359.7268;248.2468
2026-06-18;2026-06-18 09:25:27.890;Todo Brasil / Dominalog -> Sul/Sudeste;Dominalog Standard;31260701336140000874550010003982411432058033;398241;31775519;PR;30kg+;119.3549175;245.83;537.3662837837838;291.5362837837838
2026-06-22;2026-06-22 18:06:35.647;Todo Brasil / Dominalog -> Sul/Sudeste;Dominalog Standard;31260601336140000874550010003776201691134522;377620;31808866;SC;30kg+;41.97;229.26;573.3730337078651;344.11303370786516
2026-06-26;2026-06-26 11:25:27.877;Todo Brasil / Dominalog -> Sul/Sudeste;Dominalog Standard;31260701336140000874550010004123761502185249;412376;31833322;RS;10-20kg;12.445524;102.72;359.7268;257.0068
2026-07-14;2026-07-14 12:06:40.890;Todo Brasil / Dominalog -> Sul/Sudeste;Dominalog Standard;31260801336140000874550010004281611043525640;428161;31961415;PR;20-30kg;20.96586;103.85;295.78093023255815;191.93093023255815
2026-07-15;2026-07-15 12:20:49.740;Todo Brasil / Dominalog -> Sul/Sudeste;Dominalog Standard;31260701336140000874550010004103691584961112;410369;31971085;RS;10-20kg;17.577;99.57;359.7268;260.15680000000003
2026-07-29;2026-07-29 09:05:00.463;Todo Brasil / Dominalog -> Sul/Sudeste;Dominalog Standard;31260801336140000874550010004335441068957464;433544;32082793;PR;20-30kg;20.96586;101.49;295.78093023255815;194.29093023255814
2026-08-10;2026-08-10 08:45:45.243;Todo Brasil / Dominalog -> Sul/Sudeste;Dominalog Standard;31260801336140000874550010004371961304145459;437196;32247136;PR;10-20kg;15.79;106.2;315.1783870967742;208.9783870967742
2026-07-28;2026-07-28 19:40:28.577;Todo Brasil / Dominalog -> Sul/Sudeste;Dominalog Standard;31260801336140000874550010004467611951405663;446761;32080240;RS;20-30kg;22.9908;120.94;344.2204545454546;223.28045454545457
2026-07-28;2026-07-28 10:09:30.070;Todo Brasil / Dominalog -> Sul/Sudeste;Dominalog Standard;31260701336140000874550010004209881191363122;420988;32073228;RS;10-20kg;16.37;115.07;359.7268;244.65680000000003
2026-07-28;2026-07-28 10:09:29.473;Todo Brasil / Dominalog -> Sul/Sudeste;Dominalog Standard;31260801336140000874550010004335331662700370;433533;32073227;RS;20-30kg;20.96586;117.6;344.2204545454546;226.62045454545458
2026-07-26;2026-07-26 21:06:37.577;Todo Brasil / Dominalog -> Sul/Sudeste;Dominalog Standard;31260801336140000874550010004281621051248649;428162;32061002;PR;20-30kg;20.96586;96.24;295.78093023255815;199.54093023255814
2026-07-24;2026-07-24 08:20:29.383;Todo Brasil / Dominalog -> Sul/Sudeste;Dominalog Standard;31260701336140000874550010004140201942263970;414020;32043535;RS;10-20kg;17.577;106.95;359.7268;252.77680000000004
2026-07-19;2026-07-19 17:25:22.733;Todo Brasil / Dominalog -> Sul/Sudeste;Dominalog Standard;31260701336140000874550010004047721726719741;404772;32000727;PR;1-2kg;1.6838925;78.92;258.50625;179.58625
2026-07-17;2026-07-17 11:20:39.343;Todo Brasil / Dominalog -> Sul/Sudeste;Dominalog Standard;31260701336140000874550010004029501218988998;402950;31987102;RS;30kg+;83.42655750000002;222.7;639.6241803278688;416.9241803278688
2026-07-13;2026-07-13 14:20:30.600;Todo Brasil / Dominalog -> Sul/Sudeste;Dominalog Standard;31260701336140000874550010004103701475438991;410370;31954764;PR;10-20kg;17.577;103.43;315.1783870967742;211.7483870967742
2026-07-10;2026-07-10 13:25:26.013;Todo Brasil / Dominalog -> Sul/Sudeste;Dominalog Standard;31260701336140000874550010004177161091369259;417716;31936093;RS;30kg+;36.0;121.82;639.6241803278688;517.8041803278688
2026-06-04;2026-06-04 09:05:29.130;Todo Brasil / Dominalog -> Sul/Sudeste;Dominalog Standard;31260701336140000874550010003932121154584072;393212;31661431;PR;20-30kg;20.96586;95.68;295.78093023255815;200.10093023255814
2026-06-05;2026-06-05 14:15:14.003;Todo Brasil / Dominalog -> Sul/Sudeste;Dominalog Standard;31260601336140000874550010003776441873515817;377644;31669314;SC;20-30kg;22.9908;114.58;302.3036363636364;187.7236363636364
2026-06-06;2026-06-06 10:20:13.420;Todo Brasil / Dominalog -> Sul/Sudeste;Dominalog Standard;31260601336140000874550010003777021089710674;377702;31674870;SP;30kg+;252.288;218.61;397.9043069948186;179.2943069948186
2026-06-06;2026-06-06 16:55:12.943;Todo Brasil / Dominalog -> Sul/Sudeste;Dominalog Standard;31260701336140000874550010004085411284035398;408541;31676733;MG;30kg+;405.9072;833.98;703.1904179104478;-130.78958208955225
2026-06-08;2026-06-08 11:40:37.033;Todo Brasil / Dominalog -> Sul/Sudeste;Dominalog Standard;31260701336140000874550010003932171356548413;393217;31688111;RS;20-30kg;20.96586;117.27;344.2204545454546;226.9504545454546
2026-06-08;2026-06-08 16:45:15.070;Todo Brasil / Dominalog -> Sul/Sudeste;Dominalog Standard;35260601336140000521550000057373931103107715;5737393;31693825;RS;10-20kg;17.40375;86.62;359.7268;273.1068
2026-06-08;2026-06-08 16:45:15.070;Todo Brasil / Dominalog -> Sul/Sudeste;Dominalog Standard;31260701336140000874550010003920351781998575;392035;31693871;PR;30kg+;268.5312;418.05;537.3662837837838;119.31628378378383
2026-06-08;2026-06-08 16:50:14.480;Todo Brasil / Dominalog -> Sul/Sudeste;Dominalog Standard;31260701336140000874550010003935951735789420;393595;31694318;RS;10-20kg;12.445524;95.11;359.7268;264.6168
2026-06-09;2026-06-09 21:20:13.463;Todo Brasil / Dominalog -> Sul/Sudeste;TODOBRASIL;31260601336140000874550010003777011723049142;377701;31705047;SP;10-20kg;18.09;189.05;377.716496350365;188.66649635036498
2026-06-10;2026-06-10 16:08:57.677;Todo Brasil / Dominalog -> Sul/Sudeste;Dominalog Standard;31260701336140000874550010003932211567082816;393221;31710923;PR;20-30kg;20.96586;103.52;295.78093023255815;192.26093023255817
2026-06-10;2026-06-10 16:40:18.317;Todo Brasil / Dominalog -> Sul/Sudeste;Dominalog Standard;31260701336140000874550010003932201463814368;393220;31711363;MG;20-30kg;20.96586;164.5;374.3104225352113;209.81042253521127
2026-06-11;2026-06-11 07:30:25.557;Todo Brasil / Dominalog -> Sul/Sudeste;TODOBRASIL;31260701336140000874550010003879631477157283;387963;31714993;SP;10-20kg;18.09;191.14;377.716496350365;186.576496350365
2026-06-11;2026-06-11 08:30:35.157;Todo Brasil / Dominalog -> Sul/Sudeste;Dominalog Standard;31260601336140000874550010003756731922878445;375673;31715197;MG;10-20kg;18.09;136.45;349.35677966101696;212.90677966101697
2026-06-11;2026-06-11 11:30:19.450;Todo Brasil / Dominalog -> Sul/Sudeste;Dominalog Standard;31260701336140000874550010003932241001511070;393224;31716591;PR;20-30kg;20.96586;94.86;295.78093023255815;200.92093023255813
2026-06-15;2026-06-15 12:07:38.950;Todo Brasil / Dominalog -> Sul/Sudeste;TODOBRASIL;31260701336140000874550010004178451665823965;417845;31743660;SP;30kg+;268.5312;495.77;397.9043069948186;-97.86569300518136
2026-06-15;2026-06-15 15:30:30.000;Todo Brasil / Dominalog -> Sul/Sudeste;Dominalog Standard;31260701336140000874550010004123001883869094;412300;31746361;PR;10-20kg;12.445524;99.01;315.1783870967742;216.1683870967742
2026-06-15;2026-06-15 22:00:28.967;Todo Brasil / Dominalog -> Sul/Sudeste;Dominalog Standard;31260701336140000874550010003920421549340978;392042;31749520;RS;10-20kg;16.37;113.59;359.7268;246.13680000000002
2026-06-15;2026-06-15 22:00:28.967;Todo Brasil / Dominalog -> Sul/Sudeste;Dominalog Standard;31260701336140000874550010003932341970279833;393234;31749530;SC;20-30kg;20.96586;104.76;302.3036363636364;197.54363636363638
2026-06-15;2026-06-15 22:00:28.967;Todo Brasil / Dominalog -> Sul/Sudeste;Dominalog Standard;31260601336140000874550010003835051236467180;383505;31749551;RS;10-20kg;18.54666;100.98;359.7268;258.7468
2026-06-16;2026-06-16 10:00:33.697;Todo Brasil / Dominalog -> Sul/Sudeste;Dominalog Standard;31260601336140000874550010003826151862834630;382615;31752251;SC;10-20kg;12.445524;94.05;333.5888235294118;239.5388235294118
2026-06-16;2026-06-16 12:10:32.373;Todo Brasil / Dominalog -> Sul/Sudeste;Dominalog Standard;31260701336140000874550010003932431736624650;393243;31753819;RS;20-30kg;20.96586;110.56;344.2204545454546;233.66045454545457
2026-06-16;2026-06-16 15:55:17.380;Todo Brasil / Dominalog -> Sul/Sudeste;Dominalog Standard;31260701336140000874550010004123291380101496;412329;31758189;SC;10-20kg;12.445524;94.05;333.5888235294118;239.5388235294118
2026-06-17;2026-06-17 00:00:30.787;Todo Brasil / Dominalog -> Sul/Sudeste;Dominalog Standard;31260701336140000874550010003936521533353440;393652;31761975;PR;10-20kg;18.09;89.85;315.1783870967742;225.3283870967742
2026-06-17;2026-06-17 20:09:38.867;Todo Brasil / Dominalog -> Sul/Sudeste;Dominalog Standard;31260701336140000874550010003932271164805198;393227;31769380;PR;20-30kg;20.96586;111.48;295.78093023255815;184.30093023255813
2026-06-18;2026-06-18 11:00:25.670;Todo Brasil / Dominalog -> Sul/Sudeste;Dominalog Standard;31260701336140000874550010004122291688532704;412229;31776288;PR;20-30kg;20.96586;111.81;295.78093023255815;183.97093023255815
2026-06-18;2026-06-18 15:20:22.463;Todo Brasil / Dominalog -> Sul/Sudeste;Dominalog Standard;31260701336140000874550010003935641636494352;393564;31778836;ES;10-20kg;17.577;118.66;282.106;163.446
2026-06-18;2026-06-18 16:11:22.173;Todo Brasil / Dominalog -> Sul/Sudeste;TODOBRASIL;35260801336140000521550000058315691346951315;5831569;31780431;SP;30kg+;181.272;353.76;397.9043069948186;44.144306994818635
2026-06-19;2026-06-19 16:55:20.387;Todo Brasil / Dominalog -> Sul/Sudeste;Dominalog Standard;31260701336140000874550010003936681629866414;393668;31790556;SC;10-20kg;17.577;94.07;333.5888235294118;239.5188235294118
2026-06-19;2026-06-19 20:00:33.023;Todo Brasil / Dominalog -> Sul/Sudeste;Dominalog Standard;31260701336140000874550010003932361353682084;393236;31792655;PR;20-30kg;20.96586;111.81;295.78093023255815;183.97093023255815
2026-06-21;2026-06-21 02:20:16.810;Todo Brasil / Dominalog -> Sul/Sudeste;Dominalog Standard;31260601336140000874550010003831711862897620;383171;31797663;PR;20-30kg;22.9908;97.4;295.78093023255815;198.38093023255814
2026-06-22;2026-06-22 09:50:34.467;Todo Brasil / Dominalog -> Sul/Sudeste;Dominalog Standard;31260701336140000874550010003932381911844987;393238;31804636;MG;20-30kg;20.96586;164.5;374.3104225352113;209.81042253521127
2026-06-22;2026-06-22 11:10:19.197;Todo Brasil / Dominalog -> Sul/Sudeste;Dominalog Standard;31260701336140000874550010004122101009417238;412210;31805261;RS;10-20kg;12.445524;95.11;359.7268;264.6168
2026-06-22;2026-06-22 12:10:02.720;Todo Brasil / Dominalog -> Sul/Sudeste;Dominalog Standard;31260601336140000874550010003832761637393778;383276;31806001;PR;20-30kg;22.9908;113.19;295.78093023255815;182.59093023255815
2026-06-22;2026-06-22 15:10:19.193;Todo Brasil / Dominalog -> Sul/Sudeste;Dominalog Standard;31260701336140000874550010003932321091734253;393232;31807378;RS;20-30kg;20.96586;117.6;344.2204545454546;226.62045454545458
2026-06-22;2026-06-22 17:08:18.137;Todo Brasil / Dominalog -> Sul/Sudeste;Dominalog Standard;31260701336140000874550010004122531189434010;412253;31808469;SC;10-20kg;12.445524;93.25;333.5888235294118;240.3388235294118
2026-06-22;2026-06-22 19:50:18.443;Todo Brasil / Dominalog -> Sul/Sudeste;Dominalog Standard;31260601336140000874550010003777701071230891;377770;31809733;RS;30kg+;50.703;357.27;639.6241803278688;282.3541803278688
2026-06-22;2026-06-22 20:05:41.190;Todo Brasil / Dominalog -> Sul/Sudeste;Dominalog Standard;31260601336140000874550010003816681613161150;381668;31809867;RS;5-10kg;8.53116;81.27;318.49285714285713;237.22285714285715
2026-06-23;2026-06-23 15:50:14.817;Todo Brasil / Dominalog -> Sul/Sudeste;Dominalog Standard;31260701336140000874550010003991591492138282;399159;31815216;PR;10-20kg;17.577;94.83;315.1783870967742;220.34838709677422
2026-06-24;2026-06-24 06:25:32.750;Todo Brasil / Dominalog -> Sul/Sudeste;Dominalog Standard;31260701336140000874550010004123651377948757;412365;31818668;SP;10-20kg;12.445524;102.57;377.716496350365;275.146496350365
2026-06-24;2026-06-24 07:50:20.177;Todo Brasil / Dominalog -> Sul/Sudeste;Dominalog Standard;31260701336140000874550010004123601155058554;412360;31818889;PR;10-20kg;12.445524;99.01;315.1783870967742;216.1683870967742
2026-06-24;2026-06-24 10:30:25.297;Todo Brasil / Dominalog -> Sul/Sudeste;Dominalog Standard;31260701336140000874550010004123731429652235;412373;31819654;PR;20-30kg;20.96586;103.52;295.78093023255815;192.26093023255817
2026-06-24;2026-06-24 11:35:14.240;Todo Brasil / Dominalog -> Sul/Sudeste;Dominalog Standard;31260701336140000874550010003932481931815458;393248;31820230;RS;20-30kg;20.96586;110.23;344.2204545454546;233.99045454545455
2026-06-25;2026-06-25 15:08:20.647;Todo Brasil / Dominalog -> Sul/Sudeste;Dominalog Standard;31260701336140000874550010003916401938105876;391640;31827927;RS;30kg+;66.09867;191.01;639.6241803278688;448.6141803278688
2026-06-25;2026-06-25 16:20:22.367;Todo Brasil / Dominalog -> Sul/Sudeste;Dominalog Standard;31260701336140000874550010004123201194200417;412320;31828512;PR;20-30kg;20.96586;111.81;295.78093023255815;183.97093023255815
2026-06-26;2026-06-26 14:08:25.163;Todo Brasil / Dominalog -> Sul/Sudeste;Dominalog Standard;31260701336140000874550010003938011230304720;393801;31834391;MG;20-30kg;20.96586;164.5;374.3104225352113;209.81042253521127
2026-06-26;2026-06-26 16:50:21.143;Todo Brasil / Dominalog -> Sul/Sudeste;Dominalog Standard;31260701336140000874550010004123181297970675;412318;31836071;PR;20-30kg;20.96586;103.03;295.78093023255815;192.75093023255815
2026-06-26;2026-06-26 17:50:19.510;Todo Brasil / Dominalog -> Sul/Sudeste;Dominalog Standard;31260701336140000874550010004123341380083447;412334;31836874;RS;20-30kg;20.96586;117.6;344.2204545454546;226.62045454545458
2026-06-27;2026-06-27 14:48:25.800;Todo Brasil / Dominalog -> Sul/Sudeste;Dominalog Standard;31260701336140000874550010003874371472116654;387437;31841414;PR;30kg+;331.22700000000003;549.88;537.3662837837838;-12.513716216216153
2026-06-27;2026-06-27 15:35:13.940;Todo Brasil / Dominalog -> Sul/Sudeste;Dominalog Standard;31260701336140000874550010003991771960005780;399177;31841846;SC;10-20kg;17.577;94.07;333.5888235294118;239.5188235294118
2026-06-27;2026-06-27 19:25:15.403;Todo Brasil / Dominalog -> Sul/Sudeste;Dominalog Standard;31260701336140000874550010004123861983333875;412386;31842854;MG;10-20kg;12.445524;151.17;349.35677966101696;198.18677966101697
2026-06-28;2026-06-28 13:50:20.283;Todo Brasil / Dominalog -> Sul/Sudeste;Dominalog Standard;31260701336140000874550010004123301448503528;412330;31846008;RS;20-30kg;20.96586;117.77;344.2204545454546;226.4504545454546
2026-06-29;2026-06-29 10:50:16.240;Todo Brasil / Dominalog -> Sul/Sudeste;Dominalog Standard;31260601336140000874550010003854341436296775;385434;31853554;MG;30kg+;98.0;638.17;703.1904179104478;65.0204179104478
2026-06-29;2026-06-29 14:10:19.053;Todo Brasil / Dominalog -> Sul/Sudeste;Dominalog Standard;31260701336140000874550010003941881880137290;394188;31854735;PR;10-20kg;12.445524;93.86;315.1783870967742;221.3183870967742
2026-06-30;2026-06-30 23:20:28.517;Todo Brasil / Dominalog -> Sul/Sudeste;Dominalog Standard;31260701336140000874550010004123661292848186;412366;31866551;PR;20-30kg;20.96586;110.99;295.78093023255815;184.79093023255814
2026-07-01;2026-07-01 10:50:19.753;Todo Brasil / Dominalog -> Sul/Sudeste;Dominalog Standard;31260701336140000874550010003992011602633989;399201;31869368;MG;10-20kg;17.577;153.65;349.35677966101696;195.70677966101695
2026-07-01;2026-07-01 11:10:23.313;Todo Brasil / Dominalog -> Sul/Sudeste;Dominalog Standard;31260701336140000874550010003992521569068326;399252;31869586;PR;10-20kg;17.577;102.83;315.1783870967742;212.34838709677422
2026-07-02;2026-07-02 09:05:40.703;Todo Brasil / Dominalog -> Sul/Sudeste;TODOBRASIL;31260701336140000874550010003884041841840475;388404;31877513;SP;30kg+;258.3582;649.43;397.9043069948186;-251.52569300518132
2026-07-02;2026-07-02 14:06:56.490;Todo Brasil / Dominalog -> Sul/Sudeste;Dominalog Standard;31260701336140000874550010004093791694249089;409379;31880061;RS;10-20kg;16.37;114.31;359.7268;245.41680000000002
2026-07-02;2026-07-02 16:10:22.680;Todo Brasil / Dominalog -> Sul/Sudeste;Dominalog Standard;31260801336140000874550010004334741748738402;433474;31881169;RS;20-30kg;20.96586;110.56;344.2204545454546;233.66045454545457
2026-07-02;2026-07-02 23:30:25.293;Todo Brasil / Dominalog -> Sul/Sudeste;Dominalog Standard;31260701336140000874550010004094111983654500;409411;31884675;RS;10-20kg;16.37;114.31;359.7268;245.41680000000002
2026-07-05;2026-07-05 13:20:18.660;Todo Brasil / Dominalog -> Sul/Sudeste;Dominalog Standard;31260701336140000874550010004122911921088030;412291;31899237;MG;10-20kg;12.445524;149.76;349.35677966101696;199.59677966101697
2026-07-06;2026-07-06 09:07:15.783;Todo Brasil / Dominalog -> Sul/Sudeste;Dominalog Standard;31260701336140000874550010004177131909719577;417713;31905173;MG;30kg+;268.5312;549.37;703.1904179104478;153.82041791044776
2026-07-06;2026-07-06 17:35:11.633;Todo Brasil / Dominalog -> Sul/Sudeste;Dominalog Standard;31260801336140000874550010004281731097611693;428173;31909031;RS;20-30kg;20.96586;102.07;344.2204545454546;242.15045454545458
2026-07-08;2026-07-08 14:06:50.917;Todo Brasil / Dominalog -> Sul/Sudeste;Dominalog Standard;31260701336140000874550010004085241503949780;408524;31923417;PR;30kg+;181.272;311.51;537.3662837837838;225.85628378378385
2026-07-09;2026-07-09 10:30:34.653;Todo Brasil / Dominalog -> Sul/Sudeste;Dominalog Standard;31260801336140000874550010004281471889745087;428147;31928638;MG;20-30kg;20.96586;164.5;374.3104225352113;209.81042253521127
2026-07-09;2026-07-09 17:40:20.847;Todo Brasil / Dominalog -> Sul/Sudeste;Dominalog Standard;31260801336140000874550010004335041886945501;433504;31931305;MG;10-20kg;12.445524;149.76;349.35677966101696;199.59677966101697
2026-07-09;2026-07-09 22:50:18.863;Todo Brasil / Dominalog -> Sul/Sudeste;Dominalog Standard;31260701336140000874550010003960471358896569;396047;31932964;RS;10-20kg;14.915697300000001;102.86;359.7268;256.8668
2026-07-10;2026-07-10 09:20:20.470;Todo Brasil / Dominalog -> Sul/Sudeste;Dominalog Standard;31260801336140000874550010004286891369966493;428689;31934354;PR;20-30kg;20.96586;103.85;295.78093023255815;191.93093023255815
2026-07-10;2026-07-10 10:40:18.123;Todo Brasil / Dominalog -> Sul/Sudeste;Dominalog Standard;31260701336140000874550010003992751364581891;399275;31934942;RS;10-20kg;17.577;106.95;359.7268;252.77680000000004
2026-07-10;2026-07-10 17:10:19.303;Todo Brasil / Dominalog -> Sul/Sudeste;Dominalog Standard;31260701336140000874550010003992711771939958;399271;31938052;PR;10-20kg;17.577;103.43;315.1783870967742;211.7483870967742
2026-07-10;2026-07-10 22:20:16.870;Todo Brasil / Dominalog -> Sul/Sudeste;Dominalog Standard;31260801336140000874550010004281591919966591;428159;31939865;MG;20-30kg;20.96586;163.62;374.3104225352113;210.69042253521127
2026-07-11;2026-07-11 10:40:21.060;Todo Brasil / Dominalog -> Sul/Sudeste;Dominalog Standard;31260701336140000874550010003969531842920231;396953;31941258;SP;30kg+;63.485;188.19;397.9043069948186;209.71430699481863
2026-07-11;2026-07-11 17:30:27.997;Todo Brasil / Dominalog -> Sul/Sudeste;Dominalog Standard;31260801336140000874550010004281971237499779;428197;31942950;PR;20-30kg;20.96586;111.81;295.78093023255815;183.97093023255815
2026-07-12;2026-07-12 11:05:42.593;Todo Brasil / Dominalog -> Sul/Sudeste;Dominalog Standard;31260701336140000874550010003992541771686013;399254;31945363;PR;10-20kg;17.577;102.67;315.1783870967742;212.5083870967742
2026-07-12;2026-07-12 11:06:22.423;Todo Brasil / Dominalog -> Sul/Sudeste;Dominalog Standard;31260701336140000874550010003990261547965430;399026;31945406;RS;20-30kg;22.9908;118.99;344.2204545454546;225.23045454545456
2026-07-12;2026-07-12 11:07:16.777;Todo Brasil / Dominalog -> Sul/Sudeste;Dominalog Standard;31260801336140000874550010004284051013649003;428405;31945454;MG;20-30kg;20.96586;139.63;374.3104225352113;234.68042253521128
2026-07-12;2026-07-12 13:15:17.607;Todo Brasil / Dominalog -> Sul/Sudeste;Dominalog Standard;31260801336140000874550010004335761317170440;433576;31946649;MG;10-20kg;12.445524;151.17;349.35677966101696;198.18677966101697
2026-07-12;2026-07-12 20:25:20.797;Todo Brasil / Dominalog -> Sul/Sudeste;Dominalog Standard;31260701336140000874550010003971731324027215;397173;31949731;ES;3-5kg;3.9244499999999998;74.77;261.29;186.52000000000004
2026-07-12;2026-07-12 22:20:18.260;Todo Brasil / Dominalog -> Sul/Sudeste;Dominalog Standard;31260701336140000874550010003973021547483244;397302;31950543;MG;20-30kg;20.96586;138.07;374.3104225352113;236.24042253521128
2026-07-13;2026-07-13 02:50:17.507;Todo Brasil / Dominalog -> Sul/Sudeste;Dominalog Standard;31260701336140000874550010003974191909901352;397419;31951376;MG;20-30kg;20.96586;106.98;374.3104225352113;267.33042253521126
2026-07-13;2026-07-13 12:20:23.163;Todo Brasil / Dominalog -> Sul/Sudeste;Dominalog Standard;31260701336140000874550010003977271510817581;397727;31953619;ES;20-30kg;20.96586;128.09;320.1766666666667;192.08666666666667
2026-07-13;2026-07-13 13:00:30.050;Todo Brasil / Dominalog -> Sul/Sudeste;Dominalog Standard;31260701336140000874550010003977261508712940;397726;31953809;PR;20-30kg;20.96586;111.98;295.78093023255815;183.80093023255813
2026-07-13;2026-07-13 14:09:54.063;Todo Brasil / Dominalog -> Sul/Sudeste;Dominalog Standard;31260701336140000874550010003978061115308829;397806;31954621;PR;20-30kg;25.92;129.28;295.78093023255815;166.50093023255815
2026-07-13;2026-07-13 18:09:40.123;Todo Brasil / Dominalog -> Sul/Sudeste;Dominalog Standard;31260801336140000874550010004287391278158541;428739;31956860;PR;20-30kg;20.96586;111.81;295.78093023255815;183.97093023255815
2026-07-13;2026-07-13 22:40:20.147;Todo Brasil / Dominalog -> Sul/Sudeste;Dominalog Standard;31260701336140000874550010004176861688359965;417686;31958861;ES;30kg+;119.3549175;220.13;499.0984;278.96840000000003
2026-07-14;2026-07-14 14:20:20.193;Todo Brasil / Dominalog -> Sul/Sudeste;Dominalog Standard;31260801336140000874550010004334801137021338;433480;31962651;MG;10-20kg;12.445524;128.41;349.35677966101696;220.94677966101696
2026-07-16;2026-07-16 10:09:19.090;Todo Brasil / Dominalog -> Sul/Sudeste;Dominalog Standard;31260701336140000874550010004103721099857142;410372;31977802;PR;10-20kg;17.577;102.83;315.1783870967742;212.34838709677422
2026-07-16;2026-07-16 16:55:18.167;Todo Brasil / Dominalog -> Sul/Sudeste;Dominalog Standard;31260701336140000874550010004022921991916980;402292;31982158;MG;1-2kg;1.35;111.82;312.865;201.04500000000002
2026-07-20;2026-07-20 09:10:21.167;Todo Brasil / Dominalog -> Sul/Sudeste;Dominalog Standard;31260701336140000874550010004103771632921032;410377;32005253;PR;10-20kg;17.577;95.59;315.1783870967742;219.5883870967742
2026-07-22;2026-07-22 08:06:59.113;Todo Brasil / Dominalog -> Sul/Sudeste;Dominalog Standard;31260801336140000874550010004283311315393421;428331;32024130;RS;30kg+;36.0;115.0;639.6241803278688;524.6241803278688
2026-07-23;2026-07-23 08:30:30.800;Todo Brasil / Dominalog -> Sul/Sudeste;TODOBRASIL;31260701336140000874550010004125841358663072;412584;32033973;SP;10-20kg;18.09;188.4;377.716496350365;189.316496350365
2026-07-23;2026-07-23 17:09:22.433;Todo Brasil / Dominalog -> Sul/Sudeste;Dominalog Standard;31260801336140000874550010004281871979948942;428187;32039021;PR;20-30kg;20.96586;95.68;295.78093023255815;200.10093023255814
2026-07-23;2026-07-23 18:49:54.033;Todo Brasil / Dominalog -> Sul/Sudeste;Dominalog Standard;31260801336140000874550010004335311946983177;433531;32040077;RS;20-30kg;20.96586;117.6;344.2204545454546;226.62045454545458
2026-07-24;2026-07-24 11:05:19.930;Todo Brasil / Dominalog -> Sul/Sudeste;Dominalog Standard;31260801336140000874550010004281831817012195;428183;32044277;MG;20-30kg;20.96586;108.2;374.3104225352113;266.1104225352113
2026-07-25;2026-07-25 19:50:19.173;Todo Brasil / Dominalog -> Sul/Sudeste;Dominalog Standard;31260701336140000874550010004154081888745005;415408;32053323;RS;20-30kg;25.520400000000002;261.7;344.2204545454546;82.52045454545458
2026-07-27;2026-07-27 11:35:14.417;Todo Brasil / Dominalog -> Sul/Sudeste;Dominalog Standard;31260701336140000874550010004173211841383439;417321;32063957;MG;0-1kg;0.23399999999999999;110.85;296.59;185.73999999999998
2026-07-27;2026-07-27 12:00:35.950;Todo Brasil / Dominalog -> Sul/Sudeste;Dominalog Standard;31260701336140000874550010004173361267369052;417336;32064167;RS;10-20kg;16.37;115.07;359.7268;244.65680000000003
2026-07-27;2026-07-27 18:08:27.337;Todo Brasil / Dominalog -> Sul/Sudeste;Dominalog Standard;31260801336140000874550010004420931471562851;442093;32068298;RS;30kg+;36.0;121.82;639.6241803278688;517.8041803278688
2026-07-27;2026-07-27 19:05:31.910;Todo Brasil / Dominalog -> Sul/Sudeste;Dominalog Standard;31260701336140000874550010004178741371646090;417874;32069141;RS;10-20kg;16.37;111.48;359.7268;248.2468
2026-08-04;2026-08-04 08:50:18.197;Todo Brasil / Dominalog -> Sul/Sudeste;Dominalog Standard;31260801336140000874550010004286641294107511;428664;32123603;ES;10-20kg;17.31;150.77;282.106;131.33599999999998
2026-08-06;2026-08-06 21:35:11.853;Todo Brasil / Dominalog -> Sul/Sudeste;Dominalog Standard;31260801336140000874550010004330911515877050;433091;32225819;SP;20-30kg;20.96586;93.49;375.2006624605678;281.7106624605678
2026-08-12;2026-08-12 14:20:21.327;Todo Brasil / Dominalog -> Sul/Sudeste;Dominalog Standard;31260801336140000874550010004438401655619176;443840;32267075;SP;30kg+;105.05114999999999;230.31;397.9043069948186;167.59430699481862
2026-08-14;2026-08-14 23:20:20.243;Todo Brasil / Dominalog -> Sul/Sudeste;Dominalog Standard;31260801336140000874550010004500781968144260;450078;32288246;MG;10-20kg;12.445524;150.65;349.35677966101696;198.70677966101695
2026-08-14;2026-08-14 09:50:17.813;Todo Brasil / Dominalog -> Sul/Sudeste;Dominalog Standard;31260801336140000874550010004475981759570973;447598;32281489;PR;10-20kg;12.445524;100.03;315.1783870967742;215.1483870967742
2026-08-12;2026-08-12 12:10:39.977;Todo Brasil / Dominalog -> Sul/Sudeste;Dominalog Standard;31260801336140000874550010004448901769630434;444890;32266065;RS;5-10kg;7.3;97.72;318.49285714285713;220.77285714285713
2026-08-08;2026-08-08 18:00:24.187;Todo Brasil / Dominalog -> Sul/Sudeste;Dominalog Standard;31260801336140000874550010004349071011278773;434907;32236542;MG;10-20kg;12.445524;151.17;349.35677966101696;198.18677966101697
2026-08-08;2026-08-08 15:30:27.137;Todo Brasil / Dominalog -> Sul/Sudeste;Dominalog Standard;31260801336140000874550010004347691441429531;434769;32235789;PR;10-20kg;17.577;103.43;315.1783870967742;211.7483870967742
2026-08-08;2026-08-08 15:25:13.537;Todo Brasil / Dominalog -> Sul/Sudeste;Dominalog Standard;31260801336140000874550010004347311719640371;434731;32235598;RS;20-30kg;20.96586;110.56;344.2204545454546;233.66045454545457
2026-08-08;2026-08-08 15:15:17.737;Todo Brasil / Dominalog -> Sul/Sudeste;Dominalog Standard;31260801336140000874550010004374041700963183;437404;32235252;RS;10-20kg;16.024;120.06;359.7268;239.66680000000002
2026-08-08;2026-08-08 09:20:19.110;Todo Brasil / Dominalog -> Sul/Sudeste;Dominalog Standard;31260801336140000874550010004343571996622283;434357;32233500;MG;10-20kg;12.445524;151.17;349.35677966101696;198.18677966101697
2026-08-07;2026-08-07 19:20:20.300;Todo Brasil / Dominalog -> Sul/Sudeste;Dominalog Standard;31260801336140000874550010004340391160794484;434039;32231217;MG;20-30kg;20.96586;162.59;374.3104225352113;211.72042253521127
2026-08-07;2026-08-07 17:50:17.913;Todo Brasil / Dominalog -> Sul/Sudeste;Dominalog Standard;31260801336140000874550010004338901641588280;433890;32230702;PR;20-30kg;20.96586;110.02;295.78093023255815;185.76093023255817
2026-08-06;2026-08-06 10:25:33.243;Todo Brasil / Dominalog -> Sul/Sudeste;Dominalog Standard;31260801336140000874550010004335501798361250;433550;32220763;RS;10-20kg;12.445524;91.36;359.7268;268.3668
2026-08-05;2026-08-05 14:30:40.180;Todo Brasil / Dominalog -> Sul/Sudeste;Dominalog Standard;31260801336140000874550010004335351768787031;433535;32131759;PR;20-30kg;20.96586;102.7;295.78093023255815;193.08093023255816
2026-08-05;2026-08-05 10:50:18.717;Todo Brasil / Dominalog -> Sul/Sudeste;Dominalog Standard;31260801336140000874550010004335691572688950;433569;32130228;MG;20-30kg;20.96586;138.07;374.3104225352113;236.24042253521128
2026-08-05;2026-08-05 10:20:25.197;Todo Brasil / Dominalog -> Sul/Sudeste;Dominalog Standard;31260801336140000874550010004307831082922031;430783;32130071;PR;20-30kg;20.96586;94.23;295.78093023255815;201.55093023255813
2026-08-04;2026-08-04 13:45:21.660;Todo Brasil / Dominalog -> Sul/Sudeste;Dominalog Standard;31260801336140000874550010004335851220445710;433585;32125137;MG;10-20kg;12.445524;97.56;349.35677966101696;251.79677966101696
2026-08-04;2026-08-04 12:50:18.877;Todo Brasil / Dominalog -> Sul/Sudeste;Dominalog Standard;31260801336140000874550010004297861919413112;429786;32124823;PR;20-30kg;20.96586;110.02;295.78093023255815;185.76093023255817
2026-08-04;2026-08-04 11:25:35.220;Todo Brasil / Dominalog -> Sul/Sudeste;Dominalog Standard;31260801336140000874550010004296551724194916;429655;32124368;RS;10-20kg;13.56;114.14;359.7268;245.58680000000004
2026-08-01;2026-08-01 21:35:12.273;Todo Brasil / Dominalog -> Sul/Sudeste;Dominalog Standard;31260801336140000874550010004335111893199172;433511;32107340;PR;10-20kg;12.445524;100.91;315.1783870967742;214.2683870967742
2026-07-30;2026-07-30 20:50:18.750;Todo Brasil / Dominalog -> Sul/Sudeste;Dominalog Standard;31260701336140000874550010004204281724435589;420428;32095610;PR;30kg+;119.3549175;235.33;537.3662837837838;302.0362837837838
2026-07-28;2026-07-28 15:10:21.260;Todo Brasil / Dominalog -> Sul/Sudeste;Dominalog Standard;31260801336140000874550010004335191774079244;433519;32077000;MG;10-20kg;12.445524;149.76;349.35677966101696;199.59677966101697
2026-07-28;2026-07-28 14:15:19.763;Todo Brasil / Dominalog -> Sul/Sudeste;Dominalog Standard;31260701336140000874550010004200801176277353;420080;32075800;RS;0-1kg;0.25;81.41;301.14;219.73
2026-07-28;2026-07-28 11:25:32.123;Todo Brasil / Dominalog -> Sul/Sudeste;Dominalog Standard;31260801336140000874550010004284041431028414;428404;32074133;PR;20-30kg;20.96586;103.07;295.78093023255815;192.71093023255816
2026-07-28;2026-07-28 10:00:39.500;Todo Brasil / Dominalog -> Sul/Sudeste;Dominalog Standard;31260701336140000874550010004212251310833212;421225;32073195;RS;10-20kg;17.577;106.95;359.7268;252.77680000000004
2026-07-27;2026-07-27 10:50:18.023;Todo Brasil / Dominalog -> Sul/Sudeste;Dominalog Standard;31260701336140000874550010004172761731712180;417276;32063708;SC;10-20kg;11.16;133.39;333.5888235294118;200.1988235294118
2026-07-27;2026-07-27 10:35:30.330;Todo Brasil / Dominalog -> Sul/Sudeste;Dominalog Standard;31260701336140000874550010004172511450012983;417251;32063627;MG;30kg+;114.7314375;374.13;703.1904179104478;329.06041791044777
2026-07-24;2026-07-24 15:20:18.447;Todo Brasil / Dominalog -> Sul/Sudeste;Dominalog Standard;31260801336140000874550010004281511380872926;428151;32045878;PR;20-30kg;20.96586;111.81;295.78093023255815;183.97093023255815
2026-07-24;2026-07-24 14:50:19.120;Todo Brasil / Dominalog -> Sul/Sudeste;Dominalog Standard;31260701336140000874550010004143321405919424;414332;32045619;RS;10-20kg;12.445524;103.56;359.7268;256.1668
2026-07-23;2026-07-23 15:50:16.097;Todo Brasil / Dominalog -> Sul/Sudeste;Dominalog Standard;31260801336140000874550010004289311909216614;428931;32038129;SP;20-30kg;20.96586;93.98;375.2006624605678;281.2206624605678
2026-07-22;2026-07-22 12:10:57.093;Todo Brasil / Dominalog -> Sul/Sudeste;Dominalog Standard;31260801336140000874550010004335751079396287;433575;32025823;SC;20-30kg;20.96586;104.76;302.3036363636364;197.54363636363638
2026-07-22;2026-07-22 08:06:22.130;Todo Brasil / Dominalog -> Sul/Sudeste;Dominalog Standard;31260701336140000874550010004178361177671962;417836;32024111;RS;30kg+;36.0;121.82;639.6241803278688;517.8041803278688
2026-07-21;2026-07-21 18:09:18.707;Todo Brasil / Dominalog -> Sul/Sudeste;Dominalog Standard;31260801336140000874550010004334731260138766;433473;32020865;SC;20-30kg;20.96586;113.06;302.3036363636364;189.24363636363637
2026-07-21;2026-07-21 17:40:18.563;Todo Brasil / Dominalog -> Sul/Sudeste;Dominalog Standard;31260701336140000874550010004079581605740435;407958;32020675;PR;30kg+;324.0;1810.43;537.3662837837838;-1273.063716216216
2026-07-21;2026-07-21 12:45:18.150;Todo Brasil / Dominalog -> Sul/Sudeste;Dominalog Standard;31260801336140000874550010004282081227798531;428208;32017446;MG;20-30kg;20.96586;163.8;374.3104225352113;210.51042253521126
2026-07-20;2026-07-20 14:10:20.477;Todo Brasil / Dominalog -> Sul/Sudeste;Dominalog Standard;31260701336140000874550010004056131385510480;405613;32008091;RS;10-20kg;14.0605059;91.98;359.7268;267.7468
2026-07-20;2026-07-20 10:00:37.340;Todo Brasil / Dominalog -> Sul/Sudeste;Dominalog Standard;31260701336140000874550010004103671392322591;410367;32005709;PR;10-20kg;17.577;103.43;315.1783870967742;211.7483870967742
2026-07-17;2026-07-17 22:10:17.970;Todo Brasil / Dominalog -> Sul/Sudeste;Dominalog Standard;31260801336140000874550010004334871332224120;433487;31991867;RS;20-30kg;20.96586;117.77;344.2204545454546;226.4504545454546
2026-07-17;2026-07-17 06:50:20.080;Todo Brasil / Dominalog -> Sul/Sudeste;Dominalog Standard;31260701336140000874550010004026491840925310;402649;31985829;SC;10-20kg;18.09;99.09;333.5888235294118;234.4988235294118
2026-07-16;2026-07-16 18:25:49.280;Todo Brasil / Dominalog -> Sul/Sudeste;Dominalog Standard;31260801336140000874550010004281741467786937;428174;31982944;MG;20-30kg;20.96586;108.54;374.3104225352113;265.77042253521125
2026-07-16;2026-07-16 12:30:26.067;Todo Brasil / Dominalog -> Sul/Sudeste;Dominalog Standard;31260701336140000874550010004018651335184111;401865;31979513;PR;10-20kg;12.910079999999999;83.99;315.1783870967742;231.1883870967742
2026-07-16;2026-07-16 10:55:17.430;Todo Brasil / Dominalog -> Sul/Sudeste;Dominalog Standard;31260701336140000874550010004017561324487334;401756;31978428;SC;1-2kg;1.6838925;75.65;275.0;199.35
2026-06-03;2026-06-03 13:30:17.543;Campanha HEIST -> GOL(SPO LOG)/JADLOG/FAVORITA;JADLOG;35260601336140000360550010039885391389711842;3988539;31654834;PE;30kg+;54.336;218.36;559.5709815950921;341.2109815950921
2026-06-03;2026-06-03 14:15:14.083;Campanha HEIST -> GOL(SPO LOG)/JADLOG/FAVORITA;JADLOG;35260601336140000360550010039907721780569130;3990772;31655166;GO;30kg+;82.964;261.48;502.2634285714286;240.7834285714286
2026-06-03;2026-06-03 18:15:12.900;Campanha HEIST -> GOL(SPO LOG)/JADLOG/FAVORITA;JADLOG;35260601336140000360550010039907381305154409;3990738;31657967;BA;30kg+;49.354;682.98;632.1727540983607;-50.80724590163936
2026-06-03;2026-06-03 20:15:11.997;Campanha HEIST -> GOL(SPO LOG)/JADLOG/FAVORITA;JADLOG;35260601336140000360550010039900371684372455;3990037;31659457;SP;30kg+;59.58;201.34;397.9043069948186;196.56430699481862
2026-06-04;2026-06-04 15:15:15.073;Campanha HEIST -> GOL(SPO LOG)/JADLOG/FAVORITA;JADLOG;35260601336140000360550010039885231134011748;3988523;31663102;BA;30kg+;68.64993181199999;758.57;632.1727540983607;-126.3972459016394
2026-06-05;2026-06-05 19:30:16.620;Campanha HEIST -> GOL(SPO LOG)/JADLOG/FAVORITA;JADLOG;35260601336140000360550010039885311577064214;3988531;31672191;SP;20-30kg;27.912;98.05;375.2006624605678;277.1506624605678
2026-06-09;2026-06-09 18:00:20.250;Campanha HEIST -> GOL(SPO LOG)/JADLOG/FAVORITA;JADLOG;35260601336140000360550010039907351588239867;3990735;31703480;PB;10-20kg;12.876;73.81;371.34666666666664;297.53666666666663
2026-06-09;2026-06-09 21:30:19.810;Campanha HEIST -> GOL(SPO LOG)/JADLOG/FAVORITA;JADLOG;35260601336140000360550010039907371408634627;3990737;31705098;PB;20-30kg;23.268;125.12;435.82;310.7
2026-06-10;2026-06-10 12:15:15.020;Campanha HEIST -> GOL(SPO LOG)/JADLOG/FAVORITA;JADLOG;35260601336140000360550010039908251659852328;3990825;31708968;SC;30kg+;57.428;193.6;573.3730337078651;379.7730337078651
2026-06-10;2026-06-10 18:15:15.610;Campanha HEIST -> GOL(SPO LOG)/JADLOG/FAVORITA;JADLOG;35260601336140000360550010039898391070879751;3989839;31712150;MA;10-20kg;13.608;71.17;454.4175;383.2475
2026-06-11;2026-06-11 09:25:34.457;Campanha HEIST -> GOL(SPO LOG)/JADLOG/FAVORITA;JADLOG;35260601336140000360550010039907971513480624;3990797;31715479;SP;30kg+;53.76;184.08;397.9043069948186;213.8243069948186
2026-06-11;2026-06-11 21:00:28.333;Campanha HEIST -> GOL(SPO LOG)/JADLOG/FAVORITA;JADLOG;35260601336140000360550010039912551625877736;3991255;31721859;BA;30kg+;93.408;299.24;632.1727540983607;332.93275409836065
2026-06-15;2026-06-15 09:45:45.583;Campanha HEIST -> GOL(SPO LOG)/JADLOG/FAVORITA;JADLOG;35260601336140000360550010039979111585320176;3997911;31742293;SP;30kg+;36.288;131.99;397.9043069948186;265.9143069948186
2026-06-15;2026-06-15 10:45:20.770;Campanha HEIST -> GOL(SPO LOG)/JADLOG/FAVORITA;JADLOG;35260601336140000360550010039978621829801716;3997862;31742739;SP;30kg+;36.288;131.99;397.9043069948186;265.9143069948186
2026-06-15;2026-06-15 12:15:19.933;Campanha HEIST -> GOL(SPO LOG)/JADLOG/FAVORITA;JADLOG;35260601336140000360550010040050511801800330;4005051;31743796;PR;30kg+;54.999;169.75;537.3662837837838;367.61628378378384
2026-06-16;2026-06-16 10:00:33.697;Campanha HEIST -> GOL(SPO LOG)/JADLOG/FAVORITA;JADLOG;35260601336140000360550010040068831612571409;4006883;31752247;SP;30kg+;128.436;404.5;397.9043069948186;-6.595693005181374
2026-06-16;2026-06-16 10:20:24.360;Campanha HEIST -> GOL(SPO LOG)/JADLOG/FAVORITA;FAVORITA TRANSPORTE;35260601336140000360550010039957401155654690;3995740;31752453;GO;30kg+;107.52;153.94;502.2634285714286;348.3234285714286
2026-06-16;2026-06-16 20:45:20.617;Campanha HEIST -> GOL(SPO LOG)/JADLOG/FAVORITA;JADLOG;35260601336140000360550010039968161105053175;3996816;31760716;SP;30kg+;162.848;507.48;397.9043069948186;-109.57569300518139
2026-06-17;2026-06-17 08:25:17.800;Campanha HEIST -> GOL(SPO LOG)/JADLOG/FAVORITA;JADLOG;35260601336140000360550010039967771160337821;3996777;31763177;RN;30kg+;186.816;902.87;709.5384615384615;-193.33153846153846
2026-06-17;2026-06-17 11:25:36.517;Campanha HEIST -> GOL(SPO LOG)/JADLOG/FAVORITA;JADLOG;35260601336140000360550010039966991108526122;3996699;31764487;MG;30kg+;73.233545742;250.79;703.1904179104478;452.4004179104478
2026-06-17;2026-06-17 15:00:30.380;Campanha HEIST -> GOL(SPO LOG)/JADLOG/FAVORITA;JADLOG;35260601336140000360550010040193361744898170;4019336;31766292;BA;30kg+;93.408;299.24;632.1727540983607;332.93275409836065
2026-06-17;2026-06-17 16:00:30.967;Campanha HEIST -> GOL(SPO LOG)/JADLOG/FAVORITA;JADLOG;35260601336140000360550010040073731341301177;4007373;31766990;SP;30kg+;53.559;167.42;397.9043069948186;230.48430699481864
2026-06-17;2026-06-17 17:15:20.167;Campanha HEIST -> GOL(SPO LOG)/JADLOG/FAVORITA;FAVORITA TRANSPORTE;35260601336140000360550010040073271430139364;4007327;31767897;GO;30kg+;43.689214799999995;121.32;502.2634285714286;380.9434285714286
2026-06-19;2026-06-19 07:15:20.687;Campanha HEIST -> GOL(SPO LOG)/JADLOG/FAVORITA;JADLOG;35260601336140000360550010040115361385907058;4011536;31786573;SP;5-10kg;7.264;50.43;366.5678466076696;316.1378466076696
2026-06-19;2026-06-19 20:25:20.723;Campanha HEIST -> GOL(SPO LOG)/JADLOG/FAVORITA;JADLOG;35260601336140000360550010040149261790014887;4014926;31792749;SP;30kg+;39.936;143.84;397.9043069948186;254.06430699481862
2026-06-21;2026-06-21 16:15:19.277;Campanha HEIST -> GOL(SPO LOG)/JADLOG/FAVORITA;JADLOG;35260601336140000360550010040237431576553194;4023743;31800255;SP;30kg+;43.086;152.61;397.9043069948186;245.2943069948186
2026-06-22;2026-06-22 18:40:50.140;Campanha HEIST -> GOL(SPO LOG)/JADLOG/FAVORITA;JADLOG;35260601336140000360550010040142241727154860;4014224;31809117;PE;30kg+;93.408;426.53;559.5709815950921;133.04098159509215
2026-06-23;2026-06-23 16:50:15.720;Campanha HEIST -> GOL(SPO LOG)/JADLOG/FAVORITA;FAVORITA TRANSPORTE;35260601336140000360550010040150591408854317;4015059;31815648;GO;20-30kg;27.84;93.82;386.85699999999997;293.037
2026-06-29;2026-06-29 12:10:21.183;Campanha HEIST -> GOL(SPO LOG)/JADLOG/FAVORITA;JADLOG;35260601336140000360550010040241521282372193;4024152;31854233;SP;30kg+;32.016;119.78;397.9043069948186;278.12430699481865
2026-06-30;2026-06-30 13:30:36.157;Campanha HEIST -> GOL(SPO LOG)/JADLOG/FAVORITA;JADLOG;35260701336140000360550010040265941810581328;4026594;31861882;ES;30kg+;38.82;105.99;499.0984;393.1084
2026-07-09;2026-07-09 09:00:30.037;Campanha HEIST -> GOL(SPO LOG)/JADLOG/FAVORITA;JADLOG;35260701336140000360550010040330741934020638;4033074;31928133;BA;30kg+;93.408;1061.45;632.1727540983607;-429.2772459016394
2026-07-18;2026-07-18 22:25:18.557;Campanha HEIST -> GOL(SPO LOG)/JADLOG/FAVORITA;JADLOG;35260701336140000360550010040385461222174190;4038546;31996267;BA;30kg+;37.133;732.62;632.1727540983607;-100.44724590163935
2026-07-23;2026-07-23 02:40:20.083;Campanha HEIST -> GOL(SPO LOG)/JADLOG/FAVORITA;JADLOG;35260701336140000360550010040429791165279706;4042979;32033265;BA;30kg+;53.76;752.28;632.1727540983607;-120.10724590163932
2026-07-23;2026-07-23 17:30:21.250;Campanha HEIST -> GOL(SPO LOG)/JADLOG/FAVORITA;JADLOG;35260701336140000360550010040424311059374716;4042431;32039230;BA;20-30kg;23.352;221.53;407.9010810810811;186.3710810810811
2026-07-26;2026-07-26 19:00:28.280;Campanha HEIST -> GOL(SPO LOG)/JADLOG/FAVORITA;JADLOG;35260701336140000360550010040470401246528950;4047040;32059995;MG;30kg+;54.483855209999994;195.63;703.1904179104478;507.56041791044777
2026-08-13;2026-08-13 14:45:31.807;Campanha HEIST -> GOL(SPO LOG)/JADLOG/FAVORITA;JADLOG;35260801336140000360550010040673951432107469;4067395;32274591;SP;10-20kg;10.08;24.33;377.716496350365;353.386496350365
2026-06-02;2026-06-02 19:58:54.040;Campanha HEIST -> GOL(SPO LOG)/JADLOG/FAVORITA;JADLOG;35260601336140000360550010039801961745813637;3980196;31649954;MG;30kg+;30.469049799999997;312.35;703.1904179104478;390.84041791044774
2026-06-02;2026-06-02 19:58:54.040;Campanha HEIST -> GOL(SPO LOG)/JADLOG/FAVORITA;JADLOG;35260601336140000360550010039800611172501037;3980061;31649966;BA;30kg+;93.408;299.24;632.1727540983607;332.93275409836065
2026-06-02;2026-06-02 19:58:54.040;Campanha HEIST -> GOL(SPO LOG)/JADLOG/FAVORITA;JADLOG;35260601336140000360550010039801881206187975;3980188;31649977;PR;20-30kg;26.477;82.95;295.78093023255815;212.83093023255816
2026-06-02;2026-06-02 20:50:04.753;Campanha HEIST -> GOL(SPO LOG)/JADLOG/FAVORITA;JADLOG;35260601336140000360550010039799791278818906;3979979;31650739;BA;10-20kg;11.4;95.39;388.9172222222222;293.52722222222224
2026-06-02;2026-06-02 21:15:04.367;Campanha HEIST -> GOL(SPO LOG)/JADLOG/FAVORITA;JADLOG;35260601336140000360550010039878841614652558;3987884;31650927;PE;30kg+;93.408;386.01;559.5709815950921;173.56098159509213
2026-06-02;2026-06-02 22:10:09.070;Campanha HEIST -> GOL(SPO LOG)/JADLOG/FAVORITA;JADLOG;35260601336140000360550010039878481865829460;3987848;31651202;AL;30kg+;93.408;325.94;720.6108695652174;394.6708695652174
2026-06-02;2026-06-02 22:45:07.377;Campanha HEIST -> GOL(SPO LOG)/JADLOG/FAVORITA;JADLOG;35260601336140000360550010039885711095280159;3988571;31651372;BA;30kg+;93.408;372.87;632.1727540983607;259.30275409836065
2026-06-03;2026-06-03 07:00:18.833;Campanha HEIST -> GOL(SPO LOG)/JADLOG/FAVORITA;JADLOG;35260601336140000360550010039878851078636975;3987885;31652512;BA;30kg+;107.11;1228.73;632.1727540983607;-596.5572459016394
2026-06-03;2026-06-03 08:30:23.067;Campanha HEIST -> GOL(SPO LOG)/JADLOG/FAVORITA;JADLOG;35260601336140000360550010039879011280553070;3987901;31652690;MG;30kg+;81.732;242.08;703.1904179104478;461.1104179104477
2026-06-03;2026-06-03 10:00:28.027;Campanha HEIST -> GOL(SPO LOG)/JADLOG/FAVORITA;JADLOG;35260601336140000360550010039879001356466345;3987900;31653231;PE;30kg+;93.408;426.53;559.5709815950921;133.04098159509215
2026-06-03;2026-06-03 10:00:28.027;Campanha HEIST -> GOL(SPO LOG)/JADLOG/FAVORITA;JADLOG;35260601336140000360550010039878871351991146;3987887;31653232;GO;30kg+;43.716;528.66;502.2634285714286;-26.39657142857135
2026-06-03;2026-06-03 10:10:14.110;Campanha HEIST -> GOL(SPO LOG)/JADLOG/FAVORITA;JADLOG;35260601336140000360550010039878901751492711;3987890;31653338;SE;30kg+;34.455;656.92;513.4777777777778;-143.4422222222222
2026-06-20;2026-06-20 19:25:16.057;Campanha HEIST -> GOL(SPO LOG)/JADLOG/FAVORITA;JADLOG;35260601336140000360550010040141181865865042;4014118;31796496;AL;30kg+;186.816;4632.8;720.6108695652174;-3912.189130434783
2026-06-26;2026-06-26 13:35:16.150;Campanha HEIST -> GOL(SPO LOG)/JADLOG/FAVORITA;JADLOG;35260601336140000360550010040243661139795511;4024366;31834172;RS;30kg+;78.54;275.71;639.6241803278688;363.9141803278688
2026-06-02;2026-06-02 21:00:07.337;Campanha HEIST -> GOL(SPO LOG)/JADLOG/FAVORITA;JADLOG;35260601336140000360550010039800041501745104;3980004;31650824;SP;30kg+;93.408;273.95;397.9043069948186;123.95430699481864
2026-06-02;2026-06-02 22:20:08.660;Campanha HEIST -> GOL(SPO LOG)/JADLOG/FAVORITA;JADLOG;35260601336140000360550010039879301833006176;3987930;31651256;SP;30kg+;42.846;139.41;397.9043069948186;258.49430699481866
2026-06-03;2026-06-03 00:50:08.940;Campanha HEIST -> GOL(SPO LOG)/JADLOG/FAVORITA;JADLOG;35260601336140000360550010039886361126909513;3988636;31651805;SP;30kg+;93.408;273.95;397.9043069948186;123.95430699481864
2026-06-03;2026-06-03 08:35:09.320;Campanha HEIST -> GOL(SPO LOG)/JADLOG/FAVORITA;JADLOG;35260601336140000360550010039878811399872771;3987881;31652713;SP;2-3kg;2.449793808;13.49;366.3057692307693;352.81576923076926
2026-06-03;2026-06-03 09:30:16.643;Campanha HEIST -> GOL(SPO LOG)/JADLOG/FAVORITA;JADLOG;35260601336140000360550010039878821128641290;3987882;31653037;SP;30kg+;93.408;300.91;397.9043069948186;96.9943069948186
2026-06-03;2026-06-03 10:30:16.560;Campanha HEIST -> GOL(SPO LOG)/JADLOG/FAVORITA;JADLOG;35260601336140000360550010039907621110725305;3990762;31653468;BA;10-20kg;16.906;146.25;388.9172222222222;242.66722222222222
2026-06-03;2026-06-03 10:30:16.560;Campanha HEIST -> GOL(SPO LOG)/JADLOG/FAVORITA;JADLOG;35260601336140000360550010039878951012799228;3987895;31653469;CE;30kg+;90.2;450.27;804.6896428571429;354.4196428571429
2026-06-03;2026-06-03 11:30:24.093;Campanha HEIST -> GOL(SPO LOG)/JADLOG/FAVORITA;JADLOG;35260601336140000360550010039908241913477964;3990824;31653961;SP;30kg+;33.188;174.53;397.9043069948186;223.37430699481862
2026-06-03;2026-06-03 12:45:12.327;Campanha HEIST -> GOL(SPO LOG)/JADLOG/FAVORITA;JADLOG;35260601336140000360550010039908281383020520;3990828;31654543;SP;3-5kg;3.2443257;15.9;376.4645323741007;360.56453237410074
2026-06-03;2026-06-03 13:15:13.483;Campanha HEIST -> GOL(SPO LOG)/JADLOG/FAVORITA;JADLOG;35260601336140000360550010039889671611314057;3988967;31654732;SP;20-30kg;23.016;71.27;375.2006624605678;303.9306624605678
2026-06-03;2026-06-03 13:25:09.703;Campanha HEIST -> GOL(SPO LOG)/JADLOG/FAVORITA;JADLOG;35260601336140000360550010039908371413290278;3990837;31654802;SP;10-20kg;15.862;35.62;377.716496350365;342.096496350365
2026-06-03;2026-06-03 13:30:17.543;Campanha HEIST -> GOL(SPO LOG)/JADLOG/FAVORITA;JADLOG;35260601336140000360550010039829841559391150;3982984;31654838;SP;30kg+;42.12;130.65;397.9043069948186;267.25430699481865
2026-06-03;2026-06-03 14:35:09.703;Campanha HEIST -> GOL(SPO LOG)/JADLOG/FAVORITA;JADLOG;35260601336140000360550010039908141508611956;3990814;31655405;SP;10-20kg;15.773;74.49;377.716496350365;303.226496350365
2026-06-03;2026-06-03 14:55:09.760;Campanha HEIST -> GOL(SPO LOG)/JADLOG/FAVORITA;JADLOG;35260601336140000360550010039901061248720360;3990106;31655614;SP;30kg+;93.408;300.91;397.9043069948186;96.9943069948186
2026-06-03;2026-06-03 14:55:09.760;Campanha HEIST -> GOL(SPO LOG)/JADLOG/FAVORITA;JADLOG;35260601336140000360550010039889611463315421;3988961;31655615;SP;30kg+;49.164;171.25;397.9043069948186;226.65430699481863
2026-06-03;2026-06-03 16:45:12.247;Campanha HEIST -> GOL(SPO LOG)/JADLOG/FAVORITA;JADLOG;35260601336140000360550010039907551921740041;3990755;31657143;SP;30kg+;37.12;134.67;397.9043069948186;263.23430699481867
2026-06-03;2026-06-03 16:50:12.923;Campanha HEIST -> GOL(SPO LOG)/JADLOG/FAVORITA;JADLOG;35260601336140000360550010039907961356174249;3990796;31657193;SP;30kg+;31.829;108.68;397.9043069948186;289.2243069948186
2026-06-03;2026-06-03 17:05:23.990;Campanha HEIST -> GOL(SPO LOG)/JADLOG/FAVORITA;JADLOG;35260601336140000360550010039908051074727713;3990805;31657351;SP;10-20kg;19.556378688;53.54;377.716496350365;324.17649635036497
2026-06-03;2026-06-03 18:45:10.610;Campanha HEIST -> GOL(SPO LOG)/JADLOG/FAVORITA;JADLOG;35260601336140000360550010039898651686448616;3989865;31658328;SP;30kg+;93.408;427.94;397.9043069948186;-30.035693005181372
2026-06-03;2026-06-03 18:45:10.610;Campanha HEIST -> GOL(SPO LOG)/JADLOG/FAVORITA;JADLOG;35260601336140000360550010039900491184880282;3990049;31658332;SP;30kg+;42.384;136.89;397.9043069948186;261.01430699481864
2026-06-03;2026-06-03 21:20:22.733;Campanha HEIST -> GOL(SPO LOG)/JADLOG/FAVORITA;JADLOG;35260601336140000360550010039907881803363745;3990788;31659765;SP;30kg+;32.973;123.04;397.9043069948186;274.8643069948186
2026-06-03;2026-06-03 22:10:12.303;Campanha HEIST -> GOL(SPO LOG)/JADLOG/FAVORITA;JADLOG;35260601336140000360550010039907821297061921;3990782;31659987;SP;10-20kg;16.08;41.89;377.716496350365;335.826496350365
2026-06-04;2026-06-04 13:25:14.497;Campanha HEIST -> GOL(SPO LOG)/JADLOG/FAVORITA;JADLOG;35260601336140000360550010039885241608652770;3988524;31662604;SP;30kg+;48.814;170.28;397.9043069948186;227.62430699481862
2026-06-04;2026-06-04 21:15:14.460;Campanha HEIST -> GOL(SPO LOG)/JADLOG/FAVORITA;JADLOG;35260601336140000360550010039885201432525152;3988520;31665353;SP;30kg+;36.342;133.11;397.9043069948186;264.7943069948186
2026-06-04;2026-06-04 21:30:20.017;Campanha HEIST -> GOL(SPO LOG)/JADLOG/FAVORITA;JADLOG;35260601336140000360550010039908331323672326;3990833;31665412;SP;20-30kg;26.028;84.02;375.2006624605678;291.1806624605678
2026-06-05;2026-06-05 06:55:13.520;Campanha HEIST -> GOL(SPO LOG)/JADLOG/FAVORITA;JADLOG;35260601336140000360550010039907791963706170;3990779;31666672;SP;30kg+;45.161;144.98;397.9043069948186;252.92430699481864
2026-06-05;2026-06-05 10:30:18.090;Campanha HEIST -> GOL(SPO LOG)/JADLOG/FAVORITA;JADLOG;35260601336140000360550010039885211304351400;3988521;31667486;SP;20-30kg;26.33;90.39;375.2006624605678;284.8106624605678
2026-06-05;2026-06-05 11:00:23.170;Campanha HEIST -> GOL(SPO LOG)/JADLOG/FAVORITA;JADLOG;35260601336140000360550010039898511452279626;3989851;31667695;SP;10-20kg;12.0;28.89;377.716496350365;348.826496350365
2026-06-05;2026-06-05 12:50:13.980;Campanha HEIST -> GOL(SPO LOG)/JADLOG/FAVORITA;JADLOG;35260601336140000360550010039898451815645215;3989845;31668707;SP;30kg+;36.288;120.87;397.9043069948186;277.0343069948186
2026-06-05;2026-06-05 13:30:15.760;Campanha HEIST -> GOL(SPO LOG)/JADLOG/FAVORITA;JADLOG;35260601336140000360550010039885421938875097;3988542;31668969;SP;10-20kg;12.648;31.01;377.716496350365;346.706496350365
2026-06-05;2026-06-05 17:30:19.967;Campanha HEIST -> GOL(SPO LOG)/JADLOG/FAVORITA;JADLOG;35260601336140000360550010039835921678464512;3983592;31671263;SP;30kg+;31.752;109.18;397.9043069948186;288.7243069948186
2026-06-06;2026-06-06 12:15:14.737;Campanha HEIST -> GOL(SPO LOG)/JADLOG/FAVORITA;JADLOG;35260601336140000360550010039841701827254471;3984170;31675464;SP;10-20kg;13.968;96.88;377.716496350365;280.836496350365
2026-06-06;2026-06-06 16:10:13.337;Campanha HEIST -> GOL(SPO LOG)/JADLOG/FAVORITA;JADLOG;35260601336140000360550010039885831232573919;3988583;31676533;MG;30kg+;83.46806125;279.96;703.1904179104478;423.2304179104478
2026-06-06;2026-06-06 17:30:16.990;Campanha HEIST -> GOL(SPO LOG)/JADLOG/FAVORITA;JADLOG;35260601336140000360550010039885621264386359;3988562;31676833;SP;5-10kg;8.706;22.99;366.5678466076696;343.5778466076696
2026-06-03;2026-06-03 12:00:19.043;Campanha HEIST -> GOL(SPO LOG)/JADLOG/FAVORITA;JADLOG;35260601336140000360550010039895721689437036;3989572;31654194;CE;30kg+;53.76;256.1;804.6896428571429;548.5896428571428
2026-06-03;2026-06-03 12:05:34.887;Campanha HEIST -> GOL(SPO LOG)/JADLOG/FAVORITA;JADLOG;35260601336140000360550010039908391784161039;3990839;31654240;SP;20-30kg;21.574;56.37;375.2006624605678;318.8306624605678
2026-06-03;2026-06-03 12:05:34.887;Campanha HEIST -> GOL(SPO LOG)/JADLOG/FAVORITA;JADLOG;35260601336140000360550010039908081137317659;3990808;31654241;MG;30kg+;33.111;133.68;703.1904179104478;569.5104179104478
2026-06-03;2026-06-03 12:30:15.427;Campanha HEIST -> GOL(SPO LOG)/JADLOG/FAVORITA;JADLOG;35260601336140000360550010039889661690451004;3988966;31654432;SP;30kg+;49.164;171.22;397.9043069948186;226.68430699481863
2026-06-03;2026-06-03 12:45:12.327;Campanha HEIST -> GOL(SPO LOG)/JADLOG/FAVORITA;JADLOG;35260601336140000360550010039878891370872607;3987889;31654541;PA;20-30kg;27.264;133.4;509.93;376.53
2026-06-03;2026-06-03 13:00:22.090;Campanha HEIST -> GOL(SPO LOG)/JADLOG/FAVORITA;JADLOG;35260601336140000360550010039898321205821119;3989832;31654642;BA;30kg+;93.408;299.24;632.1727540983607;332.93275409836065
2026-06-03;2026-06-03 13:30:17.543;Campanha HEIST -> GOL(SPO LOG)/JADLOG/FAVORITA;JADLOG;35260601336140000360550010039885451097802381;3988545;31654831;SP;30kg+;46.476;229.92;397.9043069948186;167.98430699481864
2026-06-03;2026-06-03 13:30:17.543;Campanha HEIST -> GOL(SPO LOG)/JADLOG/FAVORITA;JADLOG;35260601336140000360550010039885541344412540;3988554;31654833;GO;30kg+;60.144;186.15;502.2634285714286;316.1134285714286
2026-06-03;2026-06-03 13:30:17.543;Campanha HEIST -> GOL(SPO LOG)/JADLOG/FAVORITA;JADLOG;35260601336140000360550010039885491996790075;3988549;31654835;SP;20-30kg;26.492;82.34;375.2006624605678;292.8606624605678
2026-06-03;2026-06-03 13:30:17.543;Campanha HEIST -> GOL(SPO LOG)/JADLOG/FAVORITA;JADLOG;35260601336140000360550010039885411892983693;3988541;31654836;SE;30kg+;54.57538624;192.57;513.4777777777778;320.90777777777777
2026-06-03;2026-06-03 13:45:12.880;Campanha HEIST -> GOL(SPO LOG)/JADLOG/FAVORITA;JADLOG;35260601336140000360550010039908061922265852;3990806;31654948;GO;30kg+;55.412;154.8;502.2634285714286;347.4634285714286
2026-06-03;2026-06-03 14:00:20.773;Campanha HEIST -> GOL(SPO LOG)/JADLOG/FAVORITA;JADLOG;35260601336140000360550010039888921953960855;3988892;31655040;DF;30kg+;55.679750559999995;162.69;569.3891666666667;406.6991666666667
2026-06-03;2026-06-03 14:30:18.080;Campanha HEIST -> GOL(SPO LOG)/JADLOG/FAVORITA;JADLOG;35260601336140000360550010039889621182044545;3988962;31655325;SC;30kg+;73.248;224.84;573.3730337078651;348.5330337078651
2026-06-03;2026-06-03 14:40:13.293;Campanha HEIST -> GOL(SPO LOG)/JADLOG/FAVORITA;JADLOG;35260601336140000360550010039896171830716173;3989617;31655474;PE;30kg+;59.892;268.66;559.5709815950921;290.9109815950921
2026-06-03;2026-06-03 15:00:41.077;Campanha HEIST -> GOL(SPO LOG)/JADLOG/FAVORITA;JADLOG;35260601336140000360550010039913611800937820;3991361;31655662;BA;30kg+;64.704;712.07;632.1727540983607;-79.8972459016394
2026-06-03;2026-06-03 15:10:14.407;Campanha HEIST -> GOL(SPO LOG)/JADLOG/FAVORITA;JADLOG;35260601336140000360550010039901351242792735;3990135;31655765;PE;30kg+;93.408;426.53;559.5709815950921;133.04098159509215
2026-06-03;2026-06-03 15:20:13.593;Campanha HEIST -> GOL(SPO LOG)/JADLOG/FAVORITA;JADLOG;35260601336140000360550010039901101872962835;3990110;31655939;SP;30kg+;36.288;121.4;397.9043069948186;276.50430699481865
2026-06-03;2026-06-03 15:45:22.500;Campanha HEIST -> GOL(SPO LOG)/JADLOG/FAVORITA;JADLOG;35260601336140000360550010039908161290838319;3990816;31656244;SP;30kg+;56.944;177.05;397.9043069948186;220.85430699481861
2026-06-03;2026-06-03 16:00:23.067;Campanha HEIST -> GOL(SPO LOG)/JADLOG/FAVORITA;JADLOG;35260601336140000360550010039907631958263451;3990763;31656448;MG;5-10kg;6.4847937;19.72;321.82225;302.10225
2026-06-03;2026-06-03 16:15:13.110;Campanha HEIST -> GOL(SPO LOG)/JADLOG/FAVORITA;JADLOG;35260601336140000360550010039884401385795273;3988440;31656832;BA;30kg+;36.288;366.45;632.1727540983607;265.72275409836067
2026-06-03;2026-06-03 16:25:09.513;Campanha HEIST -> GOL(SPO LOG)/JADLOG/FAVORITA;JADLOG;35260601336140000360550010039913541129201132;3991354;31656956;SP;30kg+;37.968;137.3;397.9043069948186;260.6043069948186
2026-06-03;2026-06-03 16:25:09.513;Campanha HEIST -> GOL(SPO LOG)/JADLOG/FAVORITA;JADLOG;35260601336140000360550010039900801038894746;3990080;31656957;GO;30kg+;38.388;114.52;502.2634285714286;387.74342857142864
2026-06-03;2026-06-03 17:00:18.993;Campanha HEIST -> GOL(SPO LOG)/JADLOG/FAVORITA;JADLOG;35260601336140000360550010039907401069019173;3990740;31657284;SP;10-20kg;11.676;26.22;377.716496350365;351.49649635036496
2026-06-03;2026-06-03 17:11:02.253;Campanha HEIST -> GOL(SPO LOG)/JADLOG/FAVORITA;JADLOG;35260601336140000360550010039898541884361289;3989854;31657427;SP;10-20kg;15.876;39.32;377.716496350365;338.396496350365
2026-06-03;2026-06-03 17:40:14.083;Campanha HEIST -> GOL(SPO LOG)/JADLOG/FAVORITA;JADLOG;35260601336140000360550010039913521900964529;3991352;31657734;SP;30kg+;59.532;201.06;397.9043069948186;196.84430699481862
2026-06-03;2026-06-03 17:50:12.777;Campanha HEIST -> GOL(SPO LOG)/JADLOG/FAVORITA;JADLOG;35260601336140000360550010039901181944908651;3990118;31657799;BA;30kg+;43.944;596.95;632.1727540983607;35.22275409836061
2026-06-03;2026-06-03 18:30:15.743;Campanha HEIST -> GOL(SPO LOG)/JADLOG/FAVORITA;JADLOG;35260601336140000360550010039900261653141253;3990026;31658088;BA;30kg+;106.284;342.75;632.1727540983607;289.42275409836066
2026-06-03;2026-06-03 18:45:10.610;Campanha HEIST -> GOL(SPO LOG)/JADLOG/FAVORITA;JADLOG;35260601336140000360550010039898561038655771;3989856;31658329;BA;30kg+;36.288;367.11;632.1727540983607;265.06275409836064
2026-06-03;2026-06-03 18:45:10.610;Campanha HEIST -> GOL(SPO LOG)/JADLOG/FAVORITA;JADLOG;35260601336140000360550010039898551553975317;3989855;31658331;BA;30kg+;36.96;374.87;632.1727540983607;257.30275409836065
2026-06-03;2026-06-03 18:45:10.610;Campanha HEIST -> GOL(SPO LOG)/JADLOG/FAVORITA;JADLOG;35260601336140000360550010039900381859151190;3990038;31658333;BA;30kg+;93.408;299.24;632.1727540983607;332.93275409836065
2026-06-03;2026-06-03 18:50:12.347;Campanha HEIST -> GOL(SPO LOG)/JADLOG/FAVORITA;JADLOG;35260601336140000360550010039900501593012156;3990050;31658615;GO;30kg+;36.288;108.53;502.2634285714286;393.7334285714286
2026-06-03;2026-06-03 19:15:11.973;Campanha HEIST -> GOL(SPO LOG)/JADLOG/FAVORITA;JADLOG;35260601336140000360550010039907911526725660;3990791;31659084;BA;30kg+;84.322;951.11;632.1727540983607;-318.93724590163936
2026-06-03;2026-06-03 19:15:11.973;Campanha HEIST -> GOL(SPO LOG)/JADLOG/FAVORITA;JADLOG;35260601336140000360550010039913571184358120;3991357;31659085;BA;30kg+;58.179;181.87;632.1727540983607;450.30275409836065
2026-06-07;2026-06-07 08:30:17.040;Campanha HEIST -> GOL(SPO LOG)/JADLOG/FAVORITA;JADLOG;35260601336140000360550010039885361021199650;3988536;31679098;BA;30kg+;42.606;575.9;632.1727540983607;56.27275409836068
2026-06-07;2026-06-07 09:35:11.847;Campanha HEIST -> GOL(SPO LOG)/JADLOG/FAVORITA;JADLOG;35260601336140000360550010039880411917875662;3988041;31679235;SP;5-10kg;7.548;39.02;366.5678466076696;327.5478466076696
2026-06-07;2026-06-07 20:55:11.520;Campanha HEIST -> GOL(SPO LOG)/JADLOG/FAVORITA;JADLOG;35260601336140000360550010039878921801938631;3987892;31683978;SP;20-30kg;26.604;82.67;375.2006624605678;292.5306624605678
2026-06-07;2026-06-07 23:35:11.650;Campanha HEIST -> GOL(SPO LOG)/JADLOG/FAVORITA;JADLOG;35260601336140000360550010039885371656158991;3988537;31685466;SP;30kg+;32.004;120.07;397.9043069948186;277.83430699481863
2026-06-03;2026-06-03 13:05:09.757;Campanha HEIST -> GOL(SPO LOG)/JADLOG/FAVORITA;JADLOG;35260601336140000360550010039891231554072637;3989123;31654675;SP;30kg+;53.76;184.03;397.9043069948186;213.87430699481862
2026-06-02;2026-06-02 19:58:54.040;Campanha HEIST -> GOL(SPO LOG)/JADLOG/FAVORITA;JADLOG;35260601336140000360550010039800601913819031;3980060;31649974;SP;30kg+;53.76;167.58;397.9043069948186;230.3243069948186
2026-06-08;2026-06-08 09:35:12.053;Campanha HEIST -> GOL(SPO LOG)/JADLOG/FAVORITA;JADLOG;35260601336140000360550010039879151533283429;3987915;31686651;SP;10-20kg;18.624;49.48;377.716496350365;328.236496350365
2026-06-08;2026-06-08 12:15:18.117;Campanha HEIST -> GOL(SPO LOG)/JADLOG/FAVORITA;JADLOG;35260601336140000360550010039878721228619894;3987872;31688420;SP;30kg+;40.452;130.89;397.9043069948186;267.01430699481864
2026-06-08;2026-06-08 14:30:19.933;Campanha HEIST -> GOL(SPO LOG)/JADLOG/FAVORITA;JADLOG;35260601336140000360550010039856611316418706;3985661;31689321;SP;20-30kg;25.332;74.32;375.2006624605678;300.8806624605678
2026-06-08;2026-06-08 17:35:11.403;Campanha HEIST -> GOL(SPO LOG)/JADLOG/FAVORITA;JADLOG;35260601336140000360550010039879201806945705;3987920;31694816;SP;20-30kg;28.584;95.96;375.2006624605678;279.2406624605678
2026-06-08;2026-06-08 19:05:12.520;Campanha HEIST -> GOL(SPO LOG)/JADLOG/FAVORITA;JADLOG;35260601336140000360550010039878791198132322;3987879;31695730;SP;5-10kg;9.641;24.78;366.5678466076696;341.7878466076696
2026-06-09;2026-06-09 01:25:12.383;Campanha HEIST -> GOL(SPO LOG)/JADLOG/FAVORITA;JADLOG;35260601336140000360550010039878641716935548;3987864;31697890;BA;30kg+;57.12;178.23;632.1727540983607;453.94275409836064
2026-06-09;2026-06-09 14:50:16.617;Campanha HEIST -> GOL(SPO LOG)/JADLOG/FAVORITA;JADLOG;35260601336140000360550010039876151386705131;3987615;31701789;SP;5-10kg;9.312;42.56;366.5678466076696;324.0078466076696
2026-06-09;2026-06-09 17:30:28.940;Campanha HEIST -> GOL(SPO LOG)/JADLOG/FAVORITA;JADLOG;35260601336140000360550010039878931945286400;3987893;31703288;SP;30kg+;36.288;120.87;397.9043069948186;277.0343069948186
2026-06-09;2026-06-09 18:50:13.210;Campanha HEIST -> GOL(SPO LOG)/JADLOG/FAVORITA;JADLOG;35260601336140000360550010039884551599873472;3988455;31703920;SP;10-20kg;11.052;28.96;377.716496350365;348.756496350365
2026-06-09;2026-06-09 19:45:20.200;Campanha HEIST -> GOL(SPO LOG)/JADLOG/FAVORITA;JADLOG;35260601336140000360550010039884601744842110;3988460;31704397;SP;30kg+;75.792;249.37;397.9043069948186;148.53430699481862
2026-06-09;2026-06-09 20:00:22.530;Campanha HEIST -> GOL(SPO LOG)/JADLOG/FAVORITA;JADLOG;35260601336140000360550010039884731098984199;3988473;31704494;MG;30kg+;93.408;1198.38;703.1904179104478;-495.18958208955235
2026-06-09;2026-06-09 21:35:09.593;Campanha HEIST -> GOL(SPO LOG)/JADLOG/FAVORITA;JADLOG;35260601336140000360550010039884181129049486;3988418;31705149;SP;20-30kg;21.948;62.06;375.2006624605678;313.1406624605678
2026-06-10;2026-06-10 11:30:29.927;Campanha HEIST -> GOL(SPO LOG)/JADLOG/FAVORITA;JADLOG;35260601336140000360550010039889721131380811;3988972;31708230;RJ;30kg+;93.408;288.49;516.8187096774193;228.32870967741928
2026-06-10;2026-06-10 15:20:11.680;Campanha HEIST -> GOL(SPO LOG)/JADLOG/FAVORITA;JADLOG;35260601336140000360550010039891251036358414;3989125;31710084;SP;10-20kg;11.358;26.36;377.716496350365;351.356496350365
2026-06-10;2026-06-10 15:45:24.257;Campanha HEIST -> GOL(SPO LOG)/JADLOG/FAVORITA;JADLOG;35260601336140000360550010039891481952708972;3989148;31710223;SP;5-10kg;9.312;24.79;366.5678466076696;341.7778466076696
2026-06-10;2026-06-10 15:45:24.257;Campanha HEIST -> GOL(SPO LOG)/JADLOG/FAVORITA;JADLOG;35260601336140000360550010039891641770993047;3989164;31710224;MG;30kg+;93.408;1198.38;703.1904179104478;-495.18958208955235
2026-06-10;2026-06-10 16:05:35.067;Campanha HEIST -> GOL(SPO LOG)/JADLOG/FAVORITA;JADLOG;35260601336140000360550010039894851178515670;3989485;31710452;BA;20-30kg;27.366;267.84;407.9010810810811;140.0610810810811
2026-06-10;2026-06-10 17:50:12.950;Campanha HEIST -> GOL(SPO LOG)/JADLOG/FAVORITA;JADLOG;35260601336140000360550010039895481823532357;3989548;31711984;MG;30kg+;93.408;283.45;703.1904179104478;419.7404179104478
2026-06-10;2026-06-10 21:00:21.527;Campanha HEIST -> GOL(SPO LOG)/JADLOG/FAVORITA;JADLOG;35260601336140000360550010039913561193895713;3991356;31713321;SP;30kg+;35.259;129.72;397.9043069948186;268.1843069948186
2026-06-10;2026-06-10 22:00:22.103;Campanha HEIST -> GOL(SPO LOG)/JADLOG/FAVORITA;JADLOG;35260601336140000360550010039897911971997457;3989791;31713691;SP;30kg+;45.408;138.66;397.9043069948186;259.24430699481866
2026-06-10;2026-06-10 22:50:12.220;Campanha HEIST -> GOL(SPO LOG)/JADLOG/FAVORITA;JADLOG;35260601336140000360550010039898531295003291;3989853;31713961;SP;20-30kg;20.082;57.69;375.2006624605678;317.5106624605678
2026-06-11;2026-06-11 08:15:16.033;Campanha HEIST -> GOL(SPO LOG)/JADLOG/FAVORITA;JADLOG;35260601336140000360550010039904721979876862;3990472;31715141;SP;30kg+;93.408;300.91;397.9043069948186;96.9943069948186
2026-06-11;2026-06-11 09:05:33.510;Campanha HEIST -> GOL(SPO LOG)/JADLOG/FAVORITA;JADLOG;35260601336140000360550010039913691121592526;3991369;31715358;SP;30kg+;43.2;152.0;397.9043069948186;245.90430699481863
2026-06-11;2026-06-11 10:15:16.067;Campanha HEIST -> GOL(SPO LOG)/JADLOG/FAVORITA;JADLOG;35260601336140000360550010039907831196805396;3990783;31715829;SP;30kg+;42.696;140.08;397.9043069948186;257.8243069948186
2026-06-11;2026-06-11 11:15:16.417;Campanha HEIST -> GOL(SPO LOG)/JADLOG/FAVORITA;JADLOG;35260601336140000360550010039904731262768659;3990473;31716425;SP;30kg+;49.164;156.01;397.9043069948186;241.89430699481863
2026-06-11;2026-06-11 11:45:29.630;Campanha HEIST -> GOL(SPO LOG)/JADLOG/FAVORITA;JADLOG;35260601336140000360550010039907901947618803;3990790;31716714;SP;10-20kg;15.706;34.37;377.716496350365;343.346496350365
2026-06-11;2026-06-11 14:15:18.173;Campanha HEIST -> GOL(SPO LOG)/JADLOG/FAVORITA;JADLOG;35260601336140000360550010039907321237641610;3990732;31718116;SP;3-5kg;3.36;15.73;376.4645323741007;360.7345323741007
2026-06-11;2026-06-11 14:30:19.190;Campanha HEIST -> GOL(SPO LOG)/JADLOG/FAVORITA;JADLOG;35260601336140000360550010039907291088753750;3990729;31718261;MG;30kg+;93.408;1198.38;703.1904179104478;-495.18958208955235
2026-06-11;2026-06-11 15:30:26.827;Campanha HEIST -> GOL(SPO LOG)/JADLOG/FAVORITA;JADLOG;35260601336140000360550010039905681246903909;3990568;31718824;SP;30kg+;35.028;112.92;397.9043069948186;284.9843069948186
2026-06-11;2026-06-11 16:35:21.883;Campanha HEIST -> GOL(SPO LOG)/JADLOG/FAVORITA;JADLOG;35260601336140000360550010039913591576214982;3991359;31719718;SP;10-20kg;15.702536388000002;33.84;377.716496350365;343.87649635036496
2026-06-11;2026-06-11 17:15:21.357;Campanha HEIST -> GOL(SPO LOG)/JADLOG/FAVORITA;JADLOG;35260601336140000360550010039912501611961288;3991250;31720159;SP;30kg+;211.0045;916.37;397.9043069948186;-518.4656930051814
2026-06-11;2026-06-11 17:25:16.787;Campanha HEIST -> GOL(SPO LOG)/JADLOG/FAVORITA;JADLOG;35260601336140000360550010039913631833989662;3991363;31720280;SP;30kg+;75.82230025;246.98;397.9043069948186;150.92430699481864
2026-06-11;2026-06-11 17:45:21.067;Campanha HEIST -> GOL(SPO LOG)/JADLOG/FAVORITA;JADLOG;35260601336140000360550010039912511337427833;3991251;31720431;SP;30kg+;32.991;122.99;397.9043069948186;274.9143069948186
2026-06-11;2026-06-11 19:45:24.757;Campanha HEIST -> GOL(SPO LOG)/JADLOG/FAVORITA;JADLOG;35260601336140000360550010039912531432991338;3991253;31721394;SP;30kg+;30.281;162.08;397.9043069948186;235.8243069948186
2026-06-11;2026-06-11 21:10:39.110;Campanha HEIST -> GOL(SPO LOG)/JADLOG/FAVORITA;JADLOG;35260601336140000360550010039910901440947019;3991090;31721866;SP;20-30kg;25.092;72.8;375.2006624605678;302.4006624605678
2026-06-11;2026-06-11 22:00:28.197;Campanha HEIST -> GOL(SPO LOG)/JADLOG/FAVORITA;JADLOG;35260601336140000360550010039912561553344726;3991256;31722170;SP;30kg+;35.408;119.72;397.9043069948186;278.1843069948186
2026-06-12;2026-06-12 08:30:20.437;Campanha HEIST -> GOL(SPO LOG)/JADLOG/FAVORITA;JADLOG;35260601336140000360550010039912411173663215;3991241;31723576;SP;30kg+;35.178;113.06;397.9043069948186;284.8443069948186
2026-06-12;2026-06-12 08:40:16.237;Campanha HEIST -> GOL(SPO LOG)/JADLOG/FAVORITA;JADLOG;35260601336140000360550010039912461462511500;3991246;31723615;SP;5-10kg;6.224;17.39;366.5678466076696;349.1778466076696
2026-06-12;2026-06-12 12:00:24.077;Campanha HEIST -> GOL(SPO LOG)/JADLOG/FAVORITA;JADLOG;35260601336140000360550010039914741187227864;3991474;31725035;SP;20-30kg;27.216;85.21;375.2006624605678;289.9906624605678
2026-06-12;2026-06-12 15:30:20.897;Campanha HEIST -> GOL(SPO LOG)/JADLOG/FAVORITA;JADLOG;35260601336140000360550010039937851108544968;3993785;31726114;SP;30kg+;36.288;132.85;397.9043069948186;265.0543069948186
2026-06-12;2026-06-12 15:30:20.897;Campanha HEIST -> GOL(SPO LOG)/JADLOG/FAVORITA;JADLOG;35260601336140000360550010039917201046613593;3991720;31726136;SP;30kg+;37.676;119.5;397.9043069948186;278.4043069948186
2026-06-12;2026-06-12 16:05:39.057;Campanha HEIST -> GOL(SPO LOG)/JADLOG/FAVORITA;JADLOG;35260601336140000360550010039937811223225803;3993781;31726769;SP;30kg+;31.92;108.85;397.9043069948186;289.0543069948186
2026-06-12;2026-06-12 16:45:39.210;Campanha HEIST -> GOL(SPO LOG)/JADLOG/FAVORITA;JADLOG;35260601336140000360550010039937791863265590;3993779;31727097;SP;30kg+;79.1936712;232.16;397.9043069948186;165.74430699481863
2026-06-12;2026-06-12 16:45:39.210;Campanha HEIST -> GOL(SPO LOG)/JADLOG/FAVORITA;JADLOG;35260601336140000360550010039919491436434021;3991949;31727100;SP;30kg+;50.238;153.6;397.9043069948186;244.30430699481863
2026-06-12;2026-06-12 17:00:23.740;Campanha HEIST -> GOL(SPO LOG)/JADLOG/FAVORITA;JADLOG;35260601336140000360550010039937781866065749;3993778;31727198;SP;10-20kg;13.68;30.57;377.716496350365;347.146496350365
2026-06-13;2026-06-13 11:45:18.673;Campanha HEIST -> GOL(SPO LOG)/JADLOG/FAVORITA;JADLOG;35260601336140000360550010039925211773452574;3992521;31730654;SP;20-30kg;27.936;86.73;375.2006624605678;288.4706624605678
2026-06-13;2026-06-13 14:30:23.193;Campanha HEIST -> GOL(SPO LOG)/JADLOG/FAVORITA;JADLOG;35260601336140000360550010039926391900671709;3992639;31731314;SP;20-30kg;24.336;69.28;375.2006624605678;305.92066246056777
2026-06-14;2026-06-14 10:00:29.397;Campanha HEIST -> GOL(SPO LOG)/JADLOG/FAVORITA;JADLOG;35260601336140000360550010039935831600916070;3993583;31733737;SP;30kg+;31.3189128;165.52;397.9043069948186;232.38430699481862
2026-06-14;2026-06-14 22:30:20.343;Campanha HEIST -> GOL(SPO LOG)/JADLOG/FAVORITA;JADLOG;35260601336140000360550010039933641782066879;3993364;31740652;SP;20-30kg;20.028;49.61;375.2006624605678;325.5906624605678
2026-06-14;2026-06-14 23:55:15.637;Campanha HEIST -> GOL(SPO LOG)/JADLOG/FAVORITA;JADLOG;35260601336140000360550010039935701687915560;3993570;31741041;SP;20-30kg;27.252;88.74;375.2006624605678;286.4606624605678
2026-06-15;2026-06-15 09:05:37.840;Campanha HEIST -> GOL(SPO LOG)/JADLOG/FAVORITA;JADLOG;35260601336140000360550010039935811975706057;3993581;31742041;SP;30kg+;60.335363199999996;184.29;397.9043069948186;213.61430699481863
2026-06-15;2026-06-15 09:30:27.927;Campanha HEIST -> GOL(SPO LOG)/JADLOG/FAVORITA;JADLOG;35260601336140000360550010039935091035516576;3993509;31742180;SP;30kg+;55.776;165.74;397.9043069948186;232.16430699481862
2026-06-15;2026-06-15 09:35:15.907;Campanha HEIST -> GOL(SPO LOG)/JADLOG/FAVORITA;JADLOG;35260601336140000360550010039935161556544769;3993516;31742227;SP;30kg+;211.0045;559.07;397.9043069948186;-161.16569300518142
2026-06-15;2026-06-15 10:05:19.810;Campanha HEIST -> GOL(SPO LOG)/JADLOG/FAVORITA;JADLOG;35260601336140000360550010040051951304920559;4005195;31742464;MG;30kg+;33.6;134.77;703.1904179104478;568.4204179104478
2026-06-15;2026-06-15 10:15:21.683;Campanha HEIST -> GOL(SPO LOG)/JADLOG/FAVORITA;JADLOG;35260601336140000360550010039935851191471438;3993585;31742534;SP;30kg+;36.288;186.27;397.9043069948186;211.63430699481862
2026-06-15;2026-06-15 10:30:42.910;Campanha HEIST -> GOL(SPO LOG)/JADLOG/FAVORITA;JADLOG;35260601336140000360550010039937721206800405;3993772;31742654;SP;30kg+;49.896;157.3;397.9043069948186;240.60430699481861
2026-06-15;2026-06-15 10:55:28.053;Campanha HEIST -> GOL(SPO LOG)/JADLOG/FAVORITA;JADLOG;35260601336140000360550010040121141708480145;4012114;31742872;MG;20-30kg;27.2199312;96.76;374.3104225352113;277.5504225352113
2026-06-15;2026-06-15 11:15:19.133;Campanha HEIST -> GOL(SPO LOG)/JADLOG/FAVORITA;JADLOG;35260601336140000360550010040061081571690988;4006108;31743057;MG;30kg+;93.408;272.4;703.1904179104478;430.7904179104478
2026-06-15;2026-06-15 14:30:26.160;Campanha HEIST -> GOL(SPO LOG)/JADLOG/FAVORITA;JADLOG;35260601336140000360550010040076631560065061;4007663;31745154;PE;30kg+;93.408;426.53;559.5709815950921;133.04098159509215
2026-06-15;2026-06-15 16:00:32.143;Campanha HEIST -> GOL(SPO LOG)/JADLOG/FAVORITA;JADLOG;35260601336140000360550010040074251598930256;4007425;31746628;MG;30kg+;83.496;282.15;703.1904179104478;421.0404179104478
2026-06-15;2026-06-15 16:30:29.633;Campanha HEIST -> GOL(SPO LOG)/JADLOG/FAVORITA;JADLOG;35260601336140000360550010040054731153189108;4005473;31746887;SP;5-10kg;8.372;22.99;366.5678466076696;343.5778466076696
2026-06-15;2026-06-15 21:55:21.563;Campanha HEIST -> GOL(SPO LOG)/JADLOG/FAVORITA;JADLOG;35260601336140000360550010040078981787774454;4007898;31748690;MG;30kg+;186.816;587.61;703.1904179104478;115.58041791044775
2026-06-15;2026-06-15 21:55:21.563;Campanha HEIST -> GOL(SPO LOG)/JADLOG/FAVORITA;JADLOG;35260601336140000360550010040081241198149264;4008124;31748721;RN;30kg+;53.76;246.77;709.5384615384615;462.76846153846157
2026-06-15;2026-06-15 21:55:21.563;Campanha HEIST -> GOL(SPO LOG)/JADLOG/FAVORITA;JADLOG;35260601336140000360550010040115991191018312;4011599;31748781;MG;30kg+;84.846390072;285.48;703.1904179104478;417.71041791044775
2026-06-16;2026-06-16 09:05:23.273;Campanha HEIST -> GOL(SPO LOG)/JADLOG/FAVORITA;JADLOG;35260601336140000360550010039979351883113952;3997935;31751781;MG;30kg+;63.204556800000006;200.39;703.1904179104478;502.8004179104478
2026-06-16;2026-06-16 09:30:28.300;Campanha HEIST -> GOL(SPO LOG)/JADLOG/FAVORITA;JADLOG;35260601336140000360550010039979431998350789;3997943;31751967;MG;30kg+;93.408;272.4;703.1904179104478;430.7904179104478
2026-06-16;2026-06-16 10:00:33.697;Campanha HEIST -> GOL(SPO LOG)/JADLOG/FAVORITA;JADLOG;35260601336140000360550010040070231813718612;4007023;31752254;MG;30kg+;93.408;272.4;703.1904179104478;430.7904179104478
2026-06-16;2026-06-16 10:30:25.330;Campanha HEIST -> GOL(SPO LOG)/JADLOG/FAVORITA;JADLOG;35260601336140000360550010040121651189845376;4012165;31752553;MG;30kg+;71.14764961;214.46;703.1904179104478;488.7304179104477
2026-06-16;2026-06-16 11:00:24.910;Campanha HEIST -> GOL(SPO LOG)/JADLOG/FAVORITA;JADLOG;35260601336140000360550010039978111502385610;3997811;31752837;PE;30kg+;121.541660625;461.92;559.5709815950921;97.6509815950921
2026-06-16;2026-06-16 13:00:27.987;Campanha HEIST -> GOL(SPO LOG)/JADLOG/FAVORITA;JADLOG;35260601336140000360550010040070791334281139;4007079;31754276;PE;30kg+;53.76;216.69;559.5709815950921;342.8809815950921
2026-06-16;2026-06-16 14:40:17.600;Campanha HEIST -> GOL(SPO LOG)/JADLOG/FAVORITA;JADLOG;35260601336140000360550010039979651532025880;3997965;31756866;MG;30kg+;186.816;514.88;703.1904179104478;188.31041791044777
2026-06-16;2026-06-16 17:45:21.643;Campanha HEIST -> GOL(SPO LOG)/JADLOG/FAVORITA;JADLOG;35260601336140000360550010040118231481198192;4011823;31759350;MG;30kg+;51.396;186.67;703.1904179104478;516.5204179104478
2026-06-03;2026-06-03 21:05:27.233;Campanha HEIST -> GOL(SPO LOG)/JADLOG/FAVORITA;JADLOG;35260601336140000360550010039898481855240773;3989848;31659683;BA;30kg+;45.432;477.8;632.1727540983607;154.37275409836064
2026-06-03;2026-06-03 21:30:15.387;Campanha HEIST -> GOL(SPO LOG)/JADLOG/FAVORITA;JADLOG;35260601336140000360550010039908301028926590;3990830;31659807;MG;10-20kg;11.374389873000002;28.6;349.35677966101696;320.75677966101694
2026-06-03;2026-06-03 22:00:19.333;Campanha HEIST -> GOL(SPO LOG)/JADLOG/FAVORITA;JADLOG;35260601336140000360550010039908111865100578;3990811;31659958;SP;20-30kg;24.333;153.84;375.2006624605678;221.3606624605678
2026-06-04;2026-06-04 08:15:14.460;Campanha HEIST -> GOL(SPO LOG)/JADLOG/FAVORITA;JADLOG;35260601336140000360550010039898441341082463;3989844;31661280;BA;30kg+;49.488;185.71;632.1727540983607;446.4627540983606
2026-06-04;2026-06-04 09:00:20.530;Campanha HEIST -> GOL(SPO LOG)/JADLOG/FAVORITA;JADLOG;35260601336140000360550010039898431284939898;3989843;31661421;BA;30kg+;77.7866628;244.92;632.1727540983607;387.2527540983607
2026-06-04;2026-06-04 14:35:14.390;Campanha HEIST -> GOL(SPO LOG)/JADLOG/FAVORITA;JADLOG;35260601336140000360550010039907581697440738;3990758;31662860;SP;30kg+;32.328;120.49;397.9043069948186;277.4143069948186
2026-06-04;2026-06-04 15:40:14.467;Campanha HEIST -> GOL(SPO LOG)/JADLOG/FAVORITA;JADLOG;35260601336140000360550010039898491831532801;3989849;31663563;BA;30kg+;61.152;869.48;632.1727540983607;-237.30724590163936
2026-06-04;2026-06-04 18:45:14.600;Campanha HEIST -> GOL(SPO LOG)/JADLOG/FAVORITA;JADLOG;35260601336140000360550010039898461909956173;3989846;31664537;PB;30kg+;36.288;183.78;799.1071428571429;615.3271428571429
2026-06-04;2026-06-04 19:45:14.523;Campanha HEIST -> GOL(SPO LOG)/JADLOG/FAVORITA;JADLOG;35260601336140000360550010039898471318221560;3989847;31664880;SP;30kg+;105.58033919999998;301.97;397.9043069948186;95.9343069948186
2026-06-04;2026-06-04 22:40:15.123;Campanha HEIST -> GOL(SPO LOG)/JADLOG/FAVORITA;JADLOG;35260601336140000360550010039885431591228530;3988543;31665695;BA;10-20kg;13.968;144.44;388.9172222222222;244.47722222222222
2026-06-05;2026-06-05 10:05:29.350;Campanha HEIST -> GOL(SPO LOG)/JADLOG/FAVORITA;JADLOG;35260601336140000360550010039898501915260382;3989850;31667329;BA;20-30kg;27.216;267.22;407.9010810810811;140.68108108108106
2026-06-05;2026-06-05 11:45:14.483;Campanha HEIST -> GOL(SPO LOG)/JADLOG/FAVORITA;JADLOG;35260601336140000360550010039898521372253431;3989852;31668025;BA;30kg+;36.288;367.11;632.1727540983607;265.06275409836064
2026-06-05;2026-06-05 14:15:14.003;Campanha HEIST -> GOL(SPO LOG)/JADLOG/FAVORITA;JADLOG;35260601336140000360550010039884901594229728;3988490;31669327;BA;10-20kg;12.876;105.69;388.9172222222222;283.2272222222222
2026-06-05;2026-06-05 16:45:13.823;Campanha HEIST -> GOL(SPO LOG)/JADLOG/FAVORITA;JADLOG;35260601336140000360550010039884861706382406;3988486;31670886;SP;10-20kg;16.236;38.74;377.716496350365;338.976496350365
2026-06-05;2026-06-05 22:30:17.537;Campanha HEIST -> GOL(SPO LOG)/JADLOG/FAVORITA;JADLOG;35260601336140000360550010039884961378844707;3988496;31673094;CE;30kg+;77.7866628;376.69;804.6896428571429;427.9996428571429
2026-06-06;2026-06-06 08:45:13.360;Campanha HEIST -> GOL(SPO LOG)/JADLOG/FAVORITA;JADLOG;35260601336140000360550010039885481912306749;3988548;31674486;BA;30kg+;36.288;366.45;632.1727540983607;265.72275409836067
2026-06-06;2026-06-06 10:30:15.553;Campanha HEIST -> GOL(SPO LOG)/JADLOG/FAVORITA;JADLOG;35260601336140000360550010039884871393680559;3988487;31674912;RJ;30kg+;138.80010445;380.79;516.8187096774193;136.02870967741927
2026-06-06;2026-06-06 19:00:23.893;Campanha HEIST -> GOL(SPO LOG)/JADLOG/FAVORITA;JADLOG;35260601336140000360550010039885611612032912;3988561;31677189;SP;5-10kg;9.072;43.76;366.5678466076696;322.8078466076696
2026-06-07;2026-06-07 15:25:13.980;Campanha HEIST -> GOL(SPO LOG)/JADLOG/FAVORITA;JADLOG;35260601336140000360550010039880301373913316;3988030;31681766;GO;30kg+;45.216;548.68;502.2634285714286;-46.41657142857133
2026-06-07;2026-06-07 18:30:19.910;Campanha HEIST -> GOL(SPO LOG)/JADLOG/FAVORITA;JADLOG;35260601336140000360550010039879311150630901;3987931;31682885;SP;20-30kg;27.84;176.04;375.2006624605678;199.1606624605678
2026-06-08;2026-06-08 10:15:12.250;Campanha HEIST -> GOL(SPO LOG)/JADLOG/FAVORITA;JADLOG;35260601336140000360550010039880401927625017;3988040;31687119;BA;20-30kg;25.949;95.41;407.9010810810811;312.4910810810811
2026-06-16;2026-06-16 18:35:13.243;Campanha HEIST -> GOL(SPO LOG)/JADLOG/FAVORITA;JADLOG;35260601336140000360550010040076991991203326;4007699;31759657;SP;30kg+;77.112;230.47;397.9043069948186;167.43430699481863
2026-06-16;2026-06-16 18:55:15.963;Campanha HEIST -> GOL(SPO LOG)/JADLOG/FAVORITA;JADLOG;35260601336140000360550010040121541587708014;4012154;31759851;BA;30kg+;54.11849929;582.76;632.1727540983607;49.412754098360665
2026-06-16;2026-06-16 22:10:19.040;Campanha HEIST -> GOL(SPO LOG)/JADLOG/FAVORITA;JADLOG;35260601336140000360550010040080351146421786;4008035;31761220;MG;30kg+;103.248;298.49;703.1904179104478;404.70041791044775
2026-06-17;2026-06-17 10:20:20.000;Campanha HEIST -> GOL(SPO LOG)/JADLOG/FAVORITA;JADLOG;35260601336140000360550010040081921693110911;4008192;31763897;SP;30kg+;84.818;276.38;397.9043069948186;121.52430699481863
2026-06-17;2026-06-17 11:32:40.373;Campanha HEIST -> GOL(SPO LOG)/JADLOG/FAVORITA;JADLOG;35260601336140000360550010039966811366022866;3996681;31764555;SP;30kg+;41.76;209.95;397.9043069948186;187.95430699481864
2026-06-17;2026-06-17 15:05:37.513;Campanha HEIST -> GOL(SPO LOG)/JADLOG/FAVORITA;JADLOG;35260601336140000360550010039978141054984347;3997814;31766315;MG;30kg+;181.86;502.07;703.1904179104478;201.12041791044777
2026-06-17;2026-06-17 15:25:16.670;Campanha HEIST -> GOL(SPO LOG)/JADLOG/FAVORITA;JADLOG;35260601336140000360550010040192001114487408;4019200;31766574;BA;30kg+;93.408;299.24;632.1727540983607;332.93275409836065
2026-06-17;2026-06-17 16:00:30.967;Campanha HEIST -> GOL(SPO LOG)/JADLOG/FAVORITA;JADLOG;35260601336140000360550010040192501380251021;4019250;31766989;MG;30kg+;93.408;1198.38;703.1904179104478;-495.18958208955235
2026-06-17;2026-06-17 16:05:36.773;Campanha HEIST -> GOL(SPO LOG)/JADLOG/FAVORITA;JADLOG;35260601336140000360550010040193401970818355;4019340;31767031;MG;30kg+;93.408;1198.38;703.1904179104478;-495.18958208955235
2026-06-17;2026-06-17 16:10:23.300;Campanha HEIST -> GOL(SPO LOG)/JADLOG/FAVORITA;JADLOG;35260601336140000360550010039978081151920849;3997808;31767058;MG;30kg+;93.408;311.36;703.1904179104478;391.83041791044775
2026-06-17;2026-06-17 19:00:28.567;Campanha HEIST -> GOL(SPO LOG)/JADLOG/FAVORITA;JADLOG;35260601336140000360550010040192451230377585;4019245;31768826;MG;30kg+;93.408;1198.38;703.1904179104478;-495.18958208955235
2026-06-17;2026-06-17 19:30:24.760;Campanha HEIST -> GOL(SPO LOG)/JADLOG/FAVORITA;JADLOG;35260601336140000360550010040061661847046356;4006166;31769134;MG;30kg+;66.78;232.73;703.1904179104478;470.46041791044775
2026-06-17;2026-06-17 21:15:19.220;Campanha HEIST -> GOL(SPO LOG)/JADLOG/FAVORITA;JADLOG;35260601336140000360550010040061621052675990;4006162;31769711;SC;30kg+;53.30094244000001;181.27;573.3730337078651;392.10303370786517
2026-06-18;2026-06-18 11:20:22.630;Campanha HEIST -> GOL(SPO LOG)/JADLOG/FAVORITA;JADLOG;35260601336140000360550010040118241101733250;4011824;31776979;PR;30kg+;64.188;192.85;537.3662837837838;344.5162837837838
2026-06-18;2026-06-18 11:20:22.630;Campanha HEIST -> GOL(SPO LOG)/JADLOG/FAVORITA;JADLOG;35260601336140000360550010040065511637659806;4006551;31776980;MG;30kg+;155.699896737;446.82;703.1904179104478;256.37041791044777
2026-06-18;2026-06-18 11:40:17.380;Campanha HEIST -> GOL(SPO LOG)/JADLOG/FAVORITA;JADLOG;35260601336140000360550010040065131689908300;4006513;31777299;MG;30kg+;46.704;490.2;703.1904179104478;212.99041791044777
2026-06-18;2026-06-18 14:15:17.303;Campanha HEIST -> GOL(SPO LOG)/JADLOG/FAVORITA;JADLOG;35260601336140000360550010040084701772766363;4008470;31778218;PR;30kg+;50.214;157.12;537.3662837837838;380.24628378378384
2026-06-18;2026-06-18 15:15:18.093;Campanha HEIST -> GOL(SPO LOG)/JADLOG/FAVORITA;JADLOG;35260601336140000360550010040088061769517170;4008806;31778783;MG;30kg+;59.43;211.28;703.1904179104478;491.9104179104478
2026-06-18;2026-06-18 16:55:16.213;Campanha HEIST -> GOL(SPO LOG)/JADLOG/FAVORITA;JADLOG;35260601336140000360550010040096401701404597;4009640;31781327;MG;30kg+;50.544;186.31;703.1904179104478;516.8804179104477
2026-06-18;2026-06-18 17:20:20.523;Campanha HEIST -> GOL(SPO LOG)/JADLOG/FAVORITA;JADLOG;35260601336140000360550010040118251091518197;4011825;31781698;MG;30kg+;186.816;514.88;703.1904179104478;188.31041791044777
2026-06-18;2026-06-18 18:35:13.820;Campanha HEIST -> GOL(SPO LOG)/JADLOG/FAVORITA;JADLOG;35260601336140000360550010040121491357076768;4012149;31782971;MG;30kg+;53.76;194.49;703.1904179104478;508.70041791044775
2026-06-18;2026-06-18 19:45:21.180;Campanha HEIST -> GOL(SPO LOG)/JADLOG/FAVORITA;JADLOG;35260601336140000360550010040121071336919901;4012107;31783948;MG;30kg+;116.79572519999999;344.78;703.1904179104478;358.4104179104478
2026-06-18;2026-06-18 21:00:28.187;Campanha HEIST -> GOL(SPO LOG)/JADLOG/FAVORITA;JADLOG;35260601336140000360550010040121041139806193;4012104;31784583;RS;30kg+;93.408;290.87;639.6241803278688;348.75418032786877
2026-06-18;2026-06-18 21:30:20.033;Campanha HEIST -> GOL(SPO LOG)/JADLOG/FAVORITA;JADLOG;35260601336140000360550010040121811316228544;4012181;31784859;MG;30kg+;67.2;714.29;703.1904179104478;-11.0995820895522
2026-06-19;2026-06-19 11:00:33.337;Campanha HEIST -> GOL(SPO LOG)/JADLOG/FAVORITA;JADLOG;35260601336140000360550010040121661138625643;4012166;31787670;SP;30kg+;95.22;280.55;397.9043069948186;117.35430699481861
2026-06-19;2026-06-19 14:35:16.773;Campanha HEIST -> GOL(SPO LOG)/JADLOG/FAVORITA;JADLOG;35260601336140000360550010040256091246334229;4025609;31789256;MG;30kg+;185.843;584.74;703.1904179104478;118.45041791044775
2026-06-19;2026-06-19 16:15:22.720;Campanha HEIST -> GOL(SPO LOG)/JADLOG/FAVORITA;JADLOG;35260601336140000360550010040121781144685602;4012178;31790223;RJ;10-20kg;10.08;27.73;298.29200000000003;270.562
2026-06-19;2026-06-19 18:15:23.460;Campanha HEIST -> GOL(SPO LOG)/JADLOG/FAVORITA;JADLOG;35260601336140000360550010040149381824759821;4014938;31791969;BA;30kg+;139.925;1627.65;632.1727540983607;-995.4772459016394
2026-06-19;2026-06-19 21:15:16.973;Campanha HEIST -> GOL(SPO LOG)/JADLOG/FAVORITA;JADLOG;35260601336140000360550010040149081162476490;4014908;31792902;RS;30kg+;89.456;957.51;639.6241803278688;-317.8858196721312
2026-06-19;2026-06-19 21:15:16.973;Campanha HEIST -> GOL(SPO LOG)/JADLOG/FAVORITA;JADLOG;35260601336140000360550010040142041077946978;4014204;31792904;MG;30kg+;128.436;377.75;703.1904179104478;325.44041791044776
2026-06-20;2026-06-20 09:00:23.693;Campanha HEIST -> GOL(SPO LOG)/JADLOG/FAVORITA;JADLOG;35260601336140000360550010040149421891788857;4014942;31794181;MG;30kg+;101.172;291.85;703.1904179104478;411.34041791044774
2026-06-20;2026-06-20 09:00:23.693;Campanha HEIST -> GOL(SPO LOG)/JADLOG/FAVORITA;JADLOG;35260601336140000360550010040141821981131921;4014182;31794182;MG;30kg+;93.408;311.36;703.1904179104478;391.83041791044775
2026-06-20;2026-06-20 09:40:16.443;Campanha HEIST -> GOL(SPO LOG)/JADLOG/FAVORITA;JADLOG;35260601336140000360550010040142261498664348;4014226;31794294;MG;30kg+;106.284;349.91;703.1904179104478;353.28041791044774
2026-06-20;2026-06-20 13:00:25.463;Campanha HEIST -> GOL(SPO LOG)/JADLOG/FAVORITA;JADLOG;35260601336140000360550010040145121891522643;4014512;31795041;MG;30kg+;171.612;543.05;703.1904179104478;160.1404179104478
2026-06-20;2026-06-20 19:00:23.543;Campanha HEIST -> GOL(SPO LOG)/JADLOG/FAVORITA;JADLOG;35260601336140000360550010040141651864757980;4014165;31796330;MG;30kg+;116.79572519999999;329.86;703.1904179104478;373.33041791044775
2026-06-20;2026-06-20 19:45:19.690;Campanha HEIST -> GOL(SPO LOG)/JADLOG/FAVORITA;JADLOG;35260601336140000360550010040149311505266380;4014931;31796586;PE;30kg+;51.662;187.57;559.5709815950921;372.0009815950921
2026-06-21;2026-06-21 08:45:19.000;Campanha HEIST -> GOL(SPO LOG)/JADLOG/FAVORITA;JADLOG;35260601336140000360550010040141001124190949;4014100;31797995;BA;30kg+;36.288;475.7;632.1727540983607;156.47275409836067
2026-06-21;2026-06-21 11:00:25.570;Campanha HEIST -> GOL(SPO LOG)/JADLOG/FAVORITA;JADLOG;35260601336140000360550010040149211562262065;4014921;31798402;PR;30kg+;84.329;257.47;537.3662837837838;279.8962837837838
2026-06-21;2026-06-21 14:45:20.490;Campanha HEIST -> GOL(SPO LOG)/JADLOG/FAVORITA;JADLOG;35260601336140000360550010040140891861305731;4014089;31799676;MG;30kg+;186.816;587.61;703.1904179104478;115.58041791044775
2026-06-21;2026-06-21 18:45:13.213;Campanha HEIST -> GOL(SPO LOG)/JADLOG/FAVORITA;JADLOG;35260601336140000360550010040140761978968449;4014076;31801528;SP;30kg+;42.347025;136.49;397.9043069948186;261.4143069948186
2026-06-21;2026-06-21 21:00:22.510;Campanha HEIST -> GOL(SPO LOG)/JADLOG/FAVORITA;JADLOG;35260601336140000360550010040136201135333814;4013620;31802660;MG;30kg+;53.76;177.09;703.1904179104478;526.1004179104477
2026-06-09;2026-06-09 09:30:26.290;Campanha HEIST -> GOL(SPO LOG)/JADLOG/FAVORITA;JADLOG;35260601336140000360550010039878311305574044;3987831;31698875;SP;20-30kg;22.02;60.39;375.2006624605678;314.8106624605678
2026-06-09;2026-06-09 13:00:35.330;Campanha HEIST -> GOL(SPO LOG)/JADLOG/FAVORITA;JADLOG;35260601336140000360550010039879261600058529;3987926;31700814;BA;20-30kg;27.936;267.51;407.9010810810811;140.3910810810811
2026-06-09;2026-06-09 18:40:14.573;Campanha HEIST -> GOL(SPO LOG)/JADLOG/FAVORITA;JADLOG;35260601336140000360550010039885051289740575;3988505;31703869;BA;20-30kg;27.936;267.51;407.9010810810811;140.3910810810811
2026-06-09;2026-06-09 19:50:15.397;Campanha HEIST -> GOL(SPO LOG)/JADLOG/FAVORITA;JADLOG;35260601336140000360550010039884561022175752;3988456;31704419;BA;30kg+;93.408;299.24;632.1727540983607;332.93275409836065
2026-06-09;2026-06-09 20:00:22.530;Campanha HEIST -> GOL(SPO LOG)/JADLOG/FAVORITA;JADLOG;35260601336140000360550010039884741667434373;3988474;31704497;BA;30kg+;93.408;299.24;632.1727540983607;332.93275409836065
2026-06-09;2026-06-09 20:05:28.453;Campanha HEIST -> GOL(SPO LOG)/JADLOG/FAVORITA;JADLOG;35260601336140000360550010039884661673367931;3988466;31704516;BA;30kg+;93.408;299.24;632.1727540983607;332.93275409836065
2026-06-10;2026-06-10 05:45:12.150;Campanha HEIST -> GOL(SPO LOG)/JADLOG/FAVORITA;JADLOG;35260601336140000360550010039884171432837056;3988417;31706465;SP;30kg+;40.944;132.24;397.9043069948186;265.6643069948186
2026-06-10;2026-06-10 11:05:24.333;Campanha HEIST -> GOL(SPO LOG)/JADLOG/FAVORITA;JADLOG;35260601336140000360550010039889711729986337;3988971;31708155;GO;30kg+;38.328;114.25;502.2634285714286;388.0134285714286
2026-06-10;2026-06-10 12:50:13.180;Campanha HEIST -> GOL(SPO LOG)/JADLOG/FAVORITA;JADLOG;35260601336140000360550010039889791443665065;3988979;31709273;MG;30kg+;93.408;272.4;703.1904179104478;430.7904179104478
2026-06-10;2026-06-10 13:40:13.523;Campanha HEIST -> GOL(SPO LOG)/JADLOG/FAVORITA;JADLOG;35260601336140000360550010039890151796034586;3989015;31709540;MG;30kg+;93.408;283.45;703.1904179104478;419.7404179104478
2026-06-10;2026-06-10 15:45:24.257;Campanha HEIST -> GOL(SPO LOG)/JADLOG/FAVORITA;JADLOG;35260601336140000360550010039891781598215504;3989178;31710219;SP;30kg+;35.028;128.26;397.9043069948186;269.64430699481863
2026-06-10;2026-06-10 15:45:24.257;Campanha HEIST -> GOL(SPO LOG)/JADLOG/FAVORITA;JADLOG;35260601336140000360550010039891681305653719;3989168;31710225;MG;30kg+;93.408;1198.38;703.1904179104478;-495.18958208955235
2026-06-10;2026-06-10 16:15:17.117;Campanha HEIST -> GOL(SPO LOG)/JADLOG/FAVORITA;JADLOG;35260601336140000360550010039894721305727975;3989472;31711048;BA;30kg+;36.288;367.11;632.1727540983607;265.06275409836064
2026-06-10;2026-06-10 16:30:18.570;Campanha HEIST -> GOL(SPO LOG)/JADLOG/FAVORITA;JADLOG;35260601336140000360550010039908231400668530;3990823;31711262;BA;20-30kg;27.936;267.51;407.9010810810811;140.3910810810811
2026-06-10;2026-06-10 16:35:12.417;Campanha HEIST -> GOL(SPO LOG)/JADLOG/FAVORITA;JADLOG;35260601336140000360550010039907981433920145;3990798;31711299;BA;20-30kg;27.936;267.51;407.9010810810811;140.3910810810811
2026-06-10;2026-06-10 18:45:15.450;Campanha HEIST -> GOL(SPO LOG)/JADLOG/FAVORITA;JADLOG;35260601336140000360550010039898361559751393;3989836;31712379;SP;30kg+;46.704;162.79;397.9043069948186;235.11430699481863
2026-06-10;2026-06-10 22:55:11.107;Campanha HEIST -> GOL(SPO LOG)/JADLOG/FAVORITA;JADLOG;35260601336140000360550010039908171347598114;3990817;31713983;SP;30kg+;36.917;122.17;397.9043069948186;275.7343069948186
2026-06-11;2026-06-11 07:15:15.743;Campanha HEIST -> GOL(SPO LOG)/JADLOG/FAVORITA;JADLOG;35260601336140000360550010039900651080051070;3990065;31714957;MG;30kg+;93.408;311.36;703.1904179104478;391.83041791044775
2026-06-11;2026-06-11 08:15:16.033;Campanha HEIST -> GOL(SPO LOG)/JADLOG/FAVORITA;JADLOG;35260601336140000360550010039907931172631726;3990793;31715137;GO;30kg+;42.207712932;389.35;502.2634285714286;112.9134285714286
2026-06-11;2026-06-11 09:05:33.510;Campanha HEIST -> GOL(SPO LOG)/JADLOG/FAVORITA;JADLOG;35260601336140000360550010039907941713570153;3990794;31715367;RO;30kg+;59.993;411.91;718.0833333333334;306.17333333333335
2026-06-11;2026-06-11 11:20:21.760;Campanha HEIST -> GOL(SPO LOG)/JADLOG/FAVORITA;JADLOG;35260601336140000360550010039908191279196090;3990819;31716489;SP;1-2kg;1.2838960000000001;36.57;369.6331764705883;333.0631764705883
2026-06-11;2026-06-11 12:05:38.390;Campanha HEIST -> GOL(SPO LOG)/JADLOG/FAVORITA;FAVORITA TRANSPORTE;35260601336140000360550010039964451182388038;3996445;31716876;GO;30kg+;139.73652;267.95;502.2634285714286;234.31342857142863
2026-06-11;2026-06-11 12:10:26.757;Campanha HEIST -> GOL(SPO LOG)/JADLOG/FAVORITA;FAVORITA TRANSPORTE;35260601336140000360550010039903391133219740;3990339;31716989;GO;30kg+;40.656;70.42;502.2634285714286;431.8434285714286
2026-06-11;2026-06-11 13:15:16.650;Campanha HEIST -> GOL(SPO LOG)/JADLOG/FAVORITA;JADLOG;35260601336140000360550010039907331412420351;3990733;31717634;SP;30kg+;56.952;193.33;397.9043069948186;204.5743069948186
2026-06-11;2026-06-11 13:45:15.577;Campanha HEIST -> GOL(SPO LOG)/JADLOG/FAVORITA;JADLOG;35260601336140000360550010039913621596215505;3991362;31717860;BA;30kg+;44.982;472.41;632.1727540983607;159.76275409836063
2026-06-11;2026-06-11 14:30:19.190;Campanha HEIST -> GOL(SPO LOG)/JADLOG/FAVORITA;JADLOG;35260601336140000360550010039907311689965734;3990731;31718249;SP;30kg+;93.408;300.91;397.9043069948186;96.9943069948186
2026-06-11;2026-06-11 14:45:15.337;Campanha HEIST -> GOL(SPO LOG)/JADLOG/FAVORITA;JADLOG;35260601336140000360550010040042321334770556;4004232;31718400;SP;30kg+;39.768;131.38;397.9043069948186;266.52430699481863
2026-06-11;2026-06-11 15:00:24.963;Campanha HEIST -> GOL(SPO LOG)/JADLOG/FAVORITA;FAVORITA TRANSPORTE;35260601336140000360550010039938961312109467;3993896;31718527;DF;30kg+;40.32;103.3;569.3891666666667;466.0891666666667
2026-06-11;2026-06-11 15:10:17.853;Campanha HEIST -> GOL(SPO LOG)/JADLOG/FAVORITA;FAVORITA TRANSPORTE;35260601336140000360550010039907541537606183;3990754;31718604;GO;10-20kg;12.735;82.92;363.17875;280.25874999999996
2026-06-11;2026-06-11 16:00:47.090;Campanha HEIST -> GOL(SPO LOG)/JADLOG/FAVORITA;JADLOG;35260601336140000360550010039907391856072007;3990739;31719181;SP;30kg+;93.408;300.91;397.9043069948186;96.9943069948186
2026-06-11;2026-06-11 16:05:38.123;Campanha HEIST -> GOL(SPO LOG)/JADLOG/FAVORITA;JADLOG;35260601336140000360550010039907341437537420;3990734;31719217;SP;30kg+;36.288;120.87;397.9043069948186;277.0343069948186
2026-06-11;2026-06-11 16:45:25.793;Campanha HEIST -> GOL(SPO LOG)/JADLOG/FAVORITA;FAVORITA TRANSPORTE;35260601336140000360550010039906871019505814;3990687;31719765;GO;30kg+;53.76;78.54;502.2634285714286;423.7234285714286
2026-06-11;2026-06-11 16:50:18.643;Campanha HEIST -> GOL(SPO LOG)/JADLOG/FAVORITA;FAVORITA TRANSPORTE;35260601336140000360550010039907231817697905;3990723;31719835;GO;20-30kg;27.84;93.82;386.85699999999997;293.037
2026-06-11;2026-06-11 17:45:21.067;Campanha HEIST -> GOL(SPO LOG)/JADLOG/FAVORITA;FAVORITA TRANSPORTE;35260601336140000360550010039908341174512478;3990834;31720419;GO;10-20kg;14.794;82.66;363.17875;280.51874999999995
2026-06-11;2026-06-11 18:10:22.083;Campanha HEIST -> GOL(SPO LOG)/JADLOG/FAVORITA;JADLOG;35260601336140000360550010039912521066329838;3991252;31720632;MG;10-20kg;18.144;53.72;349.35677966101696;295.63677966101693
2026-06-11;2026-06-11 19:45:24.757;Campanha HEIST -> GOL(SPO LOG)/JADLOG/FAVORITA;FAVORITA TRANSPORTE;35260601336140000360550010039910101722620075;3991010;31721388;PA;30kg+;53.76;196.58;698.3584375;501.7784375
2026-06-11;2026-06-11 20:15:20.487;Campanha HEIST -> GOL(SPO LOG)/JADLOG/FAVORITA;JADLOG;35260601336140000360550010039912541025863095;3991254;31721577;MG;30kg+;67.812;236.55;703.1904179104478;466.64041791044775
2026-06-12;2026-06-12 07:30:29.477;Campanha HEIST -> GOL(SPO LOG)/JADLOG/FAVORITA;JADLOG;35260601336140000360550010039912571818570416;3991257;31723382;SP;10-20kg;15.773;35.81;377.716496350365;341.906496350365
2026-06-12;2026-06-12 09:00:32.337;Campanha HEIST -> GOL(SPO LOG)/JADLOG/FAVORITA;JADLOG;35260601336140000360550010039912911470952647;3991291;31723713;SP;30kg+;36.288;131.99;397.9043069948186;265.9143069948186
2026-06-12;2026-06-12 09:15:17.780;Campanha HEIST -> GOL(SPO LOG)/JADLOG/FAVORITA;JADLOG;35260601336140000360550010039913951723505966;3991395;31723783;SP;1-2kg;1.49038816;13.54;369.6331764705883;356.0931764705883
2026-06-12;2026-06-12 12:25:30.397;Campanha HEIST -> GOL(SPO LOG)/JADLOG/FAVORITA;JADLOG;35260601336140000360550010039937871186460453;3993787;31725228;SP;5-10kg;5.775;16.81;366.5678466076696;349.7578466076696
2026-06-12;2026-06-12 14:15:18.267;Campanha HEIST -> GOL(SPO LOG)/JADLOG/FAVORITA;JADLOG;35260601336140000360550010039937861837464993;3993786;31725711;SP;30kg+;87.55901950200001;256.33;397.9043069948186;141.57430699481864
2026-06-12;2026-06-12 15:30:20.897;Campanha HEIST -> GOL(SPO LOG)/JADLOG/FAVORITA;JADLOG;35260601336140000360550010039937831601759343;3993783;31726104;BA;20-30kg;20.856;188.36;407.9010810810811;219.54108108108107
2026-06-12;2026-06-12 15:30:20.897;Campanha HEIST -> GOL(SPO LOG)/JADLOG/FAVORITA;JADLOG;35260601336140000360550010039937821485421518;3993782;31726128;MG;30kg+;71.77235419200001;214.25;703.1904179104478;488.94041791044776
2026-06-12;2026-06-12 18:15:19.677;Campanha HEIST -> GOL(SPO LOG)/JADLOG/FAVORITA;JADLOG;35260601336140000360550010039936131499794300;3993613;31727720;SP;30kg+;33.276;123.57;397.9043069948186;274.33430699481863
2026-06-13;2026-06-13 09:30:22.917;Campanha HEIST -> GOL(SPO LOG)/JADLOG/FAVORITA;JADLOG;35260601336140000360550010039936601537091413;3993660;31730168;SP;30kg+;33.576;113.7;397.9043069948186;284.20430699481864
2026-06-13;2026-06-13 10:30:27.740;Campanha HEIST -> GOL(SPO LOG)/JADLOG/FAVORITA;JADLOG;35260601336140000360550010039935861711713810;3993586;31730340;SP;30kg+;45.414;159.02;397.9043069948186;238.88430699481862
2026-06-13;2026-06-13 15:50:17.517;Campanha HEIST -> GOL(SPO LOG)/JADLOG/FAVORITA;JADLOG;35260601336140000360550010039935771408029683;3993577;31731571;SP;20-30kg;24.572;70.42;375.2006624605678;304.7806624605678
2026-06-22;2026-06-22 11:45:24.163;Campanha HEIST -> GOL(SPO LOG)/JADLOG/FAVORITA;JADLOG;35260601336140000360550010040149061134117680;4014906;31805623;PE;20-30kg;28.042;439.61;373.7682608695652;-65.8417391304348
2026-06-22;2026-06-22 12:00:30.920;Campanha HEIST -> GOL(SPO LOG)/JADLOG/FAVORITA;JADLOG;35260601336140000360550010040140521122631558;4014052;31805912;RJ;30kg+;46.704;167.43;516.8187096774193;349.3887096774193
2026-06-22;2026-06-22 17:25:16.327;Campanha HEIST -> GOL(SPO LOG)/JADLOG/FAVORITA;JADLOG;35260601336140000360550010040149431436241051;4014943;31808609;MG;30kg+;53.76;680.34;703.1904179104478;22.85041791044773
2026-06-23;2026-06-23 07:00:32.977;Campanha HEIST -> GOL(SPO LOG)/JADLOG/FAVORITA;FAVORITA TRANSPORTE;35260601336140000360550010040144541782991140;4014454;31811749;GO;20-30kg;27.84;93.82;386.85699999999997;293.037
2026-06-23;2026-06-23 12:00:39.213;Campanha HEIST -> GOL(SPO LOG)/JADLOG/FAVORITA;JADLOG;35260601336140000360550010040149621946933732;4014962;31813476;MG;30kg+;81.732;242.08;703.1904179104478;461.1104179104477
2026-06-24;2026-06-24 10:15:36.950;Campanha HEIST -> GOL(SPO LOG)/JADLOG/FAVORITA;JADLOG;35260601336140000360550010040155391708369931;4015539;31819539;SP;20-30kg;27.216;147.04;375.2006624605678;228.1606624605678
2026-06-24;2026-06-24 13:45:23.270;Campanha HEIST -> GOL(SPO LOG)/JADLOG/FAVORITA;JADLOG;35260601336140000360550010040172061810670248;4017206;31821056;SC;30kg+;77.7866628;271.38;573.3730337078651;301.99303370786515
2026-06-24;2026-06-24 13:45:23.270;Campanha HEIST -> GOL(SPO LOG)/JADLOG/FAVORITA;JADLOG;35260601336140000360550010040191921003767948;4019192;31821057;BA;20-30kg;20.448;188.39;407.9010810810811;219.5110810810811
2026-06-25;2026-06-25 14:45:17.067;Campanha HEIST -> GOL(SPO LOG)/JADLOG/FAVORITA;JADLOG;35260601336140000360550010040220361272813563;4022036;31827733;SP;10-20kg;19.818777438;49.69;377.716496350365;328.026496350365
2026-06-26;2026-06-26 09:25:14.917;Campanha HEIST -> GOL(SPO LOG)/JADLOG/FAVORITA;JADLOG;35260601336140000360550010040240471679201156;4024047;31832380;RS;30kg+;55.412;189.26;639.6241803278688;450.3641803278688
2026-06-26;2026-06-26 15:55:16.590;Campanha HEIST -> GOL(SPO LOG)/JADLOG/FAVORITA;JADLOG;35260601336140000360550010040240781521367692;4024078;31835452;SP;30kg+;44.381;156.37;397.9043069948186;241.53430699481862
2026-06-27;2026-06-27 11:30:27.403;Campanha HEIST -> GOL(SPO LOG)/JADLOG/FAVORITA;JADLOG;35260601336140000360550010040242061172685416;4024206;31840763;MG;30kg+;80.512153902;248.37;703.1904179104478;454.82041791044776
2026-06-27;2026-06-27 12:30:22.540;Campanha HEIST -> GOL(SPO LOG)/JADLOG/FAVORITA;JADLOG;35260601336140000360550010040242051295125373;4024205;31841084;BA;30kg+;66.404287488;208.32;632.1727540983607;423.85275409836066
2026-06-27;2026-06-27 18:00:26.140;Campanha HEIST -> GOL(SPO LOG)/JADLOG/FAVORITA;JADLOG;35260601336140000360550010040243571156632456;4024357;31842452;MG;30kg+;58.38;190.79;703.1904179104478;512.4004179104478
2026-06-28;2026-06-28 20:45:18.610;Campanha HEIST -> GOL(SPO LOG)/JADLOG/FAVORITA;JADLOG;35260601336140000360550010040241001061035317;4024100;31851373;CE;30kg+;79.7388928;471.24;804.6896428571429;333.44964285714286
2026-06-30;2026-06-30 12:45:19.180;Campanha HEIST -> GOL(SPO LOG)/JADLOG/FAVORITA;JADLOG;35260701336140000360550010040265931623059373;4026593;31861512;SP;30kg+;93.408;300.91;397.9043069948186;96.9943069948186
2026-06-30;2026-06-30 18:00:32.320;Campanha HEIST -> GOL(SPO LOG)/JADLOG/FAVORITA;JADLOG;35260701336140000360550010040266451837690137;4026645;31864411;SP;5-10kg;9.156;24.78;366.5678466076696;341.7878466076696
2026-07-01;2026-07-01 07:00:27.593;Campanha HEIST -> GOL(SPO LOG)/JADLOG/FAVORITA;JADLOG;35260701336140000360550010040267901433255588;4026790;31867564;MG;30kg+;53.76;194.53;703.1904179104478;508.6604179104478
2026-07-01;2026-07-01 09:00:30.017;Campanha HEIST -> GOL(SPO LOG)/JADLOG/FAVORITA;JADLOG;35260701336140000360550010040266511659657659;4026651;31868140;SP;30kg+;93.408;300.91;397.9043069948186;96.9943069948186
2026-07-01;2026-07-01 14:25:20.497;Campanha HEIST -> GOL(SPO LOG)/JADLOG/FAVORITA;JADLOG;35260701336140000360550010040265771708794090;4026577;31871501;SP;30kg+;68.58;209.19;397.9043069948186;188.71430699481863
2026-07-01;2026-07-01 14:45:19.847;Campanha HEIST -> GOL(SPO LOG)/JADLOG/FAVORITA;JADLOG;35260701336140000360550010040262931505579257;4026293;31871903;SP;30kg+;37.2211938;133.51;397.9043069948186;264.39430699481863
2026-07-02;2026-07-02 09:30:30.127;Campanha HEIST -> GOL(SPO LOG)/JADLOG/FAVORITA;JADLOG;35260701336140000360550010040271511300188468;4027151;31877666;PE;30kg+;58.704;237.4;559.5709815950921;322.17098159509214
2026-07-03;2026-07-03 11:00:27.573;Campanha HEIST -> GOL(SPO LOG)/JADLOG/FAVORITA;JADLOG;35260701336140000360550010040284791372284163;4028479;31886954;SP;30kg+;38.1;125.07;397.9043069948186;272.83430699481863
2026-07-03;2026-07-03 11:25:14.400;Campanha HEIST -> GOL(SPO LOG)/JADLOG/FAVORITA;JADLOG;35260701336140000360550010040284811506965524;4028481;31887187;RJ;30kg+;58.38;178.05;516.8187096774193;338.7687096774193
2026-07-04;2026-07-04 17:21:15.947;Campanha HEIST -> GOL(SPO LOG)/JADLOG/FAVORITA;JADLOG;35260701336140000360550010040303011658140154;4030301;31895606;SP;30kg+;53.76;184.08;397.9043069948186;213.8243069948186
2026-07-04;2026-07-04 22:30:18.750;Campanha HEIST -> GOL(SPO LOG)/JADLOG/FAVORITA;JADLOG;35260701336140000360550010040303031736369813;4030303;31897166;SP;30kg+;80.192;262.23;397.9043069948186;135.6743069948186
2026-07-05;2026-07-05 14:10:19.153;Campanha HEIST -> GOL(SPO LOG)/JADLOG/FAVORITA;JADLOG;35260701336140000360550010040302771476634839;4030277;31899322;SP;30kg+;93.408;427.94;397.9043069948186;-30.035693005181372
2026-07-06;2026-07-06 13:50:18.303;Campanha HEIST -> GOL(SPO LOG)/JADLOG/FAVORITA;JADLOG;35260701336140000360550010040302871615205369;4030287;31906918;SP;30kg+;93.408;300.91;397.9043069948186;96.9943069948186
2026-07-06;2026-07-06 17:30:37.643;Campanha HEIST -> GOL(SPO LOG)/JADLOG/FAVORITA;JADLOG;35260701336140000360550010040308951405504526;4030895;31908969;SP;30kg+;40.656;145.54;397.9043069948186;252.36430699481863
2026-07-06;2026-07-06 21:15:17.160;Campanha HEIST -> GOL(SPO LOG)/JADLOG/FAVORITA;JADLOG;35260701336140000360550010040308971880593206;4030897;31910998;SP;30kg+;40.86;132.92;397.9043069948186;264.98430699481867
2026-07-07;2026-07-07 10:45:20.107;Campanha HEIST -> GOL(SPO LOG)/JADLOG/FAVORITA;JADLOG;35260701336140000360550010040312591975495253;4031259;31913476;SP;10-20kg;10.0;24.92;377.716496350365;352.796496350365
2026-07-07;2026-07-07 14:35:20.890;Campanha HEIST -> GOL(SPO LOG)/JADLOG/FAVORITA;JADLOG;35260701336140000360550010040312781955017033;4031278;31915116;SP;30kg+;93.408;300.91;397.9043069948186;96.9943069948186
2026-07-08;2026-07-08 14:15:16.553;Campanha HEIST -> GOL(SPO LOG)/JADLOG/FAVORITA;JADLOG;35260701336140000360550010040320851552163757;4032085;31923487;MG;30kg+;59.021;209.69;703.1904179104478;493.50041791044777
2026-07-10;2026-07-10 19:20:18.567;Campanha HEIST -> GOL(SPO LOG)/JADLOG/FAVORITA;JADLOG;35260701336140000360550010040339601772036414;4033960;31939005;SP;30kg+;44.1;262.82;397.9043069948186;135.08430699481863
2026-07-15;2026-07-15 09:50:18.933;Campanha HEIST -> GOL(SPO LOG)/JADLOG/FAVORITA;JADLOG;35260701336140000360550010040363341904924851;4036334;31968355;BA;30kg+;93.408;299.24;632.1727540983607;332.93275409836065
2026-07-15;2026-07-15 12:28:56.227;Campanha HEIST -> GOL(SPO LOG)/JADLOG/FAVORITA;JADLOG;35260701336140000360550010040460691197338069;4046069;31971172;SP;30kg+;42.924;138.78;397.9043069948186;259.12430699481865
2026-07-15;2026-07-15 17:55:20.390;Campanha HEIST -> GOL(SPO LOG)/JADLOG/FAVORITA;JADLOG;35260701336140000360550010040364211707588643;4036421;31974022;MG;30kg+;65.915401;228.96;703.1904179104478;474.2304179104477
2026-06-13;2026-06-13 16:25:17.250;Campanha HEIST -> GOL(SPO LOG)/JADLOG/FAVORITA;JADLOG;35260601336140000360550010039935761219080560;3993576;31731692;SP;3-5kg;3.2443257;14.52;376.4645323741007;361.94453237410073
2026-06-13;2026-06-13 17:00:26.473;Campanha HEIST -> GOL(SPO LOG)/JADLOG/FAVORITA;JADLOG;35260601336140000360550010039935741453903026;3993574;31731833;BA;30kg+;38.963734425;398.6;632.1727540983607;233.57275409836063
2026-06-15;2026-06-15 09:10:27.563;Campanha HEIST -> GOL(SPO LOG)/JADLOG/FAVORITA;JADLOG;35260601336140000360550010040121631498337958;4012163;31742066;SP;30kg+;185.7;574.32;397.9043069948186;-176.41569300518142
2026-06-15;2026-06-15 09:30:27.927;Campanha HEIST -> GOL(SPO LOG)/JADLOG/FAVORITA;JADLOG;35260601336140000360550010040121431864328047;4012143;31742179;SP;10-20kg;11.909;26.22;377.716496350365;351.49649635036496
2026-06-15;2026-06-15 09:30:27.927;Campanha HEIST -> GOL(SPO LOG)/JADLOG/FAVORITA;JADLOG;35260601336140000360550010039935801741233864;3993580;31742185;SP;30kg+;36.288;131.99;397.9043069948186;265.9143069948186
2026-06-15;2026-06-15 09:35:15.907;Campanha HEIST -> GOL(SPO LOG)/JADLOG/FAVORITA;JADLOG;35260601336140000360550010040061071420988549;4006107;31742231;BA;30kg+;186.816;611.74;632.1727540983607;20.432754098360647
2026-06-15;2026-06-15 09:45:45.583;Campanha HEIST -> GOL(SPO LOG)/JADLOG/FAVORITA;FAVORITA TRANSPORTE;35260601336140000360550010039957511395659879;3995751;31742299;PA;30kg+;57.336;239.41;698.3584375;458.94843750000007
2026-06-15;2026-06-15 09:45:45.583;Campanha HEIST -> GOL(SPO LOG)/JADLOG/FAVORITA;FAVORITA TRANSPORTE;35260601336140000360550010039935241618161134;3993524;31742307;PA;10-20kg;12.876;129.2;394.956;265.75600000000003
2026-06-15;2026-06-15 10:00:41.487;Campanha HEIST -> GOL(SPO LOG)/JADLOG/FAVORITA;JADLOG;35260601336140000360550010040121561780999887;4012156;31742399;SP;30kg+;45.6;145.41;397.9043069948186;252.49430699481863
2026-06-15;2026-06-15 10:05:19.810;Campanha HEIST -> GOL(SPO LOG)/JADLOG/FAVORITA;JADLOG;35260601336140000360550010040047951681362836;4004795;31742463;ES;30kg+;50.4;134.29;499.0984;364.8084
2026-06-15;2026-06-15 10:10:26.600;Campanha HEIST -> GOL(SPO LOG)/JADLOG/FAVORITA;FAVORITA TRANSPORTE;35260601336140000360550010040080961879369366;4008096;31742498;PA;30kg+;32.828;191.28;698.3584375;507.07843750000006
2026-06-15;2026-06-15 10:20:21.513;Campanha HEIST -> GOL(SPO LOG)/JADLOG/FAVORITA;JADLOG;35260601336140000360550010040051971240939550;4005197;31742590;SP;10-20kg;16.8;38.4;377.716496350365;339.316496350365
2026-06-15;2026-06-15 11:15:19.133;Campanha HEIST -> GOL(SPO LOG)/JADLOG/FAVORITA;JADLOG;35260601336140000360550010040053761577203651;4005376;31743059;SE;30kg+;58.38;206.71;513.4777777777778;306.7677777777777
2026-06-15;2026-06-15 11:20:28.377;Campanha HEIST -> GOL(SPO LOG)/JADLOG/FAVORITA;JADLOG;35260601336140000360550010040049931539532391;4004993;31743112;SC;30kg+;63.392;209.45;573.3730337078651;363.92303370786516
2026-06-15;2026-06-15 11:25:18.253;Campanha HEIST -> GOL(SPO LOG)/JADLOG/FAVORITA;JADLOG;35260601336140000360550010040053371066504917;4005337;31743157;SP;30kg+;40.728;127.01;397.9043069948186;270.89430699481863
2026-06-15;2026-06-15 11:25:18.253;Campanha HEIST -> GOL(SPO LOG)/JADLOG/FAVORITA;JADLOG;35260601336140000360550010039978731116709051;3997873;31743165;PE;30kg+;186.816;732.51;559.5709815950921;-172.93901840490787
2026-06-15;2026-06-15 11:35:16.000;Campanha HEIST -> GOL(SPO LOG)/JADLOG/FAVORITA;JADLOG;35260601336140000360550010039937751751942036;3993775;31743258;BA;30kg+;48.768;518.91;632.1727540983607;113.26275409836069
2026-06-15;2026-06-15 11:35:16.000;Campanha HEIST -> GOL(SPO LOG)/JADLOG/FAVORITA;JADLOG;35260601336140000360550010040121601446694707;4012160;31743265;SP;20-30kg;28.076;105.32;375.2006624605678;269.8806624605678
2026-06-15;2026-06-15 11:45:19.410;Campanha HEIST -> GOL(SPO LOG)/JADLOG/FAVORITA;JADLOG;35260601336140000360550010040061191964473188;4006119;31743322;BA;30kg+;35.808;360.57;632.1727540983607;271.60275409836066
2026-06-15;2026-06-15 11:45:19.410;Campanha HEIST -> GOL(SPO LOG)/JADLOG/FAVORITA;JADLOG;35260601336140000360550010040121411766121982;4012141;31743326;SP;30kg+;44.412;141.89;397.9043069948186;256.01430699481864
2026-06-15;2026-06-15 11:45:19.410;Campanha HEIST -> GOL(SPO LOG)/JADLOG/FAVORITA;JADLOG;35260601336140000360550010040061011343030877;4006101;31743347;SP;30kg+;51.858;178.08;397.9043069948186;219.8243069948186
2026-06-15;2026-06-15 11:50:19.640;Campanha HEIST -> GOL(SPO LOG)/JADLOG/FAVORITA;JADLOG;35260601336140000360550010039978821182038924;3997882;31743405;MA;10-20kg;13.44;249.37;454.4175;205.0475
2026-06-15;2026-06-15 12:10:24.543;Campanha HEIST -> GOL(SPO LOG)/JADLOG/FAVORITA;JADLOG;35260601336140000360550010039978651549861656;3997865;31743686;SP;30kg+;139.40960117699998;433.83;397.9043069948186;-35.92569300518136
2026-06-15;2026-06-15 12:15:19.933;Campanha HEIST -> GOL(SPO LOG)/JADLOG/FAVORITA;JADLOG;35260601336140000360550010039937731123084823;3993773;31743801;SP;5-10kg;7.546;21.36;366.5678466076696;345.2078466076696
2026-06-15;2026-06-15 12:35:15.867;Campanha HEIST -> GOL(SPO LOG)/JADLOG/FAVORITA;JADLOG;35260601336140000360550010040071821734284403;4007182;31744131;SP;30kg+;37.878;119.63;397.9043069948186;278.27430699481863
2026-06-15;2026-06-15 12:45:21.800;Campanha HEIST -> GOL(SPO LOG)/JADLOG/FAVORITA;JADLOG;35260601336140000360550010040054791262789509;4005479;31744252;SP;10-20kg;11.424;26.29;377.716496350365;351.42649635036497
2026-06-15;2026-06-15 13:55:18.043;Campanha HEIST -> GOL(SPO LOG)/JADLOG/FAVORITA;JADLOG;35260601336140000360550010040121681032133504;4012168;31744877;SC;30kg+;77.16;271.54;573.3730337078651;301.8330337078651
2026-06-15;2026-06-15 14:35:15.657;Campanha HEIST -> GOL(SPO LOG)/JADLOG/FAVORITA;JADLOG;35260601336140000360550010040070951202533401;4007095;31745218;SP;30kg+;47.664;146.01;397.9043069948186;251.89430699481863
2026-06-15;2026-06-15 14:35:15.657;Campanha HEIST -> GOL(SPO LOG)/JADLOG/FAVORITA;JADLOG;35260601336140000360550010040070751435444956;4007075;31745224;SP;30kg+;67.98;200.41;397.9043069948186;197.49430699481863
2026-06-15;2026-06-15 14:35:15.657;Campanha HEIST -> GOL(SPO LOG)/JADLOG/FAVORITA;JADLOG;35260601336140000360550010040050351924839479;4005035;31745225;SP;10-20kg;13.83;30.4;377.716496350365;347.316496350365
2026-06-15;2026-06-15 14:40:24.873;Campanha HEIST -> GOL(SPO LOG)/JADLOG/FAVORITA;FAVORITA TRANSPORTE;35260601336140000360550010039939801938776564;3993980;31745281;GO;30kg+;53.544;79.09;502.2634285714286;423.17342857142864
2026-06-15;2026-06-15 14:45:19.230;Campanha HEIST -> GOL(SPO LOG)/JADLOG/FAVORITA;JADLOG;35260601336140000360550010040082141999534980;4008214;31745331;SP;30kg+;53.76;184.05;397.9043069948186;213.85430699481861
2026-06-15;2026-06-15 14:45:19.230;Campanha HEIST -> GOL(SPO LOG)/JADLOG/FAVORITA;JADLOG;35260601336140000360550010039951401565770698;3995140;31745339;PE;30kg+;54.432;198.7;559.5709815950921;360.87098159509213
2026-06-15;2026-06-15 14:50:21.700;Campanha HEIST -> GOL(SPO LOG)/JADLOG/FAVORITA;JADLOG;35260601336140000360550010039979801520691770;3997980;31745418;SP;30kg+;68.04;206.99;397.9043069948186;190.91430699481862
2026-06-15;2026-06-15 14:55:16.810;Campanha HEIST -> GOL(SPO LOG)/JADLOG/FAVORITA;JADLOG;35260601336140000360550010040074121449117040;4007412;31745845;SP;30kg+;67.2;223.94;397.9043069948186;173.96430699481863
2026-06-15;2026-06-15 15:10:22.213;Campanha HEIST -> GOL(SPO LOG)/JADLOG/FAVORITA;JADLOG;35260601336140000360550010040116071111687658;4011607;31745937;RS;30kg+;53.316;173.5;639.6241803278688;466.12418032786877
2026-06-15;2026-06-15 15:25:16.240;Campanha HEIST -> GOL(SPO LOG)/JADLOG/FAVORITA;JADLOG;35260601336140000360550010040121511090266310;4012151;31746290;SP;30kg+;104.429;335.49;397.9043069948186;62.41430699481862
2026-06-15;2026-06-15 16:00:32.143;Campanha HEIST -> GOL(SPO LOG)/JADLOG/FAVORITA;JADLOG;35260601336140000360550010040054971863747540;4005497;31746623;SP;30kg+;46.704;162.79;397.9043069948186;235.11430699481863
2026-06-15;2026-06-15 16:15:20.373;Campanha HEIST -> GOL(SPO LOG)/JADLOG/FAVORITA;JADLOG;35260601336140000360550010039979491863863129;3997949;31746742;SP;30kg+;97.281318288;283.02;397.9043069948186;114.88430699481864
2026-06-15;2026-06-15 16:15:20.373;Campanha HEIST -> GOL(SPO LOG)/JADLOG/FAVORITA;JADLOG;35260601336140000360550010040120981299882689;4012098;31746749;BA;30kg+;54.528;587.67;632.1727540983607;44.5027540983607
2026-06-15;2026-06-15 16:45:21.323;Campanha HEIST -> GOL(SPO LOG)/JADLOG/FAVORITA;JADLOG;35260601336140000360550010039979531051826701;3997953;31746996;BA;30kg+;77.7866628;244.92;632.1727540983607;387.2527540983607
2026-06-15;2026-06-15 16:55:17.837;Campanha HEIST -> GOL(SPO LOG)/JADLOG/FAVORITA;JADLOG;35260601336140000360550010040116041491884238;4011604;31747132;BA;30kg+;52.579449;564.08;632.1727540983607;68.09275409836061
2026-06-15;2026-06-15 17:00:30.197;Campanha HEIST -> GOL(SPO LOG)/JADLOG/FAVORITA;FAVORITA TRANSPORTE;35260601336140000360550010040070831431737500;4007083;31747152;GO;30kg+;34.128;122.22;502.2634285714286;380.04342857142865
2026-06-15;2026-06-15 17:00:30.197;Campanha HEIST -> GOL(SPO LOG)/JADLOG/FAVORITA;JADLOG;35260601336140000360550010040115341331735645;4011534;31747161;BA;30kg+;155.699896737;503.52;632.1727540983607;128.65275409836067
2026-06-15;2026-06-15 17:10:22.177;Campanha HEIST -> GOL(SPO LOG)/JADLOG/FAVORITA;JADLOG;35260601336140000360550010040074221512632349;4007422;31747304;PE;30kg+;93.408;426.53;559.5709815950921;133.04098159509215
2026-06-15;2026-06-15 17:20:20.777;Campanha HEIST -> GOL(SPO LOG)/JADLOG/FAVORITA;JADLOG;35260601336140000360550010040116011165205712;4011601;31747444;SP;30kg+;81.893145873;241.25;397.9043069948186;156.65430699481863
2026-06-15;2026-06-15 17:25:34.483;Campanha HEIST -> GOL(SPO LOG)/JADLOG/FAVORITA;JADLOG;35260601336140000360550010040121591780304368;4012159;31747517;SP;20-30kg;27.24;88.64;375.2006624605678;286.5606624605678
2026-06-15;2026-06-15 17:50:21.017;Campanha HEIST -> GOL(SPO LOG)/JADLOG/FAVORITA;JADLOG;35260601336140000360550010040120961623011353;4012096;31747889;SP;30kg+;72.576;219.28;397.9043069948186;178.62430699481862
2026-06-15;2026-06-15 18:10:25.667;Campanha HEIST -> GOL(SPO LOG)/JADLOG/FAVORITA;JADLOG;35260601336140000360550010040051801472865524;4005180;31748096;BA;30kg+;48.48;514.68;632.1727540983607;117.4927540983607
2026-06-15;2026-06-15 18:15:19.510;Campanha HEIST -> GOL(SPO LOG)/JADLOG/FAVORITA;FAVORITA TRANSPORTE;35260601336140000360550010040057831134995849;4005783;31748138;AC;30kg+;353.36066100000005;762.98;929.5450000000001;166.56500000000005
2026-06-15;2026-06-15 18:20:25.563;Campanha HEIST -> GOL(SPO LOG)/JADLOG/FAVORITA;FAVORITA TRANSPORTE;35260601336140000360550010040057111530240043;4005711;31748194;AC;30kg+;353.36066100000005;762.98;929.5450000000001;166.56500000000005
2026-06-15;2026-06-15 21:55:21.563;Campanha HEIST -> GOL(SPO LOG)/JADLOG/FAVORITA;JADLOG;35260601336140000360550010040121061545155966;4012106;31748674;SP;30kg+;34.450225425;115.69;397.9043069948186;282.2143069948186
2026-06-15;2026-06-15 21:55:21.563;Campanha HEIST -> GOL(SPO LOG)/JADLOG/FAVORITA;JADLOG;35260601336140000360550010040121691217568890;4012169;31748682;SP;30kg+;90.777699012;415.02;397.9043069948186;-17.115693005181356
2026-06-15;2026-06-15 21:55:21.563;Campanha HEIST -> GOL(SPO LOG)/JADLOG/FAVORITA;JADLOG;35260601336140000360550010040070971978022308;4007097;31748710;SP;30kg+;91.212;431.23;397.9043069948186;-33.32569300518139
2026-06-15;2026-06-15 21:55:21.563;Campanha HEIST -> GOL(SPO LOG)/JADLOG/FAVORITA;JADLOG;35260601336140000360550010040042791650786374;4004279;31748718;SP;30kg+;38.664;121.08;397.9043069948186;276.82430699481864
2026-06-15;2026-06-15 21:55:21.563;Campanha HEIST -> GOL(SPO LOG)/JADLOG/FAVORITA;JADLOG;35260601336140000360550010040076001031839802;4007600;31748726;RJ;30kg+;71.708;777.88;516.8187096774193;-261.0612903225807
2026-06-15;2026-06-15 21:55:21.563;Campanha HEIST -> GOL(SPO LOG)/JADLOG/FAVORITA;JADLOG;35260601336140000360550010040121701901353272;4012170;31748739;SP;30kg+;49.776;157.15;397.9043069948186;240.75430699481862
2026-06-15;2026-06-15 21:55:21.563;Campanha HEIST -> GOL(SPO LOG)/JADLOG/FAVORITA;JADLOG;35260601336140000360550010040076111129102461;4007611;31748744;BA;10-20kg;12.941;105.34;388.9172222222222;283.5772222222222
2026-06-15;2026-06-15 21:55:21.563;Campanha HEIST -> GOL(SPO LOG)/JADLOG/FAVORITA;JADLOG;35260601336140000360550010040115321903391453;4011532;31748759;PE;30kg+;93.408;359.16;559.5709815950921;200.4109815950921
2026-06-15;2026-06-15 21:55:21.563;Campanha HEIST -> GOL(SPO LOG)/JADLOG/FAVORITA;FAVORITA TRANSPORTE;35260601336140000360550010039946331839074926;3994633;31748767;GO;20-30kg;27.84;93.82;386.85699999999997;293.037
2026-06-15;2026-06-15 21:55:21.563;Campanha HEIST -> GOL(SPO LOG)/JADLOG/FAVORITA;JADLOG;35260601336140000360550010040079011864613062;4007901;31748780;SP;30kg+;160.044;454.26;397.9043069948186;-56.355693005181365
2026-06-15;2026-06-15 21:55:21.563;Campanha HEIST -> GOL(SPO LOG)/JADLOG/FAVORITA;JADLOG;35260601336140000360550010040075951918012058;4007595;31748789;SP;10-20kg;12.845;28.42;377.716496350365;349.296496350365
2026-06-15;2026-06-15 21:55:21.563;Campanha HEIST -> GOL(SPO LOG)/JADLOG/FAVORITA;JADLOG;35260601336140000360550010040121191909313307;4012119;31748797;SP;20-30kg;20.748;52.15;375.2006624605678;323.0506624605678
2026-06-15;2026-06-15 23:00:36.340;Campanha HEIST -> GOL(SPO LOG)/JADLOG/FAVORITA;JADLOG;35260601336140000360550010039980311171998265;3998031;31750257;SP;30kg+;36.288;117.1;397.9043069948186;280.8043069948186
2026-06-15;2026-06-15 23:00:36.340;Campanha HEIST -> GOL(SPO LOG)/JADLOG/FAVORITA;FAVORITA TRANSPORTE;35260601336140000360550010040070851189754075;4007085;31750258;PA;30kg+;53.76;196.58;698.3584375;501.7784375
2026-07-17;2026-07-17 08:45:20.120;Campanha HEIST -> GOL(SPO LOG)/JADLOG/FAVORITA;FAVORITA TRANSPORTE;35260701336140000360550010040392051416763286;4039205;31986074;DF;30kg+;53.76;82.26;569.3891666666667;487.1291666666667
2026-07-17;2026-07-17 16:30:31.447;Campanha HEIST -> GOL(SPO LOG)/JADLOG/FAVORITA;JADLOG;35260701336140000360550010040386451090125919;4038645;31989161;SC;30kg+;87.468;274.53;573.3730337078651;298.8430337078652
2026-07-19;2026-07-19 09:45:21.133;Campanha HEIST -> GOL(SPO LOG)/JADLOG/FAVORITA;JADLOG;35260701336140000360550010040385431160098060;4038543;31997130;SP;30kg+;53.76;184.03;397.9043069948186;213.87430699481862
2026-07-22;2026-07-22 22:45:24.167;Campanha HEIST -> GOL(SPO LOG)/JADLOG/FAVORITA;JADLOG;35260701336140000360550010040429641800111398;4042964;32032240;SP;30kg+;93.408;273.95;397.9043069948186;123.95430699481864
2026-07-23;2026-07-23 08:30:30.800;Campanha HEIST -> GOL(SPO LOG)/JADLOG/FAVORITA;JADLOG;35260701336140000360550010040427331803292213;4042733;32033964;SP;30kg+;93.408;273.95;397.9043069948186;123.95430699481864
2026-07-23;2026-07-23 09:10:22.830;Campanha HEIST -> GOL(SPO LOG)/JADLOG/FAVORITA;JADLOG;35260701336140000360550010040427321313301510;4042732;32034193;SP;30kg+;36.288;132.69;397.9043069948186;265.2143069948186
2026-07-23;2026-07-23 09:25:12.920;Campanha HEIST -> GOL(SPO LOG)/JADLOG/FAVORITA;JADLOG;35260701336140000360550010040427371515054081;4042737;32034269;SP;30kg+;63.722;214.31;397.9043069948186;183.59430699481862
2026-07-23;2026-07-23 10:30:32.263;Campanha HEIST -> GOL(SPO LOG)/JADLOG/FAVORITA;JADLOG;35260701336140000360550010040426891858671704;4042689;32034812;SP;30kg+;59.58;201.34;397.9043069948186;196.56430699481862
2026-07-23;2026-07-23 10:30:34.903;Campanha HEIST -> GOL(SPO LOG)/JADLOG/FAVORITA;JADLOG;35260701336140000360550010040427361363789591;4042736;32034813;SP;30kg+;31.752;119.19;397.9043069948186;278.7143069948186
2026-07-23;2026-07-23 10:30:34.903;Campanha HEIST -> GOL(SPO LOG)/JADLOG/FAVORITA;JADLOG;35260701336140000360550010040426951133447120;4042695;32034819;SP;30kg+;36.288;132.69;397.9043069948186;265.2143069948186
2026-07-23;2026-07-23 10:31:04.027;Campanha HEIST -> GOL(SPO LOG)/JADLOG/FAVORITA;JADLOG;35260701336140000360550010040460661150115835;4046066;32034852;SP;30kg+;52.248;163.13;397.9043069948186;234.77430699481863
2026-07-23;2026-07-23 14:45:17.510;Campanha HEIST -> GOL(SPO LOG)/JADLOG/FAVORITA;JADLOG;35260701336140000360550010040424291644099903;4042429;32037455;SP;30kg+;36.288;132.69;397.9043069948186;265.2143069948186
2026-07-23;2026-07-23 14:45:17.510;Campanha HEIST -> GOL(SPO LOG)/JADLOG/FAVORITA;JADLOG;35260701336140000360550010040424101865151400;4042410;32037459;SP;30kg+;36.288;132.69;397.9043069948186;265.2143069948186
2026-07-23;2026-07-23 17:00:25.830;Campanha HEIST -> GOL(SPO LOG)/JADLOG/FAVORITA;JADLOG;35260701336140000360550010040460231721487669;4046023;32038926;SP;10-20kg;19.782;48.48;377.716496350365;329.236496350365
2026-07-23;2026-07-23 17:00:25.830;Campanha HEIST -> GOL(SPO LOG)/JADLOG/FAVORITA;JADLOG;35260701336140000360550010040424171934944486;4042417;32038932;SP;30kg+;36.288;132.69;397.9043069948186;265.2143069948186
2026-07-23;2026-07-23 17:30:21.250;Campanha HEIST -> GOL(SPO LOG)/JADLOG/FAVORITA;JADLOG;35260701336140000360550010040460321014920669;4046032;32039243;SP;30kg+;53.76;184.08;397.9043069948186;213.8243069948186
2026-07-23;2026-07-23 19:45:17.460;Campanha HEIST -> GOL(SPO LOG)/JADLOG/FAVORITA;JADLOG;35260701336140000360550010040435351713436028;4043535;32040691;SP;30kg+;48.216;167.65;397.9043069948186;230.25430699481862
2026-07-23;2026-07-23 21:00:27.380;Campanha HEIST -> GOL(SPO LOG)/JADLOG/FAVORITA;JADLOG;35260701336140000360550010040436061575210740;4043606;32041268;MG;30kg+;77.7866628;239.23;703.1904179104478;463.96041791044775
2026-07-24;2026-07-24 07:30:30.340;Campanha HEIST -> GOL(SPO LOG)/JADLOG/FAVORITA;JADLOG;35260701336140000360550010040439541265263092;4043954;32043379;BA;30kg+;93.408;372.87;632.1727540983607;259.30275409836065
2026-07-24;2026-07-24 15:20:18.447;Campanha HEIST -> GOL(SPO LOG)/JADLOG/FAVORITA;JADLOG;35260701336140000360550010040460781778489294;4046078;32045868;RS;30kg+;52.32;180.62;639.6241803278688;459.00418032786877
2026-07-24;2026-07-24 20:10:20.057;Campanha HEIST -> GOL(SPO LOG)/JADLOG/FAVORITA;JADLOG;35260701336140000360550010040467281240676574;4046728;32048554;BA;30kg+;93.408;299.24;632.1727540983607;332.93275409836065
2026-07-25;2026-07-25 15:20:16.483;Campanha HEIST -> GOL(SPO LOG)/JADLOG/FAVORITA;JADLOG;35260701336140000360550010040467721572336675;4046772;32051892;CE;30kg+;98.3296;484.55;804.6896428571429;320.13964285714286
2026-07-25;2026-07-25 15:20:16.483;Campanha HEIST -> GOL(SPO LOG)/JADLOG/FAVORITA;JADLOG;35260701336140000360550010040467731876910042;4046773;32051893;SP;20-30kg;23.352;71.7;375.2006624605678;303.5006624605678
2026-07-25;2026-07-25 15:30:35.210;Campanha HEIST -> GOL(SPO LOG)/JADLOG/FAVORITA;JADLOG;35260701336140000360550010040467761073576149;4046776;32051985;SP;30kg+;40.848;145.29;397.9043069948186;252.61430699481863
2026-07-26;2026-07-26 15:30:27.460;Campanha HEIST -> GOL(SPO LOG)/JADLOG/FAVORITA;JADLOG;35260701336140000360550010040468731942957035;4046873;32058481;SP;30kg+;30.636;115.64;397.9043069948186;282.26430699481864
2026-07-26;2026-07-26 16:50:19.520;Campanha HEIST -> GOL(SPO LOG)/JADLOG/FAVORITA;JADLOG;35260701336140000360550010040468751649965652;4046875;32059058;SP;30kg+;87.34679824;255.93;397.9043069948186;141.97430699481862
2026-07-27;2026-07-27 09:45:25.007;Campanha HEIST -> GOL(SPO LOG)/JADLOG/FAVORITA;JADLOG;35260701336140000360550010040470611660533025;4047061;32063333;SP;30kg+;98.3296;312.93;397.9043069948186;84.97430699481862
2026-07-27;2026-07-27 14:10:21.880;Campanha HEIST -> GOL(SPO LOG)/JADLOG/FAVORITA;JADLOG;35260701336140000360550010040470681965559983;4047068;32065301;SP;30kg+;94.932;305.94;397.9043069948186;91.96430699481863
2026-07-27;2026-07-27 16:15:21.690;Campanha HEIST -> GOL(SPO LOG)/JADLOG/FAVORITA;JADLOG;35260701336140000360550010040470641771748234;4047064;32066546;SP;30kg+;93.408;300.91;397.9043069948186;96.9943069948186
2026-07-28;2026-07-28 09:25:36.610;Campanha HEIST -> GOL(SPO LOG)/JADLOG/FAVORITA;JADLOG;35260701336140000360550010040495071254124040;4049507;32072971;PE;30kg+;93.408;426.53;559.5709815950921;133.04098159509215
2026-07-31;2026-07-31 08:45:19.223;Campanha HEIST -> GOL(SPO LOG)/JADLOG/FAVORITA;JADLOG;35260801336140000360550010040616271987139131;4061627;32097637;SP;30kg+;73.0580578;339.66;397.9043069948186;58.2443069948186
2026-08-01;2026-08-01 13:15:20.950;Campanha HEIST -> GOL(SPO LOG)/JADLOG/FAVORITA;JADLOG;35260801336140000360550010040634781056311715;4063478;32105348;MG;30kg+;62.352;192.03;703.1904179104478;511.1604179104478
2026-08-01;2026-08-01 15:00:28.930;Campanha HEIST -> GOL(SPO LOG)/JADLOG/FAVORITA;JADLOG;35260801336140000360550010040631781350442841;4063178;32105592;PE;30kg+;99.846;374.68;559.5709815950921;184.89098159509211
2026-06-15;2026-06-15 23:20:20.737;Campanha HEIST -> GOL(SPO LOG)/JADLOG/FAVORITA;FAVORITA TRANSPORTE;35260601336140000360550010040042661218928473;4004266;31750329;GO;30kg+;44.4;122.06;502.2634285714286;380.2034285714286
2026-06-16;2026-06-16 00:00:30.780;Campanha HEIST -> GOL(SPO LOG)/JADLOG/FAVORITA;JADLOG;35260601336140000360550010040121551044876720;4012155;31750442;SP;30kg+;47.208;150.1;397.9043069948186;247.80430699481863
2026-06-16;2026-06-16 00:15:45.743;Campanha HEIST -> GOL(SPO LOG)/JADLOG/FAVORITA;FAVORITA TRANSPORTE;35260601336140000360550010040046831852253568;4004683;31750488;GO;30kg+;105.372;269.78;502.2634285714286;232.48342857142865
2026-06-16;2026-06-16 00:30:29.660;Campanha HEIST -> GOL(SPO LOG)/JADLOG/FAVORITA;JADLOG;35260601336140000360550010040118221703453099;4011822;31750519;BA;30kg+;157.253778297;1834.27;632.1727540983607;-1202.0972459016393
2026-06-16;2026-06-16 00:45:20.267;Campanha HEIST -> GOL(SPO LOG)/JADLOG/FAVORITA;FAVORITA TRANSPORTE;35260601336140000360550010040057261073512952;4005726;31750548;GO;30kg+;54.432;138.02;502.2634285714286;364.2434285714286
2026-06-16;2026-06-16 00:45:20.267;Campanha HEIST -> GOL(SPO LOG)/JADLOG/FAVORITA;JADLOG;35260601336140000360550010040121801594935144;4012180;31750556;BA;20-30kg;26.192857152;254.9;407.9010810810811;153.00108108108108
2026-06-16;2026-06-16 07:15:17.623;Campanha HEIST -> GOL(SPO LOG)/JADLOG/FAVORITA;JADLOG;35260601336140000360550010040117151697736462;4011715;31751263;SP;30kg+;68.136279057;204.02;397.9043069948186;193.88430699481862
2026-06-16;2026-06-16 08:00:30.630;Campanha HEIST -> GOL(SPO LOG)/JADLOG/FAVORITA;FAVORITA TRANSPORTE;35260601336140000360550010039957151896404702;3995715;31751414;GO;30kg+;199.692;343.76;502.2634285714286;158.50342857142863
2026-06-16;2026-06-16 08:30:22.537;Campanha HEIST -> GOL(SPO LOG)/JADLOG/FAVORITA;JADLOG;35260601336140000360550010040118211439080524;4011821;31751549;SP;30kg+;186.816;525.44;397.9043069948186;-127.53569300518143
2026-06-16;2026-06-16 08:45:17.100;Campanha HEIST -> GOL(SPO LOG)/JADLOG/FAVORITA;FAVORITA TRANSPORTE;35260601336140000360550010039964401399024562;3996440;31751648;PA;30kg+;104.84397;467.08;698.3584375;231.27843750000005
2026-06-16;2026-06-16 08:50:16.640;Campanha HEIST -> GOL(SPO LOG)/JADLOG/FAVORITA;JADLOG;35260601336140000360550010040121721540733673;4012172;31751682;SP;30kg+;101.076;324.44;397.9043069948186;73.46430699481863
2026-06-16;2026-06-16 09:00:31.870;Campanha HEIST -> GOL(SPO LOG)/JADLOG/FAVORITA;JADLOG;35260601336140000360550010040068851300776840;4006885;31751746;PE;30kg+;82.292;317.29;559.5709815950921;242.2809815950921
2026-06-16;2026-06-16 09:30:28.300;Campanha HEIST -> GOL(SPO LOG)/JADLOG/FAVORITA;JADLOG;35260601336140000360550010040068881393890470;4006888;31751959;PE;30kg+;116.76;452.49;559.5709815950921;107.08098159509211
2026-06-16;2026-06-16 09:55:15.070;Campanha HEIST -> GOL(SPO LOG)/JADLOG/FAVORITA;FAVORITA TRANSPORTE;35260601336140000360550010039964551211054950;3996455;31752217;RO;30kg+;272.2328532;576.3;718.0833333333334;141.78333333333342
2026-06-16;2026-06-16 10:00:33.697;Campanha HEIST -> GOL(SPO LOG)/JADLOG/FAVORITA;FAVORITA TRANSPORTE;35260601336140000360550010039957161022975679;3995716;31752249;GO;30kg+;65.492;139.46;502.2634285714286;362.80342857142864
2026-06-16;2026-06-16 10:10:19.760;Campanha HEIST -> GOL(SPO LOG)/JADLOG/FAVORITA;JADLOG;35260601336140000360550010039978931862829442;3997893;31752369;SP;30kg+;186.816;577.16;397.9043069948186;-179.25569300518134
2026-06-16;2026-06-16 10:15:18.617;Campanha HEIST -> GOL(SPO LOG)/JADLOG/FAVORITA;JADLOG;35260601336140000360550010040071861417373294;4007186;31752392;SP;30kg+;109.86501644999998;315.48;397.9043069948186;82.42430699481861
2026-06-16;2026-06-16 10:20:24.360;Campanha HEIST -> GOL(SPO LOG)/JADLOG/FAVORITA;FAVORITA TRANSPORTE;35260601336140000360550010040070931193691343;4007093;31752448;MS;30kg+;77.17;216.53;512.7392857142858;296.2092857142858
2026-06-16;2026-06-16 10:45:17.730;Campanha HEIST -> GOL(SPO LOG)/JADLOG/FAVORITA;JADLOG;35260601336140000360550010040117161764475456;4011716;31752668;MG;30kg+;75.17609041;255.66;703.1904179104478;447.5304179104478
2026-06-16;2026-06-16 10:50:18.827;Campanha HEIST -> GOL(SPO LOG)/JADLOG/FAVORITA;JADLOG;35260601336140000360550010040117191663039636;4011719;31752716;PR;30kg+;63.768;192.62;537.3662837837838;344.74628378378384
2026-06-16;2026-06-16 11:00:24.910;Campanha HEIST -> GOL(SPO LOG)/JADLOG/FAVORITA;JADLOG;35260601336140000360550010040121531530948213;4012153;31752811;BA;10-20kg;17.943088548000002;156.51;388.9172222222222;232.40722222222223
2026-06-16;2026-06-16 12:55:16.060;Campanha HEIST -> GOL(SPO LOG)/JADLOG/FAVORITA;JADLOG;35260601336140000360550010039964521441589870;3996452;31754205;SP;30kg+;77.7866628;221.77;397.9043069948186;176.13430699481862
2026-06-16;2026-06-16 13:00:27.987;Campanha HEIST -> GOL(SPO LOG)/JADLOG/FAVORITA;JADLOG;35260601336140000360550010040050621824830833;4005062;31754263;SP;10-20kg;13.92;30.5;377.716496350365;347.216496350365
2026-06-16;2026-06-16 13:00:27.987;Campanha HEIST -> GOL(SPO LOG)/JADLOG/FAVORITA;JADLOG;35260601336140000360550010040068741110285133;4006874;31754268;SP;30kg+;44.976;158.08;397.9043069948186;239.8243069948186
2026-06-16;2026-06-16 13:05:14.900;Campanha HEIST -> GOL(SPO LOG)/JADLOG/FAVORITA;JADLOG;35260601336140000360550010040068931116055046;4006893;31754293;SP;30kg+;199.692;560.58;397.9043069948186;-162.67569300518142
2026-06-16;2026-06-16 13:20:16.673;Campanha HEIST -> GOL(SPO LOG)/JADLOG/FAVORITA;JADLOG;35260601336140000360550010039978001425105413;3997800;31754376;SP;20-30kg;24.320329572;71.14;375.2006624605678;304.0606624605678
2026-06-16;2026-06-16 14:25:16.533;Campanha HEIST -> GOL(SPO LOG)/JADLOG/FAVORITA;JADLOG;35260601336140000360550010040075031704387563;4007503;31756745;SP;20-30kg;26.844595359999996;78.36;375.2006624605678;296.8406624605678
2026-06-16;2026-06-16 14:35:16.217;Campanha HEIST -> GOL(SPO LOG)/JADLOG/FAVORITA;JADLOG;35260601336140000360550010040070691778380427;4007069;31756844;SP;10-20kg;17.976;39.86;377.716496350365;337.856496350365
2026-06-16;2026-06-16 14:40:17.600;Campanha HEIST -> GOL(SPO LOG)/JADLOG/FAVORITA;JADLOG;35260601336140000360550010039980491957272626;3998049;31756868;SP;30kg+;37.81;119.46;397.9043069948186;278.44430699481865
2026-06-16;2026-06-16 15:00:28.420;Campanha HEIST -> GOL(SPO LOG)/JADLOG/FAVORITA;FAVORITA TRANSPORTE;35260601336140000360550010039956991816372579;3995699;31756983;GO;30kg+;93.408;191.68;502.2634285714286;310.5834285714286
2026-06-16;2026-06-16 17:00:28.107;Campanha HEIST -> GOL(SPO LOG)/JADLOG/FAVORITA;JADLOG;35260601336140000360550010039979061685074894;3997906;31758903;SP;30kg+;71.988;217.01;397.9043069948186;180.89430699481863
2026-06-16;2026-06-16 17:00:28.107;Campanha HEIST -> GOL(SPO LOG)/JADLOG/FAVORITA;FAVORITA TRANSPORTE;35260601336140000360550010039964571759849867;3996457;31758906;GO;30kg+;45.2434752;122.09;502.2634285714286;380.17342857142864
2026-06-16;2026-06-16 17:15:18.470;Campanha HEIST -> GOL(SPO LOG)/JADLOG/FAVORITA;JADLOG;35260601336140000360550010040073751426691799;4007375;31759057;SP;30kg+;80.64;242.71;397.9043069948186;155.19430699481862
2026-06-16;2026-06-16 17:20:18.180;Campanha HEIST -> GOL(SPO LOG)/JADLOG/FAVORITA;JADLOG;35260601336140000360550010039978881698785620;3997888;31759106;SP;30kg+;54.528;170.18;397.9043069948186;227.72430699481862
2026-06-16;2026-06-16 17:30:20.833;Campanha HEIST -> GOL(SPO LOG)/JADLOG/FAVORITA;JADLOG;35260601336140000360550010039978661289286824;3997866;31759241;SP;30kg+;186.816;525.44;397.9043069948186;-127.53569300518143
2026-06-16;2026-06-16 17:55:17.070;Campanha HEIST -> GOL(SPO LOG)/JADLOG/FAVORITA;JADLOG;35260601336140000360550010040071841429305561;4007184;31759436;SP;10-20kg;19.152;46.46;377.716496350365;331.256496350365
2026-06-16;2026-06-16 18:15:18.213;Campanha HEIST -> GOL(SPO LOG)/JADLOG/FAVORITA;JADLOG;35260601336140000360550010040043951208331943;4004395;31759545;SP;10-20kg;12.6;27.02;377.716496350365;350.696496350365
2026-06-16;2026-06-16 18:35:13.243;Campanha HEIST -> GOL(SPO LOG)/JADLOG/FAVORITA;FAVORITA TRANSPORTE;35260601336140000360550010040117381535173866;4011738;31759644;DF;10-20kg;10.08;49.34;360.71999999999997;311.38
2026-06-16;2026-06-16 18:35:13.243;Campanha HEIST -> GOL(SPO LOG)/JADLOG/FAVORITA;JADLOG;35260601336140000360550010039978851675561421;3997885;31759647;SP;30kg+;186.816;525.44;397.9043069948186;-127.53569300518143
2026-06-16;2026-06-16 18:45:18.363;Campanha HEIST -> GOL(SPO LOG)/JADLOG/FAVORITA;JADLOG;35260601336140000360550010040074641315838734;4007464;31759740;SP;30kg+;107.52;300.68;397.9043069948186;97.22430699481862
2026-06-16;2026-06-16 18:50:18.280;Campanha HEIST -> GOL(SPO LOG)/JADLOG/FAVORITA;JADLOG;35260601336140000360550010040055711269532870;4005571;31759770;SP;30kg+;53.496;162.51;397.9043069948186;235.39430699481863
2026-06-16;2026-06-16 19:45:17.530;Campanha HEIST -> GOL(SPO LOG)/JADLOG/FAVORITA;JADLOG;35260601336140000360550010039968241525075149;3996824;31760398;BA;30kg+;116.76;1345.57;632.1727540983607;-713.3972459016393
2026-06-16;2026-06-16 20:30:27.483;Campanha HEIST -> GOL(SPO LOG)/JADLOG/FAVORITA;JADLOG;35260601336140000360550010040080931594584747;4008093;31760632;SP;30kg+;53.76;373.36;397.9043069948186;24.544306994818612
2026-06-16;2026-06-16 21:45:17.820;Campanha HEIST -> GOL(SPO LOG)/JADLOG/FAVORITA;JADLOG;35260601336140000360550010040073311129793312;4007331;31761061;SP;30kg+;53.76;184.03;397.9043069948186;213.87430699481862
2026-06-16;2026-06-16 22:15:16.473;Campanha HEIST -> GOL(SPO LOG)/JADLOG/FAVORITA;JADLOG;35260601336140000360550010039968111087798643;3996811;31761260;PE;30kg+;186.816;868.2;559.5709815950921;-308.6290184049079
2026-06-16;2026-06-16 22:40:18.157;Campanha HEIST -> GOL(SPO LOG)/JADLOG/FAVORITA;JADLOG;35260601336140000360550010040042351114892271;4004235;31761550;SP;30kg+;33.654;109.23;397.9043069948186;288.6743069948186
2026-06-17;2026-06-17 03:05:17.187;Campanha HEIST -> GOL(SPO LOG)/JADLOG/FAVORITA;FAVORITA TRANSPORTE;35260601336140000360550010040073581221008018;4007358;31762567;GO;30kg+;51.576;138.56;502.2634285714286;363.7034285714286
2026-06-17;2026-06-17 04:40:18.090;Campanha HEIST -> GOL(SPO LOG)/JADLOG/FAVORITA;JADLOG;35260601336140000360550010039966781695949190;3996678;31762622;SP;30kg+;155.699896737;437.32;397.9043069948186;-39.41569300518137
2026-06-17;2026-06-17 07:45:19.873;Campanha HEIST -> GOL(SPO LOG)/JADLOG/FAVORITA;JADLOG;35260601336140000360550010040073261474543376;4007326;31763055;SP;30kg+;107.52;316.12;397.9043069948186;81.78430699481862
2026-06-17;2026-06-17 09:30:25.497;Campanha HEIST -> GOL(SPO LOG)/JADLOG/FAVORITA;JADLOG;35260601336140000360550010040072171591450450;4007217;31763490;SP;30kg+;66.684;195.16;397.9043069948186;202.74430699481863
2026-06-17;2026-06-17 09:30:25.497;Campanha HEIST -> GOL(SPO LOG)/JADLOG/FAVORITA;JADLOG;35260601336140000360550010039966791403749673;3996679;31763491;SP;30kg+;93.408;273.95;397.9043069948186;123.95430699481864
2026-06-17;2026-06-17 10:40:20.917;Campanha HEIST -> GOL(SPO LOG)/JADLOG/FAVORITA;FAVORITA TRANSPORTE;35260601336140000360550010040071091253771188;4007109;31764065;GO;30kg+;103.254;271.88;502.2634285714286;230.38342857142862
2026-06-17;2026-06-17 11:15:20.910;Campanha HEIST -> GOL(SPO LOG)/JADLOG/FAVORITA;JADLOG;35260601336140000360550010040078221276368185;4007822;31764360;SP;20-30kg;27.365;89.91;375.2006624605678;285.2906624605678
2026-06-17;2026-06-17 11:30:41.513;Campanha HEIST -> GOL(SPO LOG)/JADLOG/FAVORITA;JADLOG;35260601336140000360550010040082321130061288;4008232;31764510;SP;20-30kg;26.352;139.72;375.2006624605678;235.4806624605678
2026-06-17;2026-06-17 11:50:19.577;Campanha HEIST -> GOL(SPO LOG)/JADLOG/FAVORITA;JADLOG;35260601336140000360550010039967651388810281;3996765;31764754;SP;30kg+;90.714;267.27;397.9043069948186;130.63430699481864
2026-06-17;2026-06-17 12:35:15.317;Campanha HEIST -> GOL(SPO LOG)/JADLOG/FAVORITA;FAVORITA TRANSPORTE;35260601336140000360550010039968091588022453;3996809;31765157;PA;30kg+;164.8771992;593.17;698.3584375;105.18843750000008
2026-06-17;2026-06-17 12:55:17.310;Campanha HEIST -> GOL(SPO LOG)/JADLOG/FAVORITA;JADLOG;35260601336140000360550010039978321167802374;3997832;31765346;SP;20-30kg;21.785;56.55;375.2006624605678;318.6506624605678
2026-06-17;2026-06-17 13:00:34.620;Campanha HEIST -> GOL(SPO LOG)/JADLOG/FAVORITA;JADLOG;35260601336140000360550010039979281808168201;3997928;31765367;SP;30kg+;89.245613457;286.49;397.9043069948186;111.41430699481862
2026-06-17;2026-06-17 13:10:23.110;Campanha HEIST -> GOL(SPO LOG)/JADLOG/FAVORITA;JADLOG;35260601336140000360550010039977981047207173;3997798;31765448;RS;30kg+;93.408;290.87;639.6241803278688;348.75418032786877
2026-06-17;2026-06-17 13:15:20.453;Campanha HEIST -> GOL(SPO LOG)/JADLOG/FAVORITA;JADLOG;35260601336140000360550010039978101327606872;3997810;31765474;SP;30kg+;72.348;239.03;397.9043069948186;158.87430699481862
2026-06-17;2026-06-17 13:15:20.453;Campanha HEIST -> GOL(SPO LOG)/JADLOG/FAVORITA;JADLOG;35260601336140000360550010039978181131049146;3997818;31765475;SP;10-20kg;16.296;81.48;377.716496350365;296.236496350365
2026-06-17;2026-06-17 13:15:20.453;Campanha HEIST -> GOL(SPO LOG)/JADLOG/FAVORITA;JADLOG;35260601336140000360550010040078851823898440;4007885;31765476;SP;30kg+;92.225;297.54;397.9043069948186;100.3643069948186
2026-06-17;2026-06-17 13:15:20.453;Campanha HEIST -> GOL(SPO LOG)/JADLOG/FAVORITA;JADLOG;35260601336140000360550010039978161150547844;3997816;31765477;BA;10-20kg;18.66;167.43;388.9172222222222;221.48722222222221
2026-06-17;2026-06-17 13:45:20.060;Campanha HEIST -> GOL(SPO LOG)/JADLOG/FAVORITA;JADLOG;35260601336140000360550010040081031944275711;4008103;31765702;PE;30kg+;107.52;450.36;559.5709815950921;109.21098159509211
2026-06-17;2026-06-17 14:10:21.330;Campanha HEIST -> GOL(SPO LOG)/JADLOG/FAVORITA;FAVORITA TRANSPORTE;35260601336140000360550010039969941347082063;3996994;31765880;GO;30kg+;55.68;138.7;502.2634285714286;363.56342857142863
2026-06-17;2026-06-17 15:10:21.450;Campanha HEIST -> GOL(SPO LOG)/JADLOG/FAVORITA;FAVORITA TRANSPORTE;35260601336140000360550010040057321109866772;4005732;31766422;GO;30kg+;61.44;138.92;502.2634285714286;363.3434285714286
2026-06-17;2026-06-17 15:15:20.593;Campanha HEIST -> GOL(SPO LOG)/JADLOG/FAVORITA;FAVORITA TRANSPORTE;35260601336140000360550010039971681491432093;3997168;31766456;GO;30kg+;55.68;138.7;502.2634285714286;363.56342857142863
2026-06-17;2026-06-17 15:20:24.387;Campanha HEIST -> GOL(SPO LOG)/JADLOG/FAVORITA;JADLOG;35260601336140000360550010040194541294243040;4019454;31766500;BA;30kg+;93.408;299.24;632.1727540983607;332.93275409836065
2026-06-17;2026-06-17 15:25:16.670;Campanha HEIST -> GOL(SPO LOG)/JADLOG/FAVORITA;JADLOG;35260601336140000360550010040121571785420914;4012157;31766573;SP;30kg+;63.944;214.51;397.9043069948186;183.39430699481863
2026-06-17;2026-06-17 15:30:25.780;Campanha HEIST -> GOL(SPO LOG)/JADLOG/FAVORITA;JADLOG;35260601336140000360550010039977991424603590;3997799;31766621;SP;5-10kg;7.546;19.48;366.5678466076696;347.0878466076696
2026-06-17;2026-06-17 15:45:34.867;Campanha HEIST -> GOL(SPO LOG)/JADLOG/FAVORITA;FAVORITA TRANSPORTE;35260601336140000360550010039973091811783452;3997309;31766802;GO;30kg+;55.68;138.7;502.2634285714286;363.56342857142863
2026-06-17;2026-06-17 15:50:21.017;Campanha HEIST -> GOL(SPO LOG)/JADLOG/FAVORITA;JADLOG;35260601336140000360550010039973851962956390;3997385;31766854;SP;30kg+;50.218;152.12;397.9043069948186;245.78430699481862
2026-06-17;2026-06-17 16:15:20.323;Campanha HEIST -> GOL(SPO LOG)/JADLOG/FAVORITA;JADLOG;35260601336140000360550010040117231645373573;4011723;31767105;SP;30kg+;31.848;108.32;397.9043069948186;289.58430699481863
2026-06-17;2026-06-17 16:30:24.730;Campanha HEIST -> GOL(SPO LOG)/JADLOG/FAVORITA;JADLOG;35260601336140000360550010039976621390046540;3997662;31767324;SP;30kg+;55.776;271.65;397.9043069948186;126.25430699481865
2026-06-17;2026-06-17 16:45:21.833;Campanha HEIST -> GOL(SPO LOG)/JADLOG/FAVORITA;JADLOG;35260601336140000360550010040068511381056977;4006851;31767530;SP;30kg+;111.39702769;321.95;397.9043069948186;75.95430699481864
2026-06-17;2026-06-17 16:45:21.833;Campanha HEIST -> GOL(SPO LOG)/JADLOG/FAVORITA;JADLOG;35260601336140000360550010040080681457804815;4008068;31767531;SP;20-30kg;28.392;105.94;375.2006624605678;269.2606624605678
2026-06-17;2026-06-17 16:45:21.833;Campanha HEIST -> GOL(SPO LOG)/JADLOG/FAVORITA;JADLOG;35260601336140000360550010039978131287835657;3997813;31767532;SP;3-5kg;3.773;31.78;376.4645323741007;344.68453237410074
2026-06-17;2026-06-17 16:45:21.833;Campanha HEIST -> GOL(SPO LOG)/JADLOG/FAVORITA;JADLOG;35260601336140000360550010039978051839702722;3997805;31767533;SP;30kg+;146.990097408;455.59;397.9043069948186;-57.68569300518135
2026-06-17;2026-06-17 17:00:28.493;Campanha HEIST -> GOL(SPO LOG)/JADLOG/FAVORITA;JADLOG;35260601336140000360550010039977921234093832;3997792;31767716;SP;10-20kg;14.976;32.83;377.716496350365;344.886496350365
2026-06-17;2026-06-17 17:30:34.323;Campanha HEIST -> GOL(SPO LOG)/JADLOG/FAVORITA;JADLOG;35260601336140000360550010040068651611839760;4006865;31768177;PR;30kg+;77.01420096;235.85;537.3662837837838;301.5162837837838
2026-06-17;2026-06-17 17:35:15.900;Campanha HEIST -> GOL(SPO LOG)/JADLOG/FAVORITA;FAVORITA TRANSPORTE;35260601336140000360550010039978071269649726;3997807;31768234;GO;30kg+;55.68;138.7;502.2634285714286;363.56342857142863
2026-06-17;2026-06-17 18:15:20.563;Campanha HEIST -> GOL(SPO LOG)/JADLOG/FAVORITA;JADLOG;35260601336140000360550010040117201336379176;4011720;31768565;BA;20-30kg;22.518;273.31;407.9010810810811;134.5910810810811
2026-06-17;2026-06-17 19:00:28.567;Campanha HEIST -> GOL(SPO LOG)/JADLOG/FAVORITA;JADLOG;35260601336140000360550010040072221902761258;4007222;31768825;SP;30kg+;89.784;253.92;397.9043069948186;143.98430699481864
2026-06-17;2026-06-17 19:20:19.547;Campanha HEIST -> GOL(SPO LOG)/JADLOG/FAVORITA;JADLOG;35260601336140000360550010040192381716237300;4019238;31769002;SP;30kg+;93.408;273.95;397.9043069948186;123.95430699481864
2026-06-17;2026-06-17 19:50:20.007;Campanha HEIST -> GOL(SPO LOG)/JADLOG/FAVORITA;JADLOG;35260601336140000360550010040060591361610280;4006059;31769290;SP;30kg+;155.699896737;437.32;397.9043069948186;-39.41569300518137
2026-06-17;2026-06-17 20:00:27.590;Campanha HEIST -> GOL(SPO LOG)/JADLOG/FAVORITA;FAVORITA TRANSPORTE;35260601336140000360550010040043471040296693;4004347;31769343;GO;30kg+;47.424;122.35;502.2634285714286;379.91342857142865
2026-06-17;2026-06-17 20:15:22.387;Campanha HEIST -> GOL(SPO LOG)/JADLOG/FAVORITA;JADLOG;35260601336140000360550010040061691111056679;4006169;31769397;SP;30kg+;36.12;131.76;397.9043069948186;266.14430699481863
2026-06-17;2026-06-17 21:00:37.743;Campanha HEIST -> GOL(SPO LOG)/JADLOG/FAVORITA;JADLOG;35260601336140000360550010040055721454968252;4005572;31769652;SP;30kg+;35.112;129.16;397.9043069948186;268.74430699481866
2026-06-17;2026-06-17 21:15:19.220;Campanha HEIST -> GOL(SPO LOG)/JADLOG/FAVORITA;FAVORITA TRANSPORTE;35260601336140000360550010040073601425034805;4007360;31769710;PA;30kg+;53.76;196.58;698.3584375;501.7784375
2026-06-17;2026-06-17 21:45:20.593;Campanha HEIST -> GOL(SPO LOG)/JADLOG/FAVORITA;JADLOG;35260601336140000360550010040096841448395046;4009684;31770030;AL;30kg+;83.496;3044.49;720.6108695652174;-2323.8791304347824
2026-06-17;2026-06-17 23:35:12.570;Campanha HEIST -> GOL(SPO LOG)/JADLOG/FAVORITA;JADLOG;35260601336140000360550010040053401056060043;4005340;31770787;BA;30kg+;155.844;1821.43;632.1727540983607;-1189.2572459016394
2026-06-17;2026-06-17 23:40:16.860;Campanha HEIST -> GOL(SPO LOG)/JADLOG/FAVORITA;JADLOG;35260601336140000360550010039996001886690729;3999600;31770837;SP;30kg+;36.288;122.26;397.9043069948186;275.64430699481863
2026-06-18;2026-06-18 08:45:19.410;Campanha HEIST -> GOL(SPO LOG)/JADLOG/FAVORITA;FAVORITA TRANSPORTE;35260601336140000360550010040045581503427848;4004558;31775166;GO;10-20kg;12.876;83.04;363.17875;280.13874999999996
2026-06-18;2026-06-18 08:50:18.357;Campanha HEIST -> GOL(SPO LOG)/JADLOG/FAVORITA;JADLOG;35260601336140000360550010040058291625016590;4005829;31775212;PE;30kg+;93.408;426.53;559.5709815950921;133.04098159509215
2026-06-18;2026-06-18 08:56:58.570;Campanha HEIST -> GOL(SPO LOG)/JADLOG/FAVORITA;JADLOG;35260601336140000360550010040052071933082233;4005207;31775288;SP;10-20kg;10.08;26.69;377.716496350365;351.026496350365
2026-06-18;2026-06-18 09:00:24.223;Campanha HEIST -> GOL(SPO LOG)/JADLOG/FAVORITA;JADLOG;35260601336140000360550010040045731556208209;4004573;31775304;SP;30kg+;45.946;149.56;397.9043069948186;248.34430699481862
2026-06-18;2026-06-18 09:15:17.560;Campanha HEIST -> GOL(SPO LOG)/JADLOG/FAVORITA;JADLOG;35260601336140000360550010040073291700965363;4007329;31775441;SP;20-30kg;20.544;57.09;375.2006624605678;318.1106624605678
2026-06-18;2026-06-18 09:30:31.287;Campanha HEIST -> GOL(SPO LOG)/JADLOG/FAVORITA;JADLOG;35260601336140000360550010040192081977683320;4019208;31775534;SP;30kg+;93.408;273.95;397.9043069948186;123.95430699481864
2026-06-18;2026-06-18 09:45:22.530;Campanha HEIST -> GOL(SPO LOG)/JADLOG/FAVORITA;JADLOG;35260601336140000360550010040054701816065671;4005470;31775639;SP;30kg+;41.885517828;148.23;397.9043069948186;249.67430699481864
2026-06-18;2026-06-18 11:20:22.630;Campanha HEIST -> GOL(SPO LOG)/JADLOG/FAVORITA;JADLOG;35260601336140000360550010040061561389085818;4006156;31776978;SP;30kg+;84.613287297;274.71;397.9043069948186;123.19430699481865
2026-06-18;2026-06-18 11:30:25.950;Campanha HEIST -> GOL(SPO LOG)/JADLOG/FAVORITA;JADLOG;35260601336140000360550010040078181269340715;4007818;31777187;SE;30kg+;107.52;378.55;513.4777777777778;134.92777777777775
2026-06-18;2026-06-18 11:45:19.797;Campanha HEIST -> GOL(SPO LOG)/JADLOG/FAVORITA;FAVORITA TRANSPORTE;35260601336140000360550010040061761418660024;4006176;31777364;GO;30kg+;64.224;140.02;502.2634285714286;362.2434285714286
2026-06-18;2026-06-18 12:20:26.027;Campanha HEIST -> GOL(SPO LOG)/JADLOG/FAVORITA;JADLOG;35260601336140000360550010040073361364767314;4007336;31777666;SP;20-30kg;29.992;99.14;375.2006624605678;276.0606624605678
2026-06-18;2026-06-18 13:45:18.810;Campanha HEIST -> GOL(SPO LOG)/JADLOG/FAVORITA;FAVORITA TRANSPORTE;35260601336140000360550010040072611864659020;4007261;31778107;PA;30kg+;115.35758100000001;471.11;698.3584375;227.24843750000002
2026-06-18;2026-06-18 14:15:17.303;Campanha HEIST -> GOL(SPO LOG)/JADLOG/FAVORITA;JADLOG;35260601336140000360550010040084771011483955;4008477;31778219;PE;30kg+;186.816;868.2;559.5709815950921;-308.6290184049079
2026-06-18;2026-06-18 14:20:18.237;Campanha HEIST -> GOL(SPO LOG)/JADLOG/FAVORITA;JADLOG;35260601336140000360550010040080901912693208;4008090;31778248;SP;20-30kg;21.402;56.29;375.2006624605678;318.9106624605678
2026-06-18;2026-06-18 15:00:29.593;Campanha HEIST -> GOL(SPO LOG)/JADLOG/FAVORITA;JADLOG;35260601336140000360550010040086741747763453;4008674;31778480;SP;10-20kg;18.389;49.24;377.716496350365;328.476496350365
2026-06-18;2026-06-18 15:15:18.093;Campanha HEIST -> GOL(SPO LOG)/JADLOG/FAVORITA;JADLOG;35260601336140000360550010040072991622511940;4007299;31778784;SP;20-30kg;27.888;86.41;375.2006624605678;288.7906624605678
2026-06-18;2026-06-18 15:15:18.093;Campanha HEIST -> GOL(SPO LOG)/JADLOG/FAVORITA;JADLOG;35260601336140000360550010040087261974911028;4008726;31778786;BA;30kg+;61.944;679.41;632.1727540983607;-47.23724590163931
2026-06-18;2026-06-18 15:15:18.093;Campanha HEIST -> GOL(SPO LOG)/JADLOG/FAVORITA;JADLOG;35260601336140000360550010040084661679150924;4008466;31778788;SP;20-30kg;24.28;70.94;375.2006624605678;304.2606624605678
2026-06-18;2026-06-18 16:15:19.020;Campanha HEIST -> GOL(SPO LOG)/JADLOG/FAVORITA;JADLOG;35260601336140000360550010040095981140309315;4009598;31780456;SE;30kg+;73.344;256.44;513.4777777777778;257.03777777777776
2026-06-18;2026-06-18 17:15:19.320;Campanha HEIST -> GOL(SPO LOG)/JADLOG/FAVORITA;JADLOG;35260601336140000360550010040096091044963528;4009609;31781593;SP;30kg+;34.224;114.76;397.9043069948186;283.14430699481863
2026-06-18;2026-06-18 17:45:16.943;Campanha HEIST -> GOL(SPO LOG)/JADLOG/FAVORITA;JADLOG;35260601336140000360550010040118261798659233;4011826;31782274;SP;20-30kg;20.754;53.32;375.2006624605678;321.8806624605678
2026-06-18;2026-06-18 18:00:27.867;Campanha HEIST -> GOL(SPO LOG)/JADLOG/FAVORITA;JADLOG;35260601336140000360550010040121741643306608;4012174;31782477;AL;30kg+;83.496;3044.49;720.6108695652174;-2323.8791304347824
2026-06-18;2026-06-18 18:15:19.583;Campanha HEIST -> GOL(SPO LOG)/JADLOG/FAVORITA;JADLOG;35260601336140000360550010040121501312460985;4012150;31782592;SP;30kg+;58.992;199.44;397.9043069948186;198.46430699481863
2026-06-18;2026-06-18 18:30:25.087;Campanha HEIST -> GOL(SPO LOG)/JADLOG/FAVORITA;FAVORITA TRANSPORTE;35260601336140000360550010040095391979646871;4009539;31782935;PA;30kg+;139.73652;467.7;698.3584375;230.65843750000005
2026-06-18;2026-06-18 18:30:25.087;Campanha HEIST -> GOL(SPO LOG)/JADLOG/FAVORITA;FAVORITA TRANSPORTE;35260601336140000360550010040095541908964567;4009554;31782936;MT;10-20kg;16.8;91.26;288.49;197.23000000000002
2026-06-18;2026-06-18 18:45:18.210;Campanha HEIST -> GOL(SPO LOG)/JADLOG/FAVORITA;JADLOG;35260601336140000360550010040121731653055953;4012173;31783106;SP;30kg+;53.76;167.63;397.9043069948186;230.27430699481863
2026-06-18;2026-06-18 19:00:28.440;Campanha HEIST -> GOL(SPO LOG)/JADLOG/FAVORITA;JADLOG;35260601336140000360550010040120631933076819;4012063;31783270;SP;30kg+;93.408;300.91;397.9043069948186;96.9943069948186
2026-06-18;2026-06-18 20:25:18.520;Campanha HEIST -> GOL(SPO LOG)/JADLOG/FAVORITA;JADLOG;35260601336140000360550010040093781678903937;4009378;31784276;SP;20-30kg;22.68;58.3;375.2006624605678;316.9006624605678
2026-06-18;2026-06-18 22:50:16.777;Campanha HEIST -> GOL(SPO LOG)/JADLOG/FAVORITA;JADLOG;35260601336140000360550010040121031230143773;4012103;31785379;SP;30kg+;45.108;159.08;397.9043069948186;238.8243069948186
2026-06-19;2026-06-19 00:30:28.607;Campanha HEIST -> GOL(SPO LOG)/JADLOG/FAVORITA;JADLOG;35260601336140000360550010040115301618105028;4011530;31785747;PE;30kg+;53.76;197.1;559.5709815950921;362.4709815950921
2026-06-19;2026-06-19 06:15:17.770;Campanha HEIST -> GOL(SPO LOG)/JADLOG/FAVORITA;JADLOG;35260601336140000360550010040115381927347300;4011538;31786512;SP;30kg+;40.944;132.22;397.9043069948186;265.6843069948186
2026-06-19;2026-06-19 09:00:35.440;Campanha HEIST -> GOL(SPO LOG)/JADLOG/FAVORITA;JADLOG;35260601336140000360550010040115371201880787;4011537;31786913;AL;30kg+;186.816;4632.8;720.6108695652174;-3912.189130434783
2026-06-19;2026-06-19 09:45:20.090;Campanha HEIST -> GOL(SPO LOG)/JADLOG/FAVORITA;JADLOG;35260601336140000360550010040115221621352829;4011522;31787159;SP;30kg+;53.76;167.58;397.9043069948186;230.3243069948186
2026-06-19;2026-06-19 10:15:21.080;Campanha HEIST -> GOL(SPO LOG)/JADLOG/FAVORITA;JADLOG;35260601336140000360550010040115231221445770;4011523;31787327;SP;30kg+;59.742972449999996;181.56;397.9043069948186;216.34430699481862
2026-06-19;2026-06-19 10:45:36.487;Campanha HEIST -> GOL(SPO LOG)/JADLOG/FAVORITA;FAVORITA TRANSPORTE;35260601336140000360550010040116861238106945;4011686;31787567;GO;30kg+;57.0;139.46;502.2634285714286;362.80342857142864
2026-06-19;2026-06-19 10:55:19.700;Campanha HEIST -> GOL(SPO LOG)/JADLOG/FAVORITA;JADLOG;35260601336140000360550010040117331118871468;4011733;31787643;SP;30kg+;140.112;399.7;397.9043069948186;-1.7956930051813629
2026-06-19;2026-06-19 11:00:33.337;Campanha HEIST -> GOL(SPO LOG)/JADLOG/FAVORITA;JADLOG;35260601336140000360550010040121471540195741;4012147;31787667;SP;30kg+;33.078;123.43;397.9043069948186;274.4743069948186
2026-06-19;2026-06-19 11:30:39.917;Campanha HEIST -> GOL(SPO LOG)/JADLOG/FAVORITA;FAVORITA TRANSPORTE;35260601336140000360550010040121521132855730;4012152;31787975;GO;30kg+;107.52;271.64;502.2634285714286;230.62342857142863
2026-06-19;2026-06-19 11:30:39.917;Campanha HEIST -> GOL(SPO LOG)/JADLOG/FAVORITA;JADLOG;35260601336140000360550010040192541728321118;4019254;31787983;SP;30kg+;93.408;273.95;397.9043069948186;123.95430699481864
2026-06-19;2026-06-19 12:00:38.837;Campanha HEIST -> GOL(SPO LOG)/JADLOG/FAVORITA;JADLOG;35260601336140000360550010040118201838751816;4011820;31788263;SP;30kg+;41.331;134.94;397.9043069948186;262.9643069948186
2026-06-19;2026-06-19 12:15:20.330;Campanha HEIST -> GOL(SPO LOG)/JADLOG/FAVORITA;JADLOG;35260601336140000360550010040117671273927500;4011767;31788358;SP;5-10kg;9.072;21.61;366.5678466076696;344.9578466076696
2026-06-19;2026-06-19 13:15:23.070;Campanha HEIST -> GOL(SPO LOG)/JADLOG/FAVORITA;JADLOG;35260601336140000360550010040118181612783522;4011818;31788653;SP;30kg+;35.251315240000004;118.04;397.9043069948186;279.8643069948186
2026-06-19;2026-06-19 15:35:17.353;Campanha HEIST -> GOL(SPO LOG)/JADLOG/FAVORITA;JADLOG;35260601336140000360550010040120531045586890;4012053;31789964;BA;5-10kg;6.804;56.64;294.1158904109589;237.47589041095893
2026-06-19;2026-06-19 16:15:22.720;Campanha HEIST -> GOL(SPO LOG)/JADLOG/FAVORITA;JADLOG;35260601336140000360550010040121751940235257;4012175;31790230;RJ;30kg+;91.475;262.82;516.8187096774193;253.9987096774193
2026-06-19;2026-06-19 16:20:20.583;Campanha HEIST -> GOL(SPO LOG)/JADLOG/FAVORITA;JADLOG;35260601336140000360550010040120741774911259;4012074;31790282;SP;30kg+;72.576;210.62;397.9043069948186;187.28430699481862
2026-06-19;2026-06-19 16:34:47.060;Campanha HEIST -> GOL(SPO LOG)/JADLOG/FAVORITA;JADLOG;35260601336140000360550010040121001621656416;4012100;31790386;SP;30kg+;93.408;273.95;397.9043069948186;123.95430699481864
2026-06-19;2026-06-19 16:35:19.050;Campanha HEIST -> GOL(SPO LOG)/JADLOG/FAVORITA;JADLOG;35260601336140000360550010040120991871980080;4012099;31790400;SP;10-20kg;12.0;26.34;377.716496350365;351.376496350365
2026-06-19;2026-06-19 16:45:33.583;Campanha HEIST -> GOL(SPO LOG)/JADLOG/FAVORITA;FAVORITA TRANSPORTE;35260601336140000360550010040121461121195460;4012146;31790464;PA;30kg+;53.76;270.76;698.3584375;427.59843750000005
2026-06-19;2026-06-19 16:55:20.387;Campanha HEIST -> GOL(SPO LOG)/JADLOG/FAVORITA;JADLOG;35260601336140000360550010040121301475441057;4012130;31790538;BA;30kg+;93.408;1061.45;632.1727540983607;-429.2772459016394
2026-06-19;2026-06-19 17:00:30.527;Campanha HEIST -> GOL(SPO LOG)/JADLOG/FAVORITA;JADLOG;35260601336140000360550010040121451186585567;4012145;31790588;SP;20-30kg;26.352;83.32;375.2006624605678;291.8806624605678
2026-06-19;2026-06-19 18:00:24.983;Campanha HEIST -> GOL(SPO LOG)/JADLOG/FAVORITA;FAVORITA TRANSPORTE;35260601336140000360550010040122991709868662;4012299;31791894;PA;30kg+;36.288;224.69;698.3584375;473.66843750000004
2026-06-19;2026-06-19 19:00:33.383;Campanha HEIST -> GOL(SPO LOG)/JADLOG/FAVORITA;JADLOG;35260601336140000360550010040149291085340754;4014929;31792205;SP;30kg+;110.448;318.95;397.9043069948186;78.95430699481864
2026-06-19;2026-06-19 19:01:32.687;Campanha HEIST -> GOL(SPO LOG)/JADLOG/FAVORITA;JADLOG;35260701336140000360550010040265871493560739;4026587;31792216;SP;5-10kg;7.546;19.48;366.5678466076696;347.0878466076696
2026-06-19;2026-06-19 19:15:34.237;Campanha HEIST -> GOL(SPO LOG)/JADLOG/FAVORITA;JADLOG;35260601336140000360550010040141341649730324;4014134;31792271;SP;30kg+;93.408;273.95;397.9043069948186;123.95430699481864
2026-06-19;2026-06-19 19:30:28.120;Campanha HEIST -> GOL(SPO LOG)/JADLOG/FAVORITA;JADLOG;35260601336140000360550010040149641809010629;4014964;31792454;SP;30kg+;53.76;184.03;397.9043069948186;213.87430699481862
2026-06-19;2026-06-19 19:35:16.257;Campanha HEIST -> GOL(SPO LOG)/JADLOG/FAVORITA;JADLOG;35260601336140000360550010040149321533897191;4014932;31792512;SP;30kg+;107.52;343.41;397.9043069948186;54.4943069948186
2026-06-19;2026-06-19 19:45:21.250;Campanha HEIST -> GOL(SPO LOG)/JADLOG/FAVORITA;JADLOG;35260601336140000360550010040142031701034272;4014203;31792572;SP;5-10kg;6.858;47.75;366.5678466076696;318.8178466076696
2026-06-19;2026-06-19 20:45:20.320;Campanha HEIST -> GOL(SPO LOG)/JADLOG/FAVORITA;JADLOG;35260601336140000360550010040149091975226502;4014909;31792818;SP;30kg+;85.416;252.05;397.9043069948186;145.85430699481861
2026-06-12;2026-06-12 10:55:16.760;Campanha HEIST -> GOL(SPO LOG)/JADLOG/FAVORITA;JADLOG;35260601336140000360550010039937841407693674;3993784;31724508;CE;30kg+;87.094;434.5;804.6896428571429;370.18964285714287
2026-06-19;2026-06-19 22:15:17.940;Campanha HEIST -> GOL(SPO LOG)/JADLOG/FAVORITA;JADLOG;35260601336140000360550010040124811135700876;4012481;31793096;SP;5-10kg;9.168;21.61;366.5678466076696;344.9578466076696
2026-06-19;2026-06-19 23:00:24.753;Campanha HEIST -> GOL(SPO LOG)/JADLOG/FAVORITA;JADLOG;35260601336140000360550010040149271853590402;4014927;31793215;SP;20-30kg;23.808;72.09;375.2006624605678;303.1106624605678
2026-06-20;2026-06-20 00:00:25.563;Campanha HEIST -> GOL(SPO LOG)/JADLOG/FAVORITA;FAVORITA TRANSPORTE;35260601336140000360550010040140331964557509;4014033;31793349;DF;30kg+;75.572;109.74;569.3891666666667;459.6491666666667
2026-06-20;2026-06-20 11:15:18.760;Campanha HEIST -> GOL(SPO LOG)/JADLOG/FAVORITA;JADLOG;35260601336140000360550010040149401597158545;4014940;31794652;SP;30kg+;107.07262381199999;340.6;397.9043069948186;57.3043069948186
2026-06-20;2026-06-20 12:00:26.063;Campanha HEIST -> GOL(SPO LOG)/JADLOG/FAVORITA;FAVORITA TRANSPORTE;35260601336140000360550010040126651698333362;4012665;31794832;GO;30kg+;63.504;78.64;502.2634285714286;423.62342857142863
2026-06-20;2026-06-20 12:35:12.547;Campanha HEIST -> GOL(SPO LOG)/JADLOG/FAVORITA;JADLOG;35260601336140000360550010040145081160014225;4014508;31794939;BA;30kg+;48.48;514.68;632.1727540983607;117.4927540983607
2026-06-20;2026-06-20 13:30:21.820;Campanha HEIST -> GOL(SPO LOG)/JADLOG/FAVORITA;JADLOG;35260601336140000360550010040145131986450841;4014513;31795157;SP;10-20kg;18.144;44.87;377.716496350365;332.846496350365
2026-06-20;2026-06-20 15:45:19.807;Campanha HEIST -> GOL(SPO LOG)/JADLOG/FAVORITA;JADLOG;35260601336140000360550010040145141576020631;4014514;31795655;SP;30kg+;36.288;132.69;397.9043069948186;265.2143069948186
2026-06-20;2026-06-20 15:45:19.807;Campanha HEIST -> GOL(SPO LOG)/JADLOG/FAVORITA;JADLOG;35260601336140000360550010040141321282161536;4014132;31795656;SP;30kg+;36.288;132.66;397.9043069948186;265.24430699481866
2026-06-20;2026-06-20 18:35:12.837;Campanha HEIST -> GOL(SPO LOG)/JADLOG/FAVORITA;JADLOG;35260601336140000360550010040142251243478053;4014225;31796244;SP;30kg+;93.408;273.95;397.9043069948186;123.95430699481864
2026-06-20;2026-06-20 18:40:17.947;Campanha HEIST -> GOL(SPO LOG)/JADLOG/FAVORITA;JADLOG;35260601336140000360550010040142231078236902;4014223;31796260;SP;20-30kg;27.264;97.24;375.2006624605678;277.9606624605678
2026-06-20;2026-06-20 19:45:19.690;Campanha HEIST -> GOL(SPO LOG)/JADLOG/FAVORITA;JADLOG;35260601336140000360550010040237371606285004;4023737;31796587;SP;30kg+;35.472;118.34;397.9043069948186;279.5643069948186
2026-06-20;2026-06-20 21:15:17.970;Campanha HEIST -> GOL(SPO LOG)/JADLOG/FAVORITA;JADLOG;35260601336140000360550010040140971073225158;4014097;31796895;PE;30kg+;54.432;206.44;559.5709815950921;353.1309815950921
2026-06-21;2026-06-21 07:25:16.973;Campanha HEIST -> GOL(SPO LOG)/JADLOG/FAVORITA;JADLOG;35260601336140000360550010040140981331985416;4014098;31797928;PE;30kg+;80.268;298.2;559.5709815950921;261.37098159509213
2026-06-21;2026-06-21 08:45:19.000;Campanha HEIST -> GOL(SPO LOG)/JADLOG/FAVORITA;JADLOG;35260601336140000360550010040149651405589835;4014965;31797994;BA;30kg+;53.76;166.96;632.1727540983607;465.2127540983606
2026-06-21;2026-06-21 08:50:17.873;Campanha HEIST -> GOL(SPO LOG)/JADLOG/FAVORITA;JADLOG;35260601336140000360550010040141011065616547;4014101;31797998;SP;30kg+;36.408;132.71;397.9043069948186;265.1943069948186
2026-06-21;2026-06-21 09:30:18.683;Campanha HEIST -> GOL(SPO LOG)/JADLOG/FAVORITA;FAVORITA TRANSPORTE;35260601336140000360550010040130211913951204;4013021;31798079;PA;20-30kg;23.699;178.45;509.93;331.48
2026-06-21;2026-06-21 11:30:23.043;Campanha HEIST -> GOL(SPO LOG)/JADLOG/FAVORITA;JADLOG;35260601336140000360550010040140991900375363;4014099;31798544;SP;30kg+;55.872;174.5;397.9043069948186;223.40430699481863
2026-06-21;2026-06-21 11:45:18.697;Campanha HEIST -> GOL(SPO LOG)/JADLOG/FAVORITA;JADLOG;35260601336140000360550010040140931638143541;4014093;31798638;SP;10-20kg;17.364;41.63;377.716496350365;336.086496350365
2026-06-21;2026-06-21 14:30:23.097;Campanha HEIST -> GOL(SPO LOG)/JADLOG/FAVORITA;JADLOG;35260601336140000360550010040140921571132562;4014092;31799125;SP;30kg+;72.576;240.73;397.9043069948186;157.17430699481864
2026-06-21;2026-06-21 14:30:23.097;Campanha HEIST -> GOL(SPO LOG)/JADLOG/FAVORITA;JADLOG;35260601336140000360550010040149251750515667;4014925;31799127;SP;30kg+;52.164;179.41;397.9043069948186;218.49430699481863
2026-06-21;2026-06-21 14:45:20.490;Campanha HEIST -> GOL(SPO LOG)/JADLOG/FAVORITA;JADLOG;35260601336140000360550010040140831476246522;4014083;31799675;SP;30kg+;70.056;213.04;397.9043069948186;184.86430699481863
2026-06-21;2026-06-21 14:45:20.490;Campanha HEIST -> GOL(SPO LOG)/JADLOG/FAVORITA;FAVORITA TRANSPORTE;35260601336140000360550010040132011780274906;4013201;31799680;GO;30kg+;36.792;121.98;502.2634285714286;380.2834285714286
2026-06-21;2026-06-21 14:45:20.490;Campanha HEIST -> GOL(SPO LOG)/JADLOG/FAVORITA;JADLOG;35260601336140000360550010040140911200957329;4014091;31799683;SP;20-30kg;20.952;57.23;375.2006624605678;317.9706624605678
2026-06-21;2026-06-21 17:00:26.363;Campanha HEIST -> GOL(SPO LOG)/JADLOG/FAVORITA;JADLOG;35260601336140000360550010040149051255070254;4014905;31800467;SP;30kg+;45.454;147.97;397.9043069948186;249.93430699481863
2026-06-21;2026-06-21 20:10:17.687;Campanha HEIST -> GOL(SPO LOG)/JADLOG/FAVORITA;JADLOG;35260601336140000360550010040149631637533850;4014963;31802309;CE;30kg+;107.52;528.84;804.6896428571429;275.84964285714284
2026-06-21;2026-06-21 21:45:15.203;Campanha HEIST -> GOL(SPO LOG)/JADLOG/FAVORITA;JADLOG;35260601336140000360550010040136181224413831;4013618;31802906;SP;10-20kg;11.424;52.02;377.716496350365;325.696496350365
2026-06-22;2026-06-22 13:35:15.453;Campanha HEIST -> GOL(SPO LOG)/JADLOG/FAVORITA;JADLOG;35260601336140000360550010040140601981260842;4014060;31806503;SP;30kg+;41.202;297.5;397.9043069948186;100.40430699481863
2026-06-22;2026-06-22 15:50:16.873;Campanha HEIST -> GOL(SPO LOG)/JADLOG/FAVORITA;JADLOG;35260601336140000360550010040140671419584208;4014067;31807764;SP;30kg+;53.832;183.88;397.9043069948186;214.02430699481863
2026-06-22;2026-06-22 16:55:18.437;Campanha HEIST -> GOL(SPO LOG)/JADLOG/FAVORITA;JADLOG;35260601336140000360550010040149171133222387;4014917;31808366;SP;10-20kg;14.823;36.12;377.716496350365;341.596496350365
2026-06-22;2026-06-22 17:45:20.257;Campanha HEIST -> GOL(SPO LOG)/JADLOG/FAVORITA;FAVORITA TRANSPORTE;35260601336140000360550010040149201184865647;4014920;31808758;GO;30kg+;38.036;70.08;502.2634285714286;432.18342857142864
2026-06-22;2026-06-22 18:40:10.043;Campanha HEIST -> GOL(SPO LOG)/JADLOG/FAVORITA;JADLOG;35260601336140000360550010040149281628093763;4014928;31809069;PE;30kg+;54.336;218.36;559.5709815950921;341.2109815950921
2026-06-22;2026-06-22 18:40:20.233;Campanha HEIST -> GOL(SPO LOG)/JADLOG/FAVORITA;JADLOG;35260601336140000360550010040142211957750005;4014221;31809113;PE;30kg+;93.408;426.53;559.5709815950921;133.04098159509215
2026-06-22;2026-06-22 19:20:18.227;Campanha HEIST -> GOL(SPO LOG)/JADLOG/FAVORITA;JADLOG;35260601336140000360550010040145171239199280;4014517;31809440;SP;30kg+;106.284;309.09;397.9043069948186;88.81430699481865
2026-06-03;2026-06-03 10:40:13.870;Campanha HEIST -> GOL(SPO LOG)/JADLOG/FAVORITA;JADLOG;35260601336140000360550010039898311971966133;3989831;31653560;MA;30kg+;35.028;157.95;784.1933333333333;626.2433333333333
2026-06-21;2026-06-21 15:30:23.887;Campanha HEIST -> GOL(SPO LOG)/JADLOG/FAVORITA;JADLOG;35260601336140000360550010040149341350989970;4014934;31800029;PE;30kg+;101.064;392.24;559.5709815950921;167.3309815950921
2026-07-17;2026-07-17 18:00:23.530;Campanha HEIST -> GOL(SPO LOG)/JADLOG/FAVORITA;JADLOG;35260701336140000360550010040386491105585060;4038649;31989964;BA;30kg+;53.76;166.96;632.1727540983607;465.2127540983606
2026-07-23;2026-07-23 13:00:25.893;Campanha HEIST -> GOL(SPO LOG)/JADLOG/FAVORITA;JADLOG;35260701336140000360550010040424941153541221;4042494;32036391;MG;30kg+;53.424;563.55;703.1904179104478;139.6404179104478
2026-07-23;2026-07-23 17:10:23.687;Campanha HEIST -> GOL(SPO LOG)/JADLOG/FAVORITA;JADLOG;35260701336140000360550010040460301952542457;4046030;32039045;SP;30kg+;55.126185639999996;170.69;397.9043069948186;227.21430699481863
2026-07-24;2026-07-24 08:15:25.520;Campanha HEIST -> GOL(SPO LOG)/JADLOG/FAVORITA;JADLOG;35260701336140000360550010040461201620849658;4046120;32043512;MG;20-30kg;20.16;200.16;374.3104225352113;174.15042253521128
2026-07-24;2026-07-24 13:00:29.970;Campanha HEIST -> GOL(SPO LOG)/JADLOG/FAVORITA;JADLOG;35260701336140000360550010040439641190353460;4043964;32044952;MG;30kg+;72.08841555299999;246.92;703.1904179104478;456.2704179104478
2026-07-24;2026-07-24 18:55:18.150;Campanha HEIST -> GOL(SPO LOG)/JADLOG/FAVORITA;JADLOG;35260701336140000360550010040441231613815568;4044123;32047699;MG;20-30kg;28.704;114.58;374.3104225352113;259.7304225352113
2026-07-25;2026-07-25 22:00:27.850;Campanha HEIST -> GOL(SPO LOG)/JADLOG/FAVORITA;JADLOG;35260701336140000360550010040468121023583816;4046812;32053844;SP;30kg+;78.775815657;233.18;397.9043069948186;164.72430699481862
2026-07-27;2026-07-27 09:20:25.310;Campanha HEIST -> GOL(SPO LOG)/JADLOG/FAVORITA;JADLOG;35260701336140000360550010040470601101832198;4047060;32063184;MG;30kg+;87.732;257.68;703.1904179104478;445.51041791044776
2026-07-31;2026-07-31 08:15:17.530;Campanha HEIST -> GOL(SPO LOG)/JADLOG/FAVORITA;JADLOG;35260701336140000360550010040503091761656465;4050309;32097554;SE;30kg+;77.7866628;1494.1;513.4777777777778;-980.6222222222221
2026-07-31;2026-07-31 12:10:23.620;Campanha HEIST -> GOL(SPO LOG)/JADLOG/FAVORITA;JADLOG;35260801336140000360550010040634271527874650;4063427;32098876;RS;30kg+;64.794546432;686.82;639.6241803278688;-47.19581967213128
2026-07-31;2026-07-31 21:15:19.990;Campanha HEIST -> GOL(SPO LOG)/JADLOG/FAVORITA;JADLOG;35260801336140000360550010040531441598252483;4053144;32102738;MG;30kg+;53.34;563.19;703.1904179104478;140.0004179104477
2026-08-01;2026-08-01 14:00:24.567;Campanha HEIST -> GOL(SPO LOG)/JADLOG/FAVORITA;JADLOG;35260801336140000360550010040616441011790537;4061644;32105424;BA;30kg+;65.81480521;206.14;632.1727540983607;426.03275409836067
2026-08-03;2026-08-03 17:30:37.793;Campanha HEIST -> GOL(SPO LOG)/JADLOG/FAVORITA;JADLOG;35260801336140000360550010040616561690688180;4061656;32120457;MG;30kg+;53.76;194.53;703.1904179104478;508.6604179104478
2026-08-04;2026-08-04 19:30:42.367;Campanha HEIST -> GOL(SPO LOG)/JADLOG/FAVORITA;JADLOG;35260801336140000360550010040631971939818896;4063197;32127266;PE;30kg+;66.636;301.17;559.5709815950921;258.4009815950921
2026-08-06;2026-08-06 13:50:21.230;Campanha HEIST -> GOL(SPO LOG)/JADLOG/FAVORITA;JADLOG;35260801336140000360550010040557571067695759;4055757;32222111;SP;30kg+;39.336;128.54;397.9043069948186;269.36430699481866
2026-08-06;2026-08-06 14:15:26.743;Campanha HEIST -> GOL(SPO LOG)/JADLOG/FAVORITA;JADLOG;35260801336140000360550010040557581361534195;4055758;32222196;SP;20-30kg;23.904;123.04;375.2006624605678;252.16066246056778
2026-08-13;2026-08-13 14:45:31.807;Campanha HEIST -> GOL(SPO LOG)/JADLOG/FAVORITA;JADLOG;35260801336140000360550010040676871874469646;4067687;32274584;PE;30kg+;66.21764929;268.9;559.5709815950921;290.67098159509214
2026-08-14;2026-08-14 19:45:40.930;Campanha HEIST -> GOL(SPO LOG)/JADLOG/FAVORITA;JADLOG;35260801336140000360550010040711331723696560;4071133;32286947;MG;30kg+;93.408;275.01;703.1904179104478;428.1804179104478
2026-08-18;2026-08-18 14:45:28.153;Campanha HEIST -> GOL(SPO LOG)/JADLOG/FAVORITA;FAVORITA TRANSPORTE;35260801336140000360550010040703941157788957;4070394;32311215;PA;30kg+;150.89575680000002;590.8;698.3584375;107.55843750000008
2026-08-20;2026-08-20 21:49:54.773;Campanha HEIST -> GOL(SPO LOG)/JADLOG/FAVORITA;JADLOG;35260801336140000360550010040728981377011299;4072898;32330180;BA;3-5kg;4.584;80.55;323.78999999999996;243.23999999999995
2026-08-20;2026-08-20 21:50:29.800;Campanha HEIST -> GOL(SPO LOG)/JADLOG/FAVORITA;JADLOG;35260801336140000360550010040728991161493810;4072899;32330199;RJ;20-30kg;24.24;80.49;325.2359090909091;244.7459090909091
2026-08-21;2026-08-21 11:30:24.120;Campanha HEIST -> GOL(SPO LOG)/JADLOG/FAVORITA;JADLOG;35260801336140000360550010040729681378429757;4072968;32332577;BA;30kg+;93.408;1061.45;632.1727540983607;-429.2772459016394
2026-06-23;2026-06-23 07:30:29.607;Campanha HEIST -> GOL(SPO LOG)/JADLOG/FAVORITA;JADLOG;35260601336140000360550010040149331716030607;4014933;31811785;SP;30kg+;53.76;167.58;397.9043069948186;230.3243069948186
2026-06-23;2026-06-23 09:35:16.450;Campanha HEIST -> GOL(SPO LOG)/JADLOG/FAVORITA;FAVORITA TRANSPORTE;35260601336140000360550010040149221671360650;4014922;31812310;GO;30kg+;33.716;70.16;502.2634285714286;432.1034285714286
2026-06-23;2026-06-23 11:05:18.750;Campanha HEIST -> GOL(SPO LOG)/JADLOG/FAVORITA;FAVORITA TRANSPORTE;35260601336140000360550010040149581697559520;4014958;31812980;PA;30kg+;55.412;271.16;698.3584375;427.1984375
2026-06-23;2026-06-23 11:15:19.760;Campanha HEIST -> GOL(SPO LOG)/JADLOG/FAVORITA;JADLOG;35260601336140000360550010040149541868516421;4014954;31813084;SP;30kg+;70.668;235.21;397.9043069948186;162.69430699481862
2026-06-23;2026-06-23 11:40:22.933;Campanha HEIST -> GOL(SPO LOG)/JADLOG/FAVORITA;JADLOG;35260601336140000360550010040148931767401974;4014893;31813319;SP;30kg+;36.701;133.98;397.9043069948186;263.9243069948186
2026-06-23;2026-06-23 11:45:22.827;Campanha HEIST -> GOL(SPO LOG)/JADLOG/FAVORITA;JADLOG;35260601336140000360550010040149551698660524;4014955;31813362;SP;30kg+;56.94017805000001;192.34;397.9043069948186;205.56430699481862
2026-06-23;2026-06-23 15:15:34.360;Campanha HEIST -> GOL(SPO LOG)/JADLOG/FAVORITA;JADLOG;35260601336140000360550010040148751022032421;4014875;31814958;SP;10-20kg;15.792;39.15;377.716496350365;338.566496350365
2026-06-23;2026-06-23 16:11:24.733;Campanha HEIST -> GOL(SPO LOG)/JADLOG/FAVORITA;JADLOG;35260601336140000360550010040149871018026460;4014987;31815362;MG;30kg+;93.408;311.36;703.1904179104478;391.83041791044775
2026-06-23;2026-06-23 19:00:36.473;Campanha HEIST -> GOL(SPO LOG)/JADLOG/FAVORITA;JADLOG;35260601336140000360550010040155341189682255;4015534;31816480;SP;10-20kg;15.228;35.39;377.716496350365;342.326496350365
2026-06-23;2026-06-23 19:30:23.380;Campanha HEIST -> GOL(SPO LOG)/JADLOG/FAVORITA;JADLOG;35260601336140000360550010040155351664323290;4015535;31816734;SP;30kg+;41.79;135.13;397.9043069948186;262.77430699481863
2026-06-23;2026-06-23 22:00:27.913;Campanha HEIST -> GOL(SPO LOG)/JADLOG/FAVORITA;JADLOG;35260601336140000360550010040155401792641503;4015540;31817636;AL;30kg+;98.3296;375.99;720.6108695652174;344.6208695652174
2026-06-24;2026-06-24 12:15:19.650;Campanha HEIST -> GOL(SPO LOG)/JADLOG/FAVORITA;JADLOG;35260601336140000360550010040192361843715532;4019236;31820595;SP;3-5kg;4.536;16.84;376.4645323741007;359.62453237410074
2026-06-24;2026-06-24 13:00:26.597;Campanha HEIST -> GOL(SPO LOG)/JADLOG/FAVORITA;JADLOG;35260601336140000360550010040191871414409921;4019187;31820892;SP;5-10kg;5.808;34.78;366.5678466076696;331.7878466076696
2026-06-24;2026-06-24 16:10:20.800;Campanha HEIST -> GOL(SPO LOG)/JADLOG/FAVORITA;JADLOG;35260601336140000360550010040192301165955009;4019230;31822314;SP;30kg+;36.528;132.51;397.9043069948186;265.39430699481863
2026-06-24;2026-06-24 17:30:18.867;Campanha HEIST -> GOL(SPO LOG)/JADLOG/FAVORITA;JADLOG;35260601336140000360550010040172131025389825;4017213;31822898;SP;30kg+;37.296;135.22;397.9043069948186;262.6843069948186
2026-06-24;2026-06-24 22:25:15.103;Campanha HEIST -> GOL(SPO LOG)/JADLOG/FAVORITA;JADLOG;35260601336140000360550010040172111832503409;4017211;31824091;SP;30kg+;46.443;147.87;397.9043069948186;250.03430699481862
2026-06-25;2026-06-25 15:15:17.490;Campanha HEIST -> GOL(SPO LOG)/JADLOG/FAVORITA;JADLOG;35260601336140000360550010040172041450456121;4017204;31827997;SP;30kg+;37.164;135.27;397.9043069948186;262.63430699481864
2026-06-25;2026-06-25 17:10:18.647;Campanha HEIST -> GOL(SPO LOG)/JADLOG/FAVORITA;JADLOG;35260601336140000360550010040191161398818433;4019116;31829001;SP;30kg+;53.76;184.06;397.9043069948186;213.84430699481862
2026-06-25;2026-06-25 17:40:25.390;Campanha HEIST -> GOL(SPO LOG)/JADLOG/FAVORITA;JADLOG;35260601336140000360550010040191101875062281;4019110;31829250;SP;20-30kg;25.236;76.27;375.2006624605678;298.9306624605678
2026-06-25;2026-06-25 20:45:17.487;Campanha HEIST -> GOL(SPO LOG)/JADLOG/FAVORITA;JADLOG;35260601336140000360550010040218141657910145;4021814;31830512;SP;30kg+;39.39;141.74;397.9043069948186;256.1643069948186
2026-06-25;2026-06-25 21:00:29.367;Campanha HEIST -> GOL(SPO LOG)/JADLOG/FAVORITA;JADLOG;35260601336140000360550010040218161227285703;4021816;31830597;RJ;30kg+;93.068;290.25;516.8187096774193;226.5687096774193
2026-06-25;2026-06-25 21:45:16.773;Campanha HEIST -> GOL(SPO LOG)/JADLOG/FAVORITA;JADLOG;35260601336140000360550010040220911704955456;4022091;31830828;SP;5-10kg;6.438;19.82;366.5678466076696;346.7478466076696
2026-06-25;2026-06-25 22:45:17.797;Campanha HEIST -> GOL(SPO LOG)/JADLOG/FAVORITA;JADLOG;35260601336140000360550010040240381345325567;4024038;31831122;SC;30kg+;54.804;186.48;573.3730337078651;386.89303370786513
2026-06-26;2026-06-26 00:10:17.820;Campanha HEIST -> GOL(SPO LOG)/JADLOG/FAVORITA;JADLOG;35260601336140000360550010040240591828354944;4024059;31831340;SP;30kg+;93.732;274.42;397.9043069948186;123.48430699481861
2026-06-26;2026-06-26 07:45:19.550;Campanha HEIST -> GOL(SPO LOG)/JADLOG/FAVORITA;JADLOG;35260601336140000360550010040240671895667977;4024067;31832062;SP;10-20kg;13.44;31.7;377.716496350365;346.016496350365
2026-06-26;2026-06-26 09:55:16.443;Campanha HEIST -> GOL(SPO LOG)/JADLOG/FAVORITA;JADLOG;35260601336140000360550010040240511897724498;4024051;31832595;RJ;30kg+;59.1535042;630.47;516.8187096774193;-113.65129032258073
2026-06-26;2026-06-26 10:15:19.087;Campanha HEIST -> GOL(SPO LOG)/JADLOG/FAVORITA;JADLOG;35260601336140000360550010040240561100360260;4024056;31832743;SC;30kg+;70.952;253.17;573.3730337078651;320.2030337078652
2026-06-26;2026-06-26 10:40:20.930;Campanha HEIST -> GOL(SPO LOG)/JADLOG/FAVORITA;JADLOG;35260601336140000360550010040240611547507591;4024061;31832919;PE;30kg+;93.408;351.87;559.5709815950921;207.70098159509212
2026-06-26;2026-06-26 13:55:18.787;Campanha HEIST -> GOL(SPO LOG)/JADLOG/FAVORITA;JADLOG;35260601336140000360550010040240641166482005;4024064;31834285;SP;30kg+;55.208;171.25;397.9043069948186;226.65430699481863
2026-06-26;2026-06-26 14:05:21.473;Campanha HEIST -> GOL(SPO LOG)/JADLOG/FAVORITA;JADLOG;35260601336140000360550010040240621133430168;4024062;31834331;SP;30kg+;53.76;167.58;397.9043069948186;230.3243069948186
2026-06-26;2026-06-26 15:45:19.623;Campanha HEIST -> GOL(SPO LOG)/JADLOG/FAVORITA;JADLOG;35260601336140000360550010040240681596652746;4024068;31835384;SP;20-30kg;27.216;97.82;375.2006624605678;277.3806624605678
2026-06-26;2026-06-26 16:45:32.013;Campanha HEIST -> GOL(SPO LOG)/JADLOG/FAVORITA;JADLOG;35260601336140000360550010040218131528369440;4021813;31836018;SP;30kg+;49.462;156.05;397.9043069948186;241.85430699481861
2026-06-26;2026-06-26 17:00:27.480;Campanha HEIST -> GOL(SPO LOG)/JADLOG/FAVORITA;JADLOG;35260601336140000360550010040240791469954267;4024079;31836242;SP;30kg+;50.752248392999995;174.67;397.9043069948186;223.23430699481864
2026-06-26;2026-06-26 18:30:34.107;Campanha HEIST -> GOL(SPO LOG)/JADLOG/FAVORITA;JADLOG;35260601336140000360550010040240881002788235;4024088;31837387;BA;30kg+;93.408;2065.35;632.1727540983607;-1433.1772459016393
2026-06-26;2026-06-26 18:40:21.837;Campanha HEIST -> GOL(SPO LOG)/JADLOG/FAVORITA;JADLOG;35260601336140000360550010040240941709245750;4024094;31837458;SP;20-30kg;28.41;105.06;375.2006624605678;270.1406624605678
2026-06-26;2026-06-26 19:30:44.977;Campanha HEIST -> GOL(SPO LOG)/JADLOG/FAVORITA;JADLOG;35260601336140000360550010040240891668501072;4024089;31838074;MG;30kg+;53.76;177.08;703.1904179104478;526.1104179104477
2026-06-26;2026-06-26 23:05:27.907;Campanha HEIST -> GOL(SPO LOG)/JADLOG/FAVORITA;FAVORITA TRANSPORTE;35260601336140000360550010040224701136864295;4022470;31839105;PA;30kg+;51.78;196.26;698.3584375;502.09843750000005
2026-06-27;2026-06-27 01:45:18.423;Campanha HEIST -> GOL(SPO LOG)/JADLOG/FAVORITA;JADLOG;35260601336140000360550010040240901348578040;4024090;31839507;PR;30kg+;93.408;281.63;537.3662837837838;255.73628378378385
2026-06-27;2026-06-27 07:00:28.070;Campanha HEIST -> GOL(SPO LOG)/JADLOG/FAVORITA;JADLOG;35260601336140000360550010040240911213588576;4024091;31839860;RS;30kg+;93.408;290.87;639.6241803278688;348.75418032786877
2026-06-27;2026-06-27 08:00:27.767;Campanha HEIST -> GOL(SPO LOG)/JADLOG/FAVORITA;JADLOG;35260601336140000360550010040242021158049320;4024202;31839934;SP;30kg+;36.288;122.26;397.9043069948186;275.64430699481863
2026-06-27;2026-06-27 10:15:17.347;Campanha HEIST -> GOL(SPO LOG)/JADLOG/FAVORITA;JADLOG;35260601336140000360550010040242031505484124;4024203;31840396;SP;20-30kg;28.151624200000004;95.11;375.2006624605678;280.0906624605678
2026-06-27;2026-06-27 10:45:18.010;Campanha HEIST -> GOL(SPO LOG)/JADLOG/FAVORITA;JADLOG;35260601336140000360550010040242041473551333;4024204;31840531;SP;30kg+;53.76;184.06;397.9043069948186;213.84430699481862
2026-06-27;2026-06-27 14:15:18.693;Campanha HEIST -> GOL(SPO LOG)/JADLOG/FAVORITA;JADLOG;35260601336140000360550010040242131915358346;4024213;31841321;SP;10-20kg;15.036;38.89;377.716496350365;338.826496350365
2026-06-27;2026-06-27 14:45:17.083;Campanha HEIST -> GOL(SPO LOG)/JADLOG/FAVORITA;FAVORITA TRANSPORTE;35260601336140000360550010040228671419739323;4022867;31841387;GO;30kg+;176.64;336.41;502.2634285714286;165.8534285714286
2026-06-27;2026-06-27 14:45:17.083;Campanha HEIST -> GOL(SPO LOG)/JADLOG/FAVORITA;JADLOG;35260601336140000360550010040242161119155358;4024216;31841388;SP;10-20kg;18.144;45.65;377.716496350365;332.066496350365
2026-06-27;2026-06-27 14:45:17.083;Campanha HEIST -> GOL(SPO LOG)/JADLOG/FAVORITA;JADLOG;35260601336140000360550010040242231641242482;4024223;31841396;SP;30kg+;62.232;208.84;397.9043069948186;189.06430699481862
2026-06-27;2026-06-27 15:30:24.567;Campanha HEIST -> GOL(SPO LOG)/JADLOG/FAVORITA;JADLOG;35260601336140000360550010040242151199913176;4024215;31841841;SP;30kg+;77.7866628;252.56;397.9043069948186;145.34430699481862
2026-06-27;2026-06-27 15:45:29.347;Campanha HEIST -> GOL(SPO LOG)/JADLOG/FAVORITA;JADLOG;35260601336140000360550010040242181348535099;4024218;31841889;SP;30kg+;53.76;184.03;397.9043069948186;213.87430699481862
2026-06-27;2026-06-27 15:45:29.347;Campanha HEIST -> GOL(SPO LOG)/JADLOG/FAVORITA;JADLOG;35260601336140000360550010040242171369944721;4024217;31841891;SP;30kg+;53.52;183.1;397.9043069948186;214.80430699481863
2026-06-27;2026-06-27 17:50:16.890;Campanha HEIST -> GOL(SPO LOG)/JADLOG/FAVORITA;JADLOG;35260601336140000360550010040243511226861064;4024351;31842403;SP;30kg+;62.532;190.79;397.9043069948186;207.11430699481863
2026-06-27;2026-06-27 18:00:26.140;Campanha HEIST -> GOL(SPO LOG)/JADLOG/FAVORITA;JADLOG;35260601336140000360550010040243561303899438;4024356;31842451;SP;10-20kg;17.064;85.49;377.716496350365;292.226496350365
2026-06-27;2026-06-27 20:00:24.660;Campanha HEIST -> GOL(SPO LOG)/JADLOG/FAVORITA;JADLOG;35260601336140000360550010040243651255631522;4024365;31843024;SP;30kg+;38.963734425;138.81;397.9043069948186;259.0943069948186
2026-06-27;2026-06-27 20:15:18.603;Campanha HEIST -> GOL(SPO LOG)/JADLOG/FAVORITA;FAVORITA TRANSPORTE;35260601336140000360550010040230351150681457;4023035;31843081;GO;30kg+;37.889;123.12;502.2634285714286;379.1434285714286
2026-06-27;2026-06-27 20:45:15.860;Campanha HEIST -> GOL(SPO LOG)/JADLOG/FAVORITA;JADLOG;35260601336140000360550010040243601460190196;4024360;31843208;RS;30kg+;53.76;181.5;639.6241803278688;458.12418032786877
2026-06-27;2026-06-27 21:45:17.697;Campanha HEIST -> GOL(SPO LOG)/JADLOG/FAVORITA;JADLOG;35260601336140000360550010040243621563246873;4024362;31843407;PR;30kg+;93.408;281.63;537.3662837837838;255.73628378378385
2026-06-28;2026-06-28 14:45:20.370;Campanha HEIST -> GOL(SPO LOG)/JADLOG/FAVORITA;JADLOG;35260601336140000360550010040243631635628340;4024363;31846099;SC;30kg+;84.4487938;250.23;573.3730337078651;323.14303370786513
2026-06-28;2026-06-28 18:25:39.010;Campanha HEIST -> GOL(SPO LOG)/JADLOG/FAVORITA;JADLOG;35260601336140000360550010040241031320503097;4024103;31849592;SP;30kg+;99.6944242;315.51;397.9043069948186;82.39430699481863
2026-06-28;2026-06-28 18:30:26.600;Campanha HEIST -> GOL(SPO LOG)/JADLOG/FAVORITA;JADLOG;35260601336140000360550010040240991102003870;4024099;31849694;SP;20-30kg;24.747326862;77.74;375.2006624605678;297.4606624605678
2026-08-21;2026-08-21 11:00:28.013;Campanha HEIST -> GOL(SPO LOG)/JADLOG/FAVORITA;FAVORITA TRANSPORTE;35260801336140000360550010040729151574487043;4072915;32332326;PA;30kg+;36.288;165.32;698.3584375;533.0384375000001
2026-08-21;2026-08-21 07:45:29.013;Campanha HEIST -> GOL(SPO LOG)/JADLOG/FAVORITA;JADLOG;35260801336140000360550010040729031711794170;4072903;32331443;MG;30kg+;93.408;283.45;703.1904179104478;419.7404179104478
2026-08-21;2026-08-21 04:30:23.967;Campanha HEIST -> GOL(SPO LOG)/JADLOG/FAVORITA;JADLOG;35260801336140000360550010040729001594047232;4072900;32331073;PE;30kg+;81.732;312.5;559.5709815950921;247.07098159509212
2026-08-20;2026-08-20 20:25:19.283;Campanha HEIST -> GOL(SPO LOG)/JADLOG/FAVORITA;JADLOG;35260801336140000360550010040728901207942358;4072890;32329659;PE;30kg+;93.408;359.16;559.5709815950921;200.4109815950921
2026-08-20;2026-08-20 12:15:41.640;Campanha HEIST -> GOL(SPO LOG)/JADLOG/FAVORITA;JADLOG;35260801336140000360550010040728681357247913;4072868;32325609;SP;30kg+;44.196;155.17;397.9043069948186;242.73430699481864
2026-08-19;2026-08-19 21:55:15.340;Campanha HEIST -> GOL(SPO LOG)/JADLOG/FAVORITA;JADLOG;35260801336140000360550010040717421360726561;4071742;32322587;MG;30kg+;71.247128337;213.43;703.1904179104478;489.76041791044776
2026-08-19;2026-08-19 20:45:17.777;Campanha HEIST -> GOL(SPO LOG)/JADLOG/FAVORITA;JADLOG;35260801336140000360550010040717361900939414;4071736;32322196;MG;30kg+;93.408;283.45;703.1904179104478;419.7404179104478
2026-08-19;2026-08-19 19:00:32.640;Campanha HEIST -> GOL(SPO LOG)/JADLOG/FAVORITA;JADLOG;35260801336140000360550010040717181429425845;4071718;32320841;SP;30kg+;51.57194200799999;176.37;397.9043069948186;221.53430699481862
2026-08-19;2026-08-19 16:45:29.883;Campanha HEIST -> GOL(SPO LOG)/JADLOG/FAVORITA;JADLOG;35260801336140000360550010040714271658392727;4071427;32319751;BA;30kg+;64.794546432;712.63;632.1727540983607;-80.45724590163934
2026-08-19;2026-08-19 16:15:29.247;Campanha HEIST -> GOL(SPO LOG)/JADLOG/FAVORITA;JADLOG;35260801336140000360550010040714181332591434;4071418;32319454;MG;30kg+;77.7866628;263.02;703.1904179104478;440.1704179104478
2026-08-19;2026-08-19 15:00:52.090;Campanha HEIST -> GOL(SPO LOG)/JADLOG/FAVORITA;JADLOG;35260801336140000360550010040713191819385088;4071319;32318512;RS;30kg+;53.76;567.55;639.6241803278688;72.07418032786882
2026-08-19;2026-08-19 14:35:13.143;Campanha HEIST -> GOL(SPO LOG)/JADLOG/FAVORITA;JADLOG;35260801336140000360550010040713141717507684;4071314;32318286;BA;20-30kg;20.64;188.81;407.9010810810811;219.0910810810811
2026-08-19;2026-08-19 14:35:13.143;Campanha HEIST -> GOL(SPO LOG)/JADLOG/FAVORITA;JADLOG;35260801336140000360550010040712681078055085;4071268;32318285;MG;30kg+;87.11526276000001;929.03;703.1904179104478;-225.8395820895522
2026-08-19;2026-08-19 12:40:17.160;Campanha HEIST -> GOL(SPO LOG)/JADLOG/FAVORITA;JADLOG;35260801336140000360550010040712031882066576;4071203;32317773;BA;30kg+;36.288;475.44;632.1727540983607;156.73275409836066
2026-08-18;2026-08-18 18:20:20.830;Campanha HEIST -> GOL(SPO LOG)/JADLOG/FAVORITA;JADLOG;35260801336140000360550010040705121720940255;4070512;32312554;PE;30kg+;53.76;201.76;559.5709815950921;357.81098159509213
2026-06-29;2026-06-29 07:15:18.100;Campanha HEIST -> GOL(SPO LOG)/JADLOG/FAVORITA;JADLOG;35260601336140000360550010040241061023670780;4024106;31852751;PR;30kg+;95.06;286.35;537.3662837837838;251.01628378378382
2026-06-29;2026-06-29 08:15:20.623;Campanha HEIST -> GOL(SPO LOG)/JADLOG/FAVORITA;JADLOG;35260601336140000360550010040241071991550314;4024107;31852839;SP;30kg+;47.04;150.36;397.9043069948186;247.5443069948186
2026-06-29;2026-06-29 08:20:15.670;Campanha HEIST -> GOL(SPO LOG)/JADLOG/FAVORITA;JADLOG;35260601336140000360550010040241141025031787;4024114;31852858;SP;30kg+;48.732;168.83;397.9043069948186;229.0743069948186
2026-06-29;2026-06-29 12:00:27.803;Campanha HEIST -> GOL(SPO LOG)/JADLOG/FAVORITA;JADLOG;35260601336140000360550010040241411692862510;4024141;31854156;SP;20-30kg;27.03760561;97.0;375.2006624605678;278.2006624605678
2026-06-29;2026-06-29 13:40:19.760;Campanha HEIST -> GOL(SPO LOG)/JADLOG/FAVORITA;JADLOG;35260601336140000360550010040241401498524845;4024140;31854639;BA;30kg+;64.236;201.91;632.1727540983607;430.2627540983607
2026-06-29;2026-06-29 13:50:19.940;Campanha HEIST -> GOL(SPO LOG)/JADLOG/FAVORITA;JADLOG;35260601336140000360550010040241201795525606;4024120;31854679;BA;30kg+;77.021642313;860.6;632.1727540983607;-228.42724590163937
2026-06-29;2026-06-29 14:10:19.053;Campanha HEIST -> GOL(SPO LOG)/JADLOG/FAVORITA;JADLOG;35260601336140000360550010040241191004977092;4024119;31854728;CE;30kg+;53.76;256.1;804.6896428571429;548.5896428571428
2026-06-29;2026-06-29 19:00:32.977;Campanha HEIST -> GOL(SPO LOG)/JADLOG/FAVORITA;JADLOG;35260601336140000360550010040243701117442481;4024370;31857129;MG;30kg+;36.288;143.11;703.1904179104478;560.0804179104477
2026-06-29;2026-06-29 19:10:19.757;Campanha HEIST -> GOL(SPO LOG)/JADLOG/FAVORITA;JADLOG;35260601336140000360550010040242201981431972;4024220;31857175;SP;30kg+;53.165;166.17;397.9043069948186;231.73430699481864
2026-06-29;2026-06-29 20:15:18.913;Campanha HEIST -> GOL(SPO LOG)/JADLOG/FAVORITA;JADLOG;35260601336140000360550010040242191894668361;4024219;31857773;RS;30kg+;61.488;225.49;639.6241803278688;414.13418032786876
2026-06-29;2026-06-29 22:15:17.750;Campanha HEIST -> GOL(SPO LOG)/JADLOG/FAVORITA;JADLOG;35260601336140000360550010040243711252837437;4024371;31858504;SP;5-10kg;6.438;18.1;366.5678466076696;348.46784660766957
2026-06-30;2026-06-30 08:30:42.933;Campanha HEIST -> GOL(SPO LOG)/JADLOG/FAVORITA;JADLOG;35260601336140000360550010040255891411761766;4025589;31859797;SP;30kg+;43.234;153.36;397.9043069948186;244.5443069948186
2026-06-30;2026-06-30 08:35:16.763;Campanha HEIST -> GOL(SPO LOG)/JADLOG/FAVORITA;JADLOG;35260701336140000360550010040260911840815247;4026091;31859819;SP;30kg+;40.248;143.8;397.9043069948186;254.10430699481861
2026-06-30;2026-06-30 09:15:30.700;Campanha HEIST -> GOL(SPO LOG)/JADLOG/FAVORITA;JADLOG;35260701336140000360550010040260551480031987;4026055;31860017;ES;10-20kg;14.454;138.01;282.106;144.096
2026-06-30;2026-06-30 09:55:18.193;Campanha HEIST -> GOL(SPO LOG)/JADLOG/FAVORITA;JADLOG;35260701336140000360550010040262811199802488;4026281;31860247;SP;30kg+;43.508837988;153.34;397.9043069948186;244.56430699481862
2026-06-30;2026-06-30 10:30:25.593;Campanha HEIST -> GOL(SPO LOG)/JADLOG/FAVORITA;JADLOG;35260701336140000360550010040265831985921990;4026583;31860505;SP;10-20kg;17.214;41.44;377.716496350365;336.276496350365
2026-06-30;2026-06-30 12:30:43.123;Campanha HEIST -> GOL(SPO LOG)/JADLOG/FAVORITA;JADLOG;35260701336140000360550010040265901986297410;4026590;31861383;BA;30kg+;58.38;635.25;632.1727540983607;-3.077245901639344
2026-06-30;2026-06-30 15:10:24.673;Campanha HEIST -> GOL(SPO LOG)/JADLOG/FAVORITA;JADLOG;35260701336140000360550010040265951600724391;4026595;31862745;SP;10-20kg;13.44;64.18;377.716496350365;313.536496350365
2026-06-30;2026-06-30 17:30:27.463;Campanha HEIST -> GOL(SPO LOG)/JADLOG/FAVORITA;JADLOG;35260701336140000360550010040266441758341418;4026644;31864168;SP;30kg+;54.39240100000001;185.52;397.9043069948186;212.38430699481862
2026-06-30;2026-06-30 17:50:20.800;Campanha HEIST -> GOL(SPO LOG)/JADLOG/FAVORITA;JADLOG;35260701336140000360550010040266561477004362;4026656;31864321;SP;30kg+;55.601;189.33;397.9043069948186;208.5743069948186
2026-06-30;2026-06-30 20:20:25.260;Campanha HEIST -> GOL(SPO LOG)/JADLOG/FAVORITA;JADLOG;35260701336140000360550010040267791267391122;4026779;31865479;MG;30kg+;93.408;311.36;703.1904179104478;391.83041791044775
2026-06-30;2026-06-30 21:30:32.500;Campanha HEIST -> GOL(SPO LOG)/JADLOG/FAVORITA;JADLOG;35260701336140000360550010040267811541422768;4026781;31865947;SP;10-20kg;17.814;41.52;377.716496350365;336.196496350365
2026-06-30;2026-06-30 22:30:28.973;Campanha HEIST -> GOL(SPO LOG)/JADLOG/FAVORITA;JADLOG;35260701336140000360550010040267861801556013;4026786;31866307;PR;30kg+;52.686;172.54;537.3662837837838;364.8262837837839
2026-07-01;2026-07-01 00:30:32.097;Campanha HEIST -> GOL(SPO LOG)/JADLOG/FAVORITA;JADLOG;35260701336140000360550010040267871825263986;4026787;31866873;RS;30kg+;50.712;172.86;639.6241803278688;466.76418032786876
2026-07-01;2026-07-01 01:15:24.417;Campanha HEIST -> GOL(SPO LOG)/JADLOG/FAVORITA;JADLOG;35260701336140000360550010040267951452318758;4026795;31867035;SP;30kg+;77.7866628;229.73;397.9043069948186;168.17430699481864
2026-07-01;2026-07-01 01:15:24.417;Campanha HEIST -> GOL(SPO LOG)/JADLOG/FAVORITA;JADLOG;35260701336140000360550010040267881779239094;4026788;31867038;SP;30kg+;77.7866628;229.73;397.9043069948186;168.17430699481864
2026-07-01;2026-07-01 02:30:21.917;Campanha HEIST -> GOL(SPO LOG)/JADLOG/FAVORITA;FAVORITA TRANSPORTE;35260701336140000360550010040260071869808210;4026007;31867156;GO;30kg+;49.392;122.81;502.2634285714286;379.4534285714286
2026-07-01;2026-07-01 09:25:18.913;Campanha HEIST -> GOL(SPO LOG)/JADLOG/FAVORITA;JADLOG;35260701336140000360550010040266661406697477;4026666;31868368;BA;30kg+;93.408;1061.45;632.1727540983607;-429.2772459016394
2026-07-01;2026-07-01 09:40:18.610;Campanha HEIST -> GOL(SPO LOG)/JADLOG/FAVORITA;JADLOG;35260701336140000360550010040266761362868650;4026676;31868517;BA;30kg+;93.408;1061.45;632.1727540983607;-429.2772459016394
2026-07-01;2026-07-01 09:45:18.883;Campanha HEIST -> GOL(SPO LOG)/JADLOG/FAVORITA;JADLOG;35260701336140000360550010040265321575702288;4026532;31868579;SP;5-10kg;6.858;18.1;366.5678466076696;348.46784660766957
2026-07-01;2026-07-01 09:50:18.203;Campanha HEIST -> GOL(SPO LOG)/JADLOG/FAVORITA;JADLOG;35260701336140000360550010040265381504040456;4026538;31868620;SP;30kg+;53.76;184.08;397.9043069948186;213.8243069948186
2026-07-01;2026-07-01 10:45:19.730;Campanha HEIST -> GOL(SPO LOG)/JADLOG/FAVORITA;JADLOG;35260701336140000360550010040265511350199690;4026551;31869310;SP;30kg+;57.108;193.07;397.9043069948186;204.83430699481863
2026-07-01;2026-07-01 11:15:17.917;Campanha HEIST -> GOL(SPO LOG)/JADLOG/FAVORITA;JADLOG;35260701336140000360550010040265541378522403;4026554;31869608;SP;30kg+;36.948;188.86;397.9043069948186;209.0443069948186
2026-07-01;2026-07-01 11:45:23.330;Campanha HEIST -> GOL(SPO LOG)/JADLOG/FAVORITA;JADLOG;35260701336140000360550010040265601771292610;4026560;31869960;SP;30kg+;93.408;300.91;397.9043069948186;96.9943069948186
2026-07-01;2026-07-01 12:00:36.480;Campanha HEIST -> GOL(SPO LOG)/JADLOG/FAVORITA;JADLOG;35260701336140000360550010040265611408066561;4026561;31870060;SP;30kg+;32.004;109.0;397.9043069948186;288.9043069948186
2026-07-01;2026-07-01 14:05:24.333;Campanha HEIST -> GOL(SPO LOG)/JADLOG/FAVORITA;JADLOG;35260701336140000360550010040265761559712520;4026576;31871319;MG;30kg+;93.408;311.36;703.1904179104478;391.83041791044775
2026-07-01;2026-07-01 14:40:19.683;Campanha HEIST -> GOL(SPO LOG)/JADLOG/FAVORITA;JADLOG;35260701336140000360550010040262941957825091;4026294;31871835;SP;30kg+;81.1081425;238.85;397.9043069948186;159.05430699481863
2026-07-01;2026-07-01 14:45:19.847;Campanha HEIST -> GOL(SPO LOG)/JADLOG/FAVORITA;JADLOG;35260701336140000360550010040265371780194783;4026537;31871907;SP;10-20kg;10.08;24.33;377.716496350365;353.386496350365
2026-07-01;2026-07-01 17:00:43.433;Campanha HEIST -> GOL(SPO LOG)/JADLOG/FAVORITA;JADLOG;35260701336140000360550010040265651227711626;4026565;31873285;SP;30kg+;64.848;216.8;397.9043069948186;181.10430699481861
2026-07-01;2026-07-01 17:05:14.960;Campanha HEIST -> GOL(SPO LOG)/JADLOG/FAVORITA;JADLOG;35260701336140000360550010040265741886409108;4026574;31873348;SP;30kg+;42.207712932;149.39;397.9043069948186;248.51430699481864
2026-07-01;2026-07-01 18:00:36.943;Campanha HEIST -> GOL(SPO LOG)/JADLOG/FAVORITA;JADLOG;35260701336140000360550010040266701098114606;4026670;31873793;SP;30kg+;36.288;132.69;397.9043069948186;265.2143069948186
2026-07-01;2026-07-01 18:15:17.870;Campanha HEIST -> GOL(SPO LOG)/JADLOG/FAVORITA;JADLOG;35260701336140000360550010040266781138611522;4026678;31873889;SP;30kg+;36.288;132.69;397.9043069948186;265.2143069948186
2026-07-01;2026-07-01 18:45:18.163;Campanha HEIST -> GOL(SPO LOG)/JADLOG/FAVORITA;JADLOG;35260701336140000360550010040267961385519545;4026796;31874170;SP;30kg+;93.408;300.91;397.9043069948186;96.9943069948186
2026-07-01;2026-07-01 18:45:18.163;Campanha HEIST -> GOL(SPO LOG)/JADLOG/FAVORITA;JADLOG;35260701336140000360550010040267931795194008;4026793;31874174;SP;30kg+;36.288;132.69;397.9043069948186;265.2143069948186
2026-07-01;2026-07-01 18:45:18.163;Campanha HEIST -> GOL(SPO LOG)/JADLOG/FAVORITA;JADLOG;35260701336140000360550010040267941066292034;4026794;31874175;SP;30kg+;72.934640625;216.8;397.9043069948186;181.10430699481861
2026-07-01;2026-07-01 18:45:18.163;Campanha HEIST -> GOL(SPO LOG)/JADLOG/FAVORITA;JADLOG;35260701336140000360550010040266581395127481;4026658;31874176;SP;30kg+;36.288;132.69;397.9043069948186;265.2143069948186
2026-07-01;2026-07-01 19:15:19.700;Campanha HEIST -> GOL(SPO LOG)/JADLOG/FAVORITA;JADLOG;35260701336140000360550010040266571326435418;4026657;31874456;SP;30kg+;36.288;132.9;397.9043069948186;265.00430699481865
2026-07-01;2026-07-01 22:30:21.733;Campanha HEIST -> GOL(SPO LOG)/JADLOG/FAVORITA;JADLOG;35260701336140000360550010040267841102421963;4026784;31875952;SP;30kg+;38.436;128.01;397.9043069948186;269.89430699481863
2026-07-02;2026-07-02 01:05:17.763;Campanha HEIST -> GOL(SPO LOG)/JADLOG/FAVORITA;JADLOG;35260701336140000360550010040271241759630221;4027124;31876639;PR;30kg+;93.408;281.63;537.3662837837838;255.73628378378385
2026-07-02;2026-07-02 07:30:28.510;Campanha HEIST -> GOL(SPO LOG)/JADLOG/FAVORITA;JADLOG;35260701336140000360550010040271431538028796;4027143;31877197;SP;10-20kg;12.876;28.63;377.716496350365;349.086496350365
2026-07-02;2026-07-02 08:40:20.027;Campanha HEIST -> GOL(SPO LOG)/JADLOG/FAVORITA;JADLOG;35260701336140000360550010040271441990546624;4027144;31877400;AL;30kg+;93.408;2280.45;720.6108695652174;-1559.8391304347824
2026-07-02;2026-07-02 09:00:27.867;Campanha HEIST -> GOL(SPO LOG)/JADLOG/FAVORITA;JADLOG;35260701336140000360550010040271491834425587;4027149;31877506;SP;30kg+;33.432;112.56;397.9043069948186;285.3443069948186
2026-07-02;2026-07-02 10:20:21.297;Campanha HEIST -> GOL(SPO LOG)/JADLOG/FAVORITA;JADLOG;35260701336140000360550010040284781958340179;4028478;31878003;SP;30kg+;36.288;132.69;397.9043069948186;265.2143069948186
2026-07-02;2026-07-02 11:00:28.827;Campanha HEIST -> GOL(SPO LOG)/JADLOG/FAVORITA;JADLOG;35260701336140000360550010040271581885845060;4027158;31878360;SP;30kg+;93.408;273.95;397.9043069948186;123.95430699481864
2026-08-17;2026-08-17 16:05:36.927;Campanha HEIST -> GOL(SPO LOG)/JADLOG/FAVORITA;JADLOG;35260801336140000360550010040698451078243648;4069845;32304670;MG;30kg+;36.288;143.07;703.1904179104478;560.1204179104477
2026-08-17;2026-08-17 15:50:19.077;Campanha HEIST -> GOL(SPO LOG)/JADLOG/FAVORITA;JADLOG;35260801336140000360550010040698431066075619;4069843;32304531;BA;20-30kg;28.868;278.54;407.9010810810811;129.36108108108107
2026-08-16;2026-08-16 11:45:22.040;Campanha HEIST -> GOL(SPO LOG)/JADLOG/FAVORITA;JADLOG;35260801336140000360550010040698351843113150;4069835;32294843;SP;30kg+;53.96;168.89;397.9043069948186;229.01430699481864
2026-08-15;2026-08-15 13:05:16.523;Campanha HEIST -> GOL(SPO LOG)/JADLOG/FAVORITA;JADLOG;35260801336140000360550010040695731493862235;4069573;32290810;BA;30kg+;34.532;345.83;632.1727540983607;286.3427540983607
2026-08-15;2026-08-15 11:15:28.720;Campanha HEIST -> GOL(SPO LOG)/JADLOG/FAVORITA;FAVORITA TRANSPORTE;35260801336140000360550010040684931941319249;4068493;32290286;PA;30kg+;54.528;269.53;698.3584375;428.82843750000006
2026-08-14;2026-08-14 12:10:29.697;Campanha HEIST -> GOL(SPO LOG)/JADLOG/FAVORITA;JADLOG;35260801336140000360550010040679891265770835;4067989;32282923;SP;30kg+;98.3296;312.4;397.9043069948186;85.50430699481865
2026-08-14;2026-08-14 09:00:33.610;Campanha HEIST -> GOL(SPO LOG)/JADLOG/FAVORITA;JADLOG;35260801336140000360550010040677191432287092;4067719;32281247;BA;30kg+;38.472;128.51;632.1727540983607;503.66275409836067
2026-08-13;2026-08-13 09:20:21.660;Campanha HEIST -> GOL(SPO LOG)/JADLOG/FAVORITA;JADLOG;35260801336140000360550010040664401026668620;4066440;32272365;MG;30kg+;93.408;283.45;703.1904179104478;419.7404179104478
2026-08-12;2026-08-12 14:00:48.270;Campanha HEIST -> GOL(SPO LOG)/JADLOG/FAVORITA;JADLOG;35260801336140000360550010040662591639975625;4066259;32266926;BA;30kg+;48.48;514.68;632.1727540983607;117.4927540983607
2026-08-10;2026-08-10 08:35:14.497;Campanha HEIST -> GOL(SPO LOG)/JADLOG/FAVORITA;JADLOG;35260801336140000360550010040637491545700581;4063749;32246889;MG;30kg+;53.952;170.48;703.1904179104478;532.7104179104477
2026-08-10;2026-08-10 08:20:16.663;Campanha HEIST -> GOL(SPO LOG)/JADLOG/FAVORITA;JADLOG;35260801336140000360550010040636841317047674;4063684;32246801;BA;30kg+;93.408;1061.45;632.1727540983607;-429.2772459016394
2026-08-10;2026-08-10 02:45:19.357;Campanha HEIST -> GOL(SPO LOG)/JADLOG/FAVORITA;JADLOG;35260801336140000360550010040636261379287462;4063626;32246405;BA;30kg+;106.284;1218.55;632.1727540983607;-586.3772459016393
2026-08-09;2026-08-09 14:30:25.787;Campanha HEIST -> GOL(SPO LOG)/JADLOG/FAVORITA;JADLOG;35260801336140000360550010040634991890289632;4063499;32240832;BA;30kg+;41.496;153.38;632.1727540983607;478.79275409836066
2026-08-09;2026-08-09 13:00:28.783;Campanha HEIST -> GOL(SPO LOG)/JADLOG/FAVORITA;JADLOG;35260801336140000360550010040635051361223246;4063505;32240216;BA;30kg+;81.780771072;918.37;632.1727540983607;-286.19724590163935
2026-08-09;2026-08-09 11:30:24.053;Campanha HEIST -> GOL(SPO LOG)/JADLOG/FAVORITA;JADLOG;35260801336140000360550010040644531909227047;4064453;32239470;SC;30kg+;70.056;227.09;573.3730337078651;346.2830337078651
2026-08-08;2026-08-08 18:50:17.580;Campanha HEIST -> GOL(SPO LOG)/JADLOG/FAVORITA;JADLOG;35260801336140000360550010040639031225528658;4063903;32236787;BA;10-20kg;11.442;119.23;388.9172222222222;269.6872222222222
2026-08-08;2026-08-08 17:05:16.883;Campanha HEIST -> GOL(SPO LOG)/JADLOG/FAVORITA;JADLOG;35260801336140000360550010040638971596907160;4063897;32236281;MG;30kg+;52.884;176.51;703.1904179104478;526.6804179104478
2026-08-08;2026-08-08 14:20:16.040;Campanha HEIST -> GOL(SPO LOG)/JADLOG/FAVORITA;JADLOG;35260801336140000360550010040625901285011189;4062590;32234789;MG;30kg+;62.34234916;659.08;703.1904179104478;44.11041791044772
2026-08-08;2026-08-08 10:45:21.660;Campanha HEIST -> GOL(SPO LOG)/JADLOG/FAVORITA;JADLOG;35260801336140000360550010040632381646222277;4063238;32233971;MG;30kg+;52.908;190.99;703.1904179104478;512.2004179104478
2026-08-08;2026-08-08 10:05:17.500;Campanha HEIST -> GOL(SPO LOG)/JADLOG/FAVORITA;FAVORITA TRANSPORTE;35260801336140000360550010040632241734782414;4063224;32233704;PA;30kg+;53.76;270.76;698.3584375;427.59843750000005
2026-08-07;2026-08-07 14:45:20.513;Campanha HEIST -> GOL(SPO LOG)/JADLOG/FAVORITA;JADLOG;35260801336140000360550010040631561260401375;4063156;32229491;BA;30kg+;73.584;820.42;632.1727540983607;-188.2472459016393
2026-08-07;2026-08-07 12:30:25.937;Campanha HEIST -> GOL(SPO LOG)/JADLOG/FAVORITA;JADLOG;35260801336140000360550010040631731576846785;4063173;32228732;BA;30kg+;93.408;2065.35;632.1727540983607;-1433.1772459016393
2026-08-06;2026-08-06 09:45:19.663;Campanha HEIST -> GOL(SPO LOG)/JADLOG/FAVORITA;JADLOG;35260801336140000360550010040634521630326094;4063452;32217789;AL;30kg+;87.36;2128.18;720.6108695652174;-1407.5691304347824
2026-08-06;2026-08-06 09:45:19.663;Campanha HEIST -> GOL(SPO LOG)/JADLOG/FAVORITA;JADLOG;35260801336140000360550010040616741887318140;4061674;32217764;BA;10-20kg;13.325235610000002;115.37;388.9172222222222;273.5472222222222
2026-08-06;2026-08-06 09:45:19.663;Campanha HEIST -> GOL(SPO LOG)/JADLOG/FAVORITA;JADLOG;35260801336140000360550010040632331774589738;4063233;32217752;PE;30kg+;59.142;239.6;559.5709815950921;319.9709815950921
2026-08-06;2026-08-06 09:45:19.663;Campanha HEIST -> GOL(SPO LOG)/JADLOG/FAVORITA;JADLOG;35260801336140000360550010040633741894760033;4063374;32217743;PE;30kg+;77.7866628;290.52;559.5709815950921;269.05098159509214
2026-08-06;2026-08-06 09:41:15.560;Campanha HEIST -> GOL(SPO LOG)/JADLOG/FAVORITA;JADLOG;35260801336140000360550010040631541548197918;4063154;32217608;BA;30kg+;106.284;342.75;632.1727540983607;289.42275409836066
2026-08-05;2026-08-05 11:35:12.990;Campanha HEIST -> GOL(SPO LOG)/JADLOG/FAVORITA;JADLOG;35260801336140000360550010040616691050224872;4061669;32130538;SP;30kg+;87.46268121;281.31;397.9043069948186;116.59430699481862
2026-08-05;2026-08-05 03:10:16.580;Campanha HEIST -> GOL(SPO LOG)/JADLOG/FAVORITA;JADLOG;35260801336140000360550010040631661965595380;4063166;32128908;PE;30kg+;93.408;426.53;559.5709815950921;133.04098159509215
2026-08-04;2026-08-04 21:30:19.757;Campanha HEIST -> GOL(SPO LOG)/JADLOG/FAVORITA;FAVORITA TRANSPORTE;35260801336140000360550010040633671901557698;4063367;32127898;PA;30kg+;114.20418779999999;468.52;698.3584375;229.83843750000005
2026-07-02;2026-07-02 13:10:20.750;Campanha HEIST -> GOL(SPO LOG)/JADLOG/FAVORITA;FAVORITA TRANSPORTE;35260701336140000360550010040271891454974010;4027189;31879579;MS;30kg+;47.077044;141.79;512.7392857142858;370.9492857142858
2026-07-02;2026-07-02 15:45:27.047;Campanha HEIST -> GOL(SPO LOG)/JADLOG/FAVORITA;JADLOG;35260701336140000360550010040273291471218191;4027329;31880964;PE;30kg+;71.043136;268.21;559.5709815950921;291.36098159509214
2026-07-02;2026-07-02 16:00:30.023;Campanha HEIST -> GOL(SPO LOG)/JADLOG/FAVORITA;FAVORITA TRANSPORTE;35260701336140000360550010040283021631560268;4028302;31881079;DF;30kg+;93.408;141.78;569.3891666666667;427.60916666666674
2026-07-02;2026-07-02 16:00:30.023;Campanha HEIST -> GOL(SPO LOG)/JADLOG/FAVORITA;JADLOG;35260701336140000360550010040273541755356664;4027354;31881090;PE;30kg+;53.76;201.9;559.5709815950921;357.67098159509214
2026-07-02;2026-07-02 17:35:16.010;Campanha HEIST -> GOL(SPO LOG)/JADLOG/FAVORITA;FAVORITA TRANSPORTE;35260701336140000360550010040273931497982787;4027393;31881967;MS;30kg+;46.476;143.63;512.7392857142858;369.10928571428576
2026-07-02;2026-07-02 18:59:39.690;Campanha HEIST -> GOL(SPO LOG)/JADLOG/FAVORITA;JADLOG;35260701336140000360550010040282491455952406;4028249;31882610;BA;20-30kg;20.259;189.75;407.9010810810811;218.1510810810811
2026-07-02;2026-07-02 21:10:18.470;Campanha HEIST -> GOL(SPO LOG)/JADLOG/FAVORITA;JADLOG;35260701336140000360550010040282871539885808;4028287;31883727;SP;30kg+;51.641062473000005;161.82;397.9043069948186;236.08430699481863
2026-07-02;2026-07-02 23:45:16.563;Campanha HEIST -> GOL(SPO LOG)/JADLOG/FAVORITA;FAVORITA TRANSPORTE;35260701336140000360550010040417081288498778;4041708;31884726;GO;30kg+;41.972;70.43;502.2634285714286;431.8334285714286
2026-07-03;2026-07-03 09:30:24.140;Campanha HEIST -> GOL(SPO LOG)/JADLOG/FAVORITA;JADLOG;35260701336140000360550010040283031211060596;4028303;31886321;SP;30kg+;93.408;265.89;397.9043069948186;132.01430699481864
2026-07-03;2026-07-03 10:00:40.793;Campanha HEIST -> GOL(SPO LOG)/JADLOG/FAVORITA;FAVORITA TRANSPORTE;35260701336140000360550010040279171108756412;4027917;31886518;PA;30kg+;36.288;224.69;698.3584375;473.66843750000004
2026-07-03;2026-07-03 11:00:27.573;Campanha HEIST -> GOL(SPO LOG)/JADLOG/FAVORITA;FAVORITA TRANSPORTE;35260701336140000360550010040279561741963803;4027956;31886949;GO;30kg+;45.98866499999999;122.68;502.2634285714286;379.5834285714286
2026-07-03;2026-07-03 11:15:20.703;Campanha HEIST -> GOL(SPO LOG)/JADLOG/FAVORITA;JADLOG;35260701336140000360550010040284801775898667;4028480;31887095;SP;30kg+;32.616;112.0;397.9043069948186;285.9043069948186
2026-07-03;2026-07-03 11:25:14.400;Campanha HEIST -> GOL(SPO LOG)/JADLOG/FAVORITA;FAVORITA TRANSPORTE;35260701336140000360550010040279861401484380;4027986;31887177;GO;20-30kg;27.84;93.82;386.85699999999997;293.037
2026-07-03;2026-07-03 12:10:19.370;Campanha HEIST -> GOL(SPO LOG)/JADLOG/FAVORITA;JADLOG;35260701336140000360550010040284831219574455;4028483;31887553;SP;30kg+;36.288;132.34;397.9043069948186;265.5643069948186
2026-07-03;2026-07-03 12:25:42.573;Campanha HEIST -> GOL(SPO LOG)/JADLOG/FAVORITA;JADLOG;35260701336140000360550010040284871659778651;4028487;31887667;SP;30kg+;32.352;120.02;397.9043069948186;277.88430699481864
2026-07-03;2026-07-03 13:30:26.330;Campanha HEIST -> GOL(SPO LOG)/JADLOG/FAVORITA;JADLOG;35260701336140000360550010040284931286827374;4028493;31887978;BA;30kg+;93.408;299.24;632.1727540983607;332.93275409836065
2026-07-03;2026-07-03 14:15:19.817;Campanha HEIST -> GOL(SPO LOG)/JADLOG/FAVORITA;FAVORITA TRANSPORTE;35260701336140000360550010040282531128772068;4028253;31888404;GO;30kg+;127.80203580000001;268.86;502.2634285714286;233.4034285714286
2026-07-03;2026-07-03 14:30:23.940;Campanha HEIST -> GOL(SPO LOG)/JADLOG/FAVORITA;JADLOG;35260701336140000360550010040284881342153957;4028488;31888481;BA;30kg+;106.284;342.75;632.1727540983607;289.42275409836066
2026-07-03;2026-07-03 15:30:42.203;Campanha HEIST -> GOL(SPO LOG)/JADLOG/FAVORITA;JADLOG;35260701336140000360550010040284891703759135;4028489;31888993;SP;30kg+;66.636;222.59;397.9043069948186;175.31430699481862
2026-07-03;2026-07-03 15:40:19.967;Campanha HEIST -> GOL(SPO LOG)/JADLOG/FAVORITA;JADLOG;35260701336140000360550010040284911873790686;4028491;31889087;CE;30kg+;93.408;466.4;804.6896428571429;338.2896428571429
2026-07-03;2026-07-03 19:30:27.840;Campanha HEIST -> GOL(SPO LOG)/JADLOG/FAVORITA;JADLOG;35260701336140000360550010040303021514175144;4030302;31890943;MG;10-20kg;11.753;28.86;349.35677966101696;320.49677966101694
2026-07-04;2026-07-04 09:15:19.153;Campanha HEIST -> GOL(SPO LOG)/JADLOG/FAVORITA;JADLOG;35260701336140000360550010040303051633718607;4030305;31893529;SP;30kg+;36.792;133.58;397.9043069948186;264.3243069948186
2026-07-04;2026-07-04 13:20:20.063;Campanha HEIST -> GOL(SPO LOG)/JADLOG/FAVORITA;JADLOG;35260701336140000360550010040318291934356260;4031829;31894446;SP;30kg+;44.124;142.06;397.9043069948186;255.84430699481862
2026-07-04;2026-07-04 22:30:18.750;Campanha HEIST -> GOL(SPO LOG)/JADLOG/FAVORITA;JADLOG;35260701336140000360550010040300381382455710;4030038;31897167;BA;10-20kg;18.624;167.02;388.9172222222222;221.8972222222222
2026-07-05;2026-07-05 08:50:16.540;Campanha HEIST -> GOL(SPO LOG)/JADLOG/FAVORITA;JADLOG;35260701336140000360550010040301131659665692;4030113;31898002;PR;30kg+;93.408;281.63;537.3662837837838;255.73628378378385
2026-07-05;2026-07-05 14:10:19.153;Campanha HEIST -> GOL(SPO LOG)/JADLOG/FAVORITA;JADLOG;35260701336140000360550010040302821360726591;4030282;31899323;RS;30kg+;93.408;290.87;639.6241803278688;348.75418032786877
2026-07-05;2026-07-05 16:50:18.673;Campanha HEIST -> GOL(SPO LOG)/JADLOG/FAVORITA;JADLOG;35260701336140000360550010040302831008217411;4030283;31901996;CE;30kg+;54.11849929;257.41;804.6896428571429;547.2796428571428
2026-07-06;2026-07-06 10:30:31.770;Campanha HEIST -> GOL(SPO LOG)/JADLOG/FAVORITA;FAVORITA TRANSPORTE;35260701336140000360550010040300161208964489;4030016;31905647;PA;30kg+;53.76;238.81;698.3584375;459.54843750000003
2026-08-04;2026-08-04 20:45:23.050;Campanha HEIST -> GOL(SPO LOG)/JADLOG/FAVORITA;JADLOG;35260801336140000360550010040630901611471385;4063090;32127656;MG;30kg+;93.408;283.45;703.1904179104478;419.7404179104478
2026-08-04;2026-08-04 20:30:26.097;Campanha HEIST -> GOL(SPO LOG)/JADLOG/FAVORITA;JADLOG;35260801336140000360550010040631301875535857;4063130;32127576;PE;30kg+;67.776;276.52;559.5709815950921;283.05098159509214
2026-08-04;2026-08-04 20:00:32.383;Campanha HEIST -> GOL(SPO LOG)/JADLOG/FAVORITA;FAVORITA TRANSPORTE;35260801336140000360550010040696341649507736;4069634;32127436;AC;30kg+;176.64;441.79;929.5450000000001;487.75500000000005
2026-08-04;2026-08-04 18:35:16.400;Campanha HEIST -> GOL(SPO LOG)/JADLOG/FAVORITA;FAVORITA TRANSPORTE;35260801336140000360550010040696381154400472;4069638;32126875;AC;30kg+;176.64;441.14;929.5450000000001;488.4050000000001
2026-08-04;2026-08-04 18:25:37.820;Campanha HEIST -> GOL(SPO LOG)/JADLOG/FAVORITA;FAVORITA TRANSPORTE;35260801336140000360550010040696321867493147;4069632;32126810;AC;30kg+;176.64;441.14;929.5450000000001;488.4050000000001
2026-08-04;2026-08-04 16:45:22.670;Campanha HEIST -> GOL(SPO LOG)/JADLOG/FAVORITA;JADLOG;35260801336140000360550010040633911785909320;4063391;32126227;ES;30kg+;93.408;1004.51;499.0984;-505.41159999999996
2026-08-04;2026-08-04 15:55:21.610;Campanha HEIST -> GOL(SPO LOG)/JADLOG/FAVORITA;JADLOG;35260801336140000360550010040616721784533450;4061672;32125926;SP;20-30kg;25.368;75.61;375.2006624605678;299.5906624605678
2026-08-04;2026-08-04 11:35:15.687;Campanha HEIST -> GOL(SPO LOG)/JADLOG/FAVORITA;FAVORITA TRANSPORTE;35260801336140000360550010040539691698110322;4053969;32124397;GO;30kg+;37.584;122.27;502.2634285714286;379.99342857142864
2026-08-04;2026-08-04 07:00:31.427;Campanha HEIST -> GOL(SPO LOG)/JADLOG/FAVORITA;JADLOG;35260801336140000360550010040631631147517058;4063163;32123364;PE;30kg+;93.408;426.53;559.5709815950921;133.04098159509215
2026-08-04;2026-08-04 06:20:22.130;Campanha HEIST -> GOL(SPO LOG)/JADLOG/FAVORITA;JADLOG;35260801336140000360550010040631811694091905;4063181;32123314;MG;30kg+;106.284;349.91;703.1904179104478;353.28041791044774
2026-08-03;2026-08-03 18:30:45.687;Campanha HEIST -> GOL(SPO LOG)/JADLOG/FAVORITA;JADLOG;35260801336140000360550010040616591281939072;4061659;32120817;BA;30kg+;53.76;579.43;632.1727540983607;52.742754098360706
2026-08-03;2026-08-03 10:00:30.433;Campanha HEIST -> GOL(SPO LOG)/JADLOG/FAVORITA;JADLOG;35260801336140000360550010040542041739204662;4054204;32117128;SP;30kg+;44.238;156.07;397.9043069948186;241.83430699481863
2026-08-02;2026-08-02 16:30:24.933;Campanha HEIST -> GOL(SPO LOG)/JADLOG/FAVORITA;JADLOG;35260801336140000360550010040631841525433355;4063184;32112135;SP;30kg+;53.76;184.03;397.9043069948186;213.87430699481862
2026-08-01;2026-08-01 17:00:25.680;Campanha HEIST -> GOL(SPO LOG)/JADLOG/FAVORITA;JADLOG;35260801336140000360550010040538761243435078;4053876;32106281;MG;30kg+;77.7866628;240.44;703.1904179104478;462.75041791044777
2026-08-01;2026-08-01 16:45:20.260;Campanha HEIST -> GOL(SPO LOG)/JADLOG/FAVORITA;JADLOG;35260801336140000360550010040538101424353209;4053810;32106232;MG;30kg+;77.7866628;240.44;703.1904179104478;462.75041791044777
2026-08-01;2026-08-01 16:10:20.687;Campanha HEIST -> GOL(SPO LOG)/JADLOG/FAVORITA;JADLOG;35260801336140000360550010040633871134463208;4063387;32106100;MA;30kg+;73.584;266.43;784.1933333333333;517.7633333333333
2026-08-01;2026-08-01 15:00:28.930;Campanha HEIST -> GOL(SPO LOG)/JADLOG/FAVORITA;JADLOG;35260801336140000360550010040632031993990315;4063203;32105641;MG;30kg+;80.592;859.95;703.1904179104478;-156.75958208955228
2026-08-01;2026-08-01 12:15:19.167;Campanha HEIST -> GOL(SPO LOG)/JADLOG/FAVORITA;JADLOG;35260801336140000360550010040631761617331581;4063176;32105213;MG;30kg+;93.408;311.36;703.1904179104478;391.83041791044775
2026-08-01;2026-08-01 11:00:27.520;Campanha HEIST -> GOL(SPO LOG)/JADLOG/FAVORITA;JADLOG;35260801336140000360550010040616481576031450;4061648;32104942;MG;30kg+;98.3296;282.64;703.1904179104478;420.5504179104478
2026-08-01;2026-08-01 05:55:13.143;Campanha HEIST -> GOL(SPO LOG)/JADLOG/FAVORITA;JADLOG;35260801336140000360550010040631461929301794;4063146;32104056;MG;30kg+;93.408;1198.38;703.1904179104478;-495.18958208955235
2026-08-01;2026-08-01 05:50:16.113;Campanha HEIST -> GOL(SPO LOG)/JADLOG/FAVORITA;JADLOG;35260801336140000360550010040631091894381190;4063109;32104055;MG;30kg+;93.408;1198.38;703.1904179104478;-495.18958208955235
2026-08-01;2026-08-01 02:45:21.273;Campanha HEIST -> GOL(SPO LOG)/JADLOG/FAVORITA;JADLOG;35260801336140000360550010040630711781926469;4063071;32103997;SP;20-30kg;24.108;70.66;375.2006624605678;304.5406624605678
2026-07-31;2026-07-31 21:15:19.990;Campanha HEIST -> GOL(SPO LOG)/JADLOG/FAVORITA;JADLOG;35260801336140000360550010040630731529074636;4063073;32102744;PE;30kg+;93.408;426.53;559.5709815950921;133.04098159509215
2026-07-31;2026-07-31 21:10:20.360;Campanha HEIST -> GOL(SPO LOG)/JADLOG/FAVORITA;JADLOG;35260801336140000360550010040630991807369708;4063099;32102726;PE;30kg+;93.408;426.53;559.5709815950921;133.04098159509215
2026-07-31;2026-07-31 20:40:21.290;Campanha HEIST -> GOL(SPO LOG)/JADLOG/FAVORITA;JADLOG;35260801336140000360550010040616551365708820;4061655;32102582;SP;10-20kg;16.08;38.33;377.716496350365;339.386496350365
2026-07-31;2026-07-31 20:30:24.980;Campanha HEIST -> GOL(SPO LOG)/JADLOG/FAVORITA;JADLOG;35260801336140000360550010040616401715847430;4061640;32102541;SP;20-30kg;28.758;105.74;375.2006624605678;269.4606624605678
2026-07-31;2026-07-31 18:55:17.420;Campanha HEIST -> GOL(SPO LOG)/JADLOG/FAVORITA;JADLOG;35260801336140000360550010040633881086545456;4063388;32101793;SP;30kg+;57.372;177.2;397.9043069948186;220.70430699481864
2026-07-31;2026-07-31 09:00:28.220;Campanha HEIST -> GOL(SPO LOG)/JADLOG/FAVORITA;JADLOG;35260801336140000360550010040630861305700671;4063086;32097715;MG;30kg+;93.408;275.01;703.1904179104478;428.1804179104478
2026-07-30;2026-07-30 14:00:26.223;Campanha HEIST -> GOL(SPO LOG)/JADLOG/FAVORITA;JADLOG;35260801336140000360550010040616181519429247;4061618;32092457;MG;30kg+;50.4;161.14;703.1904179104478;542.0504179104478
2026-07-30;2026-07-30 13:25:28.900;Campanha HEIST -> GOL(SPO LOG)/JADLOG/FAVORITA;JADLOG;35260801336140000360550010040634221684255692;4063422;32092125;RS;30kg+;53.76;202.67;639.6241803278688;436.9541803278688
2026-07-29;2026-07-29 23:45:24.040;Campanha HEIST -> GOL(SPO LOG)/JADLOG/FAVORITA;JADLOG;35260801336140000360550010040616261000112208;4061626;32088928;MG;30kg+;38.56379364;148.55;703.1904179104478;554.6404179104477
2026-07-29;2026-07-29 03:45:16.247;Campanha HEIST -> GOL(SPO LOG)/JADLOG/FAVORITA;JADLOG;35260801336140000360550010040616511491566185;4061651;32082071;SP;30kg+;52.64012845;163.06;397.9043069948186;234.84430699481862
2026-07-28;2026-07-28 21:00:26.053;Campanha HEIST -> GOL(SPO LOG)/JADLOG/FAVORITA;JADLOG;35260701336140000360550010040494911211752439;4049491;32080791;MG;30kg+;93.408;275.01;703.1904179104478;428.1804179104478
2026-07-28;2026-07-28 11:50:21.150;Campanha HEIST -> GOL(SPO LOG)/JADLOG/FAVORITA;JADLOG;35260801336140000360550010040616171598777963;4061617;32074307;BA;30kg+;53.76;579.43;632.1727540983607;52.742754098360706
2026-07-27;2026-07-27 16:00:29.563;Campanha HEIST -> GOL(SPO LOG)/JADLOG/FAVORITA;JADLOG;35260701336140000360550010040470651372476483;4047065;32066425;MG;30kg+;53.142;560.67;703.1904179104478;142.5204179104478
2026-07-26;2026-07-26 18:00:29.833;Campanha HEIST -> GOL(SPO LOG)/JADLOG/FAVORITA;JADLOG;35260701336140000360550010040469031952034852;4046903;32059561;MG;30kg+;95.06;276.95;703.1904179104478;426.2404179104478
2026-07-26;2026-07-26 14:40:24.603;Campanha HEIST -> GOL(SPO LOG)/JADLOG/FAVORITA;JADLOG;35260701336140000360550010040468461744670093;4046846;32056805;SP;30kg+;43.734;261.35;397.9043069948186;136.5543069948186
2026-07-25;2026-07-25 14:00:30.233;Campanha HEIST -> GOL(SPO LOG)/JADLOG/FAVORITA;JADLOG;35260701336140000360550010040467701332288280;4046770;32051691;MG;30kg+;65.21284369;198.14;703.1904179104478;505.0504179104478
2026-07-23;2026-07-23 20:30:36.957;Campanha HEIST -> GOL(SPO LOG)/JADLOG/FAVORITA;JADLOG;35260701336140000360550010040435891543610180;4043589;32041019;MG;30kg+;70.056;242.29;703.1904179104478;460.9004179104478
2026-07-23;2026-07-23 11:15:19.327;Campanha HEIST -> GOL(SPO LOG)/JADLOG/FAVORITA;JADLOG;35260701336140000360550010040426941904726766;4042694;32035382;MG;30kg+;93.408;999.63;703.1904179104478;-296.43958208955223
2026-07-18;2026-07-18 14:00:25.603;Campanha HEIST -> GOL(SPO LOG)/JADLOG/FAVORITA;JADLOG;35260701336140000360550010040386521968321337;4038652;31994251;SP;10-20kg;18.144;49.23;377.716496350365;328.486496350365
2026-07-06;2026-07-06 17:25:13.370;Campanha HEIST -> GOL(SPO LOG)/JADLOG/FAVORITA;FAVORITA TRANSPORTE;35260701336140000360550010040303561606003782;4030356;31908894;GO;20-30kg;27.84;93.82;386.85699999999997;293.037
2026-07-06;2026-07-06 20:20:17.340;Campanha HEIST -> GOL(SPO LOG)/JADLOG/FAVORITA;JADLOG;35260701336140000360550010040308961885032280;4030896;31910721;SP;30kg+;46.956;151.0;397.9043069948186;246.90430699481863
2026-07-07;2026-07-07 12:15:32.787;Campanha HEIST -> GOL(SPO LOG)/JADLOG/FAVORITA;JADLOG;35260701336140000360550010040312621369650484;4031262;31914347;MG;30kg+;59.712;186.48;703.1904179104478;516.7104179104477
2026-07-07;2026-07-07 14:20:34.910;Campanha HEIST -> GOL(SPO LOG)/JADLOG/FAVORITA;JADLOG;35260701336140000360550010040460951141461434;4046095;31914899;PR;30kg+;54.999;169.75;537.3662837837838;367.61628378378384
2026-07-07;2026-07-07 14:35:20.890;Campanha HEIST -> GOL(SPO LOG)/JADLOG/FAVORITA;JADLOG;35260701336140000360550010040312791388883259;4031279;31915118;SP;30kg+;60.708;291.31;397.9043069948186;106.59430699481862
2026-07-07;2026-07-07 14:35:20.890;Campanha HEIST -> GOL(SPO LOG)/JADLOG/FAVORITA;JADLOG;35260701336140000360550010040312721372626293;4031272;31915119;MG;30kg+;93.408;283.45;703.1904179104478;419.7404179104478
2026-07-07;2026-07-07 16:40:22.213;Campanha HEIST -> GOL(SPO LOG)/JADLOG/FAVORITA;JADLOG;35260701336140000360550010040314951065384336;4031495;31916605;PR;30kg+;93.408;268.83;537.3662837837838;268.53628378378386
2026-07-07;2026-07-07 19:00:30.720;Campanha HEIST -> GOL(SPO LOG)/JADLOG/FAVORITA;JADLOG;35260701336140000360550010040314971927830554;4031497;31917819;SC;30kg+;78.54;276.99;573.3730337078651;296.38303370786514
2026-07-08;2026-07-08 11:05:16.290;Campanha HEIST -> GOL(SPO LOG)/JADLOG/FAVORITA;JADLOG;35260701336140000360550010040320551192686061;4032055;31921864;SP;30kg+;73.584;220.77;397.9043069948186;177.13430699481862
2026-07-08;2026-07-08 18:35:12.430;Campanha HEIST -> GOL(SPO LOG)/JADLOG/FAVORITA;JADLOG;35260701336140000360550010040329421161591280;4032942;31925414;SP;30kg+;71.592;215.94;397.9043069948186;181.96430699481863
2026-07-08;2026-07-08 21:35:11.030;Campanha HEIST -> GOL(SPO LOG)/JADLOG/FAVORITA;JADLOG;35260701336140000360550010040329481124160585;4032948;31926517;BA;30kg+;36.888964;372.66;632.1727540983607;259.51275409836063
2026-07-09;2026-07-09 08:20:19.067;Campanha HEIST -> GOL(SPO LOG)/JADLOG/FAVORITA;JADLOG;35260701336140000360550010040330731468723481;4033073;31928016;SP;20-30kg;27.936;98.13;375.2006624605678;277.0706624605678
2026-07-09;2026-07-09 10:35:15.047;Campanha HEIST -> GOL(SPO LOG)/JADLOG/FAVORITA;JADLOG;35260701336140000360550010040330851825395073;4033085;31928656;SP;3-5kg;4.536;17.12;376.4645323741007;359.3445323741007
2026-07-09;2026-07-09 12:50:17.867;Campanha HEIST -> GOL(SPO LOG)/JADLOG/FAVORITA;JADLOG;35260701336140000360550010040331061552773802;4033106;31929514;SP;30kg+;46.734;163.19;397.9043069948186;234.71430699481863
2026-07-09;2026-07-09 22:09:04.117;Campanha HEIST -> GOL(SPO LOG)/JADLOG/FAVORITA;JADLOG;35260701336140000360550010040331201668579769;4033120;31932776;BA;30kg+;48.48;514.68;632.1727540983607;117.4927540983607
2026-07-09;2026-07-09 22:09:42.307;Campanha HEIST -> GOL(SPO LOG)/JADLOG/FAVORITA;JADLOG;35260701336140000360550010040331191269308019;4033119;31932780;SP;3-5kg;4.572;15.64;376.4645323741007;360.8245323741007
2026-07-10;2026-07-10 11:40:17.733;Campanha HEIST -> GOL(SPO LOG)/JADLOG/FAVORITA;JADLOG;35260701336140000360550010040329541483129250;4032954;31935349;SP;30kg+;36.288;120.87;397.9043069948186;277.0343069948186
2026-07-10;2026-07-10 18:45:18.747;Campanha HEIST -> GOL(SPO LOG)/JADLOG/FAVORITA;FAVORITA TRANSPORTE;35260701336140000360550010040331661128104891;4033166;31938755;RO;20-30kg;24.024;166.19;461.6;295.41
2026-07-11;2026-07-11 13:00:28.523;Campanha HEIST -> GOL(SPO LOG)/JADLOG/FAVORITA;JADLOG;35260701336140000360550010040339651434259666;4033965;31941847;SP;30kg+;51.8664258;250.24;397.9043069948186;147.66430699481862
2026-07-11;2026-07-11 13:45:19.683;Campanha HEIST -> GOL(SPO LOG)/JADLOG/FAVORITA;JADLOG;35260701336140000360550010040340311068568203;4034031;31942026;SP;30kg+;54.276;185.15;397.9043069948186;212.75430699481862
2026-07-11;2026-07-11 17:30:27.997;Campanha HEIST -> GOL(SPO LOG)/JADLOG/FAVORITA;JADLOG;35260701336140000360550010040340501616329549;4034050;31942946;RS;10-20kg;13.236;33.22;359.7268;326.5068
2026-07-11;2026-07-11 20:15:23.920;Campanha HEIST -> GOL(SPO LOG)/JADLOG/FAVORITA;JADLOG;35260701336140000360550010040340511722881915;4034051;31943674;PR;30kg+;70.584;221.88;537.3662837837838;315.48628378378385
2026-07-12;2026-07-12 13:40:18.933;Campanha HEIST -> GOL(SPO LOG)/JADLOG/FAVORITA;JADLOG;35260701336140000360550010040340561572530787;4034056;31946849;AL;30kg+;99.846;2442.8;720.6108695652174;-1722.1891304347828
2026-07-12;2026-07-12 13:45:16.970;Campanha HEIST -> GOL(SPO LOG)/JADLOG/FAVORITA;JADLOG;35260701336140000360550010040340601891056821;4034060;31946947;AL;30kg+;93.408;2280.45;720.6108695652174;-1559.8391304347824
2026-08-19;2026-08-19 21:45:29.660;Campanha HEIST -> GOL(SPO LOG)/JADLOG/FAVORITA;JADLOG;35260801336140000360550010040717401146660372;4071740;32322547;SP;30kg+;89.32725624999999;260.74;397.9043069948186;137.16430699481862
2026-08-19;2026-08-19 15:15:31.843;Campanha HEIST -> GOL(SPO LOG)/JADLOG/FAVORITA;JADLOG;35260801336140000360550010040714081396530383;4071408;32318806;SP;30kg+;98.3296;286.1;397.9043069948186;111.8043069948186
2026-08-15;2026-08-15 07:55:19.373;Campanha HEIST -> GOL(SPO LOG)/JADLOG/FAVORITA;JADLOG;35260801336140000360550010040695531845101968;4069553;32289339;SP;20-30kg;20.52;52.92;375.2006624605678;322.2806624605678
2026-08-13;2026-08-13 12:15:35.017;Campanha HEIST -> GOL(SPO LOG)/JADLOG/FAVORITA;JADLOG;35260801336140000360550010040673921771783139;4067392;32273846;SP;30kg+;53.76;167.58;397.9043069948186;230.3243069948186
2026-08-08;2026-08-08 12:55:18.223;Campanha HEIST -> GOL(SPO LOG)/JADLOG/FAVORITA;JADLOG;35260801336140000360550010040632211522899138;4063221;32234597;SP;30kg+;47.982;166.93;397.9043069948186;230.97430699481862
2026-07-12;2026-07-12 14:10:18.537;Campanha HEIST -> GOL(SPO LOG)/JADLOG/FAVORITA;JADLOG;35260701336140000360550010040340661115265874;4034066;31947082;AL;30kg+;93.408;2280.45;720.6108695652174;-1559.8391304347824
2026-07-12;2026-07-12 16:30:22.717;Campanha HEIST -> GOL(SPO LOG)/JADLOG/FAVORITA;JADLOG;35260701336140000360550010040339861460205861;4033986;31948256;SP;10-20kg;12.876;28.63;377.716496350365;349.086496350365
2026-07-12;2026-07-12 18:45:18.087;Campanha HEIST -> GOL(SPO LOG)/JADLOG/FAVORITA;JADLOG;35260701336140000360550010040339911965062464;4033991;31948957;BA;30kg+;39.364075008;403.2;632.1727540983607;228.97275409836067
2026-07-12;2026-07-12 22:45:17.690;Campanha HEIST -> GOL(SPO LOG)/JADLOG/FAVORITA;JADLOG;35260701336140000360550010040340681666655231;4034068;31950707;PR;30kg+;87.92;267.39;537.3662837837838;269.97628378378386
2026-07-13;2026-07-13 09:30:43.837;Campanha HEIST -> GOL(SPO LOG)/JADLOG/FAVORITA;JADLOG;35260701336140000360550010040340761207811510;4034076;31952171;BA;30kg+;93.408;299.24;632.1727540983607;332.93275409836065
2026-07-13;2026-07-13 12:55:19.000;Campanha HEIST -> GOL(SPO LOG)/JADLOG/FAVORITA;FAVORITA TRANSPORTE;35260701336140000360550010040339051719707103;4033905;31953798;GO;30kg+;32.28;121.82;502.2634285714286;380.4434285714286
2026-07-13;2026-07-13 19:30:31.180;Campanha HEIST -> GOL(SPO LOG)/JADLOG/FAVORITA;JADLOG;35260701336140000360550010040347111732832057;4034711;31957727;SP;20-30kg;27.84;97.8;375.2006624605678;277.4006624605678
2026-07-13;2026-07-13 19:30:31.180;Campanha HEIST -> GOL(SPO LOG)/JADLOG/FAVORITA;JADLOG;35260701336140000360550010040347141157958616;4034714;31957732;BA;30kg+;70.056;777.31;632.1727540983607;-145.1372459016393
2026-07-14;2026-07-14 10:55:36.820;Campanha HEIST -> GOL(SPO LOG)/JADLOG/FAVORITA;JADLOG;35260701336140000360550010040347281878242405;4034728;31960864;BA;30kg+;40.824;422.39;632.1727540983607;209.78275409836067
2026-07-14;2026-07-14 11:08:57.467;Campanha HEIST -> GOL(SPO LOG)/JADLOG/FAVORITA;JADLOG;35260701336140000360550010040347291999176923;4034729;31960928;SP;3-5kg;4.584;17.12;376.4645323741007;359.3445323741007
2026-07-14;2026-07-14 14:15:26.990;Campanha HEIST -> GOL(SPO LOG)/JADLOG/FAVORITA;JADLOG;35260701336140000360550010040347271754199624;4034727;31962623;RN;30kg+;51.996;238.52;709.5384615384615;471.01846153846157
2026-07-14;2026-07-14 15:15:18.090;Campanha HEIST -> GOL(SPO LOG)/JADLOG/FAVORITA;JADLOG;35260701336140000360550010040347261361725528;4034726;31963214;SP;20-30kg;22.896;60.59;375.2006624605678;314.6106624605678
2026-07-14;2026-07-14 18:15:20.147;Campanha HEIST -> GOL(SPO LOG)/JADLOG/FAVORITA;JADLOG;35260701336140000360550010040347701353685065;4034770;31965023;SP;20-30kg;22.728;60.7;375.2006624605678;314.5006624605678
2026-07-14;2026-07-14 19:15:19.150;Campanha HEIST -> GOL(SPO LOG)/JADLOG/FAVORITA;JADLOG;35260701336140000360550010040355881738096653;4035588;31965466;PR;30kg+;51.276;168.07;537.3662837837838;369.29628378378385
2026-07-14;2026-07-14 21:45:18.170;Campanha HEIST -> GOL(SPO LOG)/JADLOG/FAVORITA;JADLOG;35260701336140000360550010040355941260099480;4035594;31966457;SP;10-20kg;16.008;81.16;377.716496350365;296.556496350365
2026-07-15;2026-07-15 09:45:22.407;Campanha HEIST -> GOL(SPO LOG)/JADLOG/FAVORITA;JADLOG;35260701336140000360550010040363331122214770;4036333;31968295;PR;30kg+;61.488;196.02;537.3662837837838;341.34628378378386
2026-07-15;2026-07-15 11:20:19.897;Campanha HEIST -> GOL(SPO LOG)/JADLOG/FAVORITA;FAVORITA TRANSPORTE;35260701336140000360550010040349561917123535;4034956;31970351;GO;30kg+;53.76;138.64;502.2634285714286;363.62342857142863
2026-07-15;2026-07-15 13:15:22.310;Campanha HEIST -> GOL(SPO LOG)/JADLOG/FAVORITA;JADLOG;35260701336140000360550010040364001551563827;4036400;31971517;SP;30kg+;93.408;273.95;397.9043069948186;123.95430699481864
2026-07-15;2026-07-15 15:00:34.923;Campanha HEIST -> GOL(SPO LOG)/JADLOG/FAVORITA;JADLOG;35260701336140000360550010040364231959109655;4036423;31972415;SP;30kg+;53.196;258.43;397.9043069948186;139.47430699481862
2026-07-15;2026-07-15 20:25:12.073;Campanha HEIST -> GOL(SPO LOG)/JADLOG/FAVORITA;JADLOG;35260701336140000360550010040364261808117162;4036426;31975200;SP;30kg+;30.648;115.73;397.9043069948186;282.1743069948186
2026-07-16;2026-07-16 12:30:26.067;Campanha HEIST -> GOL(SPO LOG)/JADLOG/FAVORITA;JADLOG;35260701336140000360550010040358501845601504;4035850;31979512;SP;20-30kg;27.84;146.74;375.2006624605678;228.4606624605678
2026-07-16;2026-07-16 18:54:56.430;Campanha HEIST -> GOL(SPO LOG)/JADLOG/FAVORITA;JADLOG;35260701336140000360550010040365241245249735;4036524;31983327;SP;30kg+;32.016;119.78;397.9043069948186;278.12430699481865
2026-07-16;2026-07-16 22:15:18.623;Campanha HEIST -> GOL(SPO LOG)/JADLOG/FAVORITA;JADLOG;35260701336140000360550010040365391538332540;4036539;31984760;BA;5-10kg;6.72;56.64;294.1158904109589;237.47589041095893
2026-07-17;2026-07-17 09:00:28.347;Campanha HEIST -> GOL(SPO LOG)/JADLOG/FAVORITA;JADLOG;35260701336140000360550010040365681840565510;4036568;31986146;MG;30kg+;55.40262241;199.1;703.1904179104478;504.09041791044774
2026-07-17;2026-07-17 15:55:18.657;Campanha HEIST -> GOL(SPO LOG)/JADLOG/FAVORITA;JADLOG;35260701336140000360550010040366991340942279;4036699;31988918;SP;30kg+;54.88227044999999;184.81;397.9043069948186;213.09430699481862
2026-07-18;2026-07-18 16:25:18.453;Campanha HEIST -> GOL(SPO LOG)/JADLOG/FAVORITA;JADLOG;35260701336140000360550010040387371011440518;4038737;31994793;BA;30kg+;37.527;140.33;632.1727540983607;491.8427540983606
2026-07-18;2026-07-18 22:30:23.697;Campanha HEIST -> GOL(SPO LOG)/JADLOG/FAVORITA;JADLOG;35260701336140000360550010040385451882093000;4038545;31996304;SP;10-20kg;12.876;28.63;377.716496350365;349.086496350365
2026-07-20;2026-07-20 19:00:32.083;Campanha HEIST -> GOL(SPO LOG)/JADLOG/FAVORITA;JADLOG;35260701336140000360550010040390241298486142;4039024;32011725;MG;10-20kg;11.472;31.38;349.35677966101696;317.97677966101696
2026-07-20;2026-07-20 21:35:17.260;Campanha HEIST -> GOL(SPO LOG)/JADLOG/FAVORITA;FAVORITA TRANSPORTE;35260701336140000360550010040388491300422884;4038849;32013473;AC;30kg+;36.288;173.36;929.5450000000001;756.1850000000001
2026-07-20;2026-07-20 21:35:17.260;Campanha HEIST -> GOL(SPO LOG)/JADLOG/FAVORITA;FAVORITA TRANSPORTE;35260701336140000360550010040388521784099691;4038852;32013474;AC;30kg+;36.288;173.36;929.5450000000001;756.1850000000001
2026-07-21;2026-07-21 07:15:21.817;Campanha HEIST -> GOL(SPO LOG)/JADLOG/FAVORITA;JADLOG;35260701336140000360550010040390531574883661;4039053;32015147;SP;10-20kg;18.48;48.73;377.716496350365;328.986496350365
2026-07-21;2026-07-21 14:15:20.070;Campanha HEIST -> GOL(SPO LOG)/JADLOG/FAVORITA;JADLOG;35260701336140000360550010040411861648410358;4041186;32017820;RN;30kg+;50.813;233.66;709.5384615384615;475.8784615384616
2026-07-21;2026-07-21 15:15:17.130;Campanha HEIST -> GOL(SPO LOG)/JADLOG/FAVORITA;JADLOG;35260701336140000360550010040392611894159010;4039261;32018680;BA;20-30kg;22.68;210.49;407.9010810810811;197.41108108108108
2026-07-21;2026-07-21 17:00:27.770;Campanha HEIST -> GOL(SPO LOG)/JADLOG/FAVORITA;JADLOG;35260701336140000360550010040392631208251948;4039263;32020021;SP;20-30kg;22.68;66.2;375.2006624605678;309.0006624605678
2026-07-21;2026-07-21 18:41:14.357;Campanha HEIST -> GOL(SPO LOG)/JADLOG/FAVORITA;JADLOG;35260701336140000360550010040404631650360157;4040463;32021126;SP;3-5kg;3.48;15.73;376.4645323741007;360.7345323741007
2026-07-21;2026-07-21 18:41:35.413;Campanha HEIST -> GOL(SPO LOG)/JADLOG/FAVORITA;JADLOG;35260701336140000360550010040404651927463948;4040465;32021128;SP;30kg+;43.086;152.61;397.9043069948186;245.2943069948186
2026-07-21;2026-07-21 18:43:32.217;Campanha HEIST -> GOL(SPO LOG)/JADLOG/FAVORITA;JADLOG;35260701336140000360550010040404641963587042;4040464;32021131;SP;5-10kg;6.72;19.82;366.5678466076696;346.7478466076696
2026-07-21;2026-07-21 18:43:37.157;Campanha HEIST -> GOL(SPO LOG)/JADLOG/FAVORITA;JADLOG;35260701336140000360550010040470811639781549;4047081;32021132;MG;30kg+;63.45111292799999;221.96;703.1904179104478;481.2304179104477
2026-07-21;2026-07-21 19:00:29.820;Campanha HEIST -> GOL(SPO LOG)/JADLOG/FAVORITA;JADLOG;35260701336140000360550010040406171247079516;4040617;32021279;SP;20-30kg;20.592;57.36;375.2006624605678;317.8406624605678
2026-07-21;2026-07-21 19:20:17.440;Campanha HEIST -> GOL(SPO LOG)/JADLOG/FAVORITA;JADLOG;35260701336140000360550010040406381060186904;4040638;32021467;SP;10-20kg;12.12;28.26;377.716496350365;349.456496350365
2026-07-21;2026-07-21 20:20:16.970;Campanha HEIST -> GOL(SPO LOG)/JADLOG/FAVORITA;JADLOG;35260701336140000360550010040406341062521361;4040634;32021963;SP;20-30kg;27.84;150.18;375.2006624605678;225.0206624605678
2026-07-22;2026-07-22 10:00:34.050;Campanha HEIST -> GOL(SPO LOG)/JADLOG/FAVORITA;JADLOG;35260701336140000360550010040406731810735657;4040673;32024743;SP;10-20kg;10.464;47.86;377.716496350365;329.856496350365
2026-07-22;2026-07-22 11:35:15.633;Campanha HEIST -> GOL(SPO LOG)/JADLOG/FAVORITA;JADLOG;35260701336140000360550010040406741129945139;4040674;32025453;SP;30kg+;36.178;121.13;397.9043069948186;276.77430699481863
2026-07-22;2026-07-22 12:45:19.200;Campanha HEIST -> GOL(SPO LOG)/JADLOG/FAVORITA;FAVORITA TRANSPORTE;35260701336140000360550010040418031814674831;4041803;32026181;GO;30kg+;78.850509;106.75;502.2634285714286;395.5134285714286
2026-07-22;2026-07-22 13:35:14.630;Campanha HEIST -> GOL(SPO LOG)/JADLOG/FAVORITA;FAVORITA TRANSPORTE;35260701336140000360550010040460991601024791;4046099;32026484;GO;30kg+;56.637684;137.58;502.2634285714286;364.68342857142864
2026-07-22;2026-07-22 13:40:21.140;Campanha HEIST -> GOL(SPO LOG)/JADLOG/FAVORITA;JADLOG;35260701336140000360550010040461001846443676;4046100;32026523;BA;20-30kg;20.16;63.91;407.9010810810811;343.9910810810811
2026-07-22;2026-07-22 13:50:20.800;Campanha HEIST -> GOL(SPO LOG)/JADLOG/FAVORITA;JADLOG;35260701336140000360550010040430321755601680;4043032;32026588;BA;30kg+;93.408;299.24;632.1727540983607;332.93275409836065
2026-07-22;2026-07-22 14:30:26.337;Campanha HEIST -> GOL(SPO LOG)/JADLOG/FAVORITA;FAVORITA TRANSPORTE;35260701336140000360550010040460261865742722;4046026;32026837;MS;30kg+;100.608;188.08;512.7392857142858;324.6592857142857
2026-07-22;2026-07-22 14:55:16.537;Campanha HEIST -> GOL(SPO LOG)/JADLOG/FAVORITA;JADLOG;35260701336140000360550010040429201459611263;4042920;32027031;MA;30kg+;93.408;336.88;784.1933333333333;447.3133333333333
2026-07-22;2026-07-22 15:30:25.357;Campanha HEIST -> GOL(SPO LOG)/JADLOG/FAVORITA;JADLOG;35260701336140000360550010040429761856490980;4042976;32027303;MG;30kg+;93.408;272.4;703.1904179104478;430.7904179104478
2026-07-22;2026-07-22 16:03:56.837;Campanha HEIST -> GOL(SPO LOG)/JADLOG/FAVORITA;JADLOG;35260701336140000360550010040430241077000022;4043024;32028332;BA;30kg+;139.512;1622.56;632.1727540983607;-990.3872459016393
2026-07-22;2026-07-22 16:04:46.047;Campanha HEIST -> GOL(SPO LOG)/JADLOG/FAVORITA;JADLOG;35260701336140000360550010040406751041602810;4040675;32028335;BA;10-20kg;18.144;208.59;388.9172222222222;180.32722222222222
2026-07-22;2026-07-22 17:45:21.640;Campanha HEIST -> GOL(SPO LOG)/JADLOG/FAVORITA;JADLOG;35260701336140000360550010040460421599585628;4046042;32029539;SP;10-20kg;13.44;30.5;377.716496350365;347.216496350365
2026-07-22;2026-07-22 21:00:29.800;Campanha HEIST -> GOL(SPO LOG)/JADLOG/FAVORITA;JADLOG;35260701336140000360550010040429381908712953;4042938;32031350;SE;30kg+;53.76;191.19;513.4777777777778;322.28777777777776
2026-07-22;2026-07-22 21:30:36.570;Campanha HEIST -> GOL(SPO LOG)/JADLOG/FAVORITA;JADLOG;35260701336140000360550010040429461682049142;4042946;32031590;RS;30kg+;93.408;999.63;639.6241803278688;-360.0058196721312
2026-07-31;2026-07-31 12:35:16.760;Campanha HEIST -> GOL(SPO LOG)/JADLOG/FAVORITA;JADLOG;35260801336140000360550010040616521607402199;4061652;32099059;SP;30kg+;87.69467761;281.76;397.9043069948186;116.14430699481863
2026-07-29;2026-07-29 20:15:21.083;Campanha HEIST -> GOL(SPO LOG)/JADLOG/FAVORITA;JADLOG;35260801336140000360550010040616661462064196;4061666;32087883;PE;30kg+;53.76;216.72;559.5709815950921;342.8509815950921
2026-07-29;2026-07-29 16:45:20.817;Campanha HEIST -> GOL(SPO LOG)/JADLOG/FAVORITA;JADLOG;35260701336140000360550010040485861380533190;4048586;32086258;BA;30kg+;53.76;579.39;632.1727540983607;52.78275409836067
2026-07-26;2026-07-26 20:45:20.573;Campanha HEIST -> GOL(SPO LOG)/JADLOG/FAVORITA;JADLOG;35260701336140000360550010040470541665111647;4047054;32060947;SP;30kg+;41.748;148.19;397.9043069948186;249.71430699481863
2026-07-26;2026-07-26 20:35:15.553;Campanha HEIST -> GOL(SPO LOG)/JADLOG/FAVORITA;JADLOG;35260701336140000360550010040470441883332932;4047044;32060822;SP;30kg+;38.472;138.92;397.9043069948186;258.98430699481867
2026-07-26;2026-07-26 11:00:30.470;Campanha HEIST -> GOL(SPO LOG)/JADLOG/FAVORITA;JADLOG;35260701336140000360550010040468331034433020;4046833;32055278;SP;30kg+;50.628;175.5;397.9043069948186;222.40430699481863
2026-07-26;2026-07-26 10:10:19.397;Campanha HEIST -> GOL(SPO LOG)/JADLOG/FAVORITA;JADLOG;35260701336140000360550010040468161429605001;4046816;32054982;SP;5-10kg;9.072;41.35;366.5678466076696;325.21784660766957
2026-07-25;2026-07-25 11:00:28.337;Campanha HEIST -> GOL(SPO LOG)/JADLOG/FAVORITA;JADLOG;35260701336140000360550010040467681304740419;4046768;32051049;SP;30kg+;58.898;182.02;397.9043069948186;215.88430699481862
2026-07-24;2026-07-24 21:15:21.730;Campanha HEIST -> GOL(SPO LOG)/JADLOG/FAVORITA;JADLOG;35260701336140000360550010040467321660480721;4046732;32048977;SP;30kg+;57.795135552000005;195.36;397.9043069948186;202.5443069948186
2026-07-24;2026-07-24 21:00:28.213;Campanha HEIST -> GOL(SPO LOG)/JADLOG/FAVORITA;JADLOG;35260701336140000360550010040467291433562977;4046729;32048876;SP;30kg+;53.76;184.08;397.9043069948186;213.8243069948186
2026-07-24;2026-07-24 19:30:29.650;Campanha HEIST -> GOL(SPO LOG)/JADLOG/FAVORITA;JADLOG;35260701336140000360550010040467271250178057;4046727;32048234;SP;30kg+;42.882;139.77;397.9043069948186;258.13430699481864
2026-07-24;2026-07-24 17:00:29.983;Campanha HEIST -> GOL(SPO LOG)/JADLOG/FAVORITA;JADLOG;35260701336140000360550010040439701865313841;4043970;32046614;SP;30kg+;77.7866628;252.56;397.9043069948186;145.34430699481862
2026-07-24;2026-07-24 16:10:23.907;Campanha HEIST -> GOL(SPO LOG)/JADLOG/FAVORITA;JADLOG;35260701336140000360550010040439881044295828;4043988;32046231;SP;30kg+;38.494;138.6;397.9043069948186;259.3043069948186
2026-07-24;2026-07-24 15:15:20.760;Campanha HEIST -> GOL(SPO LOG)/JADLOG/FAVORITA;JADLOG;35260701336140000360550010040440861135334754;4044086;32045805;SP;30kg+;94.234;303.48;397.9043069948186;94.42430699481861
2026-07-24;2026-07-24 14:15:26.007;Campanha HEIST -> GOL(SPO LOG)/JADLOG/FAVORITA;JADLOG;35260701336140000360550010040460731393024619;4046073;32045205;SP;30kg+;37.752;124.75;397.9043069948186;273.1543069948186
2026-07-24;2026-07-24 13:35:14.917;Campanha HEIST -> GOL(SPO LOG)/JADLOG/FAVORITA;JADLOG;35260701336140000360550010040461091279208883;4046109;32045049;SP;30kg+;45.036;158.19;397.9043069948186;239.71430699481863
2026-07-24;2026-07-24 13:00:29.970;Campanha HEIST -> GOL(SPO LOG)/JADLOG/FAVORITA;JADLOG;35260701336140000360550010040439631586129535;4043963;32044953;SP;20-30kg;23.352;122.63;375.2006624605678;252.5706624605678
2026-07-24;2026-07-24 11:45:20.253;Campanha HEIST -> GOL(SPO LOG)/JADLOG/FAVORITA;JADLOG;35260701336140000360550010040460381982794134;4046038;32044520;SP;30kg+;48.426;154.68;397.9043069948186;243.22430699481862
2026-07-23;2026-07-23 23:00:29.333;Campanha HEIST -> GOL(SPO LOG)/JADLOG/FAVORITA;JADLOG;35260701336140000360550010040460841175190740;4046084;32041957;SP;30kg+;38.424;125.85;397.9043069948186;272.0543069948186
2026-07-23;2026-07-23 19:15:17.540;Campanha HEIST -> GOL(SPO LOG)/JADLOG/FAVORITA;JADLOG;35260701336140000360550010040460651280817760;4046065;32040377;SP;20-30kg;28.14438976;105.24;375.2006624605678;269.9606624605678
2026-07-23;2026-07-23 18:15:18.813;Campanha HEIST -> GOL(SPO LOG)/JADLOG/FAVORITA;JADLOG;35260701336140000360550010040425301730997120;4042530;32039717;SP;30kg+;40.656;145.19;397.9043069948186;252.71430699481863
2026-07-23;2026-07-23 12:40:17.673;Campanha HEIST -> GOL(SPO LOG)/JADLOG/FAVORITA;JADLOG;35260701336140000360550010040424501272479444;4042450;32036178;SP;30kg+;77.7866628;252.56;397.9043069948186;145.34430699481862
2026-07-23;2026-07-23 11:15:19.327;Campanha HEIST -> GOL(SPO LOG)/JADLOG/FAVORITA;JADLOG;35260701336140000360550010040427181362906308;4042718;32035368;SP;30kg+;77.7866628;229.73;397.9043069948186;168.17430699481864
2026-07-23;2026-07-23 11:05:16.397;Campanha HEIST -> GOL(SPO LOG)/JADLOG/FAVORITA;JADLOG;35260701336140000360550010040460541657560832;4046054;32035205;SP;30kg+;40.32;144.23;397.9043069948186;253.67430699481864
2026-07-23;2026-07-23 10:15:18.237;Campanha HEIST -> GOL(SPO LOG)/JADLOG/FAVORITA;JADLOG;35260701336140000360550010040427011366558439;4042701;32034615;SP;30kg+;36.288;132.69;397.9043069948186;265.2143069948186
2026-07-23;2026-07-23 07:30:32.267;Campanha HEIST -> GOL(SPO LOG)/JADLOG/FAVORITA;JADLOG;35260701336140000360550010040461011715741743;4046101;32033813;SP;30kg+;44.47017616;156.1;397.9043069948186;241.80430699481863
2026-07-22;2026-07-22 23:05:35.607;Campanha HEIST -> GOL(SPO LOG)/JADLOG/FAVORITA;JADLOG;35260701336140000360550010040430301079480088;4043030;32032390;SP;30kg+;86.316;254.8;397.9043069948186;143.10430699481861
2026-07-22;2026-07-22 21:30:36.570;Campanha HEIST -> GOL(SPO LOG)/JADLOG/FAVORITA;JADLOG;35260701336140000360550010040460881088487352;4046088;32031591;SP;30kg+;42.67028356;151.52;397.9043069948186;246.38430699481862
2026-07-22;2026-07-22 21:20:20.607;Campanha HEIST -> GOL(SPO LOG)/JADLOG/FAVORITA;JADLOG;35260701336140000360550010040429441025946119;4042944;32031518;SP;30kg+;53.76;167.58;397.9043069948186;230.3243069948186
2026-07-22;2026-07-22 15:30:25.357;Campanha HEIST -> GOL(SPO LOG)/JADLOG/FAVORITA;JADLOG;35260701336140000360550010040460961150303495;4046096;32027309;SP;30kg+;42.18585664;135.56;397.9043069948186;262.3443069948186
2026-07-22;2026-07-22 15:30:25.357;Campanha HEIST -> GOL(SPO LOG)/JADLOG/FAVORITA;JADLOG;35260701336140000360550010040429621311318033;4042962;32027300;SE;30kg+;81.732;287.84;513.4777777777778;225.63777777777779
2026-07-22;2026-07-22 15:30:25.357;Campanha HEIST -> GOL(SPO LOG)/JADLOG/FAVORITA;JADLOG;35260701336140000360550010040424071081534032;4042407;32027299;SP;30kg+;85.238;277.96;397.9043069948186;119.94430699481865
2026-07-22;2026-07-22 15:15:19.170;Campanha HEIST -> GOL(SPO LOG)/JADLOG/FAVORITA;JADLOG;35260701336140000360550010040429211123878920;4042921;32027157;SP;30kg+;51.576;161.8;397.9043069948186;236.10430699481861
2026-07-22;2026-07-22 13:30:28.357;Campanha HEIST -> GOL(SPO LOG)/JADLOG/FAVORITA;JADLOG;35260701336140000360550010040422351555853692;4042235;32026456;SP;30kg+;93.408;300.91;397.9043069948186;96.9943069948186
2026-07-21;2026-07-21 20:35:14.043;Campanha HEIST -> GOL(SPO LOG)/JADLOG/FAVORITA;JADLOG;35260701336140000360550010040406531207635600;4040653;32022074;SP;30kg+;44.072;219.21;397.9043069948186;178.69430699481862
2026-07-20;2026-07-20 22:45:27.007;Campanha HEIST -> GOL(SPO LOG)/JADLOG/FAVORITA;JADLOG;35260701336140000360550010040390511749118425;4039051;32014024;SP;30kg+;30.192;104.31;397.9043069948186;293.5943069948186
2026-07-20;2026-07-20 18:45:18.727;Campanha HEIST -> GOL(SPO LOG)/JADLOG/FAVORITA;JADLOG;35260701336140000360550010040390231976034910;4039023;32011601;SP;30kg+;80.136;238.3;397.9043069948186;159.60430699481861
2026-07-22;2026-07-22 21:45:18.907;Campanha HEIST -> GOL(SPO LOG)/JADLOG/FAVORITA;JADLOG;35260701336140000360550010040460981411168370;4046098;32031730;RN;30kg+;72.144;327.65;709.5384615384615;381.88846153846157
2026-07-22;2026-07-22 23:00:35.093;Campanha HEIST -> GOL(SPO LOG)/JADLOG/FAVORITA;FAVORITA TRANSPORTE;35260701336140000360550010040414391260119250;4041439;32032366;GO;30kg+;139.73652;151.68;502.2634285714286;350.5834285714286
2026-07-23;2026-07-23 07:45:19.177;Campanha HEIST -> GOL(SPO LOG)/JADLOG/FAVORITA;JADLOG;35260701336140000360550010040429881652997328;4042988;32033845;BA;20-30kg;23.316;222.14;407.9010810810811;185.7610810810811
2026-07-23;2026-07-23 10:15:18.237;Campanha HEIST -> GOL(SPO LOG)/JADLOG/FAVORITA;FAVORITA TRANSPORTE;35260701336140000360550010040413881000789750;4041388;32034626;GO;3-5kg;3.773;64.84;306.4533333333333;241.61333333333332
2026-07-23;2026-07-23 10:30:35.430;Campanha HEIST -> GOL(SPO LOG)/JADLOG/FAVORITA;JADLOG;35260701336140000360550010040427351807695180;4042735;32034846;BA;30kg+;68.64993181199999;758.57;632.1727540983607;-126.3972459016394
2026-07-23;2026-07-23 10:30:52.573;Campanha HEIST -> GOL(SPO LOG)/JADLOG/FAVORITA;JADLOG;35260701336140000360550010040427341686954387;4042734;32034850;MA;10-20kg;13.608;71.17;454.4175;383.2475
2026-07-23;2026-07-23 12:40:17.673;Campanha HEIST -> GOL(SPO LOG)/JADLOG/FAVORITA;JADLOG;35260701336140000360550010040424401991226595;4042440;32036186;MG;30kg+;46.704;490.2;703.1904179104478;212.99041791044777
2026-07-23;2026-07-23 17:30:21.250;Campanha HEIST -> GOL(SPO LOG)/JADLOG/FAVORITA;JADLOG;35260701336140000360550010040425491057137741;4042549;32039235;PE;30kg+;93.408;359.16;559.5709815950921;200.4109815950921
2026-07-23;2026-07-23 17:30:21.250;Campanha HEIST -> GOL(SPO LOG)/JADLOG/FAVORITA;JADLOG;35260701336140000360550010040424971128212386;4042497;32039245;PE;30kg+;93.408;359.16;559.5709815950921;200.4109815950921
2026-07-23;2026-07-23 18:50:18.703;Campanha HEIST -> GOL(SPO LOG)/JADLOG/FAVORITA;JADLOG;35260701336140000360550010040460891884594016;4046089;32040091;CE;30kg+;52.686;280.61;804.6896428571429;524.0796428571429
2026-07-23;2026-07-23 20:30:36.957;Campanha HEIST -> GOL(SPO LOG)/JADLOG/FAVORITA;JADLOG;35260701336140000360550010040435991441188795;4043599;32041018;SP;30kg+;63.972;303.74;397.9043069948186;94.16430699481862
2026-07-24;2026-07-24 07:45:22.853;Campanha HEIST -> GOL(SPO LOG)/JADLOG/FAVORITA;JADLOG;35260701336140000360550010040439601827611141;4043960;32043417;PE;30kg+;93.408;359.16;559.5709815950921;200.4109815950921
2026-07-24;2026-07-24 10:15:21.167;Campanha HEIST -> GOL(SPO LOG)/JADLOG/FAVORITA;JADLOG;35260701336140000360550010040431951670969344;4043195;32044034;BA;30kg+;36.288;475.44;632.1727540983607;156.73275409836066
2026-07-24;2026-07-24 16:30:25.343;Campanha HEIST -> GOL(SPO LOG)/JADLOG/FAVORITA;JADLOG;35260701336140000360550010040460591214792366;4046059;32046427;BA;30kg+;42.624;443.67;632.1727540983607;188.50275409836064
2026-07-25;2026-07-25 12:45:16.643;Campanha HEIST -> GOL(SPO LOG)/JADLOG/FAVORITA;JADLOG;35260701336140000360550010040467691003215088;4046769;32051545;SP;30kg+;47.988;152.79;397.9043069948186;245.11430699481863
2026-07-25;2026-07-25 15:20:16.483;Campanha HEIST -> GOL(SPO LOG)/JADLOG/FAVORITA;FAVORITA TRANSPORTE;35260701336140000360550010040445591876948202;4044559;32051888;GO;30kg+;49.164;70.92;502.2634285714286;431.3434285714286
2026-07-25;2026-07-25 15:30:35.210;Campanha HEIST -> GOL(SPO LOG)/JADLOG/FAVORITA;JADLOG;35260701336140000360550010040467741986510453;4046774;32051995;BA;30kg+;67.62;213.0;632.1727540983607;419.17275409836066
2026-07-26;2026-07-26 10:15:20.710;Campanha HEIST -> GOL(SPO LOG)/JADLOG/FAVORITA;JADLOG;35260701336140000360550010040461581596893696;4046158;32055007;RS;30kg+;49.632;163.56;639.6241803278688;476.06418032786877
2026-07-26;2026-07-26 18:00:29.833;Campanha HEIST -> GOL(SPO LOG)/JADLOG/FAVORITA;JADLOG;35260701336140000360550010040469471625724559;4046947;32059554;BA;30kg+;93.408;1061.45;632.1727540983607;-429.2772459016394
2026-07-27;2026-07-27 09:10:18.773;Campanha HEIST -> GOL(SPO LOG)/JADLOG/FAVORITA;JADLOG;35260701336140000360550010040470571829385282;4047057;32063127;PE;30kg+;53.76;201.9;559.5709815950921;357.67098159509214
2026-07-17;2026-07-17 15:55:18.657;Campanha HEIST -> GOL(SPO LOG)/JADLOG/FAVORITA;JADLOG;35260701336140000360550010040366891148303755;4036689;31988917;SP;30kg+;47.52;166.0;397.9043069948186;231.90430699481863
2026-07-17;2026-07-17 10:15:23.143;Campanha HEIST -> GOL(SPO LOG)/JADLOG/FAVORITA;JADLOG;35260701336140000360550010040366241933752516;4036624;31986582;MG;30kg+;50.4;161.1;703.1904179104478;542.0904179104477
2026-07-17;2026-07-17 09:45:22.210;Campanha HEIST -> GOL(SPO LOG)/JADLOG/FAVORITA;JADLOG;35260701336140000360550010040365771879623146;4036577;31986395;MG;30kg+;66.636;233.04;703.1904179104478;470.1504179104478
2026-07-15;2026-07-15 17:35:16.360;Campanha HEIST -> GOL(SPO LOG)/JADLOG/FAVORITA;JADLOG;35260701336140000360550010040364241867193371;4036424;31973875;SP;30kg+;53.76;167.58;397.9043069948186;230.3243069948186
2026-07-15;2026-07-15 15:10:20.117;Campanha HEIST -> GOL(SPO LOG)/JADLOG/FAVORITA;JADLOG;35260701336140000360550010040364251624998177;4036425;31972443;SP;30kg+;51.87;162.7;397.9043069948186;235.20430699481864
2026-07-14;2026-07-14 15:45:18.280;Campanha HEIST -> GOL(SPO LOG)/JADLOG/FAVORITA;JADLOG;35260701336140000360550010040347231961546452;4034723;31963529;MG;30kg+;77.44992400000001;262.55;703.1904179104478;440.64041791044775
2026-07-11;2026-07-11 14:00:27.193;Campanha HEIST -> GOL(SPO LOG)/JADLOG/FAVORITA;JADLOG;35260701336140000360550010040340321978968291;4034032;31942105;MG;30kg+;106.284;349.91;703.1904179104478;353.28041791044774
2026-07-10;2026-07-10 08:05:13.667;Campanha HEIST -> GOL(SPO LOG)/JADLOG/FAVORITA;JADLOG;35260701336140000360550010040331211663656924;4033121;31934030;MG;30kg+;93.408;275.01;703.1904179104478;428.1804179104478
2026-07-09;2026-07-09 21:35:16.183;Campanha HEIST -> GOL(SPO LOG)/JADLOG/FAVORITA;JADLOG;35260701336140000360550010040331181274230858;4033118;31932638;MG;30kg+;64.848;206.58;703.1904179104478;496.6104179104477
2026-07-09;2026-07-09 16:45:22.173;Campanha HEIST -> GOL(SPO LOG)/JADLOG/FAVORITA;JADLOG;35260701336140000360550010040331121033208893;4033112;31930986;MG;30kg+;93.408;1198.38;703.1904179104478;-495.18958208955235
2026-07-09;2026-07-09 10:15:19.957;Campanha HEIST -> GOL(SPO LOG)/JADLOG/FAVORITA;JADLOG;35260701336140000360550010040330801228718410;4033080;31928542;SP;30kg+;44.1;141.45;397.9043069948186;256.45430699481864
2026-07-08;2026-07-08 21:30:15.563;Campanha HEIST -> GOL(SPO LOG)/JADLOG/FAVORITA;JADLOG;35260701336140000360550010040329461775606706;4032946;31926507;MG;10-20kg;18.144;53.72;349.35677966101696;295.63677966101693
2026-07-07;2026-07-07 18:20:22.957;Campanha HEIST -> GOL(SPO LOG)/JADLOG/FAVORITA;JADLOG;35260701336140000360550010040314961719418843;4031496;31917388;SP;30kg+;36.288;131.99;397.9043069948186;265.9143069948186
2026-07-07;2026-07-07 09:00:57.380;Campanha HEIST -> GOL(SPO LOG)/JADLOG/FAVORITA;JADLOG;35260701336140000360550010040311981049376028;4031198;31912621;SP;30kg+;36.288;122.26;397.9043069948186;275.64430699481863
2026-07-06;2026-07-06 23:45:19.500;Campanha HEIST -> GOL(SPO LOG)/JADLOG/FAVORITA;JADLOG;35260701336140000360550010040309961957167140;4030996;31911562;SP;30kg+;93.408;273.95;397.9043069948186;123.95430699481864
2026-07-06;2026-07-06 15:55:14.617;Campanha HEIST -> GOL(SPO LOG)/JADLOG/FAVORITA;JADLOG;35260701336140000360550010040308941337102491;4030894;31908230;SP;30kg+;53.30094244000001;181.8;397.9043069948186;216.10430699481861
2026-07-06;2026-07-06 12:10:23.593;Campanha HEIST -> GOL(SPO LOG)/JADLOG/FAVORITA;JADLOG;35260701336140000360550010040318281291268448;4031828;31906480;SP;20-30kg;27.216;89.17;375.2006624605678;286.0306624605678
2026-07-03;2026-07-03 01:45:15.820;Campanha HEIST -> GOL(SPO LOG)/JADLOG/FAVORITA;JADLOG;35260701336140000360550010040282921405168320;4028292;31885262;SP;20-30kg;21.242;56.3;375.2006624605678;318.9006624605678
2026-07-02;2026-07-02 22:35:12.937;Campanha HEIST -> GOL(SPO LOG)/JADLOG/FAVORITA;JADLOG;35260701336140000360550010040282951852569598;4028295;31884320;SP;30kg+;87.69467761;256.2;397.9043069948186;141.70430699481864
2026-07-02;2026-07-02 12:50:19.673;Campanha HEIST -> GOL(SPO LOG)/JADLOG/FAVORITA;JADLOG;35260701336140000360550010040273201921837096;4027320;31879294;PR;30kg+;54.30102361000001;175.73;537.3662837837838;361.6362837837838
2026-07-02;2026-07-02 10:05:23.313;Campanha HEIST -> GOL(SPO LOG)/JADLOG/FAVORITA;JADLOG;35260701336140000360550010040271521665229099;4027152;31877872;PB;30kg+;52.39984384;237.44;799.1071428571429;561.6671428571428
2026-07-02;2026-07-02 07:15:19.737;Campanha HEIST -> GOL(SPO LOG)/JADLOG/FAVORITA;JADLOG;35260701336140000360550010040271421956623609;4027142;31877176;SP;2-3kg;2.004;14.33;366.3057692307693;351.9757692307693
2026-07-01;2026-07-01 12:00:36.480;Campanha HEIST -> GOL(SPO LOG)/JADLOG/FAVORITA;JADLOG;35260701336140000360550010040265731326317227;4026573;31870058;SP;30kg+;57.125073101999995;193.87;397.9043069948186;204.03430699481862
2026-07-01;2026-07-01 11:45:23.330;Campanha HEIST -> GOL(SPO LOG)/JADLOG/FAVORITA;JADLOG;35260701336140000360550010040265591190292920;4026559;31869958;SP;30kg+;51.696;177.82;397.9043069948186;220.08430699481863
2026-07-01;2026-07-01 11:10:23.313;Campanha HEIST -> GOL(SPO LOG)/JADLOG/FAVORITA;JADLOG;35260701336140000360550010040265531902278521;4026553;31869564;SP;30kg+;40.918;146.08;397.9043069948186;251.8243069948186
2026-07-01;2026-07-01 10:45:19.730;Campanha HEIST -> GOL(SPO LOG)/JADLOG/FAVORITA;JADLOG;35260701336140000360550010040265491533530443;4026549;31869318;PR;30kg+;55.412;170.87;537.3662837837838;366.49628378378384
2026-07-01;2026-07-01 09:45:18.883;Campanha HEIST -> GOL(SPO LOG)/JADLOG/FAVORITA;JADLOG;35260701336140000360550010040266521881852320;4026652;31868571;SP;30kg+;93.408;300.91;397.9043069948186;96.9943069948186
2026-07-01;2026-07-01 09:00:30.017;Campanha HEIST -> GOL(SPO LOG)/JADLOG/FAVORITA;JADLOG;35260701336140000360550010040267921184728431;4026792;31868137;MG;30kg+;31.4902882;116.24;703.1904179104478;586.9504179104478
2026-06-30;2026-06-30 22:05:16.380;Campanha HEIST -> GOL(SPO LOG)/JADLOG/FAVORITA;JADLOG;35260701336140000360550010040267851387612069;4026785;31866157;SP;30kg+;36.288;120.83;397.9043069948186;277.07430699481864
2026-06-30;2026-06-30 21:15:40.757;Campanha HEIST -> GOL(SPO LOG)/JADLOG/FAVORITA;JADLOG;35260701336140000360550010040267801559396931;4026780;31865840;SP;10-20kg;18.144;49.28;377.716496350365;328.436496350365
2026-06-30;2026-06-30 11:45:18.960;Campanha HEIST -> GOL(SPO LOG)/JADLOG/FAVORITA;JADLOG;35260701336140000360550010040265861968201765;4026586;31861028;MG;30kg+;93.821;1004.19;703.1904179104478;-300.9995820895523
2026-06-30;2026-06-30 08:50:17.863;Campanha HEIST -> GOL(SPO LOG)/JADLOG/FAVORITA;JADLOG;35260701336140000360550010040260941336424339;4026094;31859877;MG;30kg+;93.408;311.36;703.1904179104478;391.83041791044775
2026-06-29;2026-06-29 18:45:18.387;Campanha HEIST -> GOL(SPO LOG)/JADLOG/FAVORITA;JADLOG;35260601336140000360550010040243691225863602;4024369;31857021;SP;30kg+;53.76;167.58;397.9043069948186;230.3243069948186
2026-07-27;2026-07-27 15:40:20.453;Campanha HEIST -> GOL(SPO LOG)/JADLOG/FAVORITA;FAVORITA TRANSPORTE;35260801336140000360550010040624321114533254;4062432;32066145;DF;30kg+;110.72033280000001;186.34;569.3891666666667;383.0491666666667
2026-07-27;2026-07-27 22:40:18.840;Campanha HEIST -> GOL(SPO LOG)/JADLOG/FAVORITA;FAVORITA TRANSPORTE;35260801336140000360550010040616621862666771;4061662;32071174;PA;30kg+;161.16581250000002;403.4;698.3584375;294.95843750000006
2026-07-28;2026-07-28 09:25:53.947;Campanha HEIST -> GOL(SPO LOG)/JADLOG/FAVORITA;JADLOG;35260701336140000360550010040494961376509839;4049496;32072972;PE;10-20kg;18.144;264.15;376.74480000000005;112.59480000000008
2026-07-28;2026-07-28 09:26:11.450;Campanha HEIST -> GOL(SPO LOG)/JADLOG/FAVORITA;JADLOG;35260701336140000360550010040494561863210671;4049456;32072973;RS;30kg+;78.54;275.71;639.6241803278688;363.9141803278688
2026-07-28;2026-07-28 12:15:20.457;Campanha HEIST -> GOL(SPO LOG)/JADLOG/FAVORITA;FAVORITA TRANSPORTE;35260701336140000360550010040505831921205154;4050583;32074519;MS;20-30kg;29.422221000000004;124.78;319.16;194.38000000000002
2026-07-28;2026-07-28 18:30:28.510;Campanha HEIST -> GOL(SPO LOG)/JADLOG/FAVORITA;JADLOG;35260701336140000360550010040494451050502832;4049445;32079271;RN;30kg+;36.288;1262.04;709.5384615384615;-552.5015384615384
2026-07-28;2026-07-28 19:15:17.557;Campanha HEIST -> GOL(SPO LOG)/JADLOG/FAVORITA;JADLOG;35260701336140000360550010040498511412054611;4049851;32079919;SP;30kg+;77.7866628;252.56;397.9043069948186;145.34430699481862
2026-07-28;2026-07-28 22:00:27.750;Campanha HEIST -> GOL(SPO LOG)/JADLOG/FAVORITA;JADLOG;35260701336140000360550010040493151251077387;4049315;32081141;BA;30kg+;36.288;366.45;632.1727540983607;265.72275409836067
2026-07-29;2026-07-29 10:55:19.443;Campanha HEIST -> GOL(SPO LOG)/JADLOG/FAVORITA;JADLOG;35260801336140000360550010040616291591574839;4061629;32083547;SP;30kg+;73.78545636000001;240.97;397.9043069948186;156.93430699481863
2026-07-29;2026-07-29 13:05:20.053;Campanha HEIST -> GOL(SPO LOG)/JADLOG/FAVORITA;JADLOG;35260701336140000360550010040493691010097470;4049369;32084643;MG;30kg+;56.556;184.52;703.1904179104478;518.6704179104478
2026-07-29;2026-07-29 16:45:20.817;Campanha HEIST -> GOL(SPO LOG)/JADLOG/FAVORITA;FAVORITA TRANSPORTE;35260801336140000360550010040616641443182737;4061664;32086257;GO;10-20kg;16.8;48.82;363.17875;314.35875
2026-07-30;2026-07-30 00:20:39.470;Campanha HEIST -> GOL(SPO LOG)/JADLOG/FAVORITA;JADLOG;35260701336140000360550010040487901106566358;4048790;32088983;SP;30kg+;93.408;273.95;397.9043069948186;123.95430699481864
2026-07-30;2026-07-30 00:20:39.470;Campanha HEIST -> GOL(SPO LOG)/JADLOG/FAVORITA;JADLOG;35260701336140000360550010040487571015085719;4048757;32088986;SP;30kg+;93.408;273.95;397.9043069948186;123.95430699481864
2026-07-30;2026-07-30 09:00:24.887;Campanha HEIST -> GOL(SPO LOG)/JADLOG/FAVORITA;JADLOG;35260801336140000360550010040542191269014717;4054219;32090219;SP;30kg+;55.03419369;186.41;397.9043069948186;211.49430699481863
2026-07-30;2026-07-30 14:45:18.493;Campanha HEIST -> GOL(SPO LOG)/JADLOG/FAVORITA;JADLOG;35260701336140000360550010040503101713001021;4050310;32092850;MG;20-30kg;23.352;71.29;374.3104225352113;303.02042253521125
2026-07-30;2026-07-30 16:00:29.537;Campanha HEIST -> GOL(SPO LOG)/JADLOG/FAVORITA;JADLOG;35260701336140000360550010040487511891932142;4048751;32093557;SP;30kg+;93.408;273.95;397.9043069948186;123.95430699481864
2026-07-30;2026-07-30 18:00:30.023;Campanha HEIST -> GOL(SPO LOG)/JADLOG/FAVORITA;JADLOG;35260701336140000360550010040503591343556041;4050359;32094643;SP;30kg+;93.408;430.55;397.9043069948186;-32.645693005181386
2026-07-30;2026-07-30 20:00:30.550;Campanha HEIST -> GOL(SPO LOG)/JADLOG/FAVORITA;JADLOG;35260701336140000360550010040503601323089821;4050360;32095355;RJ;20-30kg;23.352;70.52;325.2359090909091;254.71590909090912
2026-07-31;2026-07-31 09:00:28.220;Campanha HEIST -> GOL(SPO LOG)/JADLOG/FAVORITA;JADLOG;35260801336140000360550010040634251975777735;4063425;32097713;SP;30kg+;64.681949688;217.07;397.9043069948186;180.83430699481863
2026-07-31;2026-07-31 12:40:20.380;Campanha HEIST -> GOL(SPO LOG)/JADLOG/FAVORITA;JADLOG;35260701336140000360550010040504201023514934;4050420;32099077;MG;30kg+;93.408;283.45;703.1904179104478;419.7404179104478
2026-07-31;2026-07-31 13:30:24.513;Campanha HEIST -> GOL(SPO LOG)/JADLOG/FAVORITA;JADLOG;35260801336140000360550010040633921525334481;4063392;32099458;SP;30kg+;40.14;130.93;397.9043069948186;266.9743069948186
2026-07-31;2026-07-31 13:45:21.137;Campanha HEIST -> GOL(SPO LOG)/JADLOG/FAVORITA;JADLOG;35260801336140000360550010040616301042006115;4061630;32099538;SC;30kg+;55.679750559999995;188.32;573.3730337078651;385.05303370786515
2026-07-31;2026-07-31 15:55:23.167;Campanha HEIST -> GOL(SPO LOG)/JADLOG/FAVORITA;JADLOG;35260801336140000360550010040631401917853289;4063140;32100521;SP;30kg+;69.3;230.36;397.9043069948186;167.5443069948186
2026-07-31;2026-07-31 17:50:19.540;Campanha HEIST -> GOL(SPO LOG)/JADLOG/FAVORITA;JADLOG;35260801336140000360550010040530061622476904;4053006;32101431;BA;10-20kg;13.824;115.37;388.9172222222222;273.5472222222222
2026-07-31;2026-07-31 17:50:19.540;Campanha HEIST -> GOL(SPO LOG)/JADLOG/FAVORITA;JADLOG;35260801336140000360550010040541951169405605;4054195;32101434;SP;30kg+;39.216;140.7;397.9043069948186;257.20430699481864
2026-07-31;2026-07-31 20:15:21.463;Campanha HEIST -> GOL(SPO LOG)/JADLOG/FAVORITA;JADLOG;35260801336140000360550010040633861458033465;4063386;32102432;PE;30kg+;59.220362817;262.96;559.5709815950921;296.61098159509214
2026-07-31;2026-07-31 22:00:30.607;Campanha HEIST -> GOL(SPO LOG)/JADLOG/FAVORITA;JADLOG;35260801336140000360550010040542051517009992;4054205;32103045;SP;30kg+;34.908;127.72;397.9043069948186;270.1843069948186
2026-08-01;2026-08-01 10:25:13.283;Campanha HEIST -> GOL(SPO LOG)/JADLOG/FAVORITA;JADLOG;35260801336140000360550010040542131677268076;4054213;32104786;SP;30kg+;43.584;154.07;397.9043069948186;243.83430699481863
2026-08-01;2026-08-01 11:00:27.520;Campanha HEIST -> GOL(SPO LOG)/JADLOG/FAVORITA;JADLOG;35260801336140000360550010040616711529286934;4061671;32104940;PR;30kg+;90.54114484799999;259.69;537.3662837837838;277.67628378378384
2026-08-01;2026-08-01 12:40:18.340;Campanha HEIST -> GOL(SPO LOG)/JADLOG/FAVORITA;JADLOG;35260801336140000360550010040634651059093818;4063465;32105302;SP;30kg+;30.69;115.9;397.9043069948186;282.00430699481865
2026-08-01;2026-08-01 13:20:17.270;Campanha HEIST -> GOL(SPO LOG)/JADLOG/FAVORITA;JADLOG;35260801336140000360550010040554281463266607;4055428;32105356;SP;30kg+;37.752;136.86;397.9043069948186;261.0443069948186
2026-08-01;2026-08-01 15:00:28.930;Campanha HEIST -> GOL(SPO LOG)/JADLOG/FAVORITA;JADLOG;35260801336140000360550010040616751811271395;4061675;32105600;PB;30kg+;53.76;246.77;799.1071428571429;552.3371428571429
2026-08-01;2026-08-01 15:10:17.233;Campanha HEIST -> GOL(SPO LOG)/JADLOG/FAVORITA;JADLOG;35260801336140000360550010040616421410790307;4061642;32105883;PE;30kg+;53.76;201.9;559.5709815950921;357.67098159509214
2026-08-01;2026-08-01 15:35:14.417;Campanha HEIST -> GOL(SPO LOG)/JADLOG/FAVORITA;JADLOG;35260801336140000360550010040542091666805145;4054209;32105985;SP;30kg+;35.796;131.26;397.9043069948186;266.64430699481863
2026-08-01;2026-08-01 19:50:16.443;Campanha HEIST -> GOL(SPO LOG)/JADLOG/FAVORITA;JADLOG;35260801336140000360550010040538741555635116;4053874;32106929;PE;30kg+;77.7866628;290.52;559.5709815950921;269.05098159509214
2026-08-01;2026-08-01 20:25:15.023;Campanha HEIST -> GOL(SPO LOG)/JADLOG/FAVORITA;JADLOG;35260801336140000360550010040538321549085452;4053832;32107072;SP;30kg+;77.7866628;252.56;397.9043069948186;145.34430699481862
2026-08-02;2026-08-02 04:20:17.210;Campanha HEIST -> GOL(SPO LOG)/JADLOG/FAVORITA;JADLOG;35260801336140000360550010040631861157998045;4063186;32108135;PE;30kg+;54.708;204.79;559.5709815950921;354.78098159509216
2026-08-02;2026-08-02 15:20:20.890;Campanha HEIST -> GOL(SPO LOG)/JADLOG/FAVORITA;JADLOG;35260801336140000360550010040631101560693259;4063110;32111638;SP;30kg+;93.408;300.91;397.9043069948186;96.9943069948186
2026-08-02;2026-08-02 16:30:24.933;Campanha HEIST -> GOL(SPO LOG)/JADLOG/FAVORITA;JADLOG;35260801336140000360550010040554371346191081;4055437;32112132;SP;30kg+;36.288;132.69;397.9043069948186;265.2143069948186
2026-08-02;2026-08-02 21:15:19.403;Campanha HEIST -> GOL(SPO LOG)/JADLOG/FAVORITA;JADLOG;35260801336140000360550010040634461928567517;4063446;32115391;SP;30kg+;54.586;186.61;397.9043069948186;211.2943069948186
2026-08-02;2026-08-02 22:05:15.673;Campanha HEIST -> GOL(SPO LOG)/JADLOG/FAVORITA;JADLOG;35260801336140000360550010040633711484311768;4063371;32115722;BA;30kg+;38.082;139.36;632.1727540983607;492.81275409836064
2026-08-02;2026-08-02 22:15:19.750;Campanha HEIST -> GOL(SPO LOG)/JADLOG/FAVORITA;JADLOG;35260801336140000360550010040534181504412291;4053418;32115743;SP;30kg+;77.7866628;252.56;397.9043069948186;145.34430699481862
2026-08-02;2026-08-02 21:30:31.167;Campanha HEIST -> GOL(SPO LOG)/JADLOG/FAVORITA;JADLOG;35260801336140000360550010040631241561001364;4063124;32115497;SP;30kg+;46.728;162.94;397.9043069948186;234.96430699481863
2026-08-02;2026-08-02 20:45:19.300;Campanha HEIST -> GOL(SPO LOG)/JADLOG/FAVORITA;JADLOG;35260801336140000360550010040554331659376693;4055433;32115061;SP;5-10kg;9.312;24.78;366.5678466076696;341.7878466076696
2026-08-02;2026-08-02 20:45:19.300;Campanha HEIST -> GOL(SPO LOG)/JADLOG/FAVORITA;JADLOG;35260801336140000360550010040534171678187407;4053417;32115060;BA;30kg+;77.7866628;244.92;632.1727540983607;387.2527540983607
2026-08-02;2026-08-02 19:30:27.213;Campanha HEIST -> GOL(SPO LOG)/JADLOG/FAVORITA;FAVORITA TRANSPORTE;35260801336140000360550010040535251245034474;4053525;32113334;DF;30kg+;53.76;82.26;569.3891666666667;487.1291666666667
2026-08-02;2026-08-02 17:30:23.113;Campanha HEIST -> GOL(SPO LOG)/JADLOG/FAVORITA;JADLOG;35260801336140000360550010040554351957212634;4055435;32112508;SP;20-30kg;27.864;97.9;375.2006624605678;277.30066246056776
2026-08-03;2026-08-03 13:45:17.587;Campanha HEIST -> GOL(SPO LOG)/JADLOG/FAVORITA;JADLOG;35260801336140000360550010040631021206793022;4063102;32118663;ES;30kg+;93.408;258.67;499.0984;240.4284
2026-08-02;2026-08-02 17:15:20.397;Campanha HEIST -> GOL(SPO LOG)/JADLOG/FAVORITA;JADLOG;35260801336140000360550010040631381278551192;4063138;32112422;SP;30kg+;93.408;427.94;397.9043069948186;-30.035693005181372
2026-08-02;2026-08-02 17:00:28.263;Campanha HEIST -> GOL(SPO LOG)/JADLOG/FAVORITA;FAVORITA TRANSPORTE;35260801336140000360550010040541791391038350;4054179;32112322;DF;30kg+;139.73652;154.24;569.3891666666667;415.1491666666667
2026-08-03;2026-08-03 15:40:19.697;Campanha HEIST -> GOL(SPO LOG)/JADLOG/FAVORITA;JADLOG;35260801336140000360550010040630741254541180;4063074;32119480;SP;30kg+;76.973;252.33;397.9043069948186;145.5743069948186
2026-08-02;2026-08-02 16:15:21.077;Campanha HEIST -> GOL(SPO LOG)/JADLOG/FAVORITA;JADLOG;35260801336140000360550010040632111022349167;4063211;32112001;SP;30kg+;93.408;300.91;397.9043069948186;96.9943069948186
2026-08-02;2026-08-02 15:10:25.553;Campanha HEIST -> GOL(SPO LOG)/JADLOG/FAVORITA;JADLOG;35260801336140000360550010040539351705041574;4053935;32111539;SP;30kg+;77.7866628;252.56;397.9043069948186;145.34430699481862
2026-08-02;2026-08-02 15:05:17.690;Campanha HEIST -> GOL(SPO LOG)/JADLOG/FAVORITA;JADLOG;35260801336140000360550010040616411455272596;4061641;32111498;SP;30kg+;53.76;184.08;397.9043069948186;213.8243069948186
2026-08-02;2026-08-02 15:00:48.890;Campanha HEIST -> GOL(SPO LOG)/JADLOG/FAVORITA;JADLOG;35260801336140000360550010040616541640242272;4061654;32111115;RS;30kg+;53.76;202.7;639.6241803278688;436.9241803278688
2026-08-02;2026-08-02 14:45:21.520;Campanha HEIST -> GOL(SPO LOG)/JADLOG/FAVORITA;JADLOG;35260801336140000360550010040554291614047337;4055429;32109986;SP;30kg+;44.6;143.98;397.9043069948186;253.92430699481864
2026-08-03;2026-08-03 17:30:37.793;Campanha HEIST -> GOL(SPO LOG)/JADLOG/FAVORITA;JADLOG;35260801336140000360550010040631191212641228;4063119;32120453;PR;30kg+;80.022;246.03;537.3662837837838;291.33628378378387
2026-08-02;2026-08-02 14:35:14.757;Campanha HEIST -> GOL(SPO LOG)/JADLOG/FAVORITA;JADLOG;35260801336140000360550010040539091158448660;4053909;32109972;BA;30kg+;77.7866628;244.92;632.1727540983607;387.2527540983607
2026-08-02;2026-08-02 14:35:14.757;Campanha HEIST -> GOL(SPO LOG)/JADLOG/FAVORITA;JADLOG;35260801336140000360550010040634841263235000;4063484;32109971;PR;30kg+;53.76;175.27;537.3662837837838;362.09628378378386
2026-08-03;2026-08-03 18:10:20.240;Campanha HEIST -> GOL(SPO LOG)/JADLOG/FAVORITA;JADLOG;35260801336140000360550010040534221438604607;4053422;32120685;BA;30kg+;36.288;367.11;632.1727540983607;265.06275409836064
2026-08-03;2026-08-03 19:00:26.767;Campanha HEIST -> GOL(SPO LOG)/JADLOG/FAVORITA;JADLOG;35260801336140000360550010040616471780965540;4061647;32120958;SP;30kg+;49.464;155.83;397.9043069948186;242.0743069948186
2026-08-02;2026-08-02 12:45:18.490;Campanha HEIST -> GOL(SPO LOG)/JADLOG/FAVORITA;JADLOG;35260801336140000360550010040631151439045167;4063115;32109767;PE;30kg+;53.76;216.67;559.5709815950921;342.90098159509216
2026-08-02;2026-08-02 12:40:14.393;Campanha HEIST -> GOL(SPO LOG)/JADLOG/FAVORITA;JADLOG;35260801336140000360550010040544271041185770;4054427;32109757;SP;30kg+;32.5283602;111.43;397.9043069948186;286.4743069948186
2026-08-04;2026-08-04 03:30:34.963;Campanha HEIST -> GOL(SPO LOG)/JADLOG/FAVORITA;FAVORITA TRANSPORTE;35260801336140000360550010040534491182454982;4053449;32123037;GO;30kg+;75.494004;189.54;502.2634285714286;312.7234285714286
2026-08-04;2026-08-04 06:20:22.130;Campanha HEIST -> GOL(SPO LOG)/JADLOG/FAVORITA;JADLOG;35260801336140000360550010040542011193343397;4054201;32123313;SP;30kg+;37.872;137.07;397.9043069948186;260.83430699481863
2026-08-02;2026-08-02 12:20:19.837;Campanha HEIST -> GOL(SPO LOG)/JADLOG/FAVORITA;JADLOG;35260801336140000360550010040534231414491168;4053423;32109594;SP;30kg+;77.7866628;229.73;397.9043069948186;168.17430699481864
2026-08-04;2026-08-04 09:15:21.810;Campanha HEIST -> GOL(SPO LOG)/JADLOG/FAVORITA;JADLOG;35260801336140000360550010040634711834177238;4063471;32123671;SP;10-20kg;18.396;45.83;377.716496350365;331.886496350365
2026-08-02;2026-08-02 12:10:24.350;Campanha HEIST -> GOL(SPO LOG)/JADLOG/FAVORITA;JADLOG;35260801336140000360550010040542071783414962;4054207;32109420;SP;20-30kg;25.44;133.58;375.2006624605678;241.6206624605678
2026-08-04;2026-08-04 10:45:20.503;Campanha HEIST -> GOL(SPO LOG)/JADLOG/FAVORITA;JADLOG;35260801336140000360550010040542881177815435;4054288;32124087;SP;30kg+;41.568;146.83;397.9043069948186;251.0743069948186
2026-08-04;2026-08-04 10:45:20.503;Campanha HEIST -> GOL(SPO LOG)/JADLOG/FAVORITA;JADLOG;35260801336140000360550010040631641361371481;4063164;32124095;SP;30kg+;45.024;158.37;397.9043069948186;239.53430699481862
2026-08-02;2026-08-02 12:00:34.660;Campanha HEIST -> GOL(SPO LOG)/JADLOG/FAVORITA;JADLOG;35260801336140000360550010040616461794016866;4061646;32109401;MG;30kg+;42.266402410000005;159.65;703.1904179104478;543.5404179104478
2026-08-02;2026-08-02 11:20:22.220;Campanha HEIST -> GOL(SPO LOG)/JADLOG/FAVORITA;JADLOG;35260801336140000360550010040630681977673240;4063068;32109026;AL;30kg+;99.846;2442.8;720.6108695652174;-1722.1891304347828
2026-08-02;2026-08-02 11:15:18.763;Campanha HEIST -> GOL(SPO LOG)/JADLOG/FAVORITA;JADLOG;35260801336140000360550010040631221238955632;4063122;32109014;AL;30kg+;93.408;2280.45;720.6108695652174;-1559.8391304347824
2026-08-04;2026-08-04 12:15:33.753;Campanha HEIST -> GOL(SPO LOG)/JADLOG/FAVORITA;JADLOG;35260801336140000360550010040630791000915548;4063079;32124600;SP;30kg+;93.408;273.95;397.9043069948186;123.95430699481864
2026-08-04;2026-08-04 12:15:33.753;Campanha HEIST -> GOL(SPO LOG)/JADLOG/FAVORITA;JADLOG;35260801336140000360550010040630891684216163;4063089;32124602;BA;30kg+;93.408;1061.45;632.1727540983607;-429.2772459016394
2026-08-02;2026-08-02 07:30:29.627;Campanha HEIST -> GOL(SPO LOG)/JADLOG/FAVORITA;JADLOG;35260801336140000360550010040631891397181312;4063189;32108285;SP;30kg+;45.024;158.36;397.9043069948186;239.5443069948186
2026-08-04;2026-08-04 13:00:53.133;Campanha HEIST -> GOL(SPO LOG)/JADLOG/FAVORITA;JADLOG;35260801336140000360550010040544561864573098;4054456;32124892;SP;30kg+;31.752;109.79;397.9043069948186;288.1143069948186
2026-08-04;2026-08-04 17:15:20.270;Campanha HEIST -> GOL(SPO LOG)/JADLOG/FAVORITA;JADLOG;35260801336140000360550010040547221075712845;4054722;32126465;SP;20-30kg;21.504;61.38;375.2006624605678;313.8206624605678
2026-08-01;2026-08-01 19:15:18.697;Campanha HEIST -> GOL(SPO LOG)/JADLOG/FAVORITA;FAVORITA TRANSPORTE;35260801336140000360550010040535451081546640;4053545;32106776;DF;30kg+;53.76;82.26;569.3891666666667;487.1291666666667
2026-08-01;2026-08-01 15:45:24.503;Campanha HEIST -> GOL(SPO LOG)/JADLOG/FAVORITA;JADLOG;35260801336140000360550010040538371714556424;4053837;32106029;MA;20-30kg;20.352;99.38;497.58;398.2
2026-08-04;2026-08-04 18:15:34.440;Campanha HEIST -> GOL(SPO LOG)/JADLOG/FAVORITA;JADLOG;35260801336140000360550010040632061812280436;4063206;32126761;SP;30kg+;67.854;225.49;397.9043069948186;172.41430699481862
2026-08-01;2026-08-01 15:00:28.930;Campanha HEIST -> GOL(SPO LOG)/JADLOG/FAVORITA;JADLOG;35260801336140000360550010040634541255536111;4063454;32105633;SP;30kg+;40.152;130.7;397.9043069948186;267.20430699481864
2026-08-01;2026-08-01 12:00:27.877;Campanha HEIST -> GOL(SPO LOG)/JADLOG/FAVORITA;JADLOG;35260801336140000360550010040634681347392162;4063468;32105178;SP;30kg+;70.872;235.06;397.9043069948186;162.84430699481862
2026-08-04;2026-08-04 19:50:20.463;Campanha HEIST -> GOL(SPO LOG)/JADLOG/FAVORITA;JADLOG;35260801336140000360550010040616631187936211;4061663;32127365;SP;30kg+;40.848;132.45;397.9043069948186;265.45430699481864
2026-08-01;2026-08-01 10:50:17.400;Campanha HEIST -> GOL(SPO LOG)/JADLOG/FAVORITA;JADLOG;35260801336140000360550010040631051320390936;4063105;32104877;SP;30kg+;63.672;213.25;397.9043069948186;184.65430699481863
2026-08-01;2026-08-01 10:35:11.643;Campanha HEIST -> GOL(SPO LOG)/JADLOG/FAVORITA;FAVORITA TRANSPORTE;35260801336140000360550010040512891301160672;4051289;32104819;PA;30kg+;43.116;193.13;698.3584375;505.22843750000004
2026-08-04;2026-08-04 20:45:23.050;Campanha HEIST -> GOL(SPO LOG)/JADLOG/FAVORITA;JADLOG;35260801336140000360550010040634641072145136;4063464;32127651;SP;30kg+;80.56023219999999;261.22;397.9043069948186;136.6843069948186
2026-08-01;2026-08-01 10:00:33.863;Campanha HEIST -> GOL(SPO LOG)/JADLOG/FAVORITA;JADLOG;35260801336140000360550010040630761785730255;4063076;32104709;SP;30kg+;93.408;300.91;397.9043069948186;96.9943069948186
2026-08-01;2026-08-01 09:45:18.857;Campanha HEIST -> GOL(SPO LOG)/JADLOG/FAVORITA;JADLOG;35260801336140000360550010040534151346688435;4053415;32104661;BA;30kg+;48.48;514.68;632.1727540983607;117.4927540983607
2026-08-01;2026-08-01 09:45:18.857;Campanha HEIST -> GOL(SPO LOG)/JADLOG/FAVORITA;JADLOG;35260801336140000360550010040631211712187567;4063121;32104657;SP;30kg+;93.408;300.91;397.9043069948186;96.9943069948186
2026-08-04;2026-08-04 21:30:19.757;Campanha HEIST -> GOL(SPO LOG)/JADLOG/FAVORITA;JADLOG;35260801336140000360550010040630951964174271;4063095;32127899;SP;30kg+;44.016;142.45;397.9043069948186;255.45430699481864
2026-08-01;2026-08-01 09:40:16.453;Campanha HEIST -> GOL(SPO LOG)/JADLOG/FAVORITA;JADLOG;35260801336140000360550010040630911190578240;4063091;32104633;BA;30kg+;93.408;1061.45;632.1727540983607;-429.2772459016394
2026-08-01;2026-08-01 09:05:12.393;Campanha HEIST -> GOL(SPO LOG)/JADLOG/FAVORITA;JADLOG;35260801336140000360550010040631181639848265;4063118;32104536;BA;30kg+;93.408;1061.45;632.1727540983607;-429.2772459016394
2026-08-01;2026-08-01 08:50:16.450;Campanha HEIST -> GOL(SPO LOG)/JADLOG/FAVORITA;JADLOG;35260801336140000360550010040616431808882776;4061643;32104493;SP;30kg+;36.701;122.01;397.9043069948186;275.89430699481863
2026-08-01;2026-08-01 07:30:37.163;Campanha HEIST -> GOL(SPO LOG)/JADLOG/FAVORITA;JADLOG;35260801336140000360550010040631311952991707;4063131;32104366;BA;30kg+;93.408;1061.45;632.1727540983607;-429.2772459016394
2026-08-01;2026-08-01 07:30:37.163;Campanha HEIST -> GOL(SPO LOG)/JADLOG/FAVORITA;FAVORITA TRANSPORTE;35260801336140000360550010040616611694491976;4061661;32104360;GO;30kg+;176.64;336.41;502.2634285714286;165.8534285714286
2026-08-05;2026-08-05 06:15:17.503;Campanha HEIST -> GOL(SPO LOG)/JADLOG/FAVORITA;JADLOG;35260801336140000360550010040631491453965233;4063149;32129063;SP;30kg+;106.284;309.09;397.9043069948186;88.81430699481865
2026-08-01;2026-08-01 07:25:13.013;Campanha HEIST -> GOL(SPO LOG)/JADLOG/FAVORITA;JADLOG;35260801336140000360550010040630881711437865;4063088;32104351;BA;30kg+;93.408;1061.45;632.1727540983607;-429.2772459016394
2026-08-01;2026-08-01 02:00:36.210;Campanha HEIST -> GOL(SPO LOG)/JADLOG/FAVORITA;JADLOG;35260801336140000360550010040634491791551698;4063449;32103978;BA;30kg+;101.328;407.2;632.1727540983607;224.97275409836067
2026-08-01;2026-08-01 00:30:39.370;Campanha HEIST -> GOL(SPO LOG)/JADLOG/FAVORITA;JADLOG;35260801336140000360550010040532171734873560;4053217;32103590;SP;30kg+;77.7866628;229.73;397.9043069948186;168.17430699481864
2026-08-05;2026-08-05 10:10:19.393;Campanha HEIST -> GOL(SPO LOG)/JADLOG/FAVORITA;JADLOG;35260801336140000360550010040631721496088968;4063172;32129990;BA;30kg+;52.75936144;566.25;632.1727540983607;65.92275409836066
2026-08-05;2026-08-05 10:10:19.393;Campanha HEIST -> GOL(SPO LOG)/JADLOG/FAVORITA;JADLOG;35260801336140000360550010040547971894101312;4054797;32129992;SP;20-30kg;27.84;150.18;375.2006624605678;225.0206624605678
2026-08-01;2026-08-01 00:10:19.530;Campanha HEIST -> GOL(SPO LOG)/JADLOG/FAVORITA;JADLOG;35260801336140000360550010040532281638512130;4053228;32103536;SP;30kg+;77.7866628;229.73;397.9043069948186;168.17430699481864
2026-07-31;2026-07-31 21:20:20.270;Campanha HEIST -> GOL(SPO LOG)/JADLOG/FAVORITA;JADLOG;35260801336140000360550010040634511228931658;4063451;32102792;BA;30kg+;73.49697555;231.37;632.1727540983607;400.80275409836065
2026-08-05;2026-08-05 12:20:23.200;Campanha HEIST -> GOL(SPO LOG)/JADLOG/FAVORITA;JADLOG;35260801336140000360550010040616501859908785;4061650;32130843;MG;20-30kg;27.1864978;105.58;374.3104225352113;268.7304225352113
2026-07-31;2026-07-31 20:45:22.597;Campanha HEIST -> GOL(SPO LOG)/JADLOG/FAVORITA;FAVORITA TRANSPORTE;35260801336140000360550010040616391920569755;4061639;32102611;MT;30kg+;110.415525;296.14;574.2977777777778;278.1577777777778
2026-08-05;2026-08-05 13:00:26.460;Campanha HEIST -> GOL(SPO LOG)/JADLOG/FAVORITA;JADLOG;35260801336140000360550010040616881186811104;4061688;32131094;MG;0-1kg;0.8102713079999999;12.7;296.59;283.89
2026-07-31;2026-07-31 20:20:21.057;Campanha HEIST -> GOL(SPO LOG)/JADLOG/FAVORITA;FAVORITA TRANSPORTE;35260801336140000360550010040626481981199471;4062648;32102481;DF;30kg+;35.562;71.6;569.3891666666667;497.7891666666667
2026-07-31;2026-07-31 19:00:31.240;Campanha HEIST -> GOL(SPO LOG)/JADLOG/FAVORITA;FAVORITA TRANSPORTE;35260801336140000360550010040624341520482200;4062434;32101837;DF;30kg+;110.415525;186.02;569.3891666666667;383.36916666666673
2026-08-05;2026-08-05 14:40:19.513;Campanha HEIST -> GOL(SPO LOG)/JADLOG/FAVORITA;JADLOG;35260801336140000360550010040549551760958635;4054955;32131886;SP;30kg+;36.288;132.69;397.9043069948186;265.2143069948186
2026-07-31;2026-07-31 17:45:18.810;Campanha HEIST -> GOL(SPO LOG)/JADLOG/FAVORITA;JADLOG;35260801336140000360550010040530411165888210;4053041;32101405;PE;30kg+;83.496;310.91;559.5709815950921;248.6609815950921
2026-08-06;2026-08-06 09:17:57.803;Campanha HEIST -> GOL(SPO LOG)/JADLOG/FAVORITA;JADLOG;35260801336140000360550010040630871686320796;4063087;32216835;BA;30kg+;36.0;363.13;632.1727540983607;269.04275409836066
2026-08-06;2026-08-06 09:41:15.560;Campanha HEIST -> GOL(SPO LOG)/JADLOG/FAVORITA;JADLOG;35260801336140000360550010040634451209916706;4063445;32217566;PE;30kg+;69.288;256.13;559.5709815950921;303.4409815950921
2026-07-31;2026-07-31 17:20:21.543;Campanha HEIST -> GOL(SPO LOG)/JADLOG/FAVORITA;JADLOG;35260701336140000360550010040507881738636874;4050788;32101205;MG;30kg+;93.408;283.45;703.1904179104478;419.7404179104478
2026-07-31;2026-07-31 17:10:21.197;Campanha HEIST -> GOL(SPO LOG)/JADLOG/FAVORITA;JADLOG;35260801336140000360550010040631031806674188;4063103;32101133;SP;30kg+;54.96;170.78;397.9043069948186;227.12430699481862
2026-07-31;2026-07-31 17:00:31.790;Campanha HEIST -> GOL(SPO LOG)/JADLOG/FAVORITA;JADLOG;35260701336140000360550010040507821557162877;4050782;32101056;BA;10-20kg;13.44;115.4;388.9172222222222;273.51722222222224
2026-07-31;2026-07-31 17:00:31.790;Campanha HEIST -> GOL(SPO LOG)/JADLOG/FAVORITA;JADLOG;35260801336140000360550010040631111996954120;4063111;32101054;SP;30kg+;46.356;147.76;397.9043069948186;250.14430699481863
2026-08-06;2026-08-06 09:45:19.663;Campanha HEIST -> GOL(SPO LOG)/JADLOG/FAVORITA;JADLOG;35260801336140000360550010040632281598963938;4063228;32217742;MG;30kg+;93.408;283.45;703.1904179104478;419.7404179104478
2026-08-06;2026-08-06 09:45:19.663;Campanha HEIST -> GOL(SPO LOG)/JADLOG/FAVORITA;JADLOG;35260801336140000360550010040630821452544136;4063082;32217751;SP;30kg+;93.408;273.95;397.9043069948186;123.95430699481864
2026-08-06;2026-08-06 09:45:19.663;Campanha HEIST -> GOL(SPO LOG)/JADLOG/FAVORITA;JADLOG;35260801336140000360550010040616821325217962;4061682;32217758;RN;30kg+;53.76;267.04;709.5384615384615;442.4984615384615
2026-08-06;2026-08-06 09:45:19.663;Campanha HEIST -> GOL(SPO LOG)/JADLOG/FAVORITA;JADLOG;35260801336140000360550010040632831085482971;4063283;32217759;SP;30kg+;93.408;273.95;397.9043069948186;123.95430699481864
2026-08-06;2026-08-06 09:45:19.663;Campanha HEIST -> GOL(SPO LOG)/JADLOG/FAVORITA;JADLOG;35260801336140000360550010040634791210182646;4063479;32217760;SP;30kg+;53.76;167.6;397.9043069948186;230.30430699481863
2026-08-06;2026-08-06 09:45:19.663;Campanha HEIST -> GOL(SPO LOG)/JADLOG/FAVORITA;JADLOG;35260801336140000360550010040631521243624540;4063152;32217771;BA;30kg+;70.056;777.31;632.1727540983607;-145.1372459016393
2026-08-06;2026-08-06 09:45:19.663;Campanha HEIST -> GOL(SPO LOG)/JADLOG/FAVORITA;JADLOG;35260801336140000360550010040634481247311290;4063448;32217776;SC;30kg+;98.381;336.85;573.3730337078651;236.52303370786512
2026-08-06;2026-08-06 09:45:19.663;Campanha HEIST -> GOL(SPO LOG)/JADLOG/FAVORITA;JADLOG;35260801336140000360550010040631711202674042;4063171;32217779;SP;30kg+;93.408;273.95;397.9043069948186;123.95430699481864
2026-07-31;2026-07-31 16:30:27.650;Campanha HEIST -> GOL(SPO LOG)/JADLOG/FAVORITA;FAVORITA TRANSPORTE;35260701336140000360550010040507231849371084;4050723;32100803;PA;30kg+;32.058;164.59;698.3584375;533.7684375
2026-07-31;2026-07-31 16:15:20.127;Campanha HEIST -> GOL(SPO LOG)/JADLOG/FAVORITA;JADLOG;35260801336140000360550010040634751931633608;4063475;32100677;SP;30kg+;50.314;173.79;397.9043069948186;224.11430699481863
2026-07-31;2026-07-31 16:05:18.307;Campanha HEIST -> GOL(SPO LOG)/JADLOG/FAVORITA;JADLOG;35260801336140000360550010040630941722886370;4063094;32100595;SP;30kg+;50.16;157.0;397.9043069948186;240.90430699481863
2026-07-31;2026-07-31 15:45:41.537;Campanha HEIST -> GOL(SPO LOG)/JADLOG/FAVORITA;JADLOG;35260801336140000360550010040633841885028747;4063384;32100422;SP;10-20kg;16.332;42.12;377.716496350365;335.596496350365
2026-07-31;2026-07-31 15:05:42.393;Campanha HEIST -> GOL(SPO LOG)/JADLOG/FAVORITA;JADLOG;35260701336140000360550010040506661802265670;4050666;32100139;BA;30kg+;48.48;514.68;632.1727540983607;117.4927540983607
2026-07-31;2026-07-31 14:45:27.120;Campanha HEIST -> GOL(SPO LOG)/JADLOG/FAVORITA;JADLOG;35260801336140000360550010040616571252400972;4061657;32099955;SP;30kg+;42.96;138.52;397.9043069948186;259.38430699481864
2026-07-31;2026-07-31 13:15:22.373;Campanha HEIST -> GOL(SPO LOG)/JADLOG/FAVORITA;JADLOG;35260701336140000360550010040504211282196901;4050421;32099273;MG;30kg+;58.38;207.78;703.1904179104478;495.4104179104478
2026-07-31;2026-07-31 13:00:27.990;Campanha HEIST -> GOL(SPO LOG)/JADLOG/FAVORITA;JADLOG;35260801336140000360550010040631171200285427;4063117;32099168;SP;30kg+;38.885;140.21;397.9043069948186;257.6943069948186
2026-07-31;2026-07-31 12:10:23.620;Campanha HEIST -> GOL(SPO LOG)/JADLOG/FAVORITA;JADLOG;35260701336140000360550010040504191186766885;4050419;32098882;SP;30kg+;37.752;126.15;397.9043069948186;271.75430699481865
2026-07-31;2026-07-31 11:50:21.843;Campanha HEIST -> GOL(SPO LOG)/JADLOG/FAVORITA;JADLOG;35260701336140000360550010040504701673223260;4050470;32098779;BA;30kg+;49.968;532.52;632.1727540983607;99.65275409836067
2026-07-31;2026-07-31 11:45:33.590;Campanha HEIST -> GOL(SPO LOG)/JADLOG/FAVORITA;JADLOG;35260701336140000360550010040504181210341365;4050418;32098749;SP;30kg+;53.76;184.03;397.9043069948186;213.87430699481862
2026-07-31;2026-07-31 10:45:20.447;Campanha HEIST -> GOL(SPO LOG)/JADLOG/FAVORITA;JADLOG;35260801336140000360550010040634621554914640;4063462;32098295;SP;30kg+;55.8;173.47;397.9043069948186;224.43430699481863
2026-07-31;2026-07-31 10:30:29.133;Campanha HEIST -> GOL(SPO LOG)/JADLOG/FAVORITA;JADLOG;35260801336140000360550010040631041382479062;4063104;32098221;SP;30kg+;67.032;203.23;397.9043069948186;194.67430699481864
2026-07-31;2026-07-31 10:30:29.133;Campanha HEIST -> GOL(SPO LOG)/JADLOG/FAVORITA;JADLOG;35260701336140000360550010040502971526096428;4050297;32098209;BA;30kg+;93.408;372.87;632.1727540983607;259.30275409836065
2026-07-31;2026-07-31 09:30:37.963;Campanha HEIST -> GOL(SPO LOG)/JADLOG/FAVORITA;JADLOG;35260701336140000360550010040503081719472516;4050308;32097831;SP;10-20kg;11.43;29.29;377.716496350365;348.42649635036497
2026-08-06;2026-08-06 18:15:12.653;Campanha HEIST -> GOL(SPO LOG)/JADLOG/FAVORITA;JADLOG;35260801336140000360550010040559641695065205;4055964;32224429;SP;30kg+;45.072;224.54;397.9043069948186;173.36430699481863
2026-08-06;2026-08-06 18:45:13.597;Campanha HEIST -> GOL(SPO LOG)/JADLOG/FAVORITA;JADLOG;35260801336140000360550010040632841525045814;4063284;32224616;SP;30kg+;93.408;273.95;397.9043069948186;123.95430699481864
2026-07-31;2026-07-31 06:45:19.030;Campanha HEIST -> GOL(SPO LOG)/JADLOG/FAVORITA;JADLOG;35260801336140000360550010040541991930240366;4054199;32097401;SP;30kg+;37.008;188.84;397.9043069948186;209.06430699481862
2026-07-31;2026-07-31 06:00:24.893;Campanha HEIST -> GOL(SPO LOG)/JADLOG/FAVORITA;JADLOG;35260701336140000360550010040503891167673779;4050389;32097187;BA;30kg+;93.408;1061.45;632.1727540983607;-429.2772459016394
2026-07-31;2026-07-31 00:00:49.043;Campanha HEIST -> GOL(SPO LOG)/JADLOG/FAVORITA;JADLOG;35260801336140000360550010040541601169588577;4054160;32096443;SP;30kg+;42.726;140.1;397.9043069948186;257.8043069948186
2026-07-30;2026-07-30 20:15:23.060;Campanha HEIST -> GOL(SPO LOG)/JADLOG/FAVORITA;JADLOG;35260801336140000360550010040631141006086269;4063114;32095416;SP;30kg+;56.142;191.25;397.9043069948186;206.65430699481863
2026-07-30;2026-07-30 19:55:16.877;Campanha HEIST -> GOL(SPO LOG)/JADLOG/FAVORITA;JADLOG;35260701336140000360550010040503861964306360;4050386;32095312;SP;30kg+;56.664;192.32;397.9043069948186;205.58430699481863
2026-07-30;2026-07-30 14:10:14.207;Campanha HEIST -> GOL(SPO LOG)/JADLOG/FAVORITA;JADLOG;35260701336140000360550010040502351663894633;4050235;32092487;PE;30kg+;93.408;351.87;559.5709815950921;207.70098159509212
2026-07-30;2026-07-30 13:15:19.420;Campanha HEIST -> GOL(SPO LOG)/JADLOG/FAVORITA;JADLOG;35260701336140000360550010040502961170091563;4050296;32092068;BA;30kg+;93.408;299.24;632.1727540983607;332.93275409836065
2026-07-30;2026-07-30 12:40:20.843;Campanha HEIST -> GOL(SPO LOG)/JADLOG/FAVORITA;JADLOG;35260701336140000360550010040503581548356640;4050358;32091858;MG;30kg+;93.408;313.97;703.1904179104478;389.22041791044774
2026-07-30;2026-07-30 12:35:13.350;Campanha HEIST -> GOL(SPO LOG)/JADLOG/FAVORITA;FAVORITA TRANSPORTE;35260801336140000360550010040535281453984112;4053528;32091824;DF;30kg+;46.704;103.33;569.3891666666667;466.0591666666667
2026-07-30;2026-07-30 11:15:16.773;Campanha HEIST -> GOL(SPO LOG)/JADLOG/FAVORITA;JADLOG;35260701336140000360550010040487871926731256;4048787;32091126;MG;30kg+;93.408;283.45;703.1904179104478;419.7404179104478
2026-07-29;2026-07-29 21:30:31.957;Campanha HEIST -> GOL(SPO LOG)/JADLOG/FAVORITA;FAVORITA TRANSPORTE;35260701336140000360550010040496941227527785;4049694;32088304;GO;20-30kg;23.352;54.54;386.85699999999997;332.31699999999995
2026-07-29;2026-07-29 20:10:21.557;Campanha HEIST -> GOL(SPO LOG)/JADLOG/FAVORITA;JADLOG;35260801336140000360550010040616201068090702;4061620;32087859;PE;30kg+;33.629;514.43;559.5709815950921;45.14098159509217
2026-07-29;2026-07-29 20:00:26.093;Campanha HEIST -> GOL(SPO LOG)/JADLOG/FAVORITA;JADLOG;35260801336140000360550010040616191474813466;4061619;32087826;SP;30kg+;53.76;184.08;397.9043069948186;213.8243069948186
2026-08-07;2026-08-07 16:55:18.740;Campanha HEIST -> GOL(SPO LOG)/JADLOG/FAVORITA;JADLOG;35260801336140000360550010040634151558864036;4063415;32230329;SP;30kg+;43.181705028;152.4;397.9043069948186;245.50430699481862
2026-07-29;2026-07-29 17:50:19.673;Campanha HEIST -> GOL(SPO LOG)/JADLOG/FAVORITA;JADLOG;35260701336140000360550010040487001769951945;4048700;32086723;SP;30kg+;93.408;273.95;397.9043069948186;123.95430699481864
2026-07-29;2026-07-29 16:35:14.467;Campanha HEIST -> GOL(SPO LOG)/JADLOG/FAVORITA;JADLOG;35260701336140000360550010040485791616438604;4048579;32086153;BA;30kg+;93.408;1061.45;632.1727540983607;-429.2772459016394
2026-08-07;2026-08-07 17:30:27.307;Campanha HEIST -> GOL(SPO LOG)/JADLOG/FAVORITA;JADLOG;35260801336140000360550010040569241462442684;4056924;32230561;MA;3-5kg;4.584;35.1;438.71;403.60999999999996
2026-07-29;2026-07-29 15:15:20.107;Campanha HEIST -> GOL(SPO LOG)/JADLOG/FAVORITA;JADLOG;35260801336140000360550010040630801095843745;4063080;32085488;SP;30kg+;53.53;183.06;397.9043069948186;214.84430699481862
2026-08-07;2026-08-07 19:25:23.207;Campanha HEIST -> GOL(SPO LOG)/JADLOG/FAVORITA;JADLOG;35260801336140000360550010040638761002620393;4063876;32231293;SP;5-10kg;9.312;41.36;366.5678466076696;325.2078466076696
2026-07-29;2026-07-29 14:45:36.547;Campanha HEIST -> GOL(SPO LOG)/JADLOG/FAVORITA;JADLOG;35260801336140000360550010040634551009131655;4063455;32085282;SP;30kg+;52.746;181.05;397.9043069948186;216.85430699481861
2026-08-07;2026-08-07 19:30:31.340;Campanha HEIST -> GOL(SPO LOG)/JADLOG/FAVORITA;JADLOG;35260801336140000360550010040618941827948094;4061894;32231347;SP;30kg+;36.288;132.69;397.9043069948186;265.2143069948186
2026-07-29;2026-07-29 14:15:18.583;Campanha HEIST -> GOL(SPO LOG)/JADLOG/FAVORITA;JADLOG;35260701336140000360550010040498681464369289;4049868;32085072;MG;30kg+;93.408;283.45;703.1904179104478;419.7404179104478
2026-07-29;2026-07-29 13:55:18.753;Campanha HEIST -> GOL(SPO LOG)/JADLOG/FAVORITA;JADLOG;35260701336140000360550010040495961998433262;4049596;32084958;BA;30kg+;44.688;468.85;632.1727540983607;163.32275409836063
2026-07-29;2026-07-29 13:20:21.497;Campanha HEIST -> GOL(SPO LOG)/JADLOG/FAVORITA;JADLOG;35260801336140000360550010040634761542383195;4063476;32084746;SP;30kg+;48.498;168.82;397.9043069948186;229.08430699481863
2026-07-29;2026-07-29 10:45:31.510;Campanha HEIST -> GOL(SPO LOG)/JADLOG/FAVORITA;JADLOG;35260701336140000360550010040498771869960879;4049877;32083478;SP;30kg+;53.76;184.03;397.9043069948186;213.87430699481862
2026-07-29;2026-07-29 10:35:15.497;Campanha HEIST -> GOL(SPO LOG)/JADLOG/FAVORITA;JADLOG;35260701336140000360550010040504771132532715;4050477;32083397;RS;30kg+;74.784;797.14;639.6241803278688;-157.51581967213122
2026-07-29;2026-07-29 08:45:18.530;Campanha HEIST -> GOL(SPO LOG)/JADLOG/FAVORITA;JADLOG;35260801336140000360550010040630661216142964;4063066;32082724;SP;30kg+;42.266402410000005;149.47;397.9043069948186;248.43430699481863
2026-07-28;2026-07-28 21:15:17.420;Campanha HEIST -> GOL(SPO LOG)/JADLOG/FAVORITA;JADLOG;35260801336140000360550010040616161305363046;4061616;32080860;PR;30kg+;60.198;192.89;537.3662837837838;344.47628378378386
2026-08-08;2026-08-08 10:20:20.687;Campanha HEIST -> GOL(SPO LOG)/JADLOG/FAVORITA;JADLOG;35260801336140000360550010040632011124558788;4063201;32233827;MG;30kg+;52.32;167.71;703.1904179104478;535.4804179104477
2026-08-08;2026-08-08 12:25:30.560;Campanha HEIST -> GOL(SPO LOG)/JADLOG/FAVORITA;JADLOG;35260801336140000360550010040632401072867309;4063240;32234524;SE;30kg+;98.3296;341.87;513.4777777777778;171.60777777777776
2026-07-28;2026-07-28 20:15:22.233;Campanha HEIST -> GOL(SPO LOG)/JADLOG/FAVORITA;JADLOG;35260701336140000360550010040492691533189501;4049269;32080424;BA;30kg+;46.704;493.18;632.1727540983607;138.99275409836065
2026-07-28;2026-07-28 19:10:20.597;Campanha HEIST -> GOL(SPO LOG)/JADLOG/FAVORITA;FAVORITA TRANSPORTE;35260701336140000360550010040494231862467031;4049423;32079808;PA;30kg+;53.76;270.76;698.3584375;427.59843750000005
2026-07-28;2026-07-28 17:00:26.113;Campanha HEIST -> GOL(SPO LOG)/JADLOG/FAVORITA;FAVORITA TRANSPORTE;35260801336140000360550010040624331390687578;4062433;32078165;DF;30kg+;30.881709;102.86;569.3891666666667;466.5291666666667
2026-08-08;2026-08-08 20:15:20.397;Campanha HEIST -> GOL(SPO LOG)/JADLOG/FAVORITA;JADLOG;35260801336140000360550010040634901051733080;4063490;32237219;SC;30kg+;62.025026448;203.94;573.3730337078651;369.43303370786515
2026-07-28;2026-07-28 14:15:19.763;Campanha HEIST -> GOL(SPO LOG)/JADLOG/FAVORITA;JADLOG;35260701336140000360550010040499701355946890;4049970;32075628;SP;30kg+;93.408;300.91;397.9043069948186;96.9943069948186
2026-07-28;2026-07-28 13:45:20.597;Campanha HEIST -> GOL(SPO LOG)/JADLOG/FAVORITA;JADLOG;35260801336140000360550010040630701244078259;4063070;32074936;MG;30kg+;77.926;232.3;703.1904179104478;470.89041791044775
2026-07-28;2026-07-28 13:45:20.597;Campanha HEIST -> GOL(SPO LOG)/JADLOG/FAVORITA;JADLOG;35260801336140000360550010040542021594737830;4054202;32074930;SP;30kg+;33.6;112.38;397.9043069948186;285.52430699481863
2026-07-28;2026-07-28 11:40:21.577;Campanha HEIST -> GOL(SPO LOG)/JADLOG/FAVORITA;JADLOG;35260701336140000360550010040493671970096404;4049367;32074175;CE;30kg+;53.76;256.1;804.6896428571429;548.5896428571428
2026-07-28;2026-07-28 11:00:43.910;Campanha HEIST -> GOL(SPO LOG)/JADLOG/FAVORITA;JADLOG;35260801336140000360550010040634531871613994;4063453;32073711;RJ;30kg+;63.392;686.34;516.8187096774193;-169.52129032258074
2026-08-10;2026-08-10 08:35:14.497;Campanha HEIST -> GOL(SPO LOG)/JADLOG/FAVORITA;FAVORITA TRANSPORTE;35260801336140000360550010040587561521882985;4058756;32246881;DF;30kg+;104.84397;185.94;569.3891666666667;383.4491666666667
2026-07-28;2026-07-28 11:00:43.910;Campanha HEIST -> GOL(SPO LOG)/JADLOG/FAVORITA;JADLOG;35260801336140000360550010040630851782234574;4063085;32073710;SP;30kg+;45.689;160.08;397.9043069948186;237.8243069948186
2026-07-28;2026-07-28 10:45:21.343;Campanha HEIST -> GOL(SPO LOG)/JADLOG/FAVORITA;JADLOG;35260701336140000360550010040493001786657432;4049300;32073598;BA;30kg+;77.7866628;244.92;632.1727540983607;387.2527540983607
2026-07-28;2026-07-28 10:30:53.520;Campanha HEIST -> GOL(SPO LOG)/JADLOG/FAVORITA;JADLOG;35260801336140000360550010040634331263822187;4063433;32073452;SP;20-30kg;28.031;105.35;375.2006624605678;269.85066246056783
2026-08-10;2026-08-10 10:45:18.940;Campanha HEIST -> GOL(SPO LOG)/JADLOG/FAVORITA;JADLOG;35260801336140000360550010040613171640464003;4061317;32248142;SP;20-30kg;27.936;147.36;375.2006624605678;227.84066246056778
2026-07-28;2026-07-28 10:00:39.500;Campanha HEIST -> GOL(SPO LOG)/JADLOG/FAVORITA;JADLOG;35260701336140000360550010040501111076683042;4050111;32073181;SP;30kg+;40.32;204.72;397.9043069948186;193.18430699481863
2026-07-28;2026-07-28 09:05:27.760;Campanha HEIST -> GOL(SPO LOG)/JADLOG/FAVORITA;JADLOG;35260801336140000360550010040616381289124140;4061638;32072823;SE;30kg+;98.3296;1891.91;513.4777777777778;-1378.4322222222222
2026-07-28;2026-07-28 07:30:30.623;Campanha HEIST -> GOL(SPO LOG)/JADLOG/FAVORITA;JADLOG;35260701336140000360550010040496101228169254;4049610;32072428;CE;30kg+;93.408;456.63;804.6896428571429;348.0596428571429
2026-07-27;2026-07-27 23:00:26.060;Campanha HEIST -> GOL(SPO LOG)/JADLOG/FAVORITA;JADLOG;35260701336140000360550010040508211335590236;4050821;32071325;CE;30kg+;66.01607361;353.27;804.6896428571429;451.4196428571429
2026-07-27;2026-07-27 22:50:18.163;Campanha HEIST -> GOL(SPO LOG)/JADLOG/FAVORITA;JADLOG;35260801336140000360550010040634581238275525;4063458;32071260;SP;30kg+;46.092;146.3;397.9043069948186;251.60430699481861
2026-07-27;2026-07-27 22:40:18.840;Campanha HEIST -> GOL(SPO LOG)/JADLOG/FAVORITA;JADLOG;35260701336140000360550010040501561249405261;4050156;32071165;SP;30kg+;77.7866628;252.56;397.9043069948186;145.34430699481862
2026-07-27;2026-07-27 22:15:20.537;Campanha HEIST -> GOL(SPO LOG)/JADLOG/FAVORITA;JADLOG;35260701336140000360550010040497031188718032;4049703;32071027;MG;30kg+;93.408;311.36;703.1904179104478;391.83041791044775
2026-07-27;2026-07-27 21:30:29.470;Campanha HEIST -> GOL(SPO LOG)/JADLOG/FAVORITA;JADLOG;35260701336140000360550010040494741079859234;4049474;32070626;MG;30kg+;93.408;311.36;703.1904179104478;391.83041791044775
2026-07-27;2026-07-27 21:30:29.470;Campanha HEIST -> GOL(SPO LOG)/JADLOG/FAVORITA;JADLOG;35260801336140000360550010040541971276611327;4054197;32070620;SP;30kg+;45.816;160.32;397.9043069948186;237.58430699481863
2026-07-27;2026-07-27 21:15:19.580;Campanha HEIST -> GOL(SPO LOG)/JADLOG/FAVORITA;JADLOG;35260701336140000360550010040495141771856317;4049514;32070506;MG;30kg+;93.408;311.36;703.1904179104478;391.83041791044775
2026-07-27;2026-07-27 20:30:27.040;Campanha HEIST -> GOL(SPO LOG)/JADLOG/FAVORITA;JADLOG;35260801336140000360550010040633951726349364;4063395;32070089;SP;30kg+;49.133;169.88;397.9043069948186;228.02430699481863
2026-08-11;2026-08-11 10:05:37.873;Campanha HEIST -> GOL(SPO LOG)/JADLOG/FAVORITA;JADLOG;35260801336140000360550010040638961129922972;4063896;32257509;PR;30kg+;57.17117244999999;182.48;537.3662837837838;354.8862837837838
2026-07-27;2026-07-27 20:30:27.040;Campanha HEIST -> GOL(SPO LOG)/JADLOG/FAVORITA;JADLOG;35260701336140000360550010040494491875742121;4049449;32070086;RS;30kg+;93.408;290.87;639.6241803278688;348.75418032786877
2026-07-27;2026-07-27 14:45:18.473;Campanha HEIST -> GOL(SPO LOG)/JADLOG/FAVORITA;JADLOG;35260701336140000360550010040469671765431042;4046967;32065578;RJ;30kg+;52.32;161.05;516.8187096774193;355.7687096774193
2026-08-11;2026-08-11 18:05:41.193;Campanha HEIST -> GOL(SPO LOG)/JADLOG/FAVORITA;JADLOG;35260801336140000360550010040643781977430565;4064378;32261683;SP;30kg+;87.11526276000001;256.17;397.9043069948186;141.7343069948186
2026-08-11;2026-08-11 18:15:32.570;Campanha HEIST -> GOL(SPO LOG)/JADLOG/FAVORITA;JADLOG;35260801336140000360550010040643761611676353;4064376;32261749;SP;30kg+;49.164;155.84;397.9043069948186;242.06430699481862
2026-07-27;2026-07-27 13:45:19.420;Campanha HEIST -> GOL(SPO LOG)/JADLOG/FAVORITA;FAVORITA TRANSPORTE;35260701336140000360550010040467301842813896;4046730;32065040;GO;30kg+;68.772;138.94;502.2634285714286;363.3234285714286
2026-07-27;2026-07-27 08:40:17.370;Campanha HEIST -> GOL(SPO LOG)/JADLOG/FAVORITA;JADLOG;35260701336140000360550010040463101932956888;4046310;32063010;BA;30kg+;50.904;544.65;632.1727540983607;87.52275409836068
2026-07-26;2026-07-26 21:30:22.983;Campanha HEIST -> GOL(SPO LOG)/JADLOG/FAVORITA;JADLOG;35260701336140000360550010040463481178466070;4046348;32061297;BA;30kg+;77.7866628;244.92;632.1727540983607;387.2527540983607
2026-07-26;2026-07-26 13:10:20.707;Campanha HEIST -> GOL(SPO LOG)/JADLOG/FAVORITA;JADLOG;35260701336140000360550010040468421677986420;4046842;32056676;RJ;30kg+;50.214;164.31;516.8187096774193;352.5087096774193
2026-07-25;2026-07-25 21:00:27.047;Campanha HEIST -> GOL(SPO LOG)/JADLOG/FAVORITA;JADLOG;35260701336140000360550010040468111847685993;4046811;32053611;BA;30kg+;93.408;2065.35;632.1727540983607;-1433.1772459016393
2026-07-25;2026-07-25 20:35:15.730;Campanha HEIST -> GOL(SPO LOG)/JADLOG/FAVORITA;JADLOG;35260701336140000360550010040468091632210682;4046809;32053493;RS;30kg+;59.98758219300001;189.29;639.6241803278688;450.3341803278688
2026-07-25;2026-07-25 17:45:16.730;Campanha HEIST -> GOL(SPO LOG)/JADLOG/FAVORITA;JADLOG;35260701336140000360550010040468101609410019;4046810;32052827;PE;30kg+;51.6;188.51;559.5709815950921;371.06098159509213
2026-07-25;2026-07-25 16:45:21.117;Campanha HEIST -> GOL(SPO LOG)/JADLOG/FAVORITA;JADLOG;35260701336140000360550010040468031103610004;4046803;32052614;BA;30kg+;77.7866628;244.92;632.1727540983607;387.2527540983607
2026-07-25;2026-07-25 15:05:15.693;Campanha HEIST -> GOL(SPO LOG)/JADLOG/FAVORITA;JADLOG;35260701336140000360550010040467711065417618;4046771;32051860;SP;30kg+;40.32;132.62;397.9043069948186;265.2843069948186
2026-07-25;2026-07-25 09:20:26.240;Campanha HEIST -> GOL(SPO LOG)/JADLOG/FAVORITA;JADLOG;35260701336140000360550010040467661980674371;4046766;32050605;BA;30kg+;93.408;1061.45;632.1727540983607;-429.2772459016394
2026-08-12;2026-08-12 15:35:17.950;Campanha HEIST -> GOL(SPO LOG)/JADLOG/FAVORITA;JADLOG;35260801336140000360550010040662611456408991;4066261;32267805;SP;10-20kg;18.624;48.73;377.716496350365;328.986496350365
2026-07-24;2026-07-24 18:00:28.470;Campanha HEIST -> GOL(SPO LOG)/JADLOG/FAVORITA;JADLOG;35260701336140000360550010040439731647540201;4043973;32047182;ES;30kg+;39.48;421.4;499.0984;77.69840000000005
2026-07-24;2026-07-24 16:50:21.020;Campanha HEIST -> GOL(SPO LOG)/JADLOG/FAVORITA;FAVORITA TRANSPORTE;35260701336140000360550010040460611249870558;4046061;32046549;GO;30kg+;37.8;122.0;502.2634285714286;380.2634285714286
2026-07-24;2026-07-24 15:00:45.553;Campanha HEIST -> GOL(SPO LOG)/JADLOG/FAVORITA;JADLOG;35260701336140000360550010040440951171416578;4044095;32045707;BA;30kg+;36.288;367.11;632.1727540983607;265.06275409836064
2026-07-24;2026-07-24 09:40:25.150;Campanha HEIST -> GOL(SPO LOG)/JADLOG/FAVORITA;JADLOG;35260701336140000360550010040460481250124480;4046048;32043872;BA;10-20kg;19.632;61.44;388.9172222222222;327.4772222222222
2026-07-23;2026-07-23 17:40:17.810;Campanha HEIST -> GOL(SPO LOG)/JADLOG/FAVORITA;JADLOG;35260701336140000360550010040460451639163135;4046045;32039342;RJ;30kg+;50.310734628000006;155.64;516.8187096774193;361.1787096774193
2026-07-23;2026-07-23 05:45:13.947;Campanha HEIST -> GOL(SPO LOG)/JADLOG/FAVORITA;JADLOG;35260701336140000360550010040429871124432757;4042987;32033453;BA;30kg+;36.288;366.45;632.1727540983607;265.72275409836067
2026-07-22;2026-07-22 17:35:14.553;Campanha HEIST -> GOL(SPO LOG)/JADLOG/FAVORITA;JADLOG;35260701336140000360550010040429901901004597;4042990;32029416;MG;30kg+;36.384;143.11;703.1904179104478;560.0804179104477
2026-08-13;2026-08-13 16:40:21.377;Campanha HEIST -> GOL(SPO LOG)/JADLOG/FAVORITA;JADLOG;35260801336140000360550010040674101145556375;4067410;32276219;SP;30kg+;55.79222005;189.05;397.9043069948186;208.85430699481861
2026-07-22;2026-07-22 17:35:14.553;Campanha HEIST -> GOL(SPO LOG)/JADLOG/FAVORITA;JADLOG;35260701336140000360550010040460491495621653;4046049;32029413;BA;30kg+;40.038;412.52;632.1727540983607;219.65275409836067
2026-07-22;2026-07-22 16:25:17.370;Campanha HEIST -> GOL(SPO LOG)/JADLOG/FAVORITA;JADLOG;35260701336140000360550010040461121820437360;4046112;32028606;PR;30kg+;101.2414788;286.81;537.3662837837838;250.55628378378384
2026-07-22;2026-07-22 15:55:16.573;Campanha HEIST -> GOL(SPO LOG)/JADLOG/FAVORITA;JADLOG;35260701336140000360550010040460861401110920;4046086;32028225;MG;30kg+;51.828;171.62;703.1904179104478;531.5704179104478
2026-07-22;2026-07-22 15:50:19.820;Campanha HEIST -> GOL(SPO LOG)/JADLOG/FAVORITA;JADLOG;35260701336140000360550010040461051934228978;4046105;32028118;CE;30kg+;98.3296;1517.45;804.6896428571429;-712.7603571428572
2026-07-22;2026-07-22 14:40:20.973;Campanha HEIST -> GOL(SPO LOG)/JADLOG/FAVORITA;JADLOG;35260701336140000360550010040431961642580460;4043196;32026936;BA;30kg+;93.408;299.24;632.1727540983607;332.93275409836065
2026-07-22;2026-07-22 14:15:19.017;Campanha HEIST -> GOL(SPO LOG)/JADLOG/FAVORITA;JADLOG;35260701336140000360550010040460801520309131;4046080;32026707;SC;30kg+;52.93958116;198.1;573.3730337078651;375.2730337078651
2026-07-22;2026-07-22 13:55:17.057;Campanha HEIST -> GOL(SPO LOG)/JADLOG/FAVORITA;JADLOG;35260701336140000360550010040406871462889440;4040687;32026625;RJ;30kg+;54.528;167.3;516.8187096774193;349.5187096774193
2026-08-14;2026-08-14 14:00:23.680;Campanha HEIST -> GOL(SPO LOG)/JADLOG/FAVORITA;JADLOG;35260801336140000360550010040680261342409556;4068026;32283802;SP;30kg+;36.324;133.0;397.9043069948186;264.9043069948186
2026-07-22;2026-07-22 13:45:20.503;Campanha HEIST -> GOL(SPO LOG)/JADLOG/FAVORITA;JADLOG;35260701336140000360550010040460831291588803;4046083;32026561;MG;30kg+;82.056;277.84;703.1904179104478;425.3504179104478
2026-07-22;2026-07-22 13:10:20.960;Campanha HEIST -> GOL(SPO LOG)/JADLOG/FAVORITA;JADLOG;35260701336140000360550010040425271386652533;4042527;32026331;SE;30kg+;81.732;1572.59;513.4777777777778;-1059.112222222222
2026-07-22;2026-07-22 12:50:19.230;Campanha HEIST -> GOL(SPO LOG)/JADLOG/FAVORITA;JADLOG;35260701336140000360550010040429631000007238;4042963;32026213;BA;30kg+;93.408;299.24;632.1727540983607;332.93275409836065
2026-07-22;2026-07-22 12:50:19.230;Campanha HEIST -> GOL(SPO LOG)/JADLOG/FAVORITA;JADLOG;35260701336140000360550010040424141630099121;4042414;32026211;BA;30kg+;93.408;299.24;632.1727540983607;332.93275409836065
2026-07-22;2026-07-22 12:25:34.140;Campanha HEIST -> GOL(SPO LOG)/JADLOG/FAVORITA;JADLOG;35260701336140000360550010040460761366014677;4046076;32026058;SE;30kg+;98.3296;341.87;513.4777777777778;171.60777777777776
2026-07-21;2026-07-21 21:15:19.147;Campanha HEIST -> GOL(SPO LOG)/JADLOG/FAVORITA;JADLOG;35260701336140000360550010040406691425500790;4040669;32022356;MG;10-20kg;15.923;42.77;349.35677966101696;306.586779661017
2026-07-21;2026-07-21 19:45:19.447;Campanha HEIST -> GOL(SPO LOG)/JADLOG/FAVORITA;JADLOG;35260701336140000360550010040406421581106766;4040642;32021756;RJ;10-20kg;12.876;32.17;298.29200000000003;266.122
2026-08-14;2026-08-14 19:35:54.807;Campanha HEIST -> GOL(SPO LOG)/JADLOG/FAVORITA;JADLOG;35260801336140000360550010040711081075154038;4071108;32286786;BA;30kg+;93.408;299.24;632.1727540983607;332.93275409836065
2026-08-14;2026-08-14 19:45:24.337;Campanha HEIST -> GOL(SPO LOG)/JADLOG/FAVORITA;JADLOG;35260801336140000360550010040711091406949102;4071109;32286920;BA;30kg+;93.408;299.24;632.1727540983607;332.93275409836065
2026-08-14;2026-08-14 19:45:28.730;Campanha HEIST -> GOL(SPO LOG)/JADLOG/FAVORITA;JADLOG;35260801336140000360550010040710871671219398;4071087;32286922;SC;30kg+;57.428;193.6;573.3730337078651;379.7730337078651
2026-07-21;2026-07-21 14:20:17.090;Campanha HEIST -> GOL(SPO LOG)/JADLOG/FAVORITA;JADLOG;35260701336140000360550010040411631840165574;4041163;32017838;BA;30kg+;45.072;167.88;632.1727540983607;464.29275409836066
2026-07-21;2026-07-21 14:15:20.070;Campanha HEIST -> GOL(SPO LOG)/JADLOG/FAVORITA;JADLOG;35260701336140000360550010040391571334527660;4039157;32017821;SP;30kg+;39.696;142.04;397.9043069948186;255.86430699481863
2026-07-21;2026-07-21 07:25:17.700;Campanha HEIST -> GOL(SPO LOG)/JADLOG/FAVORITA;FAVORITA TRANSPORTE;35260701336140000360550010040389221565061601;4038922;32015168;GO;20-30kg;27.84;93.82;386.85699999999997;293.037
2026-07-20;2026-07-20 16:45:25.677;Campanha HEIST -> GOL(SPO LOG)/JADLOG/FAVORITA;JADLOG;35260701336140000360550010040387381508192750;4038738;32010166;BA;10-20kg;15.876;254.63;388.9172222222222;134.28722222222223
2026-07-20;2026-07-20 14:45:34.870;Campanha HEIST -> GOL(SPO LOG)/JADLOG/FAVORITA;JADLOG;35260701336140000360550010040386371626213720;4038637;32008342;BA;10-20kg;11.502;49.84;388.9172222222222;339.0772222222222
2026-07-20;2026-07-20 13:30:25.737;Campanha HEIST -> GOL(SPO LOG)/JADLOG/FAVORITA;JADLOG;35260701336140000360550010040385411636432198;4038541;32007825;SP;10-20kg;18.408;92.4;377.716496350365;285.316496350365
2026-07-19;2026-07-19 17:25:13.780;Campanha HEIST -> GOL(SPO LOG)/JADLOG/FAVORITA;JADLOG;35260701336140000360550010040384961340995603;4038496;32000666;PE;30kg+;54.528;220.46;559.5709815950921;339.1109815950921
2026-08-17;2026-08-17 10:02:26.440;Campanha HEIST -> GOL(SPO LOG)/JADLOG/FAVORITA;JADLOG;35260801336140000360550010040711221859037344;4071122;32301830;SP;30kg+;55.548;189.84;397.9043069948186;208.06430699481862
2026-08-17;2026-08-17 10:02:40.993;Campanha HEIST -> GOL(SPO LOG)/JADLOG/FAVORITA;JADLOG;35260801336140000360550010040711011196166826;4071101;32301831;SP;30kg+;128.436;404.5;397.9043069948186;-6.595693005181374
2026-07-19;2026-07-19 15:15:16.083;Campanha HEIST -> GOL(SPO LOG)/JADLOG/FAVORITA;JADLOG;35260701336140000360550010040384971514250842;4038497;31999554;SP;20-30kg;25.701052839999996;133.53;375.2006624605678;241.6706624605678
2026-07-19;2026-07-19 14:40:12.803;Campanha HEIST -> GOL(SPO LOG)/JADLOG/FAVORITA;JADLOG;35260701336140000360550010040384981634997705;4038498;31998108;SP;30kg+;37.282;124.04;397.9043069948186;273.8643069948186
2026-07-19;2026-07-19 13:45:17.893;Campanha HEIST -> GOL(SPO LOG)/JADLOG/FAVORITA;JADLOG;35260701336140000360550010040385001816495810;4038500;31997995;RJ;20-30kg;27.84;101.78;325.2359090909091;223.4559090909091
2026-07-19;2026-07-19 07:15:19.477;Campanha HEIST -> GOL(SPO LOG)/JADLOG/FAVORITA;JADLOG;35260701336140000360550010040385441761563970;4038544;31996889;BA;30kg+;53.76;166.96;632.1727540983607;465.2127540983606
2026-07-18;2026-07-18 19:45:21.133;Campanha HEIST -> GOL(SPO LOG)/JADLOG/FAVORITA;JADLOG;35260701336140000360550010040386381846999283;4038638;31995674;SP;30kg+;82.874923008;245.1;397.9043069948186;152.80430699481863
2026-07-18;2026-07-18 19:25:15.447;Campanha HEIST -> GOL(SPO LOG)/JADLOG/FAVORITA;JADLOG;35260701336140000360550010040386481727087600;4038648;31995553;SP;30kg+;36.384;132.09;397.9043069948186;265.8143069948186
2026-07-18;2026-07-18 16:15:19.837;Campanha HEIST -> GOL(SPO LOG)/JADLOG/FAVORITA;JADLOG;35260701336140000360550010040387361654334624;4038736;31994764;BA;10-20kg;12.876;105.69;388.9172222222222;283.2272222222222
2026-08-18;2026-08-18 15:50:19.793;Campanha HEIST -> GOL(SPO LOG)/JADLOG/FAVORITA;JADLOG;35260801336140000360550010040705111201181631;4070511;32311651;SP;30kg+;43.253;141.05;397.9043069948186;256.8543069948186
2026-07-18;2026-07-18 13:55:15.900;Campanha HEIST -> GOL(SPO LOG)/JADLOG/FAVORITA;JADLOG;35260701336140000360550010040386511781706670;4038651;31994233;ES;30kg+;53.76;144.01;499.0984;355.08840000000004
2026-07-18;2026-07-18 03:00:18.427;Campanha HEIST -> GOL(SPO LOG)/JADLOG/FAVORITA;JADLOG;35260701336140000360550010040386501877348459;4038650;31992415;BA;10-20kg;10.464;106.74;388.9172222222222;282.1772222222222
2026-07-17;2026-07-17 14:55:18.350;Campanha HEIST -> GOL(SPO LOG)/JADLOG/FAVORITA;FAVORITA TRANSPORTE;35260701336140000360550010040366101633654343;4036610;31988266;GO;30kg+;65.888;139.27;502.2634285714286;362.9934285714286
2026-07-17;2026-07-17 14:45:19.670;Campanha HEIST -> GOL(SPO LOG)/JADLOG/FAVORITA;JADLOG;35260701336140000360550010040366351059108204;4036635;31988095;SP;5-10kg;7.418;19.69;366.5678466076696;346.8778466076696
2026-07-17;2026-07-17 14:45:19.670;Campanha HEIST -> GOL(SPO LOG)/JADLOG/FAVORITA;JADLOG;35260701336140000360550010040366331291977572;4036633;31988094;SP;30kg+;60.672;204.51;397.9043069948186;193.39430699481863
2026-07-17;2026-07-17 14:45:19.670;Campanha HEIST -> GOL(SPO LOG)/JADLOG/FAVORITA;JADLOG;35260701336140000360550010040366311010948510;4036631;31988093;SP;20-30kg;25.07650624;82.95;375.2006624605678;292.2506624605678
2026-07-16;2026-07-16 23:30:24.287;Campanha HEIST -> GOL(SPO LOG)/JADLOG/FAVORITA;JADLOG;35260701336140000360550010040365721134385930;4036572;31985051;SP;20-30kg;20.88;52.31;375.2006624605678;322.8906624605678
2026-08-19;2026-08-19 14:35:13.143;Campanha HEIST -> GOL(SPO LOG)/JADLOG/FAVORITA;JADLOG;35260801336140000360550010040713071530161380;4071307;32318278;SP;30kg+;55.853740512;189.81;397.9043069948186;208.09430699481862
2026-08-19;2026-08-19 14:35:13.143;Campanha HEIST -> GOL(SPO LOG)/JADLOG/FAVORITA;FAVORITA TRANSPORTE;35260801336140000360550010040710681280221836;4071068;32318283;GO;20-30kg;27.936;94.33;386.85699999999997;292.527
2026-07-16;2026-07-16 23:15:17.007;Campanha HEIST -> GOL(SPO LOG)/JADLOG/FAVORITA;JADLOG;35260701336140000360550010040365651128090090;4036565;31985008;SP;10-20kg;18.384;44.85;377.716496350365;332.86649635036497
2026-07-16;2026-07-16 14:00:33.040;Campanha HEIST -> GOL(SPO LOG)/JADLOG/FAVORITA;JADLOG;35260701336140000360550010040358311741927459;4035831;31979850;SP;30kg+;38.472;126.11;397.9043069948186;271.7943069948186
2026-08-19;2026-08-19 17:35:15.993;Campanha HEIST -> GOL(SPO LOG)/JADLOG/FAVORITA;JADLOG;35260801336140000360550010040714301991536687;4071430;32320126;SP;30kg+;63.62113329;211.79;397.9043069948186;186.11430699481863
2026-07-16;2026-07-16 10:05:14.350;Campanha HEIST -> GOL(SPO LOG)/JADLOG/FAVORITA;JADLOG;35260701336140000360550010040356031365944326;4035603;31977770;SP;30kg+;135.22062645;419.55;397.9043069948186;-21.645693005181386
2026-07-15;2026-07-15 23:45:16.197;Campanha HEIST -> GOL(SPO LOG)/JADLOG/FAVORITA;JADLOG;35260701336140000360550010040365081437880928;4036508;31976226;SP;30kg+;53.76;260.43;397.9043069948186;137.47430699481862
2026-08-19;2026-08-19 19:22:38.807;Campanha HEIST -> GOL(SPO LOG)/JADLOG/FAVORITA;JADLOG;35260801336140000360550010040717341454645202;4071734;32321369;SP;30kg+;30.257;114.83;397.9043069948186;283.07430699481864
2026-08-19;2026-08-19 20:15:22.203;Campanha HEIST -> GOL(SPO LOG)/JADLOG/FAVORITA;JADLOG;35260801336140000360550010040717351719211474;4071735;32321807;SP;30kg+;38.472;138.51;397.9043069948186;259.39430699481863
2026-07-15;2026-07-15 21:15:17.373;Campanha HEIST -> GOL(SPO LOG)/JADLOG/FAVORITA;JADLOG;35260701336140000360550010040364281843679117;4036428;31975485;BA;30kg+;33.6;333.95;632.1727540983607;298.22275409836067
2026-07-15;2026-07-15 13:15:22.310;Campanha HEIST -> GOL(SPO LOG)/JADLOG/FAVORITA;JADLOG;35260701336140000360550010040364081474537551;4036408;31971502;CE;30kg+;80.14903645;473.71;804.6896428571429;330.9796428571429
2026-07-15;2026-07-15 12:05:38.760;Campanha HEIST -> GOL(SPO LOG)/JADLOG/FAVORITA;JADLOG;35260701336140000360550010040363901593397498;4036390;31970841;PE;30kg+;37.72173121;749.25;559.5709815950921;-189.67901840490788
2026-07-15;2026-07-15 11:15:21.333;Campanha HEIST -> GOL(SPO LOG)/JADLOG/FAVORITA;FAVORITA TRANSPORTE;35260701336140000360550010040349951711501133;4034995;31970324;GO;2-3kg;2.8918266;64.75;284.95;220.2
2026-07-15;2026-07-15 10:15:22.380;Campanha HEIST -> GOL(SPO LOG)/JADLOG/FAVORITA;JADLOG;35260701336140000360550010040363651268036659;4036365;31968571;SE;30kg+;68.628;1318.84;513.4777777777778;-805.3622222222222
2026-07-15;2026-07-15 09:05:35.253;Campanha HEIST -> GOL(SPO LOG)/JADLOG/FAVORITA;JADLOG;35260701336140000360550010040356021768052353;4035602;31967995;RJ;30kg+;48.48;172.58;516.8187096774193;344.23870967741925
2026-07-14;2026-07-14 19:35:14.407;Campanha HEIST -> GOL(SPO LOG)/JADLOG/FAVORITA;JADLOG;35260701336140000360550010040355911783178138;4035591;31965625;SP;10-20kg;18.144;48.93;377.716496350365;328.786496350365
2026-07-14;2026-07-14 16:50:20.473;Campanha HEIST -> GOL(SPO LOG)/JADLOG/FAVORITA;JADLOG;35260701336140000360550010040347671420054682;4034767;31964077;SP;20-30kg;20.796;103.3;375.2006624605678;271.9006624605678
2026-07-14;2026-07-14 16:15:19.847;Campanha HEIST -> GOL(SPO LOG)/JADLOG/FAVORITA;JADLOG;35260701336140000360550010040347211946832089;4034721;31963769;SP;30kg+;36.816;121.01;397.9043069948186;276.89430699481863
2026-07-14;2026-07-14 02:00:27.557;Campanha HEIST -> GOL(SPO LOG)/JADLOG/FAVORITA;JADLOG;35260701336140000360550010040347191263065758;4034719;31959296;BA;30kg+;106.284;1218.55;632.1727540983607;-586.3772459016393
2026-08-20;2026-08-20 11:10:24.657;Campanha HEIST -> GOL(SPO LOG)/JADLOG/FAVORITA;JADLOG;35260801336140000360550010040728621152864909;4072862;32325145;SP;20-30kg;27.936;99.34;375.2006624605678;275.8606624605678
2026-07-14;2026-07-14 00:55:14.380;Campanha HEIST -> GOL(SPO LOG)/JADLOG/FAVORITA;JADLOG;35260701336140000360550010040347181982024676;4034718;31959208;SP;30kg+;31.45875025;107.08;397.9043069948186;290.82430699481864
2026-07-13;2026-07-13 22:15:21.060;Campanha HEIST -> GOL(SPO LOG)/JADLOG/FAVORITA;JADLOG;35260701336140000360550010040347171872152273;4034717;31958780;SP;30kg+;73.584;242.48;397.9043069948186;155.42430699481864
2026-07-13;2026-07-13 20:40:21.463;Campanha HEIST -> GOL(SPO LOG)/JADLOG/FAVORITA;JADLOG;35260701336140000360550010040347161803750240;4034716;31958191;ES;30kg+;93.408;258.67;499.0984;240.4284
2026-07-13;2026-07-13 20:05:19.903;Campanha HEIST -> GOL(SPO LOG)/JADLOG/FAVORITA;JADLOG;35260701336140000360550010040347151905723989;4034715;31957968;SP;30kg+;54.528;168.54;397.9043069948186;229.36430699481863
2026-07-13;2026-07-13 16:55:18.763;Campanha HEIST -> GOL(SPO LOG)/JADLOG/FAVORITA;JADLOG;35260701336140000360550010040340851745200211;4034085;31956083;BA;30kg+;53.76;166.96;632.1727540983607;465.2127540983606
2026-07-13;2026-07-13 14:00:33.250;Campanha HEIST -> GOL(SPO LOG)/JADLOG/FAVORITA;JADLOG;35260701336140000360550010040339851455089304;4033985;31954559;SP;5-10kg;6.96;18.1;366.5678466076696;348.46784660766957
2026-07-13;2026-07-13 13:45:48.200;Campanha HEIST -> GOL(SPO LOG)/JADLOG/FAVORITA;JADLOG;35260701336140000360550010040340641037610250;4034064;31954305;BA;30kg+;76.38;854.15;632.1727540983607;-221.97724590163932
2026-07-12;2026-07-12 19:30:25.437;Campanha HEIST -> GOL(SPO LOG)/JADLOG/FAVORITA;JADLOG;35260701336140000360550010040340631760682097;4034063;31949413;SP;30kg+;55.452;188.98;397.9043069948186;208.92430699481864
2026-07-12;2026-07-12 19:05:15.857;Campanha HEIST -> GOL(SPO LOG)/JADLOG/FAVORITA;JADLOG;35260701336140000360550010040340651001256445;4034065;31949062;PR;30kg+;53.76;175.26;537.3662837837838;362.10628378378385
2026-07-12;2026-07-12 17:45:17.447;Campanha HEIST -> GOL(SPO LOG)/JADLOG/FAVORITA;JADLOG;35260701336140000360550010040339901845228953;4033990;31948667;SP;30kg+;53.96;168.89;397.9043069948186;229.01430699481864
2026-08-20;2026-08-20 21:49:49.413;Campanha HEIST -> GOL(SPO LOG)/JADLOG/FAVORITA;JADLOG;35260801336140000360550010040728971808349318;4072897;32330179;SP;30kg+;53.559;167.42;397.9043069948186;230.48430699481864
2026-07-12;2026-07-12 17:00:23.393;Campanha HEIST -> GOL(SPO LOG)/JADLOG/FAVORITA;JADLOG;35260701336140000360550010040339881334330444;4033988;31948438;RS;30kg+;93.408;319.53;639.6241803278688;320.0941803278688
2026-07-12;2026-07-12 12:15:16.507;Campanha HEIST -> GOL(SPO LOG)/JADLOG/FAVORITA;JADLOG;35260701336140000360550010040340551734469967;4034055;31946118;SP;5-10kg;5.362;18.42;366.5678466076696;348.1478466076696
2026-07-11;2026-07-11 20:45:19.347;Campanha HEIST -> GOL(SPO LOG)/JADLOG/FAVORITA;JADLOG;35260701336140000360550010040340531793352464;4034053;31943786;PE;30kg+;93.408;359.16;559.5709815950921;200.4109815950921
2026-07-11;2026-07-11 14:45:19.640;Campanha HEIST -> GOL(SPO LOG)/JADLOG/FAVORITA;JADLOG;35260701336140000360550010040340431631243566;4034043;31942292;SP;30kg+;53.466378318000004;164.9;397.9043069948186;233.00430699481862
2026-07-11;2026-07-11 14:45:19.640;Campanha HEIST -> GOL(SPO LOG)/JADLOG/FAVORITA;JADLOG;35260701336140000360550010040340411226020188;4034041;31942291;BA;30kg+;42.704;444.92;632.1727540983607;187.25275409836064
2026-07-11;2026-07-11 14:30:28.877;Campanha HEIST -> GOL(SPO LOG)/JADLOG/FAVORITA;JADLOG;35260701336140000360550010040340361237692468;4034036;31942231;MA;30kg+;50.232;183.25;784.1933333333333;600.9433333333333
2026-07-11;2026-07-11 14:15:19.053;Campanha HEIST -> GOL(SPO LOG)/JADLOG/FAVORITA;JADLOG;35260701336140000360550010040340341291458406;4034034;31942167;SP;20-30kg;29.131845896999998;103.29;375.2006624605678;271.9106624605678
2026-07-11;2026-07-11 14:05:36.653;Campanha HEIST -> GOL(SPO LOG)/JADLOG/FAVORITA;JADLOG;35260701336140000360550010040340331119286115;4034033;31942116;SP;30kg+;38.892;127.71;397.9043069948186;270.19430699481865
2026-07-10;2026-07-10 21:30:32.740;Campanha HEIST -> GOL(SPO LOG)/JADLOG/FAVORITA;JADLOG;35260701336140000360550010040339621252567843;4033962;31939675;BA;10-20kg;18.509;167.3;388.9172222222222;221.6172222222222
2026-07-10;2026-07-10 17:35:12.800;Campanha HEIST -> GOL(SPO LOG)/JADLOG/FAVORITA;JADLOG;35260701336140000360550010040339581461729240;4033958;31938190;SP;30kg+;106.284;309.09;397.9043069948186;88.81430699481865
2026-07-10;2026-07-10 11:50:17.150;Campanha HEIST -> GOL(SPO LOG)/JADLOG/FAVORITA;JADLOG;35260701336140000360550010040329611266208733;4032961;31935438;SP;30kg+;36.288;132.69;397.9043069948186;265.2143069948186
2026-07-10;2026-07-10 11:00:28.240;Campanha HEIST -> GOL(SPO LOG)/JADLOG/FAVORITA;JADLOG;35260701336140000360550010040329511254438970;4032951;31935067;SP;30kg+;53.76;167.58;397.9043069948186;230.3243069948186
2026-07-10;2026-07-10 10:00:37.400;Campanha HEIST -> GOL(SPO LOG)/JADLOG/FAVORITA;JADLOG;35260701336140000360550010040329591882322726;4032959;31934663;BA;30kg+;50.4;699.17;632.1727540983607;-66.9972459016393
2026-07-10;2026-07-10 08:30:36.827;Campanha HEIST -> GOL(SPO LOG)/JADLOG/FAVORITA;JADLOG;35260701336140000360550010040329621992854531;4032962;31934107;BA;30kg+;93.408;1061.45;632.1727540983607;-429.2772459016394
2026-07-09;2026-07-09 21:00:28.600;Campanha HEIST -> GOL(SPO LOG)/JADLOG/FAVORITA;JADLOG;35260701336140000360550010040340771590040516;4034077;31932456;SP;30kg+;36.432;121.21;397.9043069948186;276.69430699481865
2026-07-09;2026-07-09 15:00:29.530;Campanha HEIST -> GOL(SPO LOG)/JADLOG/FAVORITA;JADLOG;35260701336140000360550010040331091131862606;4033109;31930360;SP;30kg+;93.408;276.56;397.9043069948186;121.34430699481862
2026-07-09;2026-07-09 14:45:20.260;Campanha HEIST -> GOL(SPO LOG)/JADLOG/FAVORITA;JADLOG;35260701336140000360550010040331101102324503;4033110;31930233;SP;30kg+;33.6;113.16;397.9043069948186;284.74430699481866
2026-07-09;2026-07-09 14:15:21.213;Campanha HEIST -> GOL(SPO LOG)/JADLOG/FAVORITA;JADLOG;35260701336140000360550010040331071108578170;4033107;31930005;BA;30kg+;36.288;366.45;632.1727540983607;265.72275409836067
2026-07-09;2026-07-09 10:45:21.040;Campanha HEIST -> GOL(SPO LOG)/JADLOG/FAVORITA;JADLOG;35260701336140000360550010040331021423420769;4033102;31928733;BA;30kg+;99.846;321.0;632.1727540983607;311.17275409836066
2026-07-09;2026-07-09 10:40:22.130;Campanha HEIST -> GOL(SPO LOG)/JADLOG/FAVORITA;JADLOG;35260701336140000360550010040331031066508617;4033103;31928677;SP;30kg+;55.776;189.8;397.9043069948186;208.10430699481861
2026-07-09;2026-07-09 06:15:18.493;Campanha HEIST -> GOL(SPO LOG)/JADLOG/FAVORITA;FAVORITA TRANSPORTE;35260701336140000360550010040328581071922703;4032858;31927828;PA;30kg+;54.528;269.53;698.3584375;428.82843750000006
2026-07-09;2026-07-09 00:50:17.623;Campanha HEIST -> GOL(SPO LOG)/JADLOG/FAVORITA;JADLOG;35260701336140000360550010040330431545578771;4033043;31927387;BA;30kg+;93.408;1061.45;632.1727540983607;-429.2772459016394
2026-07-08;2026-07-08 20:20:12.900;Campanha HEIST -> GOL(SPO LOG)/JADLOG/FAVORITA;FAVORITA TRANSPORTE;35260701336140000360550010040323411111424887;4032341;31926151;MS;30kg+;59.8969062;156.06;512.7392857142858;356.67928571428575
2026-07-08;2026-07-08 19:30:22.567;Campanha HEIST -> GOL(SPO LOG)/JADLOG/FAVORITA;JADLOG;35260701336140000360550010040329431609282600;4032943;31925893;SP;20-30kg;28.974;98.47;375.2006624605678;276.7306624605678
2026-07-08;2026-07-08 17:00:26.977;Campanha HEIST -> GOL(SPO LOG)/JADLOG/FAVORITA;JADLOG;35260701336140000360550010040321801114310030;4032180;31924839;PR;5-10kg;7.071;23.42;268.95952380952383;245.5395238095238
2026-07-08;2026-07-08 15:45:36.883;Campanha HEIST -> GOL(SPO LOG)/JADLOG/FAVORITA;JADLOG;35260701336140000360550010040321571677848101;4032157;31924204;SP;20-30kg;20.244;52.18;375.2006624605678;323.0206624605678
2026-07-08;2026-07-08 12:30:36.660;Campanha HEIST -> GOL(SPO LOG)/JADLOG/FAVORITA;JADLOG;35260701336140000360550010040319161251203765;4031916;31922724;SP;30kg+;93.408;300.91;397.9043069948186;96.9943069948186
2026-07-08;2026-07-08 11:30:15.130;Campanha HEIST -> GOL(SPO LOG)/JADLOG/FAVORITA;JADLOG;35260701336140000360550010040320491579402250;4032049;31922127;SP;30kg+;33.696;124.41;397.9043069948186;273.49430699481866
2026-07-08;2026-07-08 08:30:26.393;Campanha HEIST -> GOL(SPO LOG)/JADLOG/FAVORITA;JADLOG;35260701336140000360550010040318611080197375;4031861;31919914;SP;30kg+;49.164;171.03;397.9043069948186;226.87430699481862
2026-07-08;2026-07-08 08:15:17.180;Campanha HEIST -> GOL(SPO LOG)/JADLOG/FAVORITA;JADLOG;35260701336140000360550010040318581319900517;4031858;31919865;BA;30kg+;93.408;1061.45;632.1727540983607;-429.2772459016394
2026-07-07;2026-07-07 21:20:20.617;Campanha HEIST -> GOL(SPO LOG)/JADLOG/FAVORITA;JADLOG;35260701336140000360550010040319861691421340;4031986;31918529;SP;10-20kg;12.0;26.34;377.716496350365;351.376496350365
2026-07-07;2026-07-07 21:20:20.617;Campanha HEIST -> GOL(SPO LOG)/JADLOG/FAVORITA;JADLOG;35260701336140000360550010040317531389471869;4031753;31918528;SP;10-20kg;12.0;26.34;377.716496350365;351.376496350365
2026-07-07;2026-07-07 17:15:20.477;Campanha HEIST -> GOL(SPO LOG)/JADLOG/FAVORITA;FAVORITA TRANSPORTE;35260701336140000360550010040313321555898209;4031332;31916895;GO;30kg+;54.528;137.76;502.2634285714286;364.5034285714286
2026-07-07;2026-07-07 09:20:24.320;Campanha HEIST -> GOL(SPO LOG)/JADLOG/FAVORITA;JADLOG;35260701336140000360550010040319541814405050;4031954;31912754;SP;30kg+;93.408;512.19;397.9043069948186;-114.28569300518143
2026-07-07;2026-07-07 08:40:19.590;Campanha HEIST -> GOL(SPO LOG)/JADLOG/FAVORITA;JADLOG;35260701336140000360550010040311951359701251;4031195;31912527;SP;30kg+;36.288;122.13;397.9043069948186;275.77430699481863
2026-07-07;2026-07-07 01:35:12.010;Campanha HEIST -> GOL(SPO LOG)/JADLOG/FAVORITA;JADLOG;35260701336140000360550010040309491852059878;4030949;31911886;BA;30kg+;36.288;366.45;632.1727540983607;265.72275409836067
2026-07-06;2026-07-06 14:40:18.117;Campanha HEIST -> GOL(SPO LOG)/JADLOG/FAVORITA;FAVORITA TRANSPORTE;35260701336140000360550010040302001092009908;4030200;31907520;GO;20-30kg;27.84;93.82;386.85699999999997;293.037
2026-07-06;2026-07-06 11:20:20.073;Campanha HEIST -> GOL(SPO LOG)/JADLOG/FAVORITA;JADLOG;35260701336140000360550010040302861145021472;4030286;31906031;SP;30kg+;106.284;309.09;397.9043069948186;88.81430699481865
2026-07-05;2026-07-05 11:35:11.180;Campanha HEIST -> GOL(SPO LOG)/JADLOG/FAVORITA;JADLOG;35260701336140000360550010040302761613378661;4030276;31898623;BA;30kg+;93.408;1061.45;632.1727540983607;-429.2772459016394
2026-07-05;2026-07-05 11:05:13.130;Campanha HEIST -> GOL(SPO LOG)/JADLOG/FAVORITA;JADLOG;35260701336140000360550010040301141666173292;4030114;31898427;PE;30kg+;93.408;426.53;559.5709815950921;133.04098159509215
2026-07-04;2026-07-04 21:10:16.137;Campanha HEIST -> GOL(SPO LOG)/JADLOG/FAVORITA;JADLOG;35260701336140000360550010040300371550225031;4030037;31896782;PE;30kg+;93.408;359.16;559.5709815950921;200.4109815950921
2026-07-04;2026-07-04 16:55:14.500;Campanha HEIST -> GOL(SPO LOG)/JADLOG/FAVORITA;JADLOG;35260701336140000360550010040303001899216283;4030300;31895425;SP;30kg+;45.024;145.28;397.9043069948186;252.62430699481862
2026-07-04;2026-07-04 13:15:23.207;Campanha HEIST -> GOL(SPO LOG)/JADLOG/FAVORITA;JADLOG;35260701336140000360550010040300331568882612;4030033;31894394;PE;30kg+;54.066;203.57;559.5709815950921;356.0009815950921
2026-07-04;2026-07-04 11:15:19.997;Campanha HEIST -> GOL(SPO LOG)/JADLOG/FAVORITA;FAVORITA TRANSPORTE;35260701336140000360550010040289121257171490;4028912;31893970;PA;30kg+;105.56375580000001;468.37;698.3584375;229.98843750000003
2026-07-03;2026-07-03 22:45:20.337;Campanha HEIST -> GOL(SPO LOG)/JADLOG/FAVORITA;JADLOG;35260701336140000360550010040300291724580123;4030029;31892149;RS;30kg+;53.76;567.55;639.6241803278688;72.07418032786882
2026-07-03;2026-07-03 22:35:15.653;Campanha HEIST -> GOL(SPO LOG)/JADLOG/FAVORITA;JADLOG;35260701336140000360550010040300361340591875;4030036;31892076;AL;30kg+;93.408;2280.45;720.6108695652174;-1559.8391304347824
2026-07-03;2026-07-03 22:15:19.760;Campanha HEIST -> GOL(SPO LOG)/JADLOG/FAVORITA;JADLOG;35260701336140000360550010040300241443249028;4030024;31891975;SE;30kg+;76.356;269.43;513.4777777777778;244.04777777777775
2026-07-03;2026-07-03 20:45:19.553;Campanha HEIST -> GOL(SPO LOG)/JADLOG/FAVORITA;JADLOG;35260701336140000360550010040303041282636592;4030304;31891475;BA;30kg+;54.48;587.16;632.1727540983607;45.01275409836069
2026-07-03;2026-07-03 19:45:22.847;Campanha HEIST -> GOL(SPO LOG)/JADLOG/FAVORITA;FAVORITA TRANSPORTE;35260701336140000360550010040302721336353164;4030272;31891062;DF;10-20kg;17.36;81.65;360.71999999999997;279.06999999999994
2026-07-03;2026-07-03 18:15:30.353;Campanha HEIST -> GOL(SPO LOG)/JADLOG/FAVORITA;JADLOG;35260701336140000360550010040302991178672616;4030299;31890405;CE;30kg+;53.76;256.11;804.6896428571429;548.5796428571429
2026-07-03;2026-07-03 17:55:17.757;Campanha HEIST -> GOL(SPO LOG)/JADLOG/FAVORITA;JADLOG;35260701336140000360550010040299631167673295;4029963;31890275;AL;30kg+;93.408;3418.63;720.6108695652174;-2698.0191304347827
2026-07-03;2026-07-03 17:30:27.287;Campanha HEIST -> GOL(SPO LOG)/JADLOG/FAVORITA;JADLOG;35260701336140000360550010040299941939250300;4029994;31890098;PE;30kg+;93.408;359.16;559.5709815950921;200.4109815950921
2026-07-03;2026-07-03 16:45:21.553;Campanha HEIST -> GOL(SPO LOG)/JADLOG/FAVORITA;JADLOG;35260701336140000360550010040284921615108707;4028492;31889722;SP;30kg+;78.54;234.07;397.9043069948186;163.83430699481863
2026-07-03;2026-07-03 13:30:26.330;Campanha HEIST -> GOL(SPO LOG)/JADLOG/FAVORITA;JADLOG;35260701336140000360550010040284851866429950;4028485;31887990;BA;30kg+;93.408;299.24;632.1727540983607;332.93275409836065
2026-07-03;2026-07-03 13:20:19.193;Campanha HEIST -> GOL(SPO LOG)/JADLOG/FAVORITA;JADLOG;35260701336140000360550010040284861245640992;4028486;31887935;CE;30kg+;86.744;432.76;804.6896428571429;371.9296428571429
2026-07-03;2026-07-03 12:00:33.897;Campanha HEIST -> GOL(SPO LOG)/JADLOG/FAVORITA;FAVORITA TRANSPORTE;35260701336140000360550010040280241222110348;4028024;31887492;GO;20-30kg;27.84;93.82;386.85699999999997;293.037
2026-07-03;2026-07-03 11:35:14.797;Campanha HEIST -> GOL(SPO LOG)/JADLOG/FAVORITA;JADLOG;35260701336140000360550010040284821502332729;4028482;31887284;SP;30kg+;32.00722;119.4;397.9043069948186;278.50430699481865
2026-07-03;2026-07-03 11:35:14.797;Campanha HEIST -> GOL(SPO LOG)/JADLOG/FAVORITA;FAVORITA TRANSPORTE;35260701336140000360550010040279961669486230;4027996;31887278;GO;30kg+;45.9;122.09;502.2634285714286;380.17342857142864
2026-07-03;2026-07-03 11:35:14.797;Campanha HEIST -> GOL(SPO LOG)/JADLOG/FAVORITA;FAVORITA TRANSPORTE;35260701336140000360550010040279931699526157;4027993;31887272;GO;20-30kg;27.84;93.82;386.85699999999997;293.037
2026-07-03;2026-07-03 10:20:19.950;Campanha HEIST -> GOL(SPO LOG)/JADLOG/FAVORITA;JADLOG;35260701336140000360550010040284771735873510;4028477;31886660;MG;30kg+;70.515052608;242.02;703.1904179104478;461.1704179104478
2026-07-02;2026-07-02 20:30:26.007;Campanha HEIST -> GOL(SPO LOG)/JADLOG/FAVORITA;JADLOG;35260701336140000360550010040282731898454931;4028273;31883459;SP;30kg+;72.934640625;238.33;397.9043069948186;159.5743069948186
2026-07-02;2026-07-02 18:45:20.117;Campanha HEIST -> GOL(SPO LOG)/JADLOG/FAVORITA;JADLOG;35260701336140000360550010040284841814532760;4028484;31882492;BA;30kg+;41.28;427.17;632.1727540983607;205.00275409836064
2026-07-02;2026-07-02 18:15:21.723;Campanha HEIST -> GOL(SPO LOG)/JADLOG/FAVORITA;JADLOG;35260701336140000360550010040280301509152515;4028030;31882283;SP;30kg+;49.152;154.28;397.9043069948186;243.62430699481862
2026-07-02;2026-07-02 15:00:35.577;Campanha HEIST -> GOL(SPO LOG)/JADLOG/FAVORITA;JADLOG;35260701336140000360550010040273381718191785;4027338;31880537;SP;30kg+;42.252;150.18;397.9043069948186;247.72430699481862
2026-07-02;2026-07-02 14:45:36.807;Campanha HEIST -> GOL(SPO LOG)/JADLOG/FAVORITA;JADLOG;35260701336140000360550010040273281747372524;4027328;31880362;RJ;30kg+;89.0050882;254.2;516.8187096774193;262.6187096774193
2026-07-02;2026-07-02 14:35:16.607;Campanha HEIST -> GOL(SPO LOG)/JADLOG/FAVORITA;FAVORITA TRANSPORTE;35260701336140000360550010040272471241611927;4027247;31880275;PA;30kg+;111.35877119999999;469.51;698.3584375;228.84843750000005
2026-07-02;2026-07-02 13:40:21.577;Campanha HEIST -> GOL(SPO LOG)/JADLOG/FAVORITA;JADLOG;35260701336140000360550010040273261205738578;4027326;31879824;CE;30kg+;53.76;256.15;804.6896428571429;548.5396428571429
2026-07-02;2026-07-02 10:30:44.440;Campanha HEIST -> GOL(SPO LOG)/JADLOG/FAVORITA;JADLOG;35260701336140000360550010040271531521669560;4027153;31878098;RJ;30kg+;86.88403456;252.35;516.8187096774193;264.46870967741927
2026-07-01;2026-07-01 23:00:25.723;Campanha HEIST -> GOL(SPO LOG)/JADLOG/FAVORITA;JADLOG;35260701336140000360550010040267991094191200;4026799;31876119;SP;30kg+;35.028;128.26;397.9043069948186;269.64430699481863
2026-07-01;2026-07-01 22:45:17.357;Campanha HEIST -> GOL(SPO LOG)/JADLOG/FAVORITA;JADLOG;35260701336140000360550010040267981478113292;4026798;31876038;PR;30kg+;70.578;220.43;537.3662837837838;316.93628378378384
2026-07-01;2026-07-01 22:25:15.653;Campanha HEIST -> GOL(SPO LOG)/JADLOG/FAVORITA;FAVORITA TRANSPORTE;35260701336140000360550010040267541236786649;4026754;31875900;GO;30kg+;49.848;70.42;502.2634285714286;431.8434285714286
2026-07-01;2026-07-01 21:45:18.123;Campanha HEIST -> GOL(SPO LOG)/JADLOG/FAVORITA;JADLOG;35260701336140000360550010040267831880227261;4026783;31875632;PE;30kg+;66.636;301.17;559.5709815950921;258.4009815950921
2026-07-01;2026-07-01 21:35:15.200;Campanha HEIST -> GOL(SPO LOG)/JADLOG/FAVORITA;JADLOG;35260701336140000360550010040267821100529100;4026782;31875529;SP;30kg+;93.408;300.91;397.9043069948186;96.9943069948186
2026-07-01;2026-07-01 21:35:15.200;Campanha HEIST -> GOL(SPO LOG)/JADLOG/FAVORITA;JADLOG;35260701336140000360550010040267971140929675;4026797;31875523;MG;30kg+;93.408;311.36;703.1904179104478;391.83041791044775
2026-07-01;2026-07-01 17:50:18.213;Campanha HEIST -> GOL(SPO LOG)/JADLOG/FAVORITA;JADLOG;35260701336140000360550010040266861327476411;4026686;31873687;SP;30kg+;36.288;132.69;397.9043069948186;265.2143069948186
2026-07-01;2026-07-01 16:35:22.353;Campanha HEIST -> GOL(SPO LOG)/JADLOG/FAVORITA;JADLOG;35260701336140000360550010040265161611802166;4026516;31872984;PE;30kg+;93.408;349.39;559.5709815950921;210.18098159509213
2026-07-01;2026-07-01 16:35:22.353;Campanha HEIST -> GOL(SPO LOG)/JADLOG/FAVORITA;JADLOG;35260701336140000360550010040265361376713769;4026536;31872951;SP;30kg+;32.580629697;120.86;397.9043069948186;277.0443069948186
2026-07-01;2026-07-01 16:15:19.010;Campanha HEIST -> GOL(SPO LOG)/JADLOG/FAVORITA;FAVORITA TRANSPORTE;35260701336140000360550010040264421764366030;4026442;31872724;GO;30kg+;53.76;78.55;502.2634285714286;423.7134285714286
2026-07-01;2026-07-01 16:00:44.947;Campanha HEIST -> GOL(SPO LOG)/JADLOG/FAVORITA;JADLOG;35260701336140000360550010040265481102404190;4026548;31872566;SP;30kg+;70.056;231.84;397.9043069948186;166.06430699481862
2026-07-01;2026-07-01 15:00:42.117;Campanha HEIST -> GOL(SPO LOG)/JADLOG/FAVORITA;JADLOG;35260701336140000360550010040262981782392999;4026298;31872049;SP;30kg+;83.688;271.99;397.9043069948186;125.91430699481862
2026-07-01;2026-07-01 13:40:18.630;Campanha HEIST -> GOL(SPO LOG)/JADLOG/FAVORITA;JADLOG;35260701336140000360550010040265721358461776;4026572;31871064;PE;30kg+;53.76;201.83;559.5709815950921;357.7409815950921
2026-07-01;2026-07-01 12:55:17.557;Campanha HEIST -> GOL(SPO LOG)/JADLOG/FAVORITA;JADLOG;35260701336140000360550010040265671351252586;4026567;31870473;SP;30kg+;53.76;162.42;397.9043069948186;235.48430699481864
2026-07-01;2026-07-01 12:25:23.430;Campanha HEIST -> GOL(SPO LOG)/JADLOG/FAVORITA;JADLOG;35260701336140000360550010040265711996662868;4026571;31870289;MG;30kg+;93.408;1198.38;703.1904179104478;-495.18958208955235
2026-07-01;2026-07-01 12:20:20.547;Campanha HEIST -> GOL(SPO LOG)/JADLOG/FAVORITA;JADLOG;35260701336140000360550010040265641799615315;4026564;31870245;MG;30kg+;93.408;1198.38;703.1904179104478;-495.18958208955235
2026-07-01;2026-07-01 11:30:44.700;Campanha HEIST -> GOL(SPO LOG)/JADLOG/FAVORITA;JADLOG;35260701336140000360550010040265551314813404;4026555;31869804;SP;30kg+;40.986888490000005;145.62;397.9043069948186;252.28430699481862
2026-07-01;2026-07-01 10:30:28.917;Campanha HEIST -> GOL(SPO LOG)/JADLOG/FAVORITA;JADLOG;35260701336140000360550010040265521056573013;4026552;31869101;SC;10-20kg;19.536;188.69;333.5888235294118;144.8988235294118
2026-07-01;2026-07-01 10:20:33.193;Campanha HEIST -> GOL(SPO LOG)/JADLOG/FAVORITA;JADLOG;35260701336140000360550010040265441552351684;4026544;31868968;AL;30kg+;77.7866628;2826.79;720.6108695652174;-2106.1791304347826
2026-07-01;2026-07-01 10:20:33.193;Campanha HEIST -> GOL(SPO LOG)/JADLOG/FAVORITA;JADLOG;35260701336140000360550010040265391169856752;4026539;31868963;SP;30kg+;62.688;192.09;397.9043069948186;205.81430699481862
2026-07-01;2026-07-01 09:30:35.960;Campanha HEIST -> GOL(SPO LOG)/JADLOG/FAVORITA;JADLOG;35260701336140000360550010040266641389992874;4026664;31868429;SP;5-10kg;9.036;53.52;366.5678466076696;313.0478466076696
2026-07-01;2026-07-01 09:30:35.960;Campanha HEIST -> GOL(SPO LOG)/JADLOG/FAVORITA;JADLOG;35260701336140000360550010040266631286434375;4026663;31868421;BA;30kg+;93.408;1061.45;632.1727540983607;-429.2772459016394
2026-07-01;2026-07-01 08:45:18.837;Campanha HEIST -> GOL(SPO LOG)/JADLOG/FAVORITA;JADLOG;35260701336140000360550010040267911345548564;4026791;31868032;MG;30kg+;53.76;169.89;703.1904179104478;533.3004179104478
2026-07-01;2026-07-01 08:15:20.840;Campanha HEIST -> GOL(SPO LOG)/JADLOG/FAVORITA;FAVORITA TRANSPORTE;35260701336140000360550010040260101940296812;4026010;31867806;GO;30kg+;100.4583888;268.26;502.2634285714286;234.00342857142863
2026-07-01;2026-07-01 02:00:23.737;Campanha HEIST -> GOL(SPO LOG)/JADLOG/FAVORITA;JADLOG;35260701336140000360550010040267891217798330;4026789;31867134;SP;30kg+;76.904;252.34;397.9043069948186;145.56430699481862
2026-06-30;2026-06-30 20:45:20.510;Campanha HEIST -> GOL(SPO LOG)/JADLOG/FAVORITA;JADLOG;35260701336140000360550010040267781794159172;4026778;31865640;SP;20-30kg;20.16;52.06;375.2006624605678;323.1406624605678
2026-06-30;2026-06-30 20:15:22.070;Campanha HEIST -> GOL(SPO LOG)/JADLOG/FAVORITA;JADLOG;35260701336140000360550010040267751071510863;4026775;31865428;CE;30kg+;53.76;827.29;804.6896428571429;-22.600357142857092
2026-06-30;2026-06-30 20:00:27.793;Campanha HEIST -> GOL(SPO LOG)/JADLOG/FAVORITA;JADLOG;35260701336140000360550010040266611176640260;4026661;31865370;PR;30kg+;59.892;191.81;537.3662837837838;345.55628378378384
2026-06-30;2026-06-30 16:01:18.977;Campanha HEIST -> GOL(SPO LOG)/JADLOG/FAVORITA;JADLOG;35260701336140000360550010040265781857742189;4026578;31863296;SP;30kg+;106.284;309.09;397.9043069948186;88.81430699481865
2026-06-30;2026-06-30 16:00:32.113;Campanha HEIST -> GOL(SPO LOG)/JADLOG/FAVORITA;JADLOG;35260701336140000360550010040266391870276274;4026639;31863279;BA;30kg+;72.934640625;228.82;632.1727540983607;403.35275409836066
2026-06-30;2026-06-30 15:45:25.180;Campanha HEIST -> GOL(SPO LOG)/JADLOG/FAVORITA;JADLOG;35260701336140000360550010040266081818492100;4026608;31863162;SP;30kg+;53.616;183.45;397.9043069948186;214.45430699481864
2026-06-30;2026-06-30 09:50:18.717;Campanha HEIST -> GOL(SPO LOG)/JADLOG/FAVORITA;JADLOG;35260701336140000360550010040262801162135901;4026280;31860218;CE;30kg+;53.76;256.1;804.6896428571429;548.5896428571428
2026-06-30;2026-06-30 09:05:28.683;Campanha HEIST -> GOL(SPO LOG)/JADLOG/FAVORITA;JADLOG;35260701336140000360550010040260521026105057;4026052;31859937;PB;30kg+;53.76;295.15;799.1071428571429;503.9571428571429
2026-06-29;2026-06-29 22:30:18.073;Campanha HEIST -> GOL(SPO LOG)/JADLOG/FAVORITA;JADLOG;35260601336140000360550010040243731031531992;4024373;31858593;BA;30kg+;36.288;366.45;632.1727540983607;265.72275409836067
2026-06-29;2026-06-29 15:35:14.367;Campanha HEIST -> GOL(SPO LOG)/JADLOG/FAVORITA;FAVORITA TRANSPORTE;35260601336140000360550010040257181877318140;4025718;31854889;DF;30kg+;40.32;71.36;569.3891666666667;498.0291666666667
2026-06-29;2026-06-29 15:35:14.367;Campanha HEIST -> GOL(SPO LOG)/JADLOG/FAVORITA;JADLOG;35260601336140000360550010040240951712989311;4024095;31854881;SP;2-3kg;2.449793808;13.49;366.3057692307693;352.81576923076926
2026-06-29;2026-06-29 14:40:18.890;Campanha HEIST -> GOL(SPO LOG)/JADLOG/FAVORITA;JADLOG;35260601336140000360550010040241181210914800;4024118;31854788;SP;20-30kg;20.16;57.16;375.2006624605678;318.0406624605678
2026-06-29;2026-06-29 10:20:22.333;Campanha HEIST -> GOL(SPO LOG)/JADLOG/FAVORITA;JADLOG;35260601336140000360550010040241281926759514;4024128;31853372;SP;10-20kg;18.396;45.82;377.716496350365;331.896496350365
2026-06-29;2026-06-29 10:15:18.720;Campanha HEIST -> GOL(SPO LOG)/JADLOG/FAVORITA;JADLOG;35260601336140000360550010040241171594371193;4024117;31853353;SP;10-20kg;11.676;28.77;377.716496350365;348.946496350365
2026-06-29;2026-06-29 10:10:17.937;Campanha HEIST -> GOL(SPO LOG)/JADLOG/FAVORITA;JADLOG;35260601336140000360550010040241161504499317;4024116;31853321;SP;5-10kg;6.72;19.31;366.5678466076696;347.2578466076696
2026-08-03;2026-08-03 10:15:18.240;Campanha HEIST -> GOL(SPO LOG)/JADLOG/FAVORITA;JADLOG;35260801336140000360550010040631161822967257;4063116;32117224;SP;30kg+;51.576;177.61;397.9043069948186;220.2943069948186
2026-08-03;2026-08-03 08:45:36.020;Campanha HEIST -> GOL(SPO LOG)/JADLOG/FAVORITA;JADLOG;35260801336140000360550010040630971130032709;4063097;32116838;SP;30kg+;38.986;128.29;397.9043069948186;269.61430699481866
2026-08-03;2026-08-03 11:00:34.510;Campanha HEIST -> GOL(SPO LOG)/JADLOG/FAVORITA;JADLOG;35260801336140000360550010040631071447173630;4063107;32117469;BA;30kg+;93.408;299.24;632.1727540983607;332.93275409836065
2026-08-03;2026-08-03 11:30:24.407;Campanha HEIST -> GOL(SPO LOG)/JADLOG/FAVORITA;JADLOG;35260801336140000360550010040532341738913117;4053234;32117720;RJ;30kg+;39.216;145.87;516.8187096774193;370.9487096774193
2026-08-03;2026-08-03 11:55:15.017;Campanha HEIST -> GOL(SPO LOG)/JADLOG/FAVORITA;JADLOG;35260801336140000360550010040616451657406525;4061645;32117900;BA;20-30kg;25.646;317.35;407.9010810810811;90.55108108108107
2026-08-03;2026-08-03 12:05:30.300;Campanha HEIST -> GOL(SPO LOG)/JADLOG/FAVORITA;JADLOG;35260801336140000360550010040617091683569281;4061709;32117952;MG;30kg+;98.3296;282.64;703.1904179104478;420.5504179104478
2026-08-03;2026-08-03 13:00:41.697;Campanha HEIST -> GOL(SPO LOG)/JADLOG/FAVORITA;JADLOG;35260801336140000360550010040630771825017713;4063077;32118312;SP;30kg+;68.496;227.32;397.9043069948186;170.58430699481863
2026-08-03;2026-08-03 13:35:12.907;Campanha HEIST -> GOL(SPO LOG)/JADLOG/FAVORITA;JADLOG;35260801336140000360550010040542081878343172;4054208;32118595;SP;30kg+;36.288;122.26;397.9043069948186;275.64430699481863
2026-08-03;2026-08-03 14:25:15.260;Campanha HEIST -> GOL(SPO LOG)/JADLOG/FAVORITA;JADLOG;35260801336140000360550010040532451831131321;4053245;32118935;RJ;30kg+;48.48;172.58;516.8187096774193;344.23870967741925
2026-08-03;2026-08-03 14:30:36.253;Campanha HEIST -> GOL(SPO LOG)/JADLOG/FAVORITA;JADLOG;35260801336140000360550010040631131155167832;4063113;32118978;BA;30kg+;93.408;1061.45;632.1727540983607;-429.2772459016394
2026-08-03;2026-08-03 15:45:18.820;Campanha HEIST -> GOL(SPO LOG)/JADLOG/FAVORITA;JADLOG;35260801336140000360550010040616581490175132;4061658;32119519;SP;30kg+;98.3296;286.1;397.9043069948186;111.8043069948186
2026-08-03;2026-08-03 16:10:22.703;Campanha HEIST -> GOL(SPO LOG)/JADLOG/FAVORITA;JADLOG;35260801336140000360550010040631431421820686;4063143;32119716;SP;30kg+;83.345;247.4;397.9043069948186;150.50430699481862
2026-08-03;2026-08-03 16:15:19.610;Campanha HEIST -> GOL(SPO LOG)/JADLOG/FAVORITA;JADLOG;35260801336140000360550010040542101744339276;4054210;32119750;SP;30kg+;36.384;132.25;397.9043069948186;265.6543069948186
2026-08-03;2026-08-03 16:45:19.143;Campanha HEIST -> GOL(SPO LOG)/JADLOG/FAVORITA;JADLOG;35260801336140000360550010040630961682825116;4063096;32120045;MG;30kg+;93.408;272.4;703.1904179104478;430.7904179104478
2026-08-03;2026-08-03 17:05:13.040;Campanha HEIST -> GOL(SPO LOG)/JADLOG/FAVORITA;JADLOG;35260801336140000360550010040616941790841282;4061694;32120181;RJ;30kg+;52.32;161.05;516.8187096774193;355.7687096774193
2026-08-03;2026-08-03 17:45:18.410;Campanha HEIST -> GOL(SPO LOG)/JADLOG/FAVORITA;JADLOG;35260801336140000360550010040630781456675119;4063078;32120557;SP;30kg+;51.402;161.54;397.9043069948186;236.36430699481863
2026-08-03;2026-08-03 19:10:22.013;Campanha HEIST -> GOL(SPO LOG)/JADLOG/FAVORITA;FAVORITA TRANSPORTE;35260801336140000360550010040631501496554660;4063150;32121045;MS;30kg+;80.183796;214.79;512.7392857142858;297.9492857142858
2026-08-03;2026-08-03 19:15:21.027;Campanha HEIST -> GOL(SPO LOG)/JADLOG/FAVORITA;JADLOG;35260801336140000360550010040634441912988025;4063444;32121222;SP;20-30kg;24.024;70.73;375.2006624605678;304.4706624605678
2026-08-04;2026-08-04 08:45:20.853;Campanha HEIST -> GOL(SPO LOG)/JADLOG/FAVORITA;JADLOG;35260801336140000360550010040542141813878419;4054214;32123596;SP;30kg+;42.312;149.91;397.9043069948186;247.99430699481863
2026-08-04;2026-08-04 09:50:40.677;Campanha HEIST -> GOL(SPO LOG)/JADLOG/FAVORITA;FAVORITA TRANSPORTE;35260801336140000360550010040538411743822539;4053841;32123815;GO;30kg+;93.0893733;189.05;502.2634285714286;313.2134285714286
2026-08-04;2026-08-04 10:45:20.503;Campanha HEIST -> GOL(SPO LOG)/JADLOG/FAVORITA;JADLOG;35260801336140000360550010040542901578526351;4054290;32124103;SP;20-30kg;22.68;62.11;375.2006624605678;313.0906624605678
2026-08-04;2026-08-04 11:15:29.997;Campanha HEIST -> GOL(SPO LOG)/JADLOG/FAVORITA;JADLOG;35260801336140000360550010040634721573602396;4063472;32124285;SP;30kg+;45.024;158.39;397.9043069948186;239.51430699481864
2026-08-04;2026-08-04 12:30:33.880;Campanha HEIST -> GOL(SPO LOG)/JADLOG/FAVORITA;JADLOG;35260801336140000360550010040631251530477682;4063125;32124719;SP;30kg+;53.76;167.58;397.9043069948186;230.3243069948186
2026-08-04;2026-08-04 13:30:27.217;Campanha HEIST -> GOL(SPO LOG)/JADLOG/FAVORITA;JADLOG;35260801336140000360550010040631681535164647;4063168;32125027;SP;30kg+;59.364;183.53;397.9043069948186;214.37430699481862
2026-08-04;2026-08-04 18:00:33.103;Campanha HEIST -> GOL(SPO LOG)/JADLOG/FAVORITA;JADLOG;35260801336140000360550010040632071426331992;4063207;32126703;BA;30kg+;66.636;210.48;632.1727540983607;421.69275409836064
2026-08-04;2026-08-04 19:00:46.490;Campanha HEIST -> GOL(SPO LOG)/JADLOG/FAVORITA;JADLOG;35260801336140000360550010040631321584437330;4063132;32127003;SP;10-20kg;17.496;41.14;377.716496350365;336.576496350365
2026-08-04;2026-08-04 19:15:25.457;Campanha HEIST -> GOL(SPO LOG)/JADLOG/FAVORITA;JADLOG;35260801336140000360550010040631291048905511;4063129;32127097;AL;30kg+;93.408;3418.63;720.6108695652174;-2698.0191304347827
2026-08-04;2026-08-04 19:20:24.030;Campanha HEIST -> GOL(SPO LOG)/JADLOG/FAVORITA;JADLOG;35260801336140000360550010040631581112148811;4063158;32127133;SP;30kg+;46.08;146.8;397.9043069948186;251.10430699481861
2026-08-04;2026-08-04 20:05:16.860;Campanha HEIST -> GOL(SPO LOG)/JADLOG/FAVORITA;JADLOG;35260801336140000360550010040634881590530764;4063488;32127447;AL;30kg+;64.14;2313.64;720.6108695652174;-1593.0291304347825
2026-08-04;2026-08-04 20:40:20.017;Campanha HEIST -> GOL(SPO LOG)/JADLOG/FAVORITA;FAVORITA TRANSPORTE;35260801336140000360550010040626471102152076;4062647;32127604;DF;30kg+;61.749204;114.11;569.3891666666667;455.2791666666667
2026-08-04;2026-08-04 20:50:20.063;Campanha HEIST -> GOL(SPO LOG)/JADLOG/FAVORITA;JADLOG;35260801336140000360550010040631391659171317;4063139;32127672;SP;30kg+;46.164;161.54;397.9043069948186;236.36430699481863
2026-08-04;2026-08-04 21:00:28.683;Campanha HEIST -> GOL(SPO LOG)/JADLOG/FAVORITA;JADLOG;35260801336140000360550010040631271312492277;4063127;32127733;MG;30kg+;93.408;283.45;703.1904179104478;419.7404179104478
2026-08-04;2026-08-04 21:15:21.613;Campanha HEIST -> GOL(SPO LOG)/JADLOG/FAVORITA;JADLOG;35260801336140000360550010040633631336814956;4063363;32127819;SP;30kg+;35.56098;113.94;397.9043069948186;283.9643069948186
2026-08-04;2026-08-04 22:00:24.397;Campanha HEIST -> GOL(SPO LOG)/JADLOG/FAVORITA;JADLOG;35260801336140000360550010040631441129814873;4063144;32128044;SP;30kg+;93.408;300.91;397.9043069948186;96.9943069948186
2026-08-04;2026-08-04 22:05:11.907;Campanha HEIST -> GOL(SPO LOG)/JADLOG/FAVORITA;FAVORITA TRANSPORTE;35260801336140000360550010040545741367904596;4054574;32128054;GO;20-30kg;27.936;94.33;386.85699999999997;292.527
2026-08-04;2026-08-04 22:15:16.940;Campanha HEIST -> GOL(SPO LOG)/JADLOG/FAVORITA;JADLOG;35260801336140000360550010040631991694533490;4063199;32128114;SP;30kg+;46.356;162.25;397.9043069948186;235.65430699481863
2026-08-04;2026-08-04 22:30:20.040;Campanha HEIST -> GOL(SPO LOG)/JADLOG/FAVORITA;JADLOG;35260801336140000360550010040634201226179723;4063420;32128176;SP;30kg+;43.068;138.45;397.9043069948186;259.45430699481864
2026-08-04;2026-08-04 23:15:16.713;Campanha HEIST -> GOL(SPO LOG)/JADLOG/FAVORITA;JADLOG;35260801336140000360550010040634731400232764;4063473;32128349;SP;30kg+;53.76;167.59;397.9043069948186;230.31430699481862
2026-08-05;2026-08-05 09:35:13.437;Campanha HEIST -> GOL(SPO LOG)/JADLOG/FAVORITA;JADLOG;35260801336140000360550010040633931797975077;4063393;32129808;SP;30kg+;46.704;148.21;397.9043069948186;249.69430699481862
2026-08-05;2026-08-05 12:20:23.200;Campanha HEIST -> GOL(SPO LOG)/JADLOG/FAVORITA;JADLOG;35260801336140000360550010040616811955254460;4061681;32130836;SP;30kg+;50.7;247.93;397.9043069948186;149.97430699481862
2026-08-05;2026-08-05 12:20:23.200;Campanha HEIST -> GOL(SPO LOG)/JADLOG/FAVORITA;JADLOG;35260801336140000360550010040547991525794826;4054799;32130838;SP;30kg+;54.02735236;167.67;397.9043069948186;230.23430699481864
2026-08-05;2026-08-05 12:50:17.190;Campanha HEIST -> GOL(SPO LOG)/JADLOG/FAVORITA;JADLOG;35260801336140000360550010040549491203401094;4054949;32131046;BA;30kg+;34.08;339.15;632.1727540983607;293.0227540983607
2026-08-05;2026-08-05 13:20:21.743;Campanha HEIST -> GOL(SPO LOG)/JADLOG/FAVORITA;JADLOG;35260801336140000360550010040630831672845930;4063083;32131306;MG;30kg+;93.408;275.01;703.1904179104478;428.1804179104478
2026-08-05;2026-08-05 13:45:18.460;Campanha HEIST -> GOL(SPO LOG)/JADLOG/FAVORITA;JADLOG;35260801336140000360550010040634111110035599;4063411;32131463;MG;30kg+;77.7866628;239.23;703.1904179104478;463.96041791044775
2026-08-05;2026-08-05 14:35:12.987;Campanha HEIST -> GOL(SPO LOG)/JADLOG/FAVORITA;JADLOG;35260801336140000360550010040631331271523723;4063133;32131806;SP;20-30kg;29.82;113.7;375.2006624605678;261.5006624605678
2026-08-05;2026-08-05 15:15:22.650;Campanha HEIST -> GOL(SPO LOG)/JADLOG/FAVORITA;JADLOG;35260801336140000360550010040632341768354128;4063234;32132136;MG;30kg+;93.408;275.01;703.1904179104478;428.1804179104478
2026-08-05;2026-08-05 15:15:22.650;Campanha HEIST -> GOL(SPO LOG)/JADLOG/FAVORITA;JADLOG;35260801336140000360550010040633651547657464;4063365;32132149;MG;30kg+;77.7866628;263.02;703.1904179104478;440.1704179104478
2026-08-06;2026-08-06 09:41:15.560;Campanha HEIST -> GOL(SPO LOG)/JADLOG/FAVORITA;FAVORITA TRANSPORTE;35260801336140000360550010040630841687306361;4063084;32217575;MS;30kg+;93.408;141.78;512.7392857142858;370.9592857142858
2026-08-06;2026-08-06 09:41:15.560;Campanha HEIST -> GOL(SPO LOG)/JADLOG/FAVORITA;FAVORITA TRANSPORTE;35260801336140000360550010040632221952556055;4063222;32217591;MS;30kg+;58.38;110.42;512.7392857142858;402.31928571428574
2026-08-06;2026-08-06 09:41:15.560;Campanha HEIST -> GOL(SPO LOG)/JADLOG/FAVORITA;JADLOG;35260801336140000360550010040631341408134066;4063134;32217701;SP;10-20kg;16.104;42.02;377.716496350365;335.696496350365
2026-08-06;2026-08-06 09:45:19.663;Campanha HEIST -> GOL(SPO LOG)/JADLOG/FAVORITA;JADLOG;35260801336140000360550010040632351957303242;4063235;32217768;RS;30kg+;58.38;192.86;639.6241803278688;446.76418032786876
2026-08-06;2026-08-06 09:45:19.663;Campanha HEIST -> GOL(SPO LOG)/JADLOG/FAVORITA;JADLOG;35260801336140000360550010040634631457960096;4063463;32217797;BA;10-20kg;16.776;146.31;388.9172222222222;242.60722222222222
2026-08-06;2026-08-06 10:00:39.777;Campanha HEIST -> GOL(SPO LOG)/JADLOG/FAVORITA;JADLOG;35260801336140000360550010040617001461108673;4061700;32219331;SP;30kg+;55.679750559999995;172.15;397.9043069948186;225.75430699481862
2026-08-06;2026-08-06 11:45:17.477;Campanha HEIST -> GOL(SPO LOG)/JADLOG/FAVORITA;JADLOG;35260801336140000360550010040632171142896258;4063217;32221391;PR;30kg+;99.846;299.21;537.3662837837838;238.15628378378386
2026-08-06;2026-08-06 12:10:30.130;Campanha HEIST -> GOL(SPO LOG)/JADLOG/FAVORITA;JADLOG;35260801336140000360550010040631931229430052;4063193;32221586;PR;30kg+;69.228;238.21;537.3662837837838;299.1562837837838
2026-08-06;2026-08-06 15:10:28.413;Campanha HEIST -> GOL(SPO LOG)/JADLOG/FAVORITA;JADLOG;35260801336140000360550010040631961287598965;4063196;32222600;RJ;30kg+;57.948;187.61;516.8187096774193;329.2087096774193
2026-08-06;2026-08-06 15:35:15.503;Campanha HEIST -> GOL(SPO LOG)/JADLOG/FAVORITA;JADLOG;35260801336140000360550010040631751233409498;4063175;32223208;SP;30kg+;53.76;262.14;397.9043069948186;135.76430699481864
2026-08-06;2026-08-06 15:45:45.913;Campanha HEIST -> GOL(SPO LOG)/JADLOG/FAVORITA;JADLOG;35260801336140000360550010040559321267194062;4055932;32223309;SP;30kg+;42.832373759999996;138.6;397.9043069948186;259.3043069948186
2026-08-06;2026-08-06 16:10:24.693;Campanha HEIST -> GOL(SPO LOG)/JADLOG/FAVORITA;JADLOG;35260801336140000360550010040559451396291917;4055945;32223548;SP;10-20kg;12.876;59.01;377.716496350365;318.706496350365
2026-08-06;2026-08-06 16:15:21.740;Campanha HEIST -> GOL(SPO LOG)/JADLOG/FAVORITA;JADLOG;35260801336140000360550010040559471572189703;4055947;32223600;BA;30kg+;54.528;587.67;632.1727540983607;44.5027540983607
2026-08-06;2026-08-06 16:45:18.550;Campanha HEIST -> GOL(SPO LOG)/JADLOG/FAVORITA;JADLOG;35260801336140000360550010040559481144153651;4055948;32223856;SP;30kg+;36.288;131.99;397.9043069948186;265.9143069948186
2026-08-06;2026-08-06 17:20:18.860;Campanha HEIST -> GOL(SPO LOG)/JADLOG/FAVORITA;JADLOG;35260801336140000360550010040617391573593454;4061739;32224097;SP;30kg+;62.53824016;296.04;397.9043069948186;101.8643069948186
2026-08-06;2026-08-06 17:30:25.470;Campanha HEIST -> GOL(SPO LOG)/JADLOG/FAVORITA;JADLOG;35260801336140000360550010040633971905470847;4063397;32224160;SP;30kg+;93.408;273.95;397.9043069948186;123.95430699481864
2026-08-06;2026-08-06 19:20:12.487;Campanha HEIST -> GOL(SPO LOG)/JADLOG/FAVORITA;JADLOG;35260801336140000360550010040631901282754400;4063190;32224942;SP;30kg+;93.408;430.55;397.9043069948186;-32.645693005181386
2026-08-06;2026-08-06 19:54:34.547;Campanha HEIST -> GOL(SPO LOG)/JADLOG/FAVORITA;JADLOG;35260801336140000360550010040563401794677039;4056340;32225188;SP;30kg+;64.908;198.51;397.9043069948186;199.39430699481863
2026-08-06;2026-08-06 20:00:13.900;Campanha HEIST -> GOL(SPO LOG)/JADLOG/FAVORITA;JADLOG;35260801336140000360550010040631881671714761;4063188;32225260;SC;30kg+;73.584;236.79;573.3730337078651;336.5830337078652
2026-08-06;2026-08-06 20:30:22.333;Campanha HEIST -> GOL(SPO LOG)/JADLOG/FAVORITA;JADLOG;35260801336140000360550010040633641846400697;4063364;32225420;RS;30kg+;71.35201919999999;252.62;639.6241803278688;387.00418032786877
2026-08-07;2026-08-07 06:45:19.090;Campanha HEIST -> GOL(SPO LOG)/JADLOG/FAVORITA;JADLOG;35260801336140000360550010040634561658049612;4063456;32227163;SP;30kg+;67.032;223.23;397.9043069948186;174.67430699481864
2026-08-07;2026-08-07 07:35:13.750;Campanha HEIST -> GOL(SPO LOG)/JADLOG/FAVORITA;JADLOG;35260801336140000360550010040632051507918832;4063205;32227211;AL;30kg+;99.846;2442.8;720.6108695652174;-1722.1891304347828
2026-08-07;2026-08-07 08:20:32.163;Campanha HEIST -> GOL(SPO LOG)/JADLOG/FAVORITA;JADLOG;35260801336140000360550010040568441674695559;4056844;32227343;SP;30kg+;36.288;120.87;397.9043069948186;277.0343069948186
2026-08-07;2026-08-07 08:45:19.060;Campanha HEIST -> GOL(SPO LOG)/JADLOG/FAVORITA;JADLOG;35260801336140000360550010040638751214563906;4063875;32227424;BA;30kg+;93.408;1061.45;632.1727540983607;-429.2772459016394
2026-08-07;2026-08-07 09:45:32.380;Campanha HEIST -> GOL(SPO LOG)/JADLOG/FAVORITA;JADLOG;35260801336140000360550010040616971131206461;4061697;32227739;SE;30kg+;57.392;205.01;513.4777777777778;308.46777777777777
2026-08-07;2026-08-07 10:35:16.553;Campanha HEIST -> GOL(SPO LOG)/JADLOG/FAVORITA;JADLOG;35260801336140000360550010040633891213038113;4063389;32228017;SP;30kg+;42.18;253.13;397.9043069948186;144.77430699481863
2026-08-07;2026-08-07 11:25:15.827;Campanha HEIST -> GOL(SPO LOG)/JADLOG/FAVORITA;JADLOG;35260801336140000360550010040631451900882740;4063145;32228335;SP;20-30kg;27.816;97.5;375.2006624605678;277.7006624605678
2026-08-07;2026-08-07 11:25:15.827;Campanha HEIST -> GOL(SPO LOG)/JADLOG/FAVORITA;JADLOG;35260801336140000360550010040632551765819901;4063255;32228341;SP;30kg+;93.408;300.91;397.9043069948186;96.9943069948186
2026-08-07;2026-08-07 11:45:20.493;Campanha HEIST -> GOL(SPO LOG)/JADLOG/FAVORITA;JADLOG;35260801336140000360550010040631801202190281;4063180;32228496;SP;30kg+;37.968;124.89;397.9043069948186;273.01430699481864
2026-08-07;2026-08-07 12:00:32.007;Campanha HEIST -> GOL(SPO LOG)/JADLOG/FAVORITA;JADLOG;35260801336140000360550010040631411406452960;4063141;32228567;SP;30kg+;65.61;219.31;397.9043069948186;178.59430699481862
2026-08-07;2026-08-07 12:25:26.927;Campanha HEIST -> GOL(SPO LOG)/JADLOG/FAVORITA;JADLOG;35260801336140000360550010040633731907811356;4063373;32228704;SP;30kg+;38.268;138.16;397.9043069948186;259.74430699481866
2026-08-07;2026-08-07 13:45:22.323;Campanha HEIST -> GOL(SPO LOG)/JADLOG/FAVORITA;JADLOG;35260801336140000360550010040632601808137335;4063260;32228932;SP;30kg+;68.016;225.71;397.9043069948186;172.19430699481862
2026-08-07;2026-08-07 14:00:39.867;Campanha HEIST -> GOL(SPO LOG)/JADLOG/FAVORITA;JADLOG;35260801336140000360550010040634571429039225;4063457;32228994;SP;20-30kg;29.6308768;102.69;375.2006624605678;272.5106624605678
2026-08-07;2026-08-07 15:15:21.073;Campanha HEIST -> GOL(SPO LOG)/JADLOG/FAVORITA;JADLOG;35260801336140000360550010040617061876903327;4061706;32229628;PE;30kg+;50.97406464;188.56;559.5709815950921;371.0109815950921
2026-08-07;2026-08-07 15:50:19.050;Campanha HEIST -> GOL(SPO LOG)/JADLOG/FAVORITA;JADLOG;35260801336140000360550010040632101638215274;4063210;32229926;SP;30kg+;46.704;162.79;397.9043069948186;235.11430699481863
2026-08-07;2026-08-07 17:00:25.997;Campanha HEIST -> GOL(SPO LOG)/JADLOG/FAVORITA;JADLOG;35260801336140000360550010040631951760619122;4063195;32230371;SP;30kg+;30.24;160.67;397.9043069948186;237.23430699481864
2026-08-07;2026-08-07 17:05:20.517;Campanha HEIST -> GOL(SPO LOG)/JADLOG/FAVORITA;JADLOG;35260801336140000360550010040616911924555139;4061691;32230401;SP;30kg+;39.364075008;140.59;397.9043069948186;257.3143069948186
2026-08-07;2026-08-07 18:15:20.367;Campanha HEIST -> GOL(SPO LOG)/JADLOG/FAVORITA;JADLOG;35260801336140000360550010040633691408960540;4063369;32230896;SP;30kg+;31.734;107.45;397.9043069948186;290.45430699481864
2026-08-07;2026-08-07 18:25:26.243;Campanha HEIST -> GOL(SPO LOG)/JADLOG/FAVORITA;JADLOG;35260801336140000360550010040615731362153030;4061573;32230968;PR;30kg+;64.71332163999999;202.74;537.3662837837838;334.62628378378383
2026-08-07;2026-08-07 19:30:31.340;Campanha HEIST -> GOL(SPO LOG)/JADLOG/FAVORITA;JADLOG;35260801336140000360550010040615861775359281;4061586;32231343;SP;5-10kg;9.072;41.35;366.5678466076696;325.21784660766957
2026-08-07;2026-08-07 19:40:22.890;Campanha HEIST -> GOL(SPO LOG)/JADLOG/FAVORITA;JADLOG;35260801336140000360550010040618951800938150;4061895;32231403;CE;30kg+;86.88403456;421.62;804.6896428571429;383.06964285714287
2026-08-07;2026-08-07 21:00:28.623;Campanha HEIST -> GOL(SPO LOG)/JADLOG/FAVORITA;JADLOG;35260801336140000360550010040618961481015120;4061896;32231791;SP;30kg+;98.3296;312.93;397.9043069948186;84.97430699481862
2026-08-07;2026-08-07 21:30:22.930;Campanha HEIST -> GOL(SPO LOG)/JADLOG/FAVORITA;JADLOG;35260801336140000360550010040618971230903218;4061897;32231930;SP;30kg+;39.57094225;129.84;397.9043069948186;268.0643069948186
2026-08-08;2026-08-08 01:15:17.880;Campanha HEIST -> GOL(SPO LOG)/JADLOG/FAVORITA;JADLOG;35260801336140000360550010040618981172462304;4061898;32232620;BA;30kg+;31.752;311.27;632.1727540983607;320.9027540983607
2026-08-08;2026-08-08 10:00:31.290;Campanha HEIST -> GOL(SPO LOG)/JADLOG/FAVORITA;JADLOG;35260801336140000360550010040624361309058570;4062436;32233691;SP;30kg+;36.648;133.26;397.9043069948186;264.64430699481863
2026-08-08;2026-08-08 14:20:16.040;Campanha HEIST -> GOL(SPO LOG)/JADLOG/FAVORITA;JADLOG;35260801336140000360550010040639221512380518;4063922;32234788;SP;30kg+;75.702;248.71;397.9043069948186;149.19430699481862
2026-08-08;2026-08-08 17:15:17.643;Campanha HEIST -> GOL(SPO LOG)/JADLOG/FAVORITA;JADLOG;35260801336140000360550010040634821836511686;4063482;32236339;SP;10-20kg;18.144;49.28;377.716496350365;328.436496350365
2026-08-08;2026-08-08 17:40:16.810;Campanha HEIST -> GOL(SPO LOG)/JADLOG/FAVORITA;JADLOG;35260801336140000360550010040634861864156924;4063486;32236448;CE;30kg+;82.1;408.51;804.6896428571429;396.1796428571429
2026-08-08;2026-08-08 18:15:18.247;Campanha HEIST -> GOL(SPO LOG)/JADLOG/FAVORITA;JADLOG;35260801336140000360550010040634891922325845;4063489;32236589;SP;20-30kg;29.208;113.78;375.2006624605678;261.42066246056777
2026-08-08;2026-08-08 21:00:26.717;Campanha HEIST -> GOL(SPO LOG)/JADLOG/FAVORITA;FAVORITA TRANSPORTE;35260801336140000360550010040632571157598512;4063257;32237451;GO;30kg+;93.408;191.68;502.2634285714286;310.5834285714286
2026-08-09;2026-08-09 10:15:20.210;Campanha HEIST -> GOL(SPO LOG)/JADLOG/FAVORITA;JADLOG;35260801336140000360550010040634911271841180;4063491;32238892;SP;20-30kg;25.812;76.06;375.2006624605678;299.1406624605678
2026-08-09;2026-08-09 12:30:30.837;Campanha HEIST -> GOL(SPO LOG)/JADLOG/FAVORITA;FAVORITA TRANSPORTE;35260801336140000360550010040616841183781124;4061684;32240003;GO;30kg+;154.62962100000001;171.34;502.2634285714286;330.92342857142864
2026-08-09;2026-08-09 20:00:25.997;Campanha HEIST -> GOL(SPO LOG)/JADLOG/FAVORITA;JADLOG;35260801336140000360550010040635481095585908;4063548;32243512;RS;30kg+;83.496;891.61;639.6241803278688;-251.98581967213124
2026-08-10;2026-08-10 08:45:16.407;Campanha HEIST -> GOL(SPO LOG)/JADLOG/FAVORITA;JADLOG;35260801336140000360550010040631821269896784;4063182;32247115;SP;30kg+;30.236;104.52;397.9043069948186;293.38430699481864
2026-08-10;2026-08-10 09:25:34.353;Campanha HEIST -> GOL(SPO LOG)/JADLOG/FAVORITA;JADLOG;35260801336140000360550010040639431933103952;4063943;32247352;SC;30kg+;53.76;174.01;573.3730337078651;399.36303370786516
2026-08-10;2026-08-10 11:45:25.930;Campanha HEIST -> GOL(SPO LOG)/JADLOG/FAVORITA;JADLOG;35260801336140000360550010040631981693414449;4063198;32248867;SP;20-30kg;20.496;51.89;375.2006624605678;323.3106624605678
2026-08-10;2026-08-10 12:20:23.033;Campanha HEIST -> GOL(SPO LOG)/JADLOG/FAVORITA;JADLOG;35260801336140000360550010040631471598915828;4063147;32249133;SP;20-30kg;26.88;90.37;375.2006624605678;284.8306624605678
2026-08-10;2026-08-10 12:45:21.490;Campanha HEIST -> GOL(SPO LOG)/JADLOG/FAVORITA;JADLOG;35260801336140000360550010040613801081060449;4061380;32249505;SP;20-30kg;22.566;61.12;375.2006624605678;314.0806624605678
2026-08-10;2026-08-10 12:50:18.920;Campanha HEIST -> GOL(SPO LOG)/JADLOG/FAVORITA;JADLOG;35260801336140000360550010040614171857256866;4061417;32249518;SP;10-20kg;18.438;49.42;377.716496350365;328.296496350365
2026-08-11;2026-08-11 06:55:16.050;Campanha HEIST -> GOL(SPO LOG)/JADLOG/FAVORITA;JADLOG;35260801336140000360550010040638921167377790;4063892;32256750;BA;30kg+;54.528;168.48;632.1727540983607;463.69275409836064
2026-08-11;2026-08-11 07:35:15.187;Campanha HEIST -> GOL(SPO LOG)/JADLOG/FAVORITA;JADLOG;35260801336140000360550010040638951999154726;4063895;32256834;SP;30kg+;61.634318592;205.97;397.9043069948186;191.93430699481863
2026-08-11;2026-08-11 08:45:21.723;Campanha HEIST -> GOL(SPO LOG)/JADLOG/FAVORITA;JADLOG;35260801336140000360550010040638831919600308;4063883;32257142;SP;30kg+;98.3296;312.93;397.9043069948186;84.97430699481862
2026-08-11;2026-08-11 15:10:37.523;Campanha HEIST -> GOL(SPO LOG)/JADLOG/FAVORITA;JADLOG;35260801336140000360550010040635221404048433;4063522;32259973;SP;10-20kg;18.144;44.92;377.716496350365;332.796496350365
2026-08-11;2026-08-11 18:15:32.570;Campanha HEIST -> GOL(SPO LOG)/JADLOG/FAVORITA;JADLOG;35260801336140000360550010040638861939328826;4063886;32261764;SP;30kg+;73.78545636000001;240.97;397.9043069948186;156.93430699481863
2026-08-11;2026-08-11 18:35:16.897;Campanha HEIST -> GOL(SPO LOG)/JADLOG/FAVORITA;JADLOG;35260801336140000360550010040639061064629085;4063906;32261901;SP;30kg+;31.752;108.59;397.9043069948186;289.3143069948186
2026-08-12;2026-08-12 00:25:27.970;Campanha HEIST -> GOL(SPO LOG)/JADLOG/FAVORITA;JADLOG;35260801336140000360550010040645971685512401;4064597;32263641;SP;5-10kg;7.648;19.5;366.5678466076696;347.0678466076696
2026-08-12;2026-08-12 06:15:16.157;Campanha HEIST -> GOL(SPO LOG)/JADLOG/FAVORITA;JADLOG;35260801336140000360550010040646051876578150;4064605;32264247;BA;30kg+;36.288;366.45;632.1727540983607;265.72275409836067
2026-08-12;2026-08-12 06:45:20.260;Campanha HEIST -> GOL(SPO LOG)/JADLOG/FAVORITA;FAVORITA TRANSPORTE;35260801336140000360550010040648361793611866;4064836;32264279;DF;30kg+;36.576;72.19;569.3891666666667;497.1991666666667
2026-08-12;2026-08-12 10:20:27.597;Campanha HEIST -> GOL(SPO LOG)/JADLOG/FAVORITA;JADLOG;35260801336140000360550010040647091683549675;4064709;32265229;SP;30kg+;30.048;114.0;397.9043069948186;283.9043069948186
2026-08-12;2026-08-12 10:30:41.063;Campanha HEIST -> GOL(SPO LOG)/JADLOG/FAVORITA;JADLOG;35260801336140000360550010040647031793927182;4064703;32265276;SP;30kg+;37.872;136.31;397.9043069948186;261.5943069948186
2026-08-12;2026-08-12 12:45:31.450;Campanha HEIST -> GOL(SPO LOG)/JADLOG/FAVORITA;JADLOG;35260801336140000360550010040649151958611080;4064915;32266317;SP;20-30kg;27.216;147.05;375.2006624605678;228.1506624605678
2026-08-12;2026-08-12 13:15:20.830;Campanha HEIST -> GOL(SPO LOG)/JADLOG/FAVORITA;FAVORITA TRANSPORTE;35260801336140000360550010040646811605707672;4064681;32266539;GO;30kg+;37.956;70.18;502.2634285714286;432.0834285714286
2026-08-12;2026-08-12 13:55:16.380;Campanha HEIST -> GOL(SPO LOG)/JADLOG/FAVORITA;JADLOG;35260801336140000360550010040662571352161032;4066257;32266876;SP;30kg+;35.952;119.94;397.9043069948186;277.9643069948186
2026-08-12;2026-08-12 17:35:14.603;Campanha HEIST -> GOL(SPO LOG)/JADLOG/FAVORITA;FAVORITA TRANSPORTE;35260801336140000360550010040650851566909371;4065085;32269035;MS;30kg+;44.5740372;103.37;512.7392857142858;409.36928571428575
2026-08-12;2026-08-12 19:15:18.607;Campanha HEIST -> GOL(SPO LOG)/JADLOG/FAVORITA;JADLOG;35260801336140000360550010040662661738411511;4066266;32269679;SP;10-20kg;12.876;31.38;377.716496350365;346.336496350365
2026-08-13;2026-08-13 07:45:23.083;Campanha HEIST -> GOL(SPO LOG)/JADLOG/FAVORITA;JADLOG;35260801336140000360550010040662681376400863;4066268;32271891;SP;30kg+;53.76;184.03;397.9043069948186;213.87430699481862
2026-08-13;2026-08-13 08:45:39.207;Campanha HEIST -> GOL(SPO LOG)/JADLOG/FAVORITA;JADLOG;35260801336140000360550010040662691568785442;4066269;32272171;SP;30kg+;53.76;184.03;397.9043069948186;213.87430699481862
2026-08-13;2026-08-13 09:20:21.660;Campanha HEIST -> GOL(SPO LOG)/JADLOG/FAVORITA;JADLOG;35260801336140000360550010040664381067540832;4066438;32272357;SP;30kg+;63.098002449999996;209.15;397.9043069948186;188.75430699481862
2026-08-13;2026-08-13 09:35:15.760;Campanha HEIST -> GOL(SPO LOG)/JADLOG/FAVORITA;JADLOG;35260801336140000360550010040664371885812870;4066437;32272524;SP;30kg+;93.408;273.95;397.9043069948186;123.95430699481864
2026-08-13;2026-08-13 10:10:28.470;Campanha HEIST -> GOL(SPO LOG)/JADLOG/FAVORITA;FAVORITA TRANSPORTE;35260801336140000360550010040707051464227121;4070705;32272722;GO;30kg+;136.809495;151.99;502.2634285714286;350.2734285714286
2026-08-13;2026-08-13 10:35:17.417;Campanha HEIST -> GOL(SPO LOG)/JADLOG/FAVORITA;JADLOG;35260801336140000360550010040664151986456932;4066415;32272934;SP;30kg+;93.408;273.95;397.9043069948186;123.95430699481864
2026-08-13;2026-08-13 11:00:43.047;Campanha HEIST -> GOL(SPO LOG)/JADLOG/FAVORITA;FAVORITA TRANSPORTE;35260801336140000360550010040663691491713227;4066369;32273162;GO;30kg+;46.4837373;122.33;502.2634285714286;379.93342857142864
2026-08-13;2026-08-13 14:05:16.907;Campanha HEIST -> GOL(SPO LOG)/JADLOG/FAVORITA;JADLOG;35260801336140000360550010040673941954012888;4067394;32274352;PE;30kg+;53.76;201.9;559.5709815950921;357.67098159509214
2026-08-13;2026-08-13 14:45:31.807;Campanha HEIST -> GOL(SPO LOG)/JADLOG/FAVORITA;JADLOG;35260801336140000360550010040674011968890790;4067401;32274578;SP;5-10kg;9.072;25.03;366.5678466076696;341.5378466076696
2026-08-13;2026-08-13 21:30:21.813;Campanha HEIST -> GOL(SPO LOG)/JADLOG/FAVORITA;FAVORITA TRANSPORTE;35260801336140000360550010040675031747884762;4067503;32279147;GO;30kg+;44.04;122.34;502.2634285714286;379.92342857142864
2026-08-13;2026-08-13 23:15:15.790;Campanha HEIST -> GOL(SPO LOG)/JADLOG/FAVORITA;FAVORITA TRANSPORTE;35260801336140000360550010040675701775030457;4067570;32279727;MS;20-30kg;26.88;125.27;319.16;193.89000000000004
2026-08-14;2026-08-14 09:55:17.477;Campanha HEIST -> GOL(SPO LOG)/JADLOG/FAVORITA;JADLOG;35260801336140000360550010040677441796758477;4067744;32281505;SP;20-30kg;27.947461690000004;88.96;375.2006624605678;286.2406624605678
2026-08-14;2026-08-14 15:30:25.213;Campanha HEIST -> GOL(SPO LOG)/JADLOG/FAVORITA;JADLOG;35260801336140000360550010040681671868954613;4068167;32284826;MG;20-30kg;26.16;98.94;374.3104225352113;275.3704225352113
2026-08-14;2026-08-14 16:35:14.893;Campanha HEIST -> GOL(SPO LOG)/JADLOG/FAVORITA;JADLOG;35260801336140000360550010040681971721493790;4068197;32285369;SP;30kg+;36.288;132.68;397.9043069948186;265.2243069948186
2026-08-14;2026-08-14 18:35:19.797;Campanha HEIST -> GOL(SPO LOG)/JADLOG/FAVORITA;JADLOG;35260801336140000360550010040681681556464529;4068168;32286341;SP;10-20kg;17.448;45.33;377.716496350365;332.386496350365
2026-08-16;2026-08-16 01:45:26.917;Campanha HEIST -> GOL(SPO LOG)/JADLOG/FAVORITA;FAVORITA TRANSPORTE;35260801336140000360550010040688091258246849;4068809;32293609;GO;20-30kg;27.936;94.33;386.85699999999997;292.527
2026-08-16;2026-08-16 13:00:26.883;Campanha HEIST -> GOL(SPO LOG)/JADLOG/FAVORITA;JADLOG;35260801336140000360550010040698361899467494;4069836;32295358;SP;30kg+;80.788353198;239.44;397.9043069948186;158.46430699481863
2026-08-16;2026-08-16 14:25:17.160;Campanha HEIST -> GOL(SPO LOG)/JADLOG/FAVORITA;JADLOG;35260801336140000360550010040698371565585836;4069837;32296294;SP;30kg+;49.392;157.51;397.9043069948186;240.39430699481863
2026-08-16;2026-08-16 17:00:28.480;Campanha HEIST -> GOL(SPO LOG)/JADLOG/FAVORITA;JADLOG;35260801336140000360550010040698381943194030;4069838;32297404;RJ;30kg+;111.95840319999999;312.41;516.8187096774193;204.40870967741927
2026-08-16;2026-08-16 20:00:27.290;Campanha HEIST -> GOL(SPO LOG)/JADLOG/FAVORITA;JADLOG;35260801336140000360550010040698421344316514;4069842;32298647;RJ;20-30kg;27.864;101.91;325.2359090909091;223.3259090909091
2026-08-18;2026-08-18 07:15:29.083;Campanha HEIST -> GOL(SPO LOG)/JADLOG/FAVORITA;FAVORITA TRANSPORTE;35260801336140000360550010040700731344368609;4070073;32308102;GO;20-30kg;27.936;94.33;386.85699999999997;292.527
2026-08-18;2026-08-18 09:00:35.193;Campanha HEIST -> GOL(SPO LOG)/JADLOG/FAVORITA;JADLOG;35260801336140000360550010040703591875188366;4070359;32308595;SP;20-30kg;27.936;147.36;375.2006624605678;227.84066246056778
2026-08-19;2026-08-19 11:00:25.407;Campanha HEIST -> GOL(SPO LOG)/JADLOG/FAVORITA;JADLOG;35260801336140000360550010040711981658021201;4071198;32317017;SP;10-20kg;16.944;81.7;377.716496350365;296.016496350365
2026-08-19;2026-08-19 18:35:12.973;Campanha HEIST -> GOL(SPO LOG)/JADLOG/FAVORITA;JADLOG;35260801336140000360550010040717331474839420;4071733;32320692;SP;30kg+;36.816;188.84;397.9043069948186;209.06430699481862
2026-08-19;2026-08-19 19:15:30.653;Campanha HEIST -> GOL(SPO LOG)/JADLOG/FAVORITA;JADLOG;35260801336140000360550010040717221718861310;4071722;32320969;SP;30kg+;93.408;300.91;397.9043069948186;96.9943069948186
2026-08-19;2026-08-19 22:40:17.297;Campanha HEIST -> GOL(SPO LOG)/JADLOG/FAVORITA;JADLOG;35260801336140000360550010040717431765768232;4071743;32322815;RS;30kg+;77.82;273.55;639.6241803278688;366.07418032786876
2026-08-19;2026-08-19 23:45:27.693;Campanha HEIST -> GOL(SPO LOG)/JADLOG/FAVORITA;JADLOG;35260801336140000360550010040717441418121670;4071744;32322999;SP;30kg+;93.408;273.95;397.9043069948186;123.95430699481864
2026-08-20;2026-08-20 00:35:13.783;Campanha HEIST -> GOL(SPO LOG)/JADLOG/FAVORITA;JADLOG;35260801336140000360550010040717451331630057;4071745;32323156;SP;30kg+;61.786;189.36;397.9043069948186;208.5443069948186
2026-08-20;2026-08-20 12:15:41.640;Campanha HEIST -> GOL(SPO LOG)/JADLOG/FAVORITA;JADLOG;35260801336140000360550010040729671192782603;4072967;32325601;PE;30kg+;93.408;359.16;559.5709815950921;200.4109815950921
2026-08-20;2026-08-20 16:25:20.923;Campanha HEIST -> GOL(SPO LOG)/JADLOG/FAVORITA;JADLOG;35260801336140000360550010040728721349113388;4072872;32327672;SP;20-30kg;21.876;61.93;375.2006624605678;313.2706624605678
2026-08-21;2026-08-21 09:05:19.060;Campanha HEIST -> GOL(SPO LOG)/JADLOG/FAVORITA;JADLOG;35260801336140000360550010040729231977496301;4072923;32331642;SP;20-30kg;26.664;89.6;375.2006624605678;285.60066246056783
2026-08-21;2026-08-21 09:55:14.640;Campanha HEIST -> GOL(SPO LOG)/JADLOG/FAVORITA;FAVORITA TRANSPORTE;35260801336140000360550010040728841897532875;4072884;32331914;GO;20-30kg;27.936;94.33;386.85699999999997;292.527
2026-08-21;2026-08-21 10:35:14.550;Campanha HEIST -> GOL(SPO LOG)/JADLOG/FAVORITA;FAVORITA TRANSPORTE;35260801336140000360550010040729021062664452;4072902;32332145;GO;30kg+;162.6487632;171.48;502.2634285714286;330.78342857142866
