Data;Regra;Descricao;NOrders;Impacto_Total;Categoria
30/05/2026;420;Peso minimo J&T origem Cotia;15;65.19;Sem Categoria
30/05/2026;421;Peso minimo J&T origem MG;0;0.0;Sem Categoria
30/05/2026;422;Peso minimo J&T VGP;11;87.81;Sem Categoria
30/05/2026;423;Bloqueio J&T peso minimo Serra;0;0.0;
30/05/2026;186;Bloqueia Carriers de Serra;0;0.0;
30/05/2026;187;Bloqueia Carriers em Cotia;0;0.0;
30/05/2026;212;;0;0.0;
30/05/2026;412;Bloqueio iMile VGP - Inativo;85;896.02;Sem Categoria
30/05/2026;393;Bloquear a Jalod em pedidos ate 10kg - Inativo;66;2065.23;Sem Categoria
30/05/2026;416;Bloqueio da jad em MG ate 10kg - Inativo;34;236.22;Sem Categoria
30/05/2026;417;Bloqueio da Jad em VGP ate 10kg - Inativo;17;1754.96;Sem Categoria
30/05/2026;198;Bloqueia Sedex de Cuaba;0;0.0;Sem Categoria
30/05/2026;404;Bloqueia Gol de todas as campanhas para pesados, exceto heist;0;0.0;
30/05/2026;396;Bloquear a transportadora stone para pedidos com o peso acima de 30kg;0;0.0;Sem Categoria
30/05/2026;153;Bloqueia Cadeiras de itau de sair para Carriers, Dialogo, J&T, Magalu, TodoBrasil;0;0.0;Sem Categoria
30/05/2026;166;Bloqueia Todo Brasil, iMile e Pajuçara com origem Serra de levar notebook;0;0.0;
30/05/2026;167;Bloqueia Magalu, com origem Cotia de levar carrinho de compras;0;0.0;
30/05/2026;170;Bloqueia Atrus em várias campamnhas especificas;0;0.0;
30/05/2026;181;Bloqueia várias transportadoras de coletar no escritorio;0;0.0;Sem Categoria
30/05/2026;182;Bloqueia Magalu em uma lista de Cidades que eles cortaram ;0;0.0;Sem Categoria
30/05/2026;1;Bloqueia MARYK das pesadas com origem Cotia;0;0.0;
30/05/2026;2;Bloqueia MARYK das pesadas de todas as origens;0;0.0;
30/05/2026;161;Bloqueia HPAMZ, HPB2W e HPMLU com origem Serra de sair por Sedex;0;0.0;
30/05/2026;162;Bloqueia HPAMZ, HPB2W e HPMLU com origem Coria de sair por Sedex;0;0.0;Sem Categoria
30/05/2026;163;Bloqueia HPAMZ, HPB2W e HPMLU com todas as origens de sair por Sedex;0;0.0;Sem Categoria
30/05/2026;190;Bloqueia BRBAY em Carriers, Atrus, todo brasil, Sedex, Eu entrego;0;0.0;Sem Categoria
30/05/2026;206;Bloqueia Celular de todas, exceto sedex, Carvalima, R3, Atrus, Magalu, LSP e Jamef origem Serra;0;0.0;
30/05/2026;313;Bloqueia Celular de todas, exceto sedex, Carvalima, R3, Atrus, Magalu, LSP e Jamef origem MG;0;0.0;Sem Categoria
30/05/2026;213;Bloqueia HUB09 de JeT e TodoBrasil;0;0.0;Sem Categoria
30/05/2026;269;Bloqueio de HUB09 em jadlog, Pajuçara e Dominalog;0;0.0;Sem Categoria
30/05/2026;371;Bloqueia HUB09 em R3;0;0.0;Sem Categoria
30/05/2026;372;Bloqueia HUB09 em R3;0;0.0;Sem Categoria
30/05/2026;288;Bloquieo de HUB10 e jadlog;0;0.0;Sem Categoria
30/05/2026;234;Bloqueio ITALA;0;0.0;
30/05/2026;243;Bloqueia Itala em tudo exceto atrus Cotia;0;0.0;
30/05/2026;244;Bloqueia Itala em tudo exceto atrus origem VGP;0;0.0;
30/05/2026;274;Bloquieo de HEIST em várias TSP;6;2672.68;Sem Categoria
30/05/2026;382;Bloqueio gol e sedex em MG;0;0.0;Sem Categoria
30/05/2026;389;Bloqueio bebidas, powerbank e perfume para Gol;0;0.0;
30/05/2026;390;Bloqueio bebidas, powerbank e perfume para Gol 2;0;0.0;
30/05/2026;391;Bloqueio Gol, bebidas, perfumes e powerbank 3;0;0.0;
30/05/2026;392;Bloqueio Gol, bebidas, perfumes e powerbank 3;0;0.0;
30/05/2026;401;Bloquieo campanhas azul para gol;0;0.0;
30/05/2026;394;Bloquear ebb para mcpor;0;0.0;Sem Categoria
30/05/2026;402;Bloqueia EBB em tudo exceto Heineken e HUb;2;1275.12;Sem Categoria
30/05/2026;405;bloqueio EBB;0;0.0;
30/05/2026;406;bloqueio EBB;0;0.0;
30/05/2026;407;bloqueio ebb;0;0.0;
30/05/2026;408;Bloqueio EBB;0;0.0;
30/05/2026;397;A transportadora stone só poderá trabalhar com a campanha STOLJ;78;1156.2;Sem Categoria
30/05/2026;400;Não deixar que a transportadora Stone retorne para pedidos expressos, exceto campanha STOLJ;0;0.0;
30/05/2026;411;Atrus - Apenas HEIST;0;0.0;
30/05/2026;419;Bloqueio da Jad nv Brasil, origem Cotia, exceto Sul e Sudeste - Inativo;11;53.58;Sem Categoria
30/05/2026;38;Bloqueia Linha branca origem Serra de Jad, Pajuçara, Carriers, Dialogo, Jamef, Atrus, Magalu, iMile, J&T e Sedex;0;0.0;
30/05/2026;39;Bloqueia Linha branca origem Cotia de Jad, Pajuçara, Carriers, Dialogo, Jamef, Atrus, Magalu, iMile, J&T e Sedex;1;7.97;Sem Categoria
30/05/2026;40;Bloqueia Linha branca todas as origens de Jad, Pajuçara, Carriers, Dialogo, Jamef, Atrus, Magalu, iMile, J&T e Sedex;1;7.97;Sem Categoria
30/05/2026;298;Bloquieo de linha branca em 42 - JADLOG  x57 - Carriers  x90 - Jamef SP  x92 - JeT EXPRESS  x119 - MAGALU  x127 - Correios SEDEX - 34028316000103  x164 - IMILE Standard  x195 - Azul linhas aereas  x com origem ES;0;0.0;Sem Categoria
30/05/2026;82;Bloqueia TV origem Serra para 56 - Pajucara  x57 - Carriers  x66 - Dialogo - SP  x92 - JeT EXPRESS  x119 - MAGALU  x127 - Correios SEDEX - 34028316000103  x;0;0.0;
30/05/2026;83;Bloqueia TV origem Cotia 56 - Pajucara  x57 - Carriers  x66 - Dialogo - SP  x92 - JeT EXPRESS  x110 - ATRUS INTERMEDIACAO  x119 - MAGALU  x127 - Correios SEDEX - 34028316000103  x;0;0.0;Sem Categoria
30/05/2026;84;Bloqueia TV Todas as origens 56 - Pajucara  x57 - Carriers  x66 - Dialogo - SP  x92 - JeT EXPRESS  x110 - ATRUS INTERMEDIACAO  x119 - MAGALU  x127 - Correios SEDEX - 34028316000103  x139 - EU ENTREGO SISTEMAS S/A  x;0;0.0;Sem Categoria
30/05/2026;184;Bloqueia Dialogo, J&T e Magalu nas cadeiras de itau origem Serra;0;0.0;
30/05/2026;202;Bloqueia todas as transportadoras em hub09 e hub10 , exceto aquelas com SLA acima de 97%  origem VGP;0;0.0;Sem Categoria
30/05/2026;207;Bloqueia Magalu e Dialogo de alguns SKU's;0;0.0;
30/05/2026;208;Bloqueia Jamef de dois SKUs;0;0.0;Sem Categoria
30/05/2026;211;Bloqueia Jamef de dois SKUs;0;0.0;Sem Categoria
30/05/2026;250;Bloqeuio de imile na origem VGP algumas cidades especificas ;2;4.0;Sem Categoria
30/05/2026;251;Bloqeuio de imile na origem Serra algumas cidades especificas;0;0.0;
30/05/2026;264;Bloquieo de JET no SKU SI5435;0;0.0;Sem Categoria
30/05/2026;268;Bloquieo de bebidas em 35 - Pacifico  x56 - Pajucara  x90 - Jamef SP  x92 - JeT EXPRESS  x120 - TODOBRASIL  x127 - Correios SEDEX - 34028316000103  x140 - LAUTO CARGO  x164 - IMILE Standard  x;23;8072.44;Sem Categoria
30/05/2026;275;Bloquieo de Pajuçara em MG em SKUs que não fazem;0;0.0;
30/05/2026;276;Bloquieo de Pajuçara em ES em SKUs que não fazem;0;0.0;Sem Categoria
30/05/2026;277;Bloquieo de Pajuçara em Cotia em SKUs que não fazem;0;0.0;
30/05/2026;278;Bloquieo de Pajuçara em VGP em SKUs que não fazem;0;0.0;
30/05/2026;336;;0;0.0;Sem Categoria
30/05/2026;368;Bloqueia todas as transportadoras de entregarem em MT e MS exceto Carvalima e Favorita para BRBAY Origem Cotia;1;6.79;Sem Categoria
30/05/2026;369;Bloqueia todas as transportadoras de entregarem em MT e MS exceto Carvalima e Favorita para BRBAY Origem VGP;1;3.11;Sem Categoria
30/05/2026;409;Bloqueio campanhas prioritarias em correios ;1;0.9;Sem Categoria
30/05/2026;410;Bloqueio campanhas prioritarias em correios ;1;0.9;Sem Categoria
30/05/2026;424;Bloquieo de HUB09 em Pacifico, Dominalog, Jadlog, Gol e J&T em HUB09 origem VGP;0;0.0;Sem Categoria
30/05/2026;301;Regra de caixa postal;0;0.0;
30/05/2026;302;Regra de caixa postal;0;0.0;
30/05/2026;303;Regra de caixa postal;0;0.0;
30/05/2026;304;Regra de caixa postal;0;0.0;
30/05/2026;305;Regra de caixa postal;0;0.0;
30/05/2026;355;Bloqueia jad e jamef em SKUs de ON;0;0.0;Sem Categoria
31/05/2026;420;Peso minimo J&T origem Cotia;40;110.1;Sem Categoria
31/05/2026;421;Peso minimo J&T origem MG;58;1264.66;Sem Categoria
31/05/2026;422;Peso minimo J&T VGP;12;33.34;Sem Categoria
31/05/2026;423;Bloqueio J&T peso minimo Serra;0;0.0;
31/05/2026;186;Bloqueia Carriers de Serra;0;0.0;
31/05/2026;187;Bloqueia Carriers em Cotia;0;0.0;
31/05/2026;212;;0;0.0;
31/05/2026;412;Bloqueio iMile VGP - Inativo;122;711.86;Sem Categoria
31/05/2026;393;Bloquear a Jalod em pedidos ate 10kg - Inativo;270;4899.19;Sem Categoria
31/05/2026;416;Bloqueio da jad em MG ate 10kg - Inativo;162;2039.24;Sem Categoria
31/05/2026;417;Bloqueio da Jad em VGP ate 10kg - Inativo;25;2409.88;Sem Categoria
31/05/2026;198;Bloqueia Sedex de Cuaba;0;0.0;Sem Categoria
31/05/2026;404;Bloqueia Gol de todas as campanhas para pesados, exceto heist;0;0.0;
31/05/2026;396;Bloquear a transportadora stone para pedidos com o peso acima de 30kg;0;0.0;Sem Categoria
31/05/2026;153;Bloqueia Cadeiras de itau de sair para Carriers, Dialogo, J&T, Magalu, TodoBrasil;0;0.0;Sem Categoria
31/05/2026;166;Bloqueia Todo Brasil, iMile e Pajuçara com origem Serra de levar notebook;0;0.0;
31/05/2026;167;Bloqueia Magalu, com origem Cotia de levar carrinho de compras;0;0.0;
31/05/2026;170;Bloqueia Atrus em várias campamnhas especificas;0;0.0;
31/05/2026;181;Bloqueia várias transportadoras de coletar no escritorio;0;0.0;Sem Categoria
31/05/2026;182;Bloqueia Magalu em uma lista de Cidades que eles cortaram ;3;544.45;Sem Categoria
31/05/2026;1;Bloqueia MARYK das pesadas com origem Cotia;0;0.0;
31/05/2026;2;Bloqueia MARYK das pesadas de todas as origens;0;0.0;
31/05/2026;161;Bloqueia HPAMZ, HPB2W e HPMLU com origem Serra de sair por Sedex;0;0.0;
31/05/2026;162;Bloqueia HPAMZ, HPB2W e HPMLU com origem Coria de sair por Sedex;0;0.0;Sem Categoria
31/05/2026;163;Bloqueia HPAMZ, HPB2W e HPMLU com todas as origens de sair por Sedex;0;0.0;Sem Categoria
31/05/2026;190;Bloqueia BRBAY em Carriers, Atrus, todo brasil, Sedex, Eu entrego;1;6.2;Sem Categoria
31/05/2026;206;Bloqueia Celular de todas, exceto sedex, Carvalima, R3, Atrus, Magalu, LSP e Jamef origem Serra;0;0.0;
31/05/2026;313;Bloqueia Celular de todas, exceto sedex, Carvalima, R3, Atrus, Magalu, LSP e Jamef origem MG;0;0.0;Sem Categoria
31/05/2026;213;Bloqueia HUB09 de JeT e TodoBrasil;0;0.0;Sem Categoria
31/05/2026;269;Bloqueio de HUB09 em jadlog, Pajuçara e Dominalog;0;0.0;Sem Categoria
31/05/2026;371;Bloqueia HUB09 em R3;0;0.0;Sem Categoria
31/05/2026;372;Bloqueia HUB09 em R3;0;0.0;Sem Categoria
31/05/2026;288;Bloquieo de HUB10 e jadlog;0;0.0;Sem Categoria
31/05/2026;234;Bloqueio ITALA;0;0.0;
31/05/2026;243;Bloqueia Itala em tudo exceto atrus Cotia;0;0.0;
31/05/2026;244;Bloqueia Itala em tudo exceto atrus origem VGP;0;0.0;
31/05/2026;274;Bloquieo de HEIST em várias TSP;5;2601.44;Sem Categoria
31/05/2026;382;Bloqueio gol e sedex em MG;0;0.0;Sem Categoria
31/05/2026;389;Bloqueio bebidas, powerbank e perfume para Gol;0;0.0;
31/05/2026;390;Bloqueio bebidas, powerbank e perfume para Gol 2;0;0.0;
31/05/2026;391;Bloqueio Gol, bebidas, perfumes e powerbank 3;0;0.0;
31/05/2026;392;Bloqueio Gol, bebidas, perfumes e powerbank 3;0;0.0;
31/05/2026;401;Bloquieo campanhas azul para gol;0;0.0;
31/05/2026;394;Bloquear ebb para mcpor;0;0.0;Sem Categoria
31/05/2026;402;Bloqueia EBB em tudo exceto Heineken e HUb;0;0.0;Sem Categoria
31/05/2026;405;bloqueio EBB;0;0.0;
31/05/2026;406;bloqueio EBB;0;0.0;
31/05/2026;407;bloqueio ebb;0;0.0;
31/05/2026;408;Bloqueio EBB;0;0.0;
31/05/2026;397;A transportadora stone só poderá trabalhar com a campanha STOLJ;164;2963.4;Sem Categoria
31/05/2026;400;Não deixar que a transportadora Stone retorne para pedidos expressos, exceto campanha STOLJ;0;0.0;
31/05/2026;411;Atrus - Apenas HEIST;0;0.0;
31/05/2026;419;Bloqueio da Jad nv Brasil, origem Cotia, exceto Sul e Sudeste - Inativo;57;407.49;Sem Categoria
31/05/2026;38;Bloqueia Linha branca origem Serra de Jad, Pajuçara, Carriers, Dialogo, Jamef, Atrus, Magalu, iMile, J&T e Sedex;0;0.0;
31/05/2026;39;Bloqueia Linha branca origem Cotia de Jad, Pajuçara, Carriers, Dialogo, Jamef, Atrus, Magalu, iMile, J&T e Sedex;0;0.0;Sem Categoria
31/05/2026;40;Bloqueia Linha branca todas as origens de Jad, Pajuçara, Carriers, Dialogo, Jamef, Atrus, Magalu, iMile, J&T e Sedex;1;4.22;Sem Categoria
31/05/2026;298;Bloquieo de linha branca em 42 - JADLOG  x57 - Carriers  x90 - Jamef SP  x92 - JeT EXPRESS  x119 - MAGALU  x127 - Correios SEDEX - 34028316000103  x164 - IMILE Standard  x195 - Azul linhas aereas  x com origem ES;0;0.0;Sem Categoria
31/05/2026;82;Bloqueia TV origem Serra para 56 - Pajucara  x57 - Carriers  x66 - Dialogo - SP  x92 - JeT EXPRESS  x119 - MAGALU  x127 - Correios SEDEX - 34028316000103  x;0;0.0;
31/05/2026;83;Bloqueia TV origem Cotia 56 - Pajucara  x57 - Carriers  x66 - Dialogo - SP  x92 - JeT EXPRESS  x110 - ATRUS INTERMEDIACAO  x119 - MAGALU  x127 - Correios SEDEX - 34028316000103  x;0;0.0;Sem Categoria
31/05/2026;84;Bloqueia TV Todas as origens 56 - Pajucara  x57 - Carriers  x66 - Dialogo - SP  x92 - JeT EXPRESS  x110 - ATRUS INTERMEDIACAO  x119 - MAGALU  x127 - Correios SEDEX - 34028316000103  x139 - EU ENTREGO SISTEMAS S/A  x;0;0.0;Sem Categoria
31/05/2026;184;Bloqueia Dialogo, J&T e Magalu nas cadeiras de itau origem Serra;0;0.0;
31/05/2026;202;Bloqueia todas as transportadoras em hub09 e hub10 , exceto aquelas com SLA acima de 97%  origem VGP;0;0.0;Sem Categoria
31/05/2026;207;Bloqueia Magalu e Dialogo de alguns SKU's;0;0.0;
31/05/2026;208;Bloqueia Jamef de dois SKUs;0;0.0;Sem Categoria
31/05/2026;211;Bloqueia Jamef de dois SKUs;0;0.0;Sem Categoria
31/05/2026;250;Bloqeuio de imile na origem VGP algumas cidades especificas ;8;18.89;Sem Categoria
31/05/2026;251;Bloqeuio de imile na origem Serra algumas cidades especificas;0;0.0;
31/05/2026;264;Bloquieo de JET no SKU SI5435;0;0.0;Sem Categoria
31/05/2026;268;Bloquieo de bebidas em 35 - Pacifico  x56 - Pajucara  x90 - Jamef SP  x92 - JeT EXPRESS  x120 - TODOBRASIL  x127 - Correios SEDEX - 34028316000103  x140 - LAUTO CARGO  x164 - IMILE Standard  x;11;2956.84;Sem Categoria
31/05/2026;275;Bloquieo de Pajuçara em MG em SKUs que não fazem;0;0.0;
31/05/2026;276;Bloquieo de Pajuçara em ES em SKUs que não fazem;0;0.0;Sem Categoria
31/05/2026;277;Bloquieo de Pajuçara em Cotia em SKUs que não fazem;0;0.0;
31/05/2026;278;Bloquieo de Pajuçara em VGP em SKUs que não fazem;0;0.0;
31/05/2026;336;;0;0.0;Sem Categoria
31/05/2026;368;Bloqueia todas as transportadoras de entregarem em MT e MS exceto Carvalima e Favorita para BRBAY Origem Cotia;0;0.0;Sem Categoria
31/05/2026;369;Bloqueia todas as transportadoras de entregarem em MT e MS exceto Carvalima e Favorita para BRBAY Origem VGP;0;0.0;Sem Categoria
31/05/2026;409;Bloqueio campanhas prioritarias em correios ;2;5.37;Sem Categoria
31/05/2026;410;Bloqueio campanhas prioritarias em correios ;2;5.37;Sem Categoria
31/05/2026;424;Bloquieo de HUB09 em Pacifico, Dominalog, Jadlog, Gol e J&T em HUB09 origem VGP;0;0.0;Sem Categoria
31/05/2026;301;Regra de caixa postal;0;0.0;
31/05/2026;302;Regra de caixa postal;0;0.0;
31/05/2026;303;Regra de caixa postal;0;0.0;
31/05/2026;304;Regra de caixa postal;0;0.0;
31/05/2026;305;Regra de caixa postal;0;0.0;
31/05/2026;355;Bloqueia jad e jamef em SKUs de ON;0;0.0;Sem Categoria
01/06/2026;420;Peso minimo J&T origem Cotia;32;118.21;Sem Categoria
01/06/2026;421;Peso minimo J&T origem MG;7;239.4;Sem Categoria
01/06/2026;422;Peso minimo J&T VGP;12;61.71;Sem Categoria
01/06/2026;423;Bloqueio J&T peso minimo Serra;0;0.0;
01/06/2026;186;Bloqueia Carriers de Serra;0;0.0;
01/06/2026;187;Bloqueia Carriers em Cotia;0;0.0;
01/06/2026;212;;0;0.0;
01/06/2026;412;Bloqueio iMile VGP - Inativo;202;2191.01;Sem Categoria
01/06/2026;393;Bloquear a Jalod em pedidos ate 10kg - Inativo;220;15039.37;Sem Categoria
01/06/2026;416;Bloqueio da jad em MG ate 10kg - Inativo;104;1852.15;Sem Categoria
01/06/2026;417;Bloqueio da Jad em VGP ate 10kg - Inativo;55;12351.26;Sem Categoria
01/06/2026;198;Bloqueia Sedex de Cuaba;1;10.43;Sem Categoria
01/06/2026;404;Bloqueia Gol de todas as campanhas para pesados, exceto heist;0;0.0;
01/06/2026;396;Bloquear a transportadora stone para pedidos com o peso acima de 30kg;1;167.08;Sem Categoria
01/06/2026;153;Bloqueia Cadeiras de itau de sair para Carriers, Dialogo, J&T, Magalu, TodoBrasil;0;0.0;Sem Categoria
01/06/2026;166;Bloqueia Todo Brasil, iMile e Pajuçara com origem Serra de levar notebook;0;0.0;
01/06/2026;167;Bloqueia Magalu, com origem Cotia de levar carrinho de compras;0;0.0;
01/06/2026;170;Bloqueia Atrus em várias campamnhas especificas;0;0.0;
01/06/2026;181;Bloqueia várias transportadoras de coletar no escritorio;0;0.0;Sem Categoria
01/06/2026;182;Bloqueia Magalu em uma lista de Cidades que eles cortaram ;1;13.46;Sem Categoria
01/06/2026;1;Bloqueia MARYK das pesadas com origem Cotia;0;0.0;
01/06/2026;2;Bloqueia MARYK das pesadas de todas as origens;0;0.0;
01/06/2026;161;Bloqueia HPAMZ, HPB2W e HPMLU com origem Serra de sair por Sedex;0;0.0;
01/06/2026;162;Bloqueia HPAMZ, HPB2W e HPMLU com origem Coria de sair por Sedex;0;0.0;Sem Categoria
01/06/2026;163;Bloqueia HPAMZ, HPB2W e HPMLU com todas as origens de sair por Sedex;0;0.0;Sem Categoria
01/06/2026;190;Bloqueia BRBAY em Carriers, Atrus, todo brasil, Sedex, Eu entrego;3;66.73;Sem Categoria
01/06/2026;206;Bloqueia Celular de todas, exceto sedex, Carvalima, R3, Atrus, Magalu, LSP e Jamef origem Serra;0;0.0;
01/06/2026;313;Bloqueia Celular de todas, exceto sedex, Carvalima, R3, Atrus, Magalu, LSP e Jamef origem MG;0;0.0;Sem Categoria
01/06/2026;213;Bloqueia HUB09 de JeT e TodoBrasil;3;196.94;Sem Categoria
01/06/2026;269;Bloqueio de HUB09 em jadlog, Pajuçara e Dominalog;3;188.69;Sem Categoria
01/06/2026;371;Bloqueia HUB09 em R3;0;0.0;Sem Categoria
01/06/2026;372;Bloqueia HUB09 em R3;0;0.0;Sem Categoria
01/06/2026;288;Bloquieo de HUB10 e jadlog;0;0.0;Sem Categoria
01/06/2026;234;Bloqueio ITALA;0;0.0;
01/06/2026;243;Bloqueia Itala em tudo exceto atrus Cotia;0;0.0;
01/06/2026;244;Bloqueia Itala em tudo exceto atrus origem VGP;0;0.0;
01/06/2026;274;Bloquieo de HEIST em várias TSP;26;17826.29;Sem Categoria
01/06/2026;382;Bloqueio gol e sedex em MG;1;1044.8;Sem Categoria
01/06/2026;389;Bloqueio bebidas, powerbank e perfume para Gol;0;0.0;
01/06/2026;390;Bloqueio bebidas, powerbank e perfume para Gol 2;0;0.0;
01/06/2026;391;Bloqueio Gol, bebidas, perfumes e powerbank 3;0;0.0;
01/06/2026;392;Bloqueio Gol, bebidas, perfumes e powerbank 3;0;0.0;
01/06/2026;401;Bloquieo campanhas azul para gol;0;0.0;
01/06/2026;394;Bloquear ebb para mcpor;0;0.0;Sem Categoria
01/06/2026;402;Bloqueia EBB em tudo exceto Heineken e HUb;1;40.44;Sem Categoria
01/06/2026;405;bloqueio EBB;0;0.0;
01/06/2026;406;bloqueio EBB;0;0.0;
01/06/2026;407;bloqueio ebb;0;0.0;
01/06/2026;408;Bloqueio EBB;0;0.0;
01/06/2026;397;A transportadora stone só poderá trabalhar com a campanha STOLJ;188;5041.55;Sem Categoria
01/06/2026;400;Não deixar que a transportadora Stone retorne para pedidos expressos, exceto campanha STOLJ;0;0.0;
01/06/2026;411;Atrus - Apenas HEIST;0;0.0;
01/06/2026;419;Bloqueio da Jad nv Brasil, origem Cotia, exceto Sul e Sudeste - Inativo;19;209.05;Sem Categoria
01/06/2026;38;Bloqueia Linha branca origem Serra de Jad, Pajuçara, Carriers, Dialogo, Jamef, Atrus, Magalu, iMile, J&T e Sedex;0;0.0;
01/06/2026;39;Bloqueia Linha branca origem Cotia de Jad, Pajuçara, Carriers, Dialogo, Jamef, Atrus, Magalu, iMile, J&T e Sedex;0;0.0;Sem Categoria
01/06/2026;40;Bloqueia Linha branca todas as origens de Jad, Pajuçara, Carriers, Dialogo, Jamef, Atrus, Magalu, iMile, J&T e Sedex;1;879.62;Sem Categoria
01/06/2026;298;Bloquieo de linha branca em 42 - JADLOG  x57 - Carriers  x90 - Jamef SP  x92 - JeT EXPRESS  x119 - MAGALU  x127 - Correios SEDEX - 34028316000103  x164 - IMILE Standard  x195 - Azul linhas aereas  x com origem ES;0;0.0;Sem Categoria
01/06/2026;82;Bloqueia TV origem Serra para 56 - Pajucara  x57 - Carriers  x66 - Dialogo - SP  x92 - JeT EXPRESS  x119 - MAGALU  x127 - Correios SEDEX - 34028316000103  x;0;0.0;
01/06/2026;83;Bloqueia TV origem Cotia 56 - Pajucara  x57 - Carriers  x66 - Dialogo - SP  x92 - JeT EXPRESS  x110 - ATRUS INTERMEDIACAO  x119 - MAGALU  x127 - Correios SEDEX - 34028316000103  x;0;0.0;Sem Categoria
01/06/2026;84;Bloqueia TV Todas as origens 56 - Pajucara  x57 - Carriers  x66 - Dialogo - SP  x92 - JeT EXPRESS  x110 - ATRUS INTERMEDIACAO  x119 - MAGALU  x127 - Correios SEDEX - 34028316000103  x139 - EU ENTREGO SISTEMAS S/A  x;1;89.81;Sem Categoria
01/06/2026;184;Bloqueia Dialogo, J&T e Magalu nas cadeiras de itau origem Serra;0;0.0;
01/06/2026;202;Bloqueia todas as transportadoras em hub09 e hub10 , exceto aquelas com SLA acima de 97%  origem VGP;3;196.94;Sem Categoria
01/06/2026;207;Bloqueia Magalu e Dialogo de alguns SKU's;0;0.0;
01/06/2026;208;Bloqueia Jamef de dois SKUs;0;0.0;Sem Categoria
01/06/2026;211;Bloqueia Jamef de dois SKUs;0;0.0;Sem Categoria
01/06/2026;250;Bloqeuio de imile na origem VGP algumas cidades especificas ;6;9.57;Sem Categoria
01/06/2026;251;Bloqeuio de imile na origem Serra algumas cidades especificas;0;0.0;
01/06/2026;264;Bloquieo de JET no SKU SI5435;0;0.0;Sem Categoria
01/06/2026;268;Bloquieo de bebidas em 35 - Pacifico  x56 - Pajucara  x90 - Jamef SP  x92 - JeT EXPRESS  x120 - TODOBRASIL  x127 - Correios SEDEX - 34028316000103  x140 - LAUTO CARGO  x164 - IMILE Standard  x;48;21298.81;Sem Categoria
01/06/2026;275;Bloquieo de Pajuçara em MG em SKUs que não fazem;0;0.0;
01/06/2026;276;Bloquieo de Pajuçara em ES em SKUs que não fazem;1;24.25;Sem Categoria
01/06/2026;277;Bloquieo de Pajuçara em Cotia em SKUs que não fazem;0;0.0;
01/06/2026;278;Bloquieo de Pajuçara em VGP em SKUs que não fazem;0;0.0;
01/06/2026;336;;0;0.0;Sem Categoria
01/06/2026;368;Bloqueia todas as transportadoras de entregarem em MT e MS exceto Carvalima e Favorita para BRBAY Origem Cotia;5;101.09;Sem Categoria
01/06/2026;369;Bloqueia todas as transportadoras de entregarem em MT e MS exceto Carvalima e Favorita para BRBAY Origem VGP;5;53.93;Sem Categoria
01/06/2026;409;Bloqueio campanhas prioritarias em correios ;4;220.78;Sem Categoria
01/06/2026;410;Bloqueio campanhas prioritarias em correios ;4;220.78;Sem Categoria
01/06/2026;424;Bloquieo de HUB09 em Pacifico, Dominalog, Jadlog, Gol e J&T em HUB09 origem VGP;3;196.94;Sem Categoria
01/06/2026;301;Regra de caixa postal;0;0.0;
01/06/2026;302;Regra de caixa postal;0;0.0;
01/06/2026;303;Regra de caixa postal;0;0.0;
01/06/2026;304;Regra de caixa postal;0;0.0;
01/06/2026;305;Regra de caixa postal;0;0.0;
01/06/2026;355;Bloqueia jad e jamef em SKUs de ON;0;0.0;Sem Categoria
02/06/2026;420;Peso minimo J&T origem Cotia;27;291.36;Sem Categoria
02/06/2026;421;Peso minimo J&T origem MG;11;22.98;Sem Categoria
02/06/2026;422;Peso minimo J&T VGP;6;15.2;Sem Categoria
02/06/2026;423;Bloqueio J&T peso minimo Serra;0;0.0;
02/06/2026;186;Bloqueia Carriers de Serra;0;0.0;
02/06/2026;187;Bloqueia Carriers em Cotia;0;0.0;
02/06/2026;212;;0;0.0;
02/06/2026;412;Bloqueio iMile VGP - Inativo;390;1887.73;Sem Categoria
02/06/2026;393;Bloquear a Jalod em pedidos ate 10kg - Inativo;281;8487.86;Sem Categoria
02/06/2026;416;Bloqueio da jad em MG ate 10kg - Inativo;76;495.13;Sem Categoria
02/06/2026;417;Bloqueio da Jad em VGP ate 10kg - Inativo;83;6996.7;Sem Categoria
02/06/2026;198;Bloqueia Sedex de Cuaba;0;0.0;Sem Categoria
02/06/2026;404;Bloqueia Gol de todas as campanhas para pesados, exceto heist;0;0.0;
02/06/2026;396;Bloquear a transportadora stone para pedidos com o peso acima de 30kg;2;287.73;Sem Categoria
02/06/2026;153;Bloqueia Cadeiras de itau de sair para Carriers, Dialogo, J&T, Magalu, TodoBrasil;2;38.78;Sem Categoria
02/06/2026;166;Bloqueia Todo Brasil, iMile e Pajuçara com origem Serra de levar notebook;0;0.0;
02/06/2026;167;Bloqueia Magalu, com origem Cotia de levar carrinho de compras;0;0.0;
02/06/2026;170;Bloqueia Atrus em várias campamnhas especificas;0;0.0;
02/06/2026;181;Bloqueia várias transportadoras de coletar no escritorio;0;0.0;Sem Categoria
02/06/2026;182;Bloqueia Magalu em uma lista de Cidades que eles cortaram ;0;0.0;Sem Categoria
02/06/2026;1;Bloqueia MARYK das pesadas com origem Cotia;0;0.0;
02/06/2026;2;Bloqueia MARYK das pesadas de todas as origens;0;0.0;
02/06/2026;161;Bloqueia HPAMZ, HPB2W e HPMLU com origem Serra de sair por Sedex;0;0.0;
02/06/2026;162;Bloqueia HPAMZ, HPB2W e HPMLU com origem Coria de sair por Sedex;0;0.0;Sem Categoria
02/06/2026;163;Bloqueia HPAMZ, HPB2W e HPMLU com todas as origens de sair por Sedex;0;0.0;Sem Categoria
02/06/2026;190;Bloqueia BRBAY em Carriers, Atrus, todo brasil, Sedex, Eu entrego;1;173.56;Sem Categoria
02/06/2026;206;Bloqueia Celular de todas, exceto sedex, Carvalima, R3, Atrus, Magalu, LSP e Jamef origem Serra;0;0.0;
02/06/2026;313;Bloqueia Celular de todas, exceto sedex, Carvalima, R3, Atrus, Magalu, LSP e Jamef origem MG;0;0.0;Sem Categoria
02/06/2026;213;Bloqueia HUB09 de JeT e TodoBrasil;128;847.27;Sem Categoria
02/06/2026;269;Bloqueio de HUB09 em jadlog, Pajuçara e Dominalog;40;302.48;Sem Categoria
02/06/2026;371;Bloqueia HUB09 em R3;29;169.5;Sem Categoria
02/06/2026;372;Bloqueia HUB09 em R3;29;169.5;Sem Categoria
02/06/2026;288;Bloquieo de HUB10 e jadlog;0;0.0;Sem Categoria
02/06/2026;234;Bloqueio ITALA;0;0.0;
02/06/2026;243;Bloqueia Itala em tudo exceto atrus Cotia;0;0.0;
02/06/2026;244;Bloqueia Itala em tudo exceto atrus origem VGP;0;0.0;
02/06/2026;274;Bloquieo de HEIST em várias TSP;20;10538.16;Sem Categoria
02/06/2026;382;Bloqueio gol e sedex em MG;0;0.0;Sem Categoria
02/06/2026;389;Bloqueio bebidas, powerbank e perfume para Gol;0;0.0;
02/06/2026;390;Bloqueio bebidas, powerbank e perfume para Gol 2;0;0.0;
02/06/2026;391;Bloqueio Gol, bebidas, perfumes e powerbank 3;0;0.0;
02/06/2026;392;Bloqueio Gol, bebidas, perfumes e powerbank 3;0;0.0;
02/06/2026;401;Bloquieo campanhas azul para gol;0;0.0;
02/06/2026;394;Bloquear ebb para mcpor;0;0.0;Sem Categoria
02/06/2026;402;Bloqueia EBB em tudo exceto Heineken e HUb;2;1217.01;Sem Categoria
02/06/2026;405;bloqueio EBB;0;0.0;
02/06/2026;406;bloqueio EBB;0;0.0;
02/06/2026;407;bloqueio ebb;0;0.0;
02/06/2026;408;Bloqueio EBB;0;0.0;
02/06/2026;397;A transportadora stone só poderá trabalhar com a campanha STOLJ;384;5844.08;Sem Categoria
02/06/2026;400;Não deixar que a transportadora Stone retorne para pedidos expressos, exceto campanha STOLJ;0;0.0;
02/06/2026;411;Atrus - Apenas HEIST;0;0.0;
02/06/2026;419;Bloqueio da Jad nv Brasil, origem Cotia, exceto Sul e Sudeste - Inativo;36;436.0;Sem Categoria
02/06/2026;38;Bloqueia Linha branca origem Serra de Jad, Pajuçara, Carriers, Dialogo, Jamef, Atrus, Magalu, iMile, J&T e Sedex;0;0.0;
02/06/2026;39;Bloqueia Linha branca origem Cotia de Jad, Pajuçara, Carriers, Dialogo, Jamef, Atrus, Magalu, iMile, J&T e Sedex;1;8.43;Sem Categoria
02/06/2026;40;Bloqueia Linha branca todas as origens de Jad, Pajuçara, Carriers, Dialogo, Jamef, Atrus, Magalu, iMile, J&T e Sedex;1;8.43;Sem Categoria
02/06/2026;298;Bloquieo de linha branca em 42 - JADLOG  x57 - Carriers  x90 - Jamef SP  x92 - JeT EXPRESS  x119 - MAGALU  x127 - Correios SEDEX - 34028316000103  x164 - IMILE Standard  x195 - Azul linhas aereas  x com origem ES;0;0.0;Sem Categoria
02/06/2026;82;Bloqueia TV origem Serra para 56 - Pajucara  x57 - Carriers  x66 - Dialogo - SP  x92 - JeT EXPRESS  x119 - MAGALU  x127 - Correios SEDEX - 34028316000103  x;0;0.0;
02/06/2026;83;Bloqueia TV origem Cotia 56 - Pajucara  x57 - Carriers  x66 - Dialogo - SP  x92 - JeT EXPRESS  x110 - ATRUS INTERMEDIACAO  x119 - MAGALU  x127 - Correios SEDEX - 34028316000103  x;0;0.0;Sem Categoria
02/06/2026;84;Bloqueia TV Todas as origens 56 - Pajucara  x57 - Carriers  x66 - Dialogo - SP  x92 - JeT EXPRESS  x110 - ATRUS INTERMEDIACAO  x119 - MAGALU  x127 - Correios SEDEX - 34028316000103  x139 - EU ENTREGO SISTEMAS S/A  x;0;0.0;Sem Categoria
02/06/2026;184;Bloqueia Dialogo, J&T e Magalu nas cadeiras de itau origem Serra;0;0.0;
02/06/2026;202;Bloqueia todas as transportadoras em hub09 e hub10 , exceto aquelas com SLA acima de 97%  origem VGP;117;653.78;Sem Categoria
02/06/2026;207;Bloqueia Magalu e Dialogo de alguns SKU's;0;0.0;
02/06/2026;208;Bloqueia Jamef de dois SKUs;0;0.0;Sem Categoria
02/06/2026;211;Bloqueia Jamef de dois SKUs;0;0.0;Sem Categoria
02/06/2026;250;Bloqeuio de imile na origem VGP algumas cidades especificas ;9;87.19;Sem Categoria
02/06/2026;251;Bloqeuio de imile na origem Serra algumas cidades especificas;0;0.0;
02/06/2026;264;Bloquieo de JET no SKU SI5435;0;0.0;Sem Categoria
02/06/2026;268;Bloquieo de bebidas em 35 - Pacifico  x56 - Pajucara  x90 - Jamef SP  x92 - JeT EXPRESS  x120 - TODOBRASIL  x127 - Correios SEDEX - 34028316000103  x140 - LAUTO CARGO  x164 - IMILE Standard  x;119;25591.58;Sem Categoria
02/06/2026;275;Bloquieo de Pajuçara em MG em SKUs que não fazem;0;0.0;
02/06/2026;276;Bloquieo de Pajuçara em ES em SKUs que não fazem;0;0.0;Sem Categoria
02/06/2026;277;Bloquieo de Pajuçara em Cotia em SKUs que não fazem;0;0.0;
02/06/2026;278;Bloquieo de Pajuçara em VGP em SKUs que não fazem;0;0.0;
02/06/2026;336;;0;0.0;Sem Categoria
02/06/2026;368;Bloqueia todas as transportadoras de entregarem em MT e MS exceto Carvalima e Favorita para BRBAY Origem Cotia;2;67.53;Sem Categoria
02/06/2026;369;Bloqueia todas as transportadoras de entregarem em MT e MS exceto Carvalima e Favorita para BRBAY Origem VGP;0;0.0;Sem Categoria
02/06/2026;409;Bloqueio campanhas prioritarias em correios ;119;732.3;Sem Categoria
02/06/2026;410;Bloqueio campanhas prioritarias em correios ;119;732.3;Sem Categoria
02/06/2026;424;Bloquieo de HUB09 em Pacifico, Dominalog, Jadlog, Gol e J&T em HUB09 origem VGP;118;706.55;Sem Categoria
02/06/2026;301;Regra de caixa postal;0;0.0;
02/06/2026;302;Regra de caixa postal;0;0.0;
02/06/2026;303;Regra de caixa postal;0;0.0;
02/06/2026;304;Regra de caixa postal;0;0.0;
02/06/2026;305;Regra de caixa postal;0;0.0;
02/06/2026;355;Bloqueia jad e jamef em SKUs de ON;7;101.27;Sem Categoria
03/06/2026;420;Peso minimo J&T origem Cotia;24;44.14;Sem Categoria
03/06/2026;421;Peso minimo J&T origem MG;10;181.09;Sem Categoria
03/06/2026;422;Peso minimo J&T VGP;17;38.56;Sem Categoria
03/06/2026;423;Bloqueio J&T peso minimo Serra;0;0.0;
03/06/2026;186;Bloqueia Carriers de Serra;0;0.0;
03/06/2026;187;Bloqueia Carriers em Cotia;0;0.0;
03/06/2026;212;;0;0.0;
03/06/2026;412;Bloqueio iMile VGP - Inativo;321;2801.5;Sem Categoria
03/06/2026;393;Bloquear a Jalod em pedidos ate 10kg - Inativo;173;2771.98;Sem Categoria
03/06/2026;416;Bloqueio da jad em MG ate 10kg - Inativo;68;460.46;Sem Categoria
03/06/2026;417;Bloqueio da Jad em VGP ate 10kg - Inativo;74;915.87;Sem Categoria
03/06/2026;198;Bloqueia Sedex de Cuaba;0;0.0;Sem Categoria
03/06/2026;404;Bloqueia Gol de todas as campanhas para pesados, exceto heist;0;0.0;
03/06/2026;396;Bloquear a transportadora stone para pedidos com o peso acima de 30kg;1;46.51;Sem Categoria
03/06/2026;153;Bloqueia Cadeiras de itau de sair para Carriers, Dialogo, J&T, Magalu, TodoBrasil;7;1263.61;Sem Categoria
03/06/2026;166;Bloqueia Todo Brasil, iMile e Pajuçara com origem Serra de levar notebook;0;0.0;
03/06/2026;167;Bloqueia Magalu, com origem Cotia de levar carrinho de compras;0;0.0;
03/06/2026;170;Bloqueia Atrus em várias campamnhas especificas;0;0.0;
03/06/2026;181;Bloqueia várias transportadoras de coletar no escritorio;0;0.0;Sem Categoria
03/06/2026;182;Bloqueia Magalu em uma lista de Cidades que eles cortaram ;1;48.08;Sem Categoria
03/06/2026;1;Bloqueia MARYK das pesadas com origem Cotia;0;0.0;
03/06/2026;2;Bloqueia MARYK das pesadas de todas as origens;0;0.0;
03/06/2026;161;Bloqueia HPAMZ, HPB2W e HPMLU com origem Serra de sair por Sedex;0;0.0;
03/06/2026;162;Bloqueia HPAMZ, HPB2W e HPMLU com origem Coria de sair por Sedex;0;0.0;Sem Categoria
03/06/2026;163;Bloqueia HPAMZ, HPB2W e HPMLU com todas as origens de sair por Sedex;0;0.0;Sem Categoria
03/06/2026;190;Bloqueia BRBAY em Carriers, Atrus, todo brasil, Sedex, Eu entrego;0;0.0;Sem Categoria
03/06/2026;206;Bloqueia Celular de todas, exceto sedex, Carvalima, R3, Atrus, Magalu, LSP e Jamef origem Serra;0;0.0;
03/06/2026;313;Bloqueia Celular de todas, exceto sedex, Carvalima, R3, Atrus, Magalu, LSP e Jamef origem MG;0;0.0;Sem Categoria
03/06/2026;213;Bloqueia HUB09 de JeT e TodoBrasil;125;2267.16;Sem Categoria
03/06/2026;269;Bloqueio de HUB09 em jadlog, Pajuçara e Dominalog;52;1688.5;Sem Categoria
03/06/2026;371;Bloqueia HUB09 em R3;32;855.59;Sem Categoria
03/06/2026;372;Bloqueia HUB09 em R3;32;855.59;Sem Categoria
03/06/2026;288;Bloquieo de HUB10 e jadlog;0;0.0;Sem Categoria
03/06/2026;234;Bloqueio ITALA;0;0.0;
03/06/2026;243;Bloqueia Itala em tudo exceto atrus Cotia;0;0.0;
03/06/2026;244;Bloqueia Itala em tudo exceto atrus origem VGP;0;0.0;
03/06/2026;274;Bloquieo de HEIST em várias TSP;15;776.22;Sem Categoria
03/06/2026;382;Bloqueio gol e sedex em MG;1;23.84;Sem Categoria
03/06/2026;389;Bloqueio bebidas, powerbank e perfume para Gol;0;0.0;
03/06/2026;390;Bloqueio bebidas, powerbank e perfume para Gol 2;0;0.0;
03/06/2026;391;Bloqueio Gol, bebidas, perfumes e powerbank 3;0;0.0;
03/06/2026;392;Bloqueio Gol, bebidas, perfumes e powerbank 3;0;0.0;
03/06/2026;401;Bloquieo campanhas azul para gol;0;0.0;
03/06/2026;394;Bloquear ebb para mcpor;0;0.0;Sem Categoria
03/06/2026;402;Bloqueia EBB em tudo exceto Heineken e HUb;2;115.92;Sem Categoria
03/06/2026;405;bloqueio EBB;0;0.0;
03/06/2026;406;bloqueio EBB;0;0.0;
03/06/2026;407;bloqueio ebb;0;0.0;
03/06/2026;408;Bloqueio EBB;0;0.0;
03/06/2026;397;A transportadora stone só poderá trabalhar com a campanha STOLJ;188;3021.85;Sem Categoria
03/06/2026;400;Não deixar que a transportadora Stone retorne para pedidos expressos, exceto campanha STOLJ;0;0.0;
03/06/2026;411;Atrus - Apenas HEIST;0;0.0;
03/06/2026;419;Bloqueio da Jad nv Brasil, origem Cotia, exceto Sul e Sudeste - Inativo;10;112.46;Sem Categoria
03/06/2026;38;Bloqueia Linha branca origem Serra de Jad, Pajuçara, Carriers, Dialogo, Jamef, Atrus, Magalu, iMile, J&T e Sedex;0;0.0;
03/06/2026;39;Bloqueia Linha branca origem Cotia de Jad, Pajuçara, Carriers, Dialogo, Jamef, Atrus, Magalu, iMile, J&T e Sedex;0;0.0;Sem Categoria
03/06/2026;40;Bloqueia Linha branca todas as origens de Jad, Pajuçara, Carriers, Dialogo, Jamef, Atrus, Magalu, iMile, J&T e Sedex;0;0.0;Sem Categoria
03/06/2026;298;Bloquieo de linha branca em 42 - JADLOG  x57 - Carriers  x90 - Jamef SP  x92 - JeT EXPRESS  x119 - MAGALU  x127 - Correios SEDEX - 34028316000103  x164 - IMILE Standard  x195 - Azul linhas aereas  x com origem ES;0;0.0;Sem Categoria
03/06/2026;82;Bloqueia TV origem Serra para 56 - Pajucara  x57 - Carriers  x66 - Dialogo - SP  x92 - JeT EXPRESS  x119 - MAGALU  x127 - Correios SEDEX - 34028316000103  x;0;0.0;
03/06/2026;83;Bloqueia TV origem Cotia 56 - Pajucara  x57 - Carriers  x66 - Dialogo - SP  x92 - JeT EXPRESS  x110 - ATRUS INTERMEDIACAO  x119 - MAGALU  x127 - Correios SEDEX - 34028316000103  x;0;0.0;Sem Categoria
03/06/2026;84;Bloqueia TV Todas as origens 56 - Pajucara  x57 - Carriers  x66 - Dialogo - SP  x92 - JeT EXPRESS  x110 - ATRUS INTERMEDIACAO  x119 - MAGALU  x127 - Correios SEDEX - 34028316000103  x139 - EU ENTREGO SISTEMAS S/A  x;1;0.85;Sem Categoria
03/06/2026;184;Bloqueia Dialogo, J&T e Magalu nas cadeiras de itau origem Serra;0;0.0;
03/06/2026;202;Bloqueia todas as transportadoras em hub09 e hub10 , exceto aquelas com SLA acima de 97%  origem VGP;111;2158.74;Sem Categoria
03/06/2026;207;Bloqueia Magalu e Dialogo de alguns SKU's;0;0.0;
03/06/2026;208;Bloqueia Jamef de dois SKUs;0;0.0;Sem Categoria
03/06/2026;211;Bloqueia Jamef de dois SKUs;0;0.0;Sem Categoria
03/06/2026;250;Bloqeuio de imile na origem VGP algumas cidades especificas ;10;24.0;Sem Categoria
03/06/2026;251;Bloqeuio de imile na origem Serra algumas cidades especificas;0;0.0;
03/06/2026;264;Bloquieo de JET no SKU SI5435;0;0.0;Sem Categoria
03/06/2026;268;Bloquieo de bebidas em 35 - Pacifico  x56 - Pajucara  x90 - Jamef SP  x92 - JeT EXPRESS  x120 - TODOBRASIL  x127 - Correios SEDEX - 34028316000103  x140 - LAUTO CARGO  x164 - IMILE Standard  x;77;9795.75;Sem Categoria
03/06/2026;275;Bloquieo de Pajuçara em MG em SKUs que não fazem;0;0.0;
03/06/2026;276;Bloquieo de Pajuçara em ES em SKUs que não fazem;0;0.0;Sem Categoria
03/06/2026;277;Bloquieo de Pajuçara em Cotia em SKUs que não fazem;0;0.0;
03/06/2026;278;Bloquieo de Pajuçara em VGP em SKUs que não fazem;0;0.0;
03/06/2026;336;;0;0.0;Sem Categoria
03/06/2026;368;Bloqueia todas as transportadoras de entregarem em MT e MS exceto Carvalima e Favorita para BRBAY Origem Cotia;0;0.0;Sem Categoria
03/06/2026;369;Bloqueia todas as transportadoras de entregarem em MT e MS exceto Carvalima e Favorita para BRBAY Origem VGP;0;0.0;Sem Categoria
03/06/2026;409;Bloqueio campanhas prioritarias em correios ;111;2158.74;Sem Categoria
03/06/2026;410;Bloqueio campanhas prioritarias em correios ;111;2158.74;Sem Categoria
03/06/2026;424;Bloquieo de HUB09 em Pacifico, Dominalog, Jadlog, Gol e J&T em HUB09 origem VGP;110;2103.93;Sem Categoria
03/06/2026;301;Regra de caixa postal;0;0.0;
03/06/2026;302;Regra de caixa postal;0;0.0;
03/06/2026;303;Regra de caixa postal;0;0.0;
03/06/2026;304;Regra de caixa postal;0;0.0;
03/06/2026;305;Regra de caixa postal;0;0.0;
03/06/2026;355;Bloqueia jad e jamef em SKUs de ON;41;295.79;Sem Categoria
04/06/2026;420;Peso minimo J&T origem Cotia;20;93.66;Sem Categoria
04/06/2026;421;Peso minimo J&T origem MG;9;92.75;Sem Categoria
04/06/2026;422;Peso minimo J&T VGP;5;8.1;Sem Categoria
04/06/2026;423;Bloqueio J&T peso minimo Serra;0;0.0;
04/06/2026;186;Bloqueia Carriers de Serra;0;0.0;
04/06/2026;187;Bloqueia Carriers em Cotia;0;0.0;
04/06/2026;212;;0;0.0;
04/06/2026;412;Bloqueio iMile VGP - Inativo;120;378.76;Sem Categoria
04/06/2026;393;Bloquear a Jalod em pedidos ate 10kg - Inativo;120;1178.54;Sem Categoria
04/06/2026;416;Bloqueio da jad em MG ate 10kg - Inativo;72;633.88;Sem Categoria
04/06/2026;417;Bloqueio da Jad em VGP ate 10kg - Inativo;19;322.19;Sem Categoria
04/06/2026;198;Bloqueia Sedex de Cuaba;0;0.0;Sem Categoria
04/06/2026;404;Bloqueia Gol de todas as campanhas para pesados, exceto heist;0;0.0;
04/06/2026;396;Bloquear a transportadora stone para pedidos com o peso acima de 30kg;0;0.0;Sem Categoria
04/06/2026;153;Bloqueia Cadeiras de itau de sair para Carriers, Dialogo, J&T, Magalu, TodoBrasil;0;0.0;Sem Categoria
04/06/2026;166;Bloqueia Todo Brasil, iMile e Pajuçara com origem Serra de levar notebook;0;0.0;
04/06/2026;167;Bloqueia Magalu, com origem Cotia de levar carrinho de compras;0;0.0;
04/06/2026;170;Bloqueia Atrus em várias campamnhas especificas;0;0.0;
04/06/2026;181;Bloqueia várias transportadoras de coletar no escritorio;0;0.0;Sem Categoria
04/06/2026;182;Bloqueia Magalu em uma lista de Cidades que eles cortaram ;0;0.0;Sem Categoria
04/06/2026;1;Bloqueia MARYK das pesadas com origem Cotia;0;0.0;
04/06/2026;2;Bloqueia MARYK das pesadas de todas as origens;0;0.0;
04/06/2026;161;Bloqueia HPAMZ, HPB2W e HPMLU com origem Serra de sair por Sedex;0;0.0;
04/06/2026;162;Bloqueia HPAMZ, HPB2W e HPMLU com origem Coria de sair por Sedex;0;0.0;Sem Categoria
04/06/2026;163;Bloqueia HPAMZ, HPB2W e HPMLU com todas as origens de sair por Sedex;0;0.0;Sem Categoria
04/06/2026;190;Bloqueia BRBAY em Carriers, Atrus, todo brasil, Sedex, Eu entrego;0;0.0;Sem Categoria
04/06/2026;206;Bloqueia Celular de todas, exceto sedex, Carvalima, R3, Atrus, Magalu, LSP e Jamef origem Serra;0;0.0;
04/06/2026;313;Bloqueia Celular de todas, exceto sedex, Carvalima, R3, Atrus, Magalu, LSP e Jamef origem MG;0;0.0;Sem Categoria
04/06/2026;213;Bloqueia HUB09 de JeT e TodoBrasil;0;0.0;Sem Categoria
04/06/2026;269;Bloqueio de HUB09 em jadlog, Pajuçara e Dominalog;0;0.0;Sem Categoria
04/06/2026;371;Bloqueia HUB09 em R3;0;0.0;Sem Categoria
04/06/2026;372;Bloqueia HUB09 em R3;0;0.0;Sem Categoria
04/06/2026;288;Bloquieo de HUB10 e jadlog;0;0.0;Sem Categoria
04/06/2026;234;Bloqueio ITALA;0;0.0;
04/06/2026;243;Bloqueia Itala em tudo exceto atrus Cotia;0;0.0;
04/06/2026;244;Bloqueia Itala em tudo exceto atrus origem VGP;0;0.0;
04/06/2026;274;Bloquieo de HEIST em várias TSP;5;313.06;Sem Categoria
04/06/2026;382;Bloqueio gol e sedex em MG;0;0.0;Sem Categoria
04/06/2026;389;Bloqueio bebidas, powerbank e perfume para Gol;0;0.0;
04/06/2026;390;Bloqueio bebidas, powerbank e perfume para Gol 2;0;0.0;
04/06/2026;391;Bloqueio Gol, bebidas, perfumes e powerbank 3;0;0.0;
04/06/2026;392;Bloqueio Gol, bebidas, perfumes e powerbank 3;0;0.0;
04/06/2026;401;Bloquieo campanhas azul para gol;0;0.0;
04/06/2026;394;Bloquear ebb para mcpor;0;0.0;Sem Categoria
04/06/2026;402;Bloqueia EBB em tudo exceto Heineken e HUb;0;0.0;Sem Categoria
04/06/2026;405;bloqueio EBB;0;0.0;
04/06/2026;406;bloqueio EBB;0;0.0;
04/06/2026;407;bloqueio ebb;0;0.0;
04/06/2026;408;Bloqueio EBB;0;0.0;
04/06/2026;397;A transportadora stone só poderá trabalhar com a campanha STOLJ;114;822.06;Sem Categoria
04/06/2026;400;Não deixar que a transportadora Stone retorne para pedidos expressos, exceto campanha STOLJ;0;0.0;
04/06/2026;411;Atrus - Apenas HEIST;0;0.0;
04/06/2026;419;Bloqueio da Jad nv Brasil, origem Cotia, exceto Sul e Sudeste - Inativo;18;196.08;Sem Categoria
04/06/2026;38;Bloqueia Linha branca origem Serra de Jad, Pajuçara, Carriers, Dialogo, Jamef, Atrus, Magalu, iMile, J&T e Sedex;0;0.0;
04/06/2026;39;Bloqueia Linha branca origem Cotia de Jad, Pajuçara, Carriers, Dialogo, Jamef, Atrus, Magalu, iMile, J&T e Sedex;0;0.0;Sem Categoria
04/06/2026;40;Bloqueia Linha branca todas as origens de Jad, Pajuçara, Carriers, Dialogo, Jamef, Atrus, Magalu, iMile, J&T e Sedex;0;0.0;Sem Categoria
04/06/2026;298;Bloquieo de linha branca em 42 - JADLOG  x57 - Carriers  x90 - Jamef SP  x92 - JeT EXPRESS  x119 - MAGALU  x127 - Correios SEDEX - 34028316000103  x164 - IMILE Standard  x195 - Azul linhas aereas  x com origem ES;0;0.0;Sem Categoria
04/06/2026;82;Bloqueia TV origem Serra para 56 - Pajucara  x57 - Carriers  x66 - Dialogo - SP  x92 - JeT EXPRESS  x119 - MAGALU  x127 - Correios SEDEX - 34028316000103  x;0;0.0;
04/06/2026;83;Bloqueia TV origem Cotia 56 - Pajucara  x57 - Carriers  x66 - Dialogo - SP  x92 - JeT EXPRESS  x110 - ATRUS INTERMEDIACAO  x119 - MAGALU  x127 - Correios SEDEX - 34028316000103  x;0;0.0;Sem Categoria
04/06/2026;84;Bloqueia TV Todas as origens 56 - Pajucara  x57 - Carriers  x66 - Dialogo - SP  x92 - JeT EXPRESS  x110 - ATRUS INTERMEDIACAO  x119 - MAGALU  x127 - Correios SEDEX - 34028316000103  x139 - EU ENTREGO SISTEMAS S/A  x;0;0.0;Sem Categoria
04/06/2026;184;Bloqueia Dialogo, J&T e Magalu nas cadeiras de itau origem Serra;0;0.0;
04/06/2026;202;Bloqueia todas as transportadoras em hub09 e hub10 , exceto aquelas com SLA acima de 97%  origem VGP;0;0.0;Sem Categoria
04/06/2026;207;Bloqueia Magalu e Dialogo de alguns SKU's;0;0.0;
04/06/2026;208;Bloqueia Jamef de dois SKUs;0;0.0;Sem Categoria
04/06/2026;211;Bloqueia Jamef de dois SKUs;0;0.0;Sem Categoria
04/06/2026;250;Bloqeuio de imile na origem VGP algumas cidades especificas ;3;14.33;Sem Categoria
04/06/2026;251;Bloqeuio de imile na origem Serra algumas cidades especificas;0;0.0;
04/06/2026;264;Bloquieo de JET no SKU SI5435;0;0.0;Sem Categoria
04/06/2026;268;Bloquieo de bebidas em 35 - Pacifico  x56 - Pajucara  x90 - Jamef SP  x92 - JeT EXPRESS  x120 - TODOBRASIL  x127 - Correios SEDEX - 34028316000103  x140 - LAUTO CARGO  x164 - IMILE Standard  x;16;1998.3;Sem Categoria
04/06/2026;275;Bloquieo de Pajuçara em MG em SKUs que não fazem;0;0.0;
04/06/2026;276;Bloquieo de Pajuçara em ES em SKUs que não fazem;0;0.0;Sem Categoria
04/06/2026;277;Bloquieo de Pajuçara em Cotia em SKUs que não fazem;0;0.0;
04/06/2026;278;Bloquieo de Pajuçara em VGP em SKUs que não fazem;0;0.0;
04/06/2026;336;;0;0.0;Sem Categoria
04/06/2026;368;Bloqueia todas as transportadoras de entregarem em MT e MS exceto Carvalima e Favorita para BRBAY Origem Cotia;0;0.0;Sem Categoria
04/06/2026;369;Bloqueia todas as transportadoras de entregarem em MT e MS exceto Carvalima e Favorita para BRBAY Origem VGP;0;0.0;Sem Categoria
04/06/2026;409;Bloqueio campanhas prioritarias em correios ;2;1.99;Sem Categoria
04/06/2026;410;Bloqueio campanhas prioritarias em correios ;2;1.99;Sem Categoria
04/06/2026;424;Bloquieo de HUB09 em Pacifico, Dominalog, Jadlog, Gol e J&T em HUB09 origem VGP;0;0.0;Sem Categoria
04/06/2026;301;Regra de caixa postal;0;0.0;
04/06/2026;302;Regra de caixa postal;0;0.0;
04/06/2026;303;Regra de caixa postal;0;0.0;
04/06/2026;304;Regra de caixa postal;0;0.0;
04/06/2026;305;Regra de caixa postal;0;0.0;
04/06/2026;355;Bloqueia jad e jamef em SKUs de ON;0;0.0;Sem Categoria
05/06/2026;420;Peso minimo J&T origem Cotia;27;49.88;Sem Categoria
05/06/2026;421;Peso minimo J&T origem MG;6;118.26;Sem Categoria
05/06/2026;422;Peso minimo J&T VGP;17;75.23;Sem Categoria
05/06/2026;423;Bloqueio J&T peso minimo Serra;0;0.0;
05/06/2026;186;Bloqueia Carriers de Serra;0;0.0;
05/06/2026;187;Bloqueia Carriers em Cotia;0;0.0;
05/06/2026;212;;0;0.0;
05/06/2026;412;Bloqueio iMile VGP - Inativo;220;495.47;Sem Categoria
05/06/2026;393;Bloquear a Jalod em pedidos ate 10kg - Inativo;170;1815.72;Sem Categoria
05/06/2026;416;Bloqueio da jad em MG ate 10kg - Inativo;62;758.88;Sem Categoria
05/06/2026;417;Bloqueio da Jad em VGP ate 10kg - Inativo;32;248.23;Sem Categoria
05/06/2026;198;Bloqueia Sedex de Cuaba;0;0.0;Sem Categoria
05/06/2026;404;Bloqueia Gol de todas as campanhas para pesados, exceto heist;0;0.0;
05/06/2026;396;Bloquear a transportadora stone para pedidos com o peso acima de 30kg;0;0.0;Sem Categoria
05/06/2026;153;Bloqueia Cadeiras de itau de sair para Carriers, Dialogo, J&T, Magalu, TodoBrasil;1;4.59;Sem Categoria
05/06/2026;166;Bloqueia Todo Brasil, iMile e Pajuçara com origem Serra de levar notebook;0;0.0;
05/06/2026;167;Bloqueia Magalu, com origem Cotia de levar carrinho de compras;0;0.0;
05/06/2026;170;Bloqueia Atrus em várias campamnhas especificas;0;0.0;
05/06/2026;181;Bloqueia várias transportadoras de coletar no escritorio;0;0.0;Sem Categoria
05/06/2026;182;Bloqueia Magalu em uma lista de Cidades que eles cortaram ;1;5.21;Sem Categoria
05/06/2026;1;Bloqueia MARYK das pesadas com origem Cotia;0;0.0;
05/06/2026;2;Bloqueia MARYK das pesadas de todas as origens;0;0.0;
05/06/2026;161;Bloqueia HPAMZ, HPB2W e HPMLU com origem Serra de sair por Sedex;0;0.0;
05/06/2026;162;Bloqueia HPAMZ, HPB2W e HPMLU com origem Coria de sair por Sedex;0;0.0;Sem Categoria
05/06/2026;163;Bloqueia HPAMZ, HPB2W e HPMLU com todas as origens de sair por Sedex;0;0.0;Sem Categoria
05/06/2026;190;Bloqueia BRBAY em Carriers, Atrus, todo brasil, Sedex, Eu entrego;0;0.0;Sem Categoria
05/06/2026;206;Bloqueia Celular de todas, exceto sedex, Carvalima, R3, Atrus, Magalu, LSP e Jamef origem Serra;0;0.0;
05/06/2026;313;Bloqueia Celular de todas, exceto sedex, Carvalima, R3, Atrus, Magalu, LSP e Jamef origem MG;0;0.0;Sem Categoria
05/06/2026;213;Bloqueia HUB09 de JeT e TodoBrasil;9;82.98;Sem Categoria
05/06/2026;269;Bloqueio de HUB09 em jadlog, Pajuçara e Dominalog;7;45.07;Sem Categoria
05/06/2026;371;Bloqueia HUB09 em R3;4;14.15;Sem Categoria
05/06/2026;372;Bloqueia HUB09 em R3;4;14.15;Sem Categoria
05/06/2026;288;Bloquieo de HUB10 e jadlog;0;0.0;Sem Categoria
05/06/2026;234;Bloqueio ITALA;0;0.0;
05/06/2026;243;Bloqueia Itala em tudo exceto atrus Cotia;0;0.0;
05/06/2026;244;Bloqueia Itala em tudo exceto atrus origem VGP;0;0.0;
05/06/2026;274;Bloquieo de HEIST em várias TSP;3;227.32;Sem Categoria
05/06/2026;382;Bloqueio gol e sedex em MG;0;0.0;Sem Categoria
05/06/2026;389;Bloqueio bebidas, powerbank e perfume para Gol;0;0.0;
05/06/2026;390;Bloqueio bebidas, powerbank e perfume para Gol 2;0;0.0;
05/06/2026;391;Bloqueio Gol, bebidas, perfumes e powerbank 3;0;0.0;
05/06/2026;392;Bloqueio Gol, bebidas, perfumes e powerbank 3;0;0.0;
05/06/2026;401;Bloquieo campanhas azul para gol;0;0.0;
05/06/2026;394;Bloquear ebb para mcpor;0;0.0;Sem Categoria
05/06/2026;402;Bloqueia EBB em tudo exceto Heineken e HUb;0;0.0;Sem Categoria
05/06/2026;405;bloqueio EBB;0;0.0;
05/06/2026;406;bloqueio EBB;0;0.0;
05/06/2026;407;bloqueio ebb;0;0.0;
05/06/2026;408;Bloqueio EBB;0;0.0;
05/06/2026;397;A transportadora stone só poderá trabalhar com a campanha STOLJ;215;2062.66;Sem Categoria
05/06/2026;400;Não deixar que a transportadora Stone retorne para pedidos expressos, exceto campanha STOLJ;0;0.0;
05/06/2026;411;Atrus - Apenas HEIST;0;0.0;
05/06/2026;419;Bloqueio da Jad nv Brasil, origem Cotia, exceto Sul e Sudeste - Inativo;15;126.94;Sem Categoria
05/06/2026;38;Bloqueia Linha branca origem Serra de Jad, Pajuçara, Carriers, Dialogo, Jamef, Atrus, Magalu, iMile, J&T e Sedex;0;0.0;
05/06/2026;39;Bloqueia Linha branca origem Cotia de Jad, Pajuçara, Carriers, Dialogo, Jamef, Atrus, Magalu, iMile, J&T e Sedex;0;0.0;Sem Categoria
05/06/2026;40;Bloqueia Linha branca todas as origens de Jad, Pajuçara, Carriers, Dialogo, Jamef, Atrus, Magalu, iMile, J&T e Sedex;1;4.68;Sem Categoria
05/06/2026;298;Bloquieo de linha branca em 42 - JADLOG  x57 - Carriers  x90 - Jamef SP  x92 - JeT EXPRESS  x119 - MAGALU  x127 - Correios SEDEX - 34028316000103  x164 - IMILE Standard  x195 - Azul linhas aereas  x com origem ES;0;0.0;Sem Categoria
05/06/2026;82;Bloqueia TV origem Serra para 56 - Pajucara  x57 - Carriers  x66 - Dialogo - SP  x92 - JeT EXPRESS  x119 - MAGALU  x127 - Correios SEDEX - 34028316000103  x;0;0.0;
05/06/2026;83;Bloqueia TV origem Cotia 56 - Pajucara  x57 - Carriers  x66 - Dialogo - SP  x92 - JeT EXPRESS  x110 - ATRUS INTERMEDIACAO  x119 - MAGALU  x127 - Correios SEDEX - 34028316000103  x;0;0.0;Sem Categoria
05/06/2026;84;Bloqueia TV Todas as origens 56 - Pajucara  x57 - Carriers  x66 - Dialogo - SP  x92 - JeT EXPRESS  x110 - ATRUS INTERMEDIACAO  x119 - MAGALU  x127 - Correios SEDEX - 34028316000103  x139 - EU ENTREGO SISTEMAS S/A  x;0;0.0;Sem Categoria
05/06/2026;184;Bloqueia Dialogo, J&T e Magalu nas cadeiras de itau origem Serra;0;0.0;
05/06/2026;202;Bloqueia todas as transportadoras em hub09 e hub10 , exceto aquelas com SLA acima de 97%  origem VGP;9;84.86;Sem Categoria
05/06/2026;207;Bloqueia Magalu e Dialogo de alguns SKU's;0;0.0;
05/06/2026;208;Bloqueia Jamef de dois SKUs;0;0.0;Sem Categoria
05/06/2026;211;Bloqueia Jamef de dois SKUs;0;0.0;Sem Categoria
05/06/2026;250;Bloqeuio de imile na origem VGP algumas cidades especificas ;4;5.54;Sem Categoria
05/06/2026;251;Bloqeuio de imile na origem Serra algumas cidades especificas;0;0.0;
05/06/2026;264;Bloquieo de JET no SKU SI5435;0;0.0;Sem Categoria
05/06/2026;268;Bloquieo de bebidas em 35 - Pacifico  x56 - Pajucara  x90 - Jamef SP  x92 - JeT EXPRESS  x120 - TODOBRASIL  x127 - Correios SEDEX - 34028316000103  x140 - LAUTO CARGO  x164 - IMILE Standard  x;14;933.92;Sem Categoria
05/06/2026;275;Bloquieo de Pajuçara em MG em SKUs que não fazem;0;0.0;
05/06/2026;276;Bloquieo de Pajuçara em ES em SKUs que não fazem;0;0.0;Sem Categoria
05/06/2026;277;Bloquieo de Pajuçara em Cotia em SKUs que não fazem;0;0.0;
05/06/2026;278;Bloquieo de Pajuçara em VGP em SKUs que não fazem;0;0.0;
05/06/2026;336;;0;0.0;Sem Categoria
05/06/2026;368;Bloqueia todas as transportadoras de entregarem em MT e MS exceto Carvalima e Favorita para BRBAY Origem Cotia;0;0.0;Sem Categoria
05/06/2026;369;Bloqueia todas as transportadoras de entregarem em MT e MS exceto Carvalima e Favorita para BRBAY Origem VGP;7;78.3;Sem Categoria
05/06/2026;409;Bloqueio campanhas prioritarias em correios ;10;84.99;Sem Categoria
05/06/2026;410;Bloqueio campanhas prioritarias em correios ;10;84.99;Sem Categoria
05/06/2026;424;Bloquieo de HUB09 em Pacifico, Dominalog, Jadlog, Gol e J&T em HUB09 origem VGP;9;82.98;Sem Categoria
05/06/2026;301;Regra de caixa postal;0;0.0;
05/06/2026;302;Regra de caixa postal;0;0.0;
05/06/2026;303;Regra de caixa postal;0;0.0;
05/06/2026;304;Regra de caixa postal;0;0.0;
05/06/2026;305;Regra de caixa postal;0;0.0;
05/06/2026;355;Bloqueia jad e jamef em SKUs de ON;7;45.07;Sem Categoria
06/06/2026;420;Peso minimo J&T origem Cotia;23;165.98;Sem Categoria
06/06/2026;421;Peso minimo J&T origem MG;7;161.87;Sem Categoria
06/06/2026;422;Peso minimo J&T VGP;7;46.15;Sem Categoria
06/06/2026;423;Bloqueio J&T peso minimo Serra;0;0.0;
06/06/2026;186;Bloqueia Carriers de Serra;0;0.0;
06/06/2026;187;Bloqueia Carriers em Cotia;0;0.0;
06/06/2026;212;;0;0.0;
06/06/2026;412;Bloqueio iMile VGP - Inativo;92;221.19;Sem Categoria
06/06/2026;393;Bloquear a Jalod em pedidos ate 10kg - Inativo;127;829.21;Sem Categoria
06/06/2026;416;Bloqueio da jad em MG ate 10kg - Inativo;54;457.93;Sem Categoria
06/06/2026;417;Bloqueio da Jad em VGP ate 10kg - Inativo;15;134.0;Sem Categoria
06/06/2026;198;Bloqueia Sedex de Cuaba;0;0.0;Sem Categoria
06/06/2026;404;Bloqueia Gol de todas as campanhas para pesados, exceto heist;0;0.0;
06/06/2026;396;Bloquear a transportadora stone para pedidos com o peso acima de 30kg;0;0.0;Sem Categoria
06/06/2026;153;Bloqueia Cadeiras de itau de sair para Carriers, Dialogo, J&T, Magalu, TodoBrasil;0;0.0;Sem Categoria
06/06/2026;166;Bloqueia Todo Brasil, iMile e Pajuçara com origem Serra de levar notebook;0;0.0;
06/06/2026;167;Bloqueia Magalu, com origem Cotia de levar carrinho de compras;0;0.0;
06/06/2026;170;Bloqueia Atrus em várias campamnhas especificas;0;0.0;
06/06/2026;181;Bloqueia várias transportadoras de coletar no escritorio;0;0.0;Sem Categoria
06/06/2026;182;Bloqueia Magalu em uma lista de Cidades que eles cortaram ;1;31.8;Sem Categoria
06/06/2026;1;Bloqueia MARYK das pesadas com origem Cotia;0;0.0;
06/06/2026;2;Bloqueia MARYK das pesadas de todas as origens;0;0.0;
06/06/2026;161;Bloqueia HPAMZ, HPB2W e HPMLU com origem Serra de sair por Sedex;0;0.0;
06/06/2026;162;Bloqueia HPAMZ, HPB2W e HPMLU com origem Coria de sair por Sedex;0;0.0;Sem Categoria
06/06/2026;163;Bloqueia HPAMZ, HPB2W e HPMLU com todas as origens de sair por Sedex;0;0.0;Sem Categoria
06/06/2026;190;Bloqueia BRBAY em Carriers, Atrus, todo brasil, Sedex, Eu entrego;0;0.0;Sem Categoria
06/06/2026;206;Bloqueia Celular de todas, exceto sedex, Carvalima, R3, Atrus, Magalu, LSP e Jamef origem Serra;0;0.0;
06/06/2026;313;Bloqueia Celular de todas, exceto sedex, Carvalima, R3, Atrus, Magalu, LSP e Jamef origem MG;0;0.0;Sem Categoria
06/06/2026;213;Bloqueia HUB09 de JeT e TodoBrasil;0;0.0;Sem Categoria
06/06/2026;269;Bloqueio de HUB09 em jadlog, Pajuçara e Dominalog;0;0.0;Sem Categoria
06/06/2026;371;Bloqueia HUB09 em R3;0;0.0;Sem Categoria
06/06/2026;372;Bloqueia HUB09 em R3;0;0.0;Sem Categoria
06/06/2026;288;Bloquieo de HUB10 e jadlog;0;0.0;Sem Categoria
06/06/2026;234;Bloqueio ITALA;0;0.0;
06/06/2026;243;Bloqueia Itala em tudo exceto atrus Cotia;0;0.0;
06/06/2026;244;Bloqueia Itala em tudo exceto atrus origem VGP;0;0.0;
06/06/2026;274;Bloquieo de HEIST em várias TSP;1;68.07;Sem Categoria
06/06/2026;382;Bloqueio gol e sedex em MG;0;0.0;Sem Categoria
06/06/2026;389;Bloqueio bebidas, powerbank e perfume para Gol;0;0.0;
06/06/2026;390;Bloqueio bebidas, powerbank e perfume para Gol 2;0;0.0;
06/06/2026;391;Bloqueio Gol, bebidas, perfumes e powerbank 3;0;0.0;
06/06/2026;392;Bloqueio Gol, bebidas, perfumes e powerbank 3;0;0.0;
06/06/2026;401;Bloquieo campanhas azul para gol;0;0.0;
06/06/2026;394;Bloquear ebb para mcpor;0;0.0;Sem Categoria
06/06/2026;402;Bloqueia EBB em tudo exceto Heineken e HUb;0;0.0;Sem Categoria
06/06/2026;405;bloqueio EBB;0;0.0;
06/06/2026;406;bloqueio EBB;0;0.0;
06/06/2026;407;bloqueio ebb;0;0.0;
06/06/2026;408;Bloqueio EBB;0;0.0;
06/06/2026;397;A transportadora stone só poderá trabalhar com a campanha STOLJ;116;933.48;Sem Categoria
06/06/2026;400;Não deixar que a transportadora Stone retorne para pedidos expressos, exceto campanha STOLJ;0;0.0;
06/06/2026;411;Atrus - Apenas HEIST;0;0.0;
06/06/2026;419;Bloqueio da Jad nv Brasil, origem Cotia, exceto Sul e Sudeste - Inativo;17;178.55;Sem Categoria
06/06/2026;38;Bloqueia Linha branca origem Serra de Jad, Pajuçara, Carriers, Dialogo, Jamef, Atrus, Magalu, iMile, J&T e Sedex;0;0.0;
06/06/2026;39;Bloqueia Linha branca origem Cotia de Jad, Pajuçara, Carriers, Dialogo, Jamef, Atrus, Magalu, iMile, J&T e Sedex;0;0.0;Sem Categoria
06/06/2026;40;Bloqueia Linha branca todas as origens de Jad, Pajuçara, Carriers, Dialogo, Jamef, Atrus, Magalu, iMile, J&T e Sedex;1;11.15;Sem Categoria
06/06/2026;298;Bloquieo de linha branca em 42 - JADLOG  x57 - Carriers  x90 - Jamef SP  x92 - JeT EXPRESS  x119 - MAGALU  x127 - Correios SEDEX - 34028316000103  x164 - IMILE Standard  x195 - Azul linhas aereas  x com origem ES;0;0.0;Sem Categoria
06/06/2026;82;Bloqueia TV origem Serra para 56 - Pajucara  x57 - Carriers  x66 - Dialogo - SP  x92 - JeT EXPRESS  x119 - MAGALU  x127 - Correios SEDEX - 34028316000103  x;0;0.0;
06/06/2026;83;Bloqueia TV origem Cotia 56 - Pajucara  x57 - Carriers  x66 - Dialogo - SP  x92 - JeT EXPRESS  x110 - ATRUS INTERMEDIACAO  x119 - MAGALU  x127 - Correios SEDEX - 34028316000103  x;0;0.0;Sem Categoria
06/06/2026;84;Bloqueia TV Todas as origens 56 - Pajucara  x57 - Carriers  x66 - Dialogo - SP  x92 - JeT EXPRESS  x110 - ATRUS INTERMEDIACAO  x119 - MAGALU  x127 - Correios SEDEX - 34028316000103  x139 - EU ENTREGO SISTEMAS S/A  x;0;0.0;Sem Categoria
06/06/2026;184;Bloqueia Dialogo, J&T e Magalu nas cadeiras de itau origem Serra;0;0.0;
06/06/2026;202;Bloqueia todas as transportadoras em hub09 e hub10 , exceto aquelas com SLA acima de 97%  origem VGP;0;0.0;Sem Categoria
06/06/2026;207;Bloqueia Magalu e Dialogo de alguns SKU's;0;0.0;
06/06/2026;208;Bloqueia Jamef de dois SKUs;0;0.0;Sem Categoria
06/06/2026;211;Bloqueia Jamef de dois SKUs;0;0.0;Sem Categoria
06/06/2026;250;Bloqeuio de imile na origem VGP algumas cidades especificas ;1;1.81;Sem Categoria
06/06/2026;251;Bloqeuio de imile na origem Serra algumas cidades especificas;0;0.0;
06/06/2026;264;Bloquieo de JET no SKU SI5435;0;0.0;Sem Categoria
06/06/2026;268;Bloquieo de bebidas em 35 - Pacifico  x56 - Pajucara  x90 - Jamef SP  x92 - JeT EXPRESS  x120 - TODOBRASIL  x127 - Correios SEDEX - 34028316000103  x140 - LAUTO CARGO  x164 - IMILE Standard  x;7;655.57;Sem Categoria
06/06/2026;275;Bloquieo de Pajuçara em MG em SKUs que não fazem;0;0.0;
06/06/2026;276;Bloquieo de Pajuçara em ES em SKUs que não fazem;0;0.0;Sem Categoria
06/06/2026;277;Bloquieo de Pajuçara em Cotia em SKUs que não fazem;0;0.0;
06/06/2026;278;Bloquieo de Pajuçara em VGP em SKUs que não fazem;0;0.0;
06/06/2026;336;;1;11.15;Sem Categoria
06/06/2026;368;Bloqueia todas as transportadoras de entregarem em MT e MS exceto Carvalima e Favorita para BRBAY Origem Cotia;0;0.0;Sem Categoria
06/06/2026;369;Bloqueia todas as transportadoras de entregarem em MT e MS exceto Carvalima e Favorita para BRBAY Origem VGP;0;0.0;Sem Categoria
06/06/2026;409;Bloqueio campanhas prioritarias em correios ;0;0.0;Sem Categoria
06/06/2026;410;Bloqueio campanhas prioritarias em correios ;0;0.0;Sem Categoria
06/06/2026;424;Bloquieo de HUB09 em Pacifico, Dominalog, Jadlog, Gol e J&T em HUB09 origem VGP;0;0.0;Sem Categoria
06/06/2026;301;Regra de caixa postal;0;0.0;
06/06/2026;302;Regra de caixa postal;0;0.0;
06/06/2026;303;Regra de caixa postal;0;0.0;
06/06/2026;304;Regra de caixa postal;0;0.0;
06/06/2026;305;Regra de caixa postal;0;0.0;
06/06/2026;355;Bloqueia jad e jamef em SKUs de ON;0;0.0;Sem Categoria
07/06/2026;420;Peso minimo J&T origem Cotia;49;139.39;Sem Categoria
07/06/2026;421;Peso minimo J&T origem MG;14;632.04;Sem Categoria
07/06/2026;422;Peso minimo J&T VGP;5;13.83;Sem Categoria
07/06/2026;423;Bloqueio J&T peso minimo Serra;0;0.0;
07/06/2026;186;Bloqueia Carriers de Serra;0;0.0;
07/06/2026;187;Bloqueia Carriers em Cotia;0;0.0;
07/06/2026;212;;0;0.0;
07/06/2026;412;Bloqueio iMile VGP - Inativo;87;307.7;Sem Categoria
07/06/2026;393;Bloquear a Jalod em pedidos ate 10kg - Inativo;238;1830.25;Sem Categoria
07/06/2026;416;Bloqueio da jad em MG ate 10kg - Inativo;110;1104.29;Sem Categoria
07/06/2026;417;Bloqueio da Jad em VGP ate 10kg - Inativo;21;185.93;Sem Categoria
07/06/2026;198;Bloqueia Sedex de Cuaba;0;0.0;Sem Categoria
07/06/2026;404;Bloqueia Gol de todas as campanhas para pesados, exceto heist;0;0.0;
07/06/2026;396;Bloquear a transportadora stone para pedidos com o peso acima de 30kg;1;59.34;Sem Categoria
07/06/2026;153;Bloqueia Cadeiras de itau de sair para Carriers, Dialogo, J&T, Magalu, TodoBrasil;0;0.0;Sem Categoria
07/06/2026;166;Bloqueia Todo Brasil, iMile e Pajuçara com origem Serra de levar notebook;0;0.0;
07/06/2026;167;Bloqueia Magalu, com origem Cotia de levar carrinho de compras;0;0.0;
07/06/2026;170;Bloqueia Atrus em várias campamnhas especificas;0;0.0;
07/06/2026;181;Bloqueia várias transportadoras de coletar no escritorio;0;0.0;Sem Categoria
07/06/2026;182;Bloqueia Magalu em uma lista de Cidades que eles cortaram ;0;0.0;Sem Categoria
07/06/2026;1;Bloqueia MARYK das pesadas com origem Cotia;0;0.0;
07/06/2026;2;Bloqueia MARYK das pesadas de todas as origens;0;0.0;
07/06/2026;161;Bloqueia HPAMZ, HPB2W e HPMLU com origem Serra de sair por Sedex;0;0.0;
07/06/2026;162;Bloqueia HPAMZ, HPB2W e HPMLU com origem Coria de sair por Sedex;0;0.0;Sem Categoria
07/06/2026;163;Bloqueia HPAMZ, HPB2W e HPMLU com todas as origens de sair por Sedex;0;0.0;Sem Categoria
07/06/2026;190;Bloqueia BRBAY em Carriers, Atrus, todo brasil, Sedex, Eu entrego;0;0.0;Sem Categoria
07/06/2026;206;Bloqueia Celular de todas, exceto sedex, Carvalima, R3, Atrus, Magalu, LSP e Jamef origem Serra;0;0.0;
07/06/2026;313;Bloqueia Celular de todas, exceto sedex, Carvalima, R3, Atrus, Magalu, LSP e Jamef origem MG;0;0.0;Sem Categoria
07/06/2026;213;Bloqueia HUB09 de JeT e TodoBrasil;0;0.0;Sem Categoria
07/06/2026;269;Bloqueio de HUB09 em jadlog, Pajuçara e Dominalog;0;0.0;Sem Categoria
07/06/2026;371;Bloqueia HUB09 em R3;0;0.0;Sem Categoria
07/06/2026;372;Bloqueia HUB09 em R3;0;0.0;Sem Categoria
07/06/2026;288;Bloquieo de HUB10 e jadlog;0;0.0;Sem Categoria
07/06/2026;234;Bloqueio ITALA;0;0.0;
07/06/2026;243;Bloqueia Itala em tudo exceto atrus Cotia;0;0.0;
07/06/2026;244;Bloqueia Itala em tudo exceto atrus origem VGP;0;0.0;
07/06/2026;274;Bloquieo de HEIST em várias TSP;2;167.83;Sem Categoria
07/06/2026;382;Bloqueio gol e sedex em MG;0;0.0;Sem Categoria
07/06/2026;389;Bloqueio bebidas, powerbank e perfume para Gol;0;0.0;
07/06/2026;390;Bloqueio bebidas, powerbank e perfume para Gol 2;0;0.0;
07/06/2026;391;Bloqueio Gol, bebidas, perfumes e powerbank 3;0;0.0;
07/06/2026;392;Bloqueio Gol, bebidas, perfumes e powerbank 3;0;0.0;
07/06/2026;401;Bloquieo campanhas azul para gol;0;0.0;
07/06/2026;394;Bloquear ebb para mcpor;0;0.0;Sem Categoria
07/06/2026;402;Bloqueia EBB em tudo exceto Heineken e HUb;0;0.0;Sem Categoria
07/06/2026;405;bloqueio EBB;0;0.0;
07/06/2026;406;bloqueio EBB;0;0.0;
07/06/2026;407;bloqueio ebb;0;0.0;
07/06/2026;408;Bloqueio EBB;0;0.0;
07/06/2026;397;A transportadora stone só poderá trabalhar com a campanha STOLJ;191;1725.54;Sem Categoria
07/06/2026;400;Não deixar que a transportadora Stone retorne para pedidos expressos, exceto campanha STOLJ;0;0.0;
07/06/2026;411;Atrus - Apenas HEIST;0;0.0;
07/06/2026;419;Bloqueio da Jad nv Brasil, origem Cotia, exceto Sul e Sudeste - Inativo;32;378.87;Sem Categoria
07/06/2026;38;Bloqueia Linha branca origem Serra de Jad, Pajuçara, Carriers, Dialogo, Jamef, Atrus, Magalu, iMile, J&T e Sedex;0;0.0;
07/06/2026;39;Bloqueia Linha branca origem Cotia de Jad, Pajuçara, Carriers, Dialogo, Jamef, Atrus, Magalu, iMile, J&T e Sedex;0;0.0;Sem Categoria
07/06/2026;40;Bloqueia Linha branca todas as origens de Jad, Pajuçara, Carriers, Dialogo, Jamef, Atrus, Magalu, iMile, J&T e Sedex;0;0.0;Sem Categoria
07/06/2026;298;Bloquieo de linha branca em 42 - JADLOG  x57 - Carriers  x90 - Jamef SP  x92 - JeT EXPRESS  x119 - MAGALU  x127 - Correios SEDEX - 34028316000103  x164 - IMILE Standard  x195 - Azul linhas aereas  x com origem ES;0;0.0;Sem Categoria
07/06/2026;82;Bloqueia TV origem Serra para 56 - Pajucara  x57 - Carriers  x66 - Dialogo - SP  x92 - JeT EXPRESS  x119 - MAGALU  x127 - Correios SEDEX - 34028316000103  x;0;0.0;
07/06/2026;83;Bloqueia TV origem Cotia 56 - Pajucara  x57 - Carriers  x66 - Dialogo - SP  x92 - JeT EXPRESS  x110 - ATRUS INTERMEDIACAO  x119 - MAGALU  x127 - Correios SEDEX - 34028316000103  x;0;0.0;Sem Categoria
07/06/2026;84;Bloqueia TV Todas as origens 56 - Pajucara  x57 - Carriers  x66 - Dialogo - SP  x92 - JeT EXPRESS  x110 - ATRUS INTERMEDIACAO  x119 - MAGALU  x127 - Correios SEDEX - 34028316000103  x139 - EU ENTREGO SISTEMAS S/A  x;0;0.0;Sem Categoria
07/06/2026;184;Bloqueia Dialogo, J&T e Magalu nas cadeiras de itau origem Serra;0;0.0;
07/06/2026;202;Bloqueia todas as transportadoras em hub09 e hub10 , exceto aquelas com SLA acima de 97%  origem VGP;0;0.0;Sem Categoria
07/06/2026;207;Bloqueia Magalu e Dialogo de alguns SKU's;0;0.0;
07/06/2026;208;Bloqueia Jamef de dois SKUs;0;0.0;Sem Categoria
07/06/2026;211;Bloqueia Jamef de dois SKUs;0;0.0;Sem Categoria
07/06/2026;250;Bloqeuio de imile na origem VGP algumas cidades especificas ;2;4.43;Sem Categoria
07/06/2026;251;Bloqeuio de imile na origem Serra algumas cidades especificas;0;0.0;
07/06/2026;264;Bloquieo de JET no SKU SI5435;0;0.0;Sem Categoria
07/06/2026;268;Bloquieo de bebidas em 35 - Pacifico  x56 - Pajucara  x90 - Jamef SP  x92 - JeT EXPRESS  x120 - TODOBRASIL  x127 - Correios SEDEX - 34028316000103  x140 - LAUTO CARGO  x164 - IMILE Standard  x;9;1203.22;Sem Categoria
07/06/2026;275;Bloquieo de Pajuçara em MG em SKUs que não fazem;0;0.0;
07/06/2026;276;Bloquieo de Pajuçara em ES em SKUs que não fazem;0;0.0;Sem Categoria
07/06/2026;277;Bloquieo de Pajuçara em Cotia em SKUs que não fazem;0;0.0;
07/06/2026;278;Bloquieo de Pajuçara em VGP em SKUs que não fazem;0;0.0;
07/06/2026;336;;0;0.0;Sem Categoria
07/06/2026;368;Bloqueia todas as transportadoras de entregarem em MT e MS exceto Carvalima e Favorita para BRBAY Origem Cotia;0;0.0;Sem Categoria
07/06/2026;369;Bloqueia todas as transportadoras de entregarem em MT e MS exceto Carvalima e Favorita para BRBAY Origem VGP;0;0.0;Sem Categoria
07/06/2026;409;Bloqueio campanhas prioritarias em correios ;0;0.0;Sem Categoria
07/06/2026;410;Bloqueio campanhas prioritarias em correios ;0;0.0;Sem Categoria
07/06/2026;424;Bloquieo de HUB09 em Pacifico, Dominalog, Jadlog, Gol e J&T em HUB09 origem VGP;0;0.0;Sem Categoria
07/06/2026;301;Regra de caixa postal;0;0.0;
07/06/2026;302;Regra de caixa postal;0;0.0;
07/06/2026;303;Regra de caixa postal;0;0.0;
07/06/2026;304;Regra de caixa postal;0;0.0;
07/06/2026;305;Regra de caixa postal;0;0.0;
07/06/2026;355;Bloqueia jad e jamef em SKUs de ON;0;0.0;Sem Categoria
08/06/2026;420;Peso minimo J&T origem Cotia;32;222.59;Sem Categoria
08/06/2026;421;Peso minimo J&T origem MG;29;414.01;Sem Categoria
08/06/2026;422;Peso minimo J&T VGP;8;20.66;Sem Categoria
08/06/2026;423;Bloqueio J&T peso minimo Serra;0;0.0;
08/06/2026;186;Bloqueia Carriers de Serra;0;0.0;
08/06/2026;187;Bloqueia Carriers em Cotia;0;0.0;
08/06/2026;212;;0;0.0;
08/06/2026;412;Bloqueio iMile VGP - Inativo;260;1003.09;Sem Categoria
08/06/2026;393;Bloquear a Jalod em pedidos ate 10kg - Inativo;334;3437.54;Sem Categoria
08/06/2026;416;Bloqueio da jad em MG ate 10kg - Inativo;153;1240.04;Sem Categoria
08/06/2026;417;Bloqueio da Jad em VGP ate 10kg - Inativo;57;661.99;Sem Categoria
08/06/2026;198;Bloqueia Sedex de Cuaba;0;0.0;Sem Categoria
08/06/2026;404;Bloqueia Gol de todas as campanhas para pesados, exceto heist;0;0.0;
08/06/2026;396;Bloquear a transportadora stone para pedidos com o peso acima de 30kg;2;124.49;Sem Categoria
08/06/2026;153;Bloqueia Cadeiras de itau de sair para Carriers, Dialogo, J&T, Magalu, TodoBrasil;0;0.0;Sem Categoria
08/06/2026;166;Bloqueia Todo Brasil, iMile e Pajuçara com origem Serra de levar notebook;0;0.0;
08/06/2026;167;Bloqueia Magalu, com origem Cotia de levar carrinho de compras;0;0.0;
08/06/2026;170;Bloqueia Atrus em várias campamnhas especificas;0;0.0;
08/06/2026;181;Bloqueia várias transportadoras de coletar no escritorio;0;0.0;Sem Categoria
08/06/2026;182;Bloqueia Magalu em uma lista de Cidades que eles cortaram ;3;130.2;Sem Categoria
08/06/2026;1;Bloqueia MARYK das pesadas com origem Cotia;0;0.0;
08/06/2026;2;Bloqueia MARYK das pesadas de todas as origens;0;0.0;
08/06/2026;161;Bloqueia HPAMZ, HPB2W e HPMLU com origem Serra de sair por Sedex;0;0.0;
08/06/2026;162;Bloqueia HPAMZ, HPB2W e HPMLU com origem Coria de sair por Sedex;0;0.0;Sem Categoria
08/06/2026;163;Bloqueia HPAMZ, HPB2W e HPMLU com todas as origens de sair por Sedex;0;0.0;Sem Categoria
08/06/2026;190;Bloqueia BRBAY em Carriers, Atrus, todo brasil, Sedex, Eu entrego;2;81.33;Sem Categoria
08/06/2026;206;Bloqueia Celular de todas, exceto sedex, Carvalima, R3, Atrus, Magalu, LSP e Jamef origem Serra;0;0.0;
08/06/2026;313;Bloqueia Celular de todas, exceto sedex, Carvalima, R3, Atrus, Magalu, LSP e Jamef origem MG;0;0.0;Sem Categoria
08/06/2026;213;Bloqueia HUB09 de JeT e TodoBrasil;2;1.71;Sem Categoria
08/06/2026;269;Bloqueio de HUB09 em jadlog, Pajuçara e Dominalog;0;0.0;Sem Categoria
08/06/2026;371;Bloqueia HUB09 em R3;0;0.0;Sem Categoria
08/06/2026;372;Bloqueia HUB09 em R3;0;0.0;Sem Categoria
08/06/2026;288;Bloquieo de HUB10 e jadlog;0;0.0;Sem Categoria
08/06/2026;234;Bloqueio ITALA;0;0.0;
08/06/2026;243;Bloqueia Itala em tudo exceto atrus Cotia;0;0.0;
08/06/2026;244;Bloqueia Itala em tudo exceto atrus origem VGP;0;0.0;
08/06/2026;274;Bloquieo de HEIST em várias TSP;7;196.35;Sem Categoria
08/06/2026;382;Bloqueio gol e sedex em MG;1;53.85;Sem Categoria
08/06/2026;389;Bloqueio bebidas, powerbank e perfume para Gol;0;0.0;
08/06/2026;390;Bloqueio bebidas, powerbank e perfume para Gol 2;0;0.0;
08/06/2026;391;Bloqueio Gol, bebidas, perfumes e powerbank 3;0;0.0;
08/06/2026;392;Bloqueio Gol, bebidas, perfumes e powerbank 3;0;0.0;
08/06/2026;401;Bloquieo campanhas azul para gol;0;0.0;
08/06/2026;394;Bloquear ebb para mcpor;0;0.0;Sem Categoria
08/06/2026;402;Bloqueia EBB em tudo exceto Heineken e HUb;0;0.0;Sem Categoria
08/06/2026;405;bloqueio EBB;0;0.0;
08/06/2026;406;bloqueio EBB;0;0.0;
08/06/2026;407;bloqueio ebb;0;0.0;
08/06/2026;408;Bloqueio EBB;0;0.0;
08/06/2026;397;A transportadora stone só poderá trabalhar com a campanha STOLJ;298;7985.94;Sem Categoria
08/06/2026;400;Não deixar que a transportadora Stone retorne para pedidos expressos, exceto campanha STOLJ;0;0.0;
08/06/2026;411;Atrus - Apenas HEIST;0;0.0;
08/06/2026;419;Bloqueio da Jad nv Brasil, origem Cotia, exceto Sul e Sudeste - Inativo;49;417.36;Sem Categoria
08/06/2026;38;Bloqueia Linha branca origem Serra de Jad, Pajuçara, Carriers, Dialogo, Jamef, Atrus, Magalu, iMile, J&T e Sedex;0;0.0;
08/06/2026;39;Bloqueia Linha branca origem Cotia de Jad, Pajuçara, Carriers, Dialogo, Jamef, Atrus, Magalu, iMile, J&T e Sedex;0;0.0;Sem Categoria
08/06/2026;40;Bloqueia Linha branca todas as origens de Jad, Pajuçara, Carriers, Dialogo, Jamef, Atrus, Magalu, iMile, J&T e Sedex;0;0.0;Sem Categoria
08/06/2026;298;Bloquieo de linha branca em 42 - JADLOG  x57 - Carriers  x90 - Jamef SP  x92 - JeT EXPRESS  x119 - MAGALU  x127 - Correios SEDEX - 34028316000103  x164 - IMILE Standard  x195 - Azul linhas aereas  x com origem ES;0;0.0;Sem Categoria
08/06/2026;82;Bloqueia TV origem Serra para 56 - Pajucara  x57 - Carriers  x66 - Dialogo - SP  x92 - JeT EXPRESS  x119 - MAGALU  x127 - Correios SEDEX - 34028316000103  x;0;0.0;
08/06/2026;83;Bloqueia TV origem Cotia 56 - Pajucara  x57 - Carriers  x66 - Dialogo - SP  x92 - JeT EXPRESS  x110 - ATRUS INTERMEDIACAO  x119 - MAGALU  x127 - Correios SEDEX - 34028316000103  x;0;0.0;Sem Categoria
08/06/2026;84;Bloqueia TV Todas as origens 56 - Pajucara  x57 - Carriers  x66 - Dialogo - SP  x92 - JeT EXPRESS  x110 - ATRUS INTERMEDIACAO  x119 - MAGALU  x127 - Correios SEDEX - 34028316000103  x139 - EU ENTREGO SISTEMAS S/A  x;0;0.0;Sem Categoria
08/06/2026;184;Bloqueia Dialogo, J&T e Magalu nas cadeiras de itau origem Serra;0;0.0;
08/06/2026;202;Bloqueia todas as transportadoras em hub09 e hub10 , exceto aquelas com SLA acima de 97%  origem VGP;2;1.71;Sem Categoria
08/06/2026;207;Bloqueia Magalu e Dialogo de alguns SKU's;0;0.0;
08/06/2026;208;Bloqueia Jamef de dois SKUs;0;0.0;Sem Categoria
08/06/2026;211;Bloqueia Jamef de dois SKUs;0;0.0;Sem Categoria
08/06/2026;250;Bloqeuio de imile na origem VGP algumas cidades especificas ;7;5.34;Sem Categoria
08/06/2026;251;Bloqeuio de imile na origem Serra algumas cidades especificas;0;0.0;
08/06/2026;264;Bloquieo de JET no SKU SI5435;0;0.0;Sem Categoria
08/06/2026;268;Bloquieo de bebidas em 35 - Pacifico  x56 - Pajucara  x90 - Jamef SP  x92 - JeT EXPRESS  x120 - TODOBRASIL  x127 - Correios SEDEX - 34028316000103  x140 - LAUTO CARGO  x164 - IMILE Standard  x;10;206.82;Sem Categoria
08/06/2026;275;Bloquieo de Pajuçara em MG em SKUs que não fazem;0;0.0;
08/06/2026;276;Bloquieo de Pajuçara em ES em SKUs que não fazem;0;0.0;Sem Categoria
08/06/2026;277;Bloquieo de Pajuçara em Cotia em SKUs que não fazem;0;0.0;
08/06/2026;278;Bloquieo de Pajuçara em VGP em SKUs que não fazem;0;0.0;
08/06/2026;336;;0;0.0;Sem Categoria
08/06/2026;368;Bloqueia todas as transportadoras de entregarem em MT e MS exceto Carvalima e Favorita para BRBAY Origem Cotia;1;23.16;Sem Categoria
08/06/2026;369;Bloqueia todas as transportadoras de entregarem em MT e MS exceto Carvalima e Favorita para BRBAY Origem VGP;13;210.26;Sem Categoria
08/06/2026;409;Bloqueio campanhas prioritarias em correios ;3;35.16;Sem Categoria
08/06/2026;410;Bloqueio campanhas prioritarias em correios ;3;35.16;Sem Categoria
08/06/2026;424;Bloquieo de HUB09 em Pacifico, Dominalog, Jadlog, Gol e J&T em HUB09 origem VGP;2;1.71;Sem Categoria
08/06/2026;301;Regra de caixa postal;0;0.0;
08/06/2026;302;Regra de caixa postal;0;0.0;
08/06/2026;303;Regra de caixa postal;0;0.0;
08/06/2026;304;Regra de caixa postal;0;0.0;
08/06/2026;305;Regra de caixa postal;0;0.0;
08/06/2026;355;Bloqueia jad e jamef em SKUs de ON;0;0.0;Sem Categoria
09/06/2026;420;Peso minimo J&T origem Cotia;53;181.23;Sem Categoria
09/06/2026;421;Peso minimo J&T origem MG;7;124.3;Sem Categoria
09/06/2026;422;Peso minimo J&T VGP;11;45.65;Sem Categoria
09/06/2026;423;Bloqueio J&T peso minimo Serra;0;0.0;
09/06/2026;186;Bloqueia Carriers de Serra;0;0.0;
09/06/2026;187;Bloqueia Carriers em Cotia;0;0.0;
09/06/2026;212;;0;0.0;
09/06/2026;412;Bloqueio iMile VGP - Inativo;296;2679.18;Sem Categoria
09/06/2026;393;Bloquear a Jalod em pedidos ate 10kg - Inativo;356;5251.27;Sem Categoria
09/06/2026;416;Bloqueio da jad em MG ate 10kg - Inativo;135;931.52;Sem Categoria
09/06/2026;417;Bloqueio da Jad em VGP ate 10kg - Inativo;92;1363.07;Sem Categoria
09/06/2026;198;Bloqueia Sedex de Cuaba;0;0.0;Sem Categoria
09/06/2026;404;Bloqueia Gol de todas as campanhas para pesados, exceto heist;0;0.0;
09/06/2026;396;Bloquear a transportadora stone para pedidos com o peso acima de 30kg;2;78.38;Sem Categoria
09/06/2026;153;Bloqueia Cadeiras de itau de sair para Carriers, Dialogo, J&T, Magalu, TodoBrasil;11;1311.24;Sem Categoria
09/06/2026;166;Bloqueia Todo Brasil, iMile e Pajuçara com origem Serra de levar notebook;0;0.0;
09/06/2026;167;Bloqueia Magalu, com origem Cotia de levar carrinho de compras;0;0.0;
09/06/2026;170;Bloqueia Atrus em várias campamnhas especificas;0;0.0;
09/06/2026;181;Bloqueia várias transportadoras de coletar no escritorio;0;0.0;Sem Categoria
09/06/2026;182;Bloqueia Magalu em uma lista de Cidades que eles cortaram ;2;93.97;Sem Categoria
09/06/2026;1;Bloqueia MARYK das pesadas com origem Cotia;0;0.0;
09/06/2026;2;Bloqueia MARYK das pesadas de todas as origens;0;0.0;
09/06/2026;161;Bloqueia HPAMZ, HPB2W e HPMLU com origem Serra de sair por Sedex;0;0.0;
09/06/2026;162;Bloqueia HPAMZ, HPB2W e HPMLU com origem Coria de sair por Sedex;0;0.0;Sem Categoria
09/06/2026;163;Bloqueia HPAMZ, HPB2W e HPMLU com todas as origens de sair por Sedex;0;0.0;Sem Categoria
09/06/2026;190;Bloqueia BRBAY em Carriers, Atrus, todo brasil, Sedex, Eu entrego;3;100.79;Sem Categoria
09/06/2026;206;Bloqueia Celular de todas, exceto sedex, Carvalima, R3, Atrus, Magalu, LSP e Jamef origem Serra;0;0.0;
09/06/2026;313;Bloqueia Celular de todas, exceto sedex, Carvalima, R3, Atrus, Magalu, LSP e Jamef origem MG;0;0.0;Sem Categoria
09/06/2026;213;Bloqueia HUB09 de JeT e TodoBrasil;58;1708.64;Sem Categoria
09/06/2026;269;Bloqueio de HUB09 em jadlog, Pajuçara e Dominalog;55;1593.99;Sem Categoria
09/06/2026;371;Bloqueia HUB09 em R3;37;1037.39;Sem Categoria
09/06/2026;372;Bloqueia HUB09 em R3;37;1037.39;Sem Categoria
09/06/2026;288;Bloquieo de HUB10 e jadlog;0;0.0;Sem Categoria
09/06/2026;234;Bloqueio ITALA;0;0.0;
09/06/2026;243;Bloqueia Itala em tudo exceto atrus Cotia;0;0.0;
09/06/2026;244;Bloqueia Itala em tudo exceto atrus origem VGP;0;0.0;
09/06/2026;274;Bloquieo de HEIST em várias TSP;43;2059.81;Sem Categoria
09/06/2026;382;Bloqueio gol e sedex em MG;0;0.0;Sem Categoria
09/06/2026;389;Bloqueio bebidas, powerbank e perfume para Gol;0;0.0;
09/06/2026;390;Bloqueio bebidas, powerbank e perfume para Gol 2;0;0.0;
09/06/2026;391;Bloqueio Gol, bebidas, perfumes e powerbank 3;0;0.0;
09/06/2026;392;Bloqueio Gol, bebidas, perfumes e powerbank 3;0;0.0;
09/06/2026;401;Bloquieo campanhas azul para gol;0;0.0;
09/06/2026;394;Bloquear ebb para mcpor;0;0.0;Sem Categoria
09/06/2026;402;Bloqueia EBB em tudo exceto Heineken e HUb;0;0.0;Sem Categoria
09/06/2026;405;bloqueio EBB;0;0.0;
09/06/2026;406;bloqueio EBB;0;0.0;
09/06/2026;407;bloqueio ebb;0;0.0;
09/06/2026;408;Bloqueio EBB;0;0.0;
09/06/2026;397;A transportadora stone só poderá trabalhar com a campanha STOLJ;315;5746.18;Sem Categoria
09/06/2026;400;Não deixar que a transportadora Stone retorne para pedidos expressos, exceto campanha STOLJ;0;0.0;
09/06/2026;411;Atrus - Apenas HEIST;0;0.0;
09/06/2026;419;Bloqueio da Jad nv Brasil, origem Cotia, exceto Sul e Sudeste - Inativo;59;452.3;Sem Categoria
09/06/2026;38;Bloqueia Linha branca origem Serra de Jad, Pajuçara, Carriers, Dialogo, Jamef, Atrus, Magalu, iMile, J&T e Sedex;0;0.0;
09/06/2026;39;Bloqueia Linha branca origem Cotia de Jad, Pajuçara, Carriers, Dialogo, Jamef, Atrus, Magalu, iMile, J&T e Sedex;1;5.74;Sem Categoria
09/06/2026;40;Bloqueia Linha branca todas as origens de Jad, Pajuçara, Carriers, Dialogo, Jamef, Atrus, Magalu, iMile, J&T e Sedex;1;5.74;Sem Categoria
09/06/2026;298;Bloquieo de linha branca em 42 - JADLOG  x57 - Carriers  x90 - Jamef SP  x92 - JeT EXPRESS  x119 - MAGALU  x127 - Correios SEDEX - 34028316000103  x164 - IMILE Standard  x195 - Azul linhas aereas  x com origem ES;0;0.0;Sem Categoria
09/06/2026;82;Bloqueia TV origem Serra para 56 - Pajucara  x57 - Carriers  x66 - Dialogo - SP  x92 - JeT EXPRESS  x119 - MAGALU  x127 - Correios SEDEX - 34028316000103  x;0;0.0;
09/06/2026;83;Bloqueia TV origem Cotia 56 - Pajucara  x57 - Carriers  x66 - Dialogo - SP  x92 - JeT EXPRESS  x110 - ATRUS INTERMEDIACAO  x119 - MAGALU  x127 - Correios SEDEX - 34028316000103  x;0;0.0;Sem Categoria
09/06/2026;84;Bloqueia TV Todas as origens 56 - Pajucara  x57 - Carriers  x66 - Dialogo - SP  x92 - JeT EXPRESS  x110 - ATRUS INTERMEDIACAO  x119 - MAGALU  x127 - Correios SEDEX - 34028316000103  x139 - EU ENTREGO SISTEMAS S/A  x;3;132.21;Sem Categoria
09/06/2026;184;Bloqueia Dialogo, J&T e Magalu nas cadeiras de itau origem Serra;0;0.0;
09/06/2026;202;Bloqueia todas as transportadoras em hub09 e hub10 , exceto aquelas com SLA acima de 97%  origem VGP;61;1771.94;Sem Categoria
09/06/2026;207;Bloqueia Magalu e Dialogo de alguns SKU's;0;0.0;
09/06/2026;208;Bloqueia Jamef de dois SKUs;0;0.0;Sem Categoria
09/06/2026;211;Bloqueia Jamef de dois SKUs;0;0.0;Sem Categoria
09/06/2026;250;Bloqeuio de imile na origem VGP algumas cidades especificas ;12;36.22;Sem Categoria
09/06/2026;251;Bloqeuio de imile na origem Serra algumas cidades especificas;0;0.0;
09/06/2026;264;Bloquieo de JET no SKU SI5435;0;0.0;Sem Categoria
09/06/2026;268;Bloquieo de bebidas em 35 - Pacifico  x56 - Pajucara  x90 - Jamef SP  x92 - JeT EXPRESS  x120 - TODOBRASIL  x127 - Correios SEDEX - 34028316000103  x140 - LAUTO CARGO  x164 - IMILE Standard  x;170;21614.63;Sem Categoria
09/06/2026;275;Bloquieo de Pajuçara em MG em SKUs que não fazem;0;0.0;
09/06/2026;276;Bloquieo de Pajuçara em ES em SKUs que não fazem;0;0.0;Sem Categoria
09/06/2026;277;Bloquieo de Pajuçara em Cotia em SKUs que não fazem;0;0.0;
09/06/2026;278;Bloquieo de Pajuçara em VGP em SKUs que não fazem;0;0.0;
09/06/2026;336;;0;0.0;Sem Categoria
09/06/2026;368;Bloqueia todas as transportadoras de entregarem em MT e MS exceto Carvalima e Favorita para BRBAY Origem Cotia;15;10536.09;Sem Categoria
09/06/2026;369;Bloqueia todas as transportadoras de entregarem em MT e MS exceto Carvalima e Favorita para BRBAY Origem VGP;2;25.51;Sem Categoria
09/06/2026;409;Bloqueio campanhas prioritarias em correios ;63;1797.67;Sem Categoria
09/06/2026;410;Bloqueio campanhas prioritarias em correios ;63;1797.67;Sem Categoria
09/06/2026;424;Bloquieo de HUB09 em Pacifico, Dominalog, Jadlog, Gol e J&T em HUB09 origem VGP;61;1808.7;Sem Categoria
09/06/2026;301;Regra de caixa postal;0;0.0;
09/06/2026;302;Regra de caixa postal;0;0.0;
09/06/2026;303;Regra de caixa postal;0;0.0;
09/06/2026;304;Regra de caixa postal;0;0.0;
09/06/2026;305;Regra de caixa postal;0;0.0;
09/06/2026;355;Bloqueia jad e jamef em SKUs de ON;43;260.32;Sem Categoria
10/06/2026;420;Peso minimo J&T origem Cotia;106;388.5;Sem Categoria
10/06/2026;421;Peso minimo J&T origem MG;14;209.58;Sem Categoria
10/06/2026;422;Peso minimo J&T VGP;25;171.88;Sem Categoria
10/06/2026;423;Bloqueio J&T peso minimo Serra;0;0.0;
10/06/2026;186;Bloqueia Carriers de Serra;0;0.0;
10/06/2026;187;Bloqueia Carriers em Cotia;0;0.0;
10/06/2026;212;;0;0.0;
10/06/2026;412;Bloqueio iMile VGP - Inativo;288;1395.32;Sem Categoria
10/06/2026;393;Bloquear a Jalod em pedidos ate 10kg - Inativo;440;5196.67;Sem Categoria
10/06/2026;416;Bloqueio da jad em MG ate 10kg - Inativo;251;2363.85;Sem Categoria
10/06/2026;417;Bloqueio da Jad em VGP ate 10kg - Inativo;83;1146.19;Sem Categoria
10/06/2026;198;Bloqueia Sedex de Cuaba;0;0.0;Sem Categoria
10/06/2026;404;Bloqueia Gol de todas as campanhas para pesados, exceto heist;0;0.0;
10/06/2026;396;Bloquear a transportadora stone para pedidos com o peso acima de 30kg;3;214.67;Sem Categoria
10/06/2026;153;Bloqueia Cadeiras de itau de sair para Carriers, Dialogo, J&T, Magalu, TodoBrasil;1;5.68;Sem Categoria
10/06/2026;166;Bloqueia Todo Brasil, iMile e Pajuçara com origem Serra de levar notebook;0;0.0;
10/06/2026;167;Bloqueia Magalu, com origem Cotia de levar carrinho de compras;0;0.0;
10/06/2026;170;Bloqueia Atrus em várias campamnhas especificas;0;0.0;
10/06/2026;181;Bloqueia várias transportadoras de coletar no escritorio;1;8.01;Sem Categoria
10/06/2026;182;Bloqueia Magalu em uma lista de Cidades que eles cortaram ;1;7.37;Sem Categoria
10/06/2026;1;Bloqueia MARYK das pesadas com origem Cotia;0;0.0;
10/06/2026;2;Bloqueia MARYK das pesadas de todas as origens;0;0.0;
10/06/2026;161;Bloqueia HPAMZ, HPB2W e HPMLU com origem Serra de sair por Sedex;0;0.0;
10/06/2026;162;Bloqueia HPAMZ, HPB2W e HPMLU com origem Coria de sair por Sedex;0;0.0;Sem Categoria
10/06/2026;163;Bloqueia HPAMZ, HPB2W e HPMLU com todas as origens de sair por Sedex;0;0.0;Sem Categoria
10/06/2026;190;Bloqueia BRBAY em Carriers, Atrus, todo brasil, Sedex, Eu entrego;1;27.6;Sem Categoria
10/06/2026;206;Bloqueia Celular de todas, exceto sedex, Carvalima, R3, Atrus, Magalu, LSP e Jamef origem Serra;0;0.0;
10/06/2026;313;Bloqueia Celular de todas, exceto sedex, Carvalima, R3, Atrus, Magalu, LSP e Jamef origem MG;1;104.58;Sem Categoria
10/06/2026;213;Bloqueia HUB09 de JeT e TodoBrasil;143;1165.89;Sem Categoria
10/06/2026;269;Bloqueio de HUB09 em jadlog, Pajuçara e Dominalog;41;547.44;Sem Categoria
10/06/2026;371;Bloqueia HUB09 em R3;22;291.98;Sem Categoria
10/06/2026;372;Bloqueia HUB09 em R3;22;291.98;Sem Categoria
10/06/2026;288;Bloquieo de HUB10 e jadlog;0;0.0;Sem Categoria
10/06/2026;234;Bloqueio ITALA;0;0.0;
10/06/2026;243;Bloqueia Itala em tudo exceto atrus Cotia;0;0.0;
10/06/2026;244;Bloqueia Itala em tudo exceto atrus origem VGP;0;0.0;
10/06/2026;274;Bloquieo de HEIST em várias TSP;10;567.63;Sem Categoria
10/06/2026;382;Bloqueio gol e sedex em MG;0;0.0;Sem Categoria
10/06/2026;389;Bloqueio bebidas, powerbank e perfume para Gol;0;0.0;
10/06/2026;390;Bloqueio bebidas, powerbank e perfume para Gol 2;0;0.0;
10/06/2026;391;Bloqueio Gol, bebidas, perfumes e powerbank 3;0;0.0;
10/06/2026;392;Bloqueio Gol, bebidas, perfumes e powerbank 3;0;0.0;
10/06/2026;401;Bloquieo campanhas azul para gol;0;0.0;
10/06/2026;394;Bloquear ebb para mcpor;0;0.0;Sem Categoria
10/06/2026;402;Bloqueia EBB em tudo exceto Heineken e HUb;0;0.0;Sem Categoria
10/06/2026;405;bloqueio EBB;0;0.0;
10/06/2026;406;bloqueio EBB;0;0.0;
10/06/2026;407;bloqueio ebb;0;0.0;
10/06/2026;408;Bloqueio EBB;0;0.0;
10/06/2026;397;A transportadora stone só poderá trabalhar com a campanha STOLJ;475;8163.94;Sem Categoria
10/06/2026;400;Não deixar que a transportadora Stone retorne para pedidos expressos, exceto campanha STOLJ;0;0.0;
10/06/2026;411;Atrus - Apenas HEIST;0;0.0;
10/06/2026;419;Bloqueio da Jad nv Brasil, origem Cotia, exceto Sul e Sudeste - Inativo;38;328.4;Sem Categoria
10/06/2026;38;Bloqueia Linha branca origem Serra de Jad, Pajuçara, Carriers, Dialogo, Jamef, Atrus, Magalu, iMile, J&T e Sedex;0;0.0;
10/06/2026;39;Bloqueia Linha branca origem Cotia de Jad, Pajuçara, Carriers, Dialogo, Jamef, Atrus, Magalu, iMile, J&T e Sedex;0;0.0;Sem Categoria
10/06/2026;40;Bloqueia Linha branca todas as origens de Jad, Pajuçara, Carriers, Dialogo, Jamef, Atrus, Magalu, iMile, J&T e Sedex;1;103.33;Sem Categoria
10/06/2026;298;Bloquieo de linha branca em 42 - JADLOG  x57 - Carriers  x90 - Jamef SP  x92 - JeT EXPRESS  x119 - MAGALU  x127 - Correios SEDEX - 34028316000103  x164 - IMILE Standard  x195 - Azul linhas aereas  x com origem ES;0;0.0;Sem Categoria
10/06/2026;82;Bloqueia TV origem Serra para 56 - Pajucara  x57 - Carriers  x66 - Dialogo - SP  x92 - JeT EXPRESS  x119 - MAGALU  x127 - Correios SEDEX - 34028316000103  x;0;0.0;
10/06/2026;83;Bloqueia TV origem Cotia 56 - Pajucara  x57 - Carriers  x66 - Dialogo - SP  x92 - JeT EXPRESS  x110 - ATRUS INTERMEDIACAO  x119 - MAGALU  x127 - Correios SEDEX - 34028316000103  x;0;0.0;Sem Categoria
10/06/2026;84;Bloqueia TV Todas as origens 56 - Pajucara  x57 - Carriers  x66 - Dialogo - SP  x92 - JeT EXPRESS  x110 - ATRUS INTERMEDIACAO  x119 - MAGALU  x127 - Correios SEDEX - 34028316000103  x139 - EU ENTREGO SISTEMAS S/A  x;1;59.53;Sem Categoria
10/06/2026;184;Bloqueia Dialogo, J&T e Magalu nas cadeiras de itau origem Serra;0;0.0;
10/06/2026;202;Bloqueia todas as transportadoras em hub09 e hub10 , exceto aquelas com SLA acima de 97%  origem VGP;149;1275.72;Sem Categoria
10/06/2026;207;Bloqueia Magalu e Dialogo de alguns SKU's;0;0.0;
10/06/2026;208;Bloqueia Jamef de dois SKUs;0;0.0;Sem Categoria
10/06/2026;211;Bloqueia Jamef de dois SKUs;0;0.0;Sem Categoria
10/06/2026;250;Bloqeuio de imile na origem VGP algumas cidades especificas ;12;21.49;Sem Categoria
10/06/2026;251;Bloqeuio de imile na origem Serra algumas cidades especificas;0;0.0;
10/06/2026;264;Bloquieo de JET no SKU SI5435;0;0.0;Sem Categoria
10/06/2026;268;Bloquieo de bebidas em 35 - Pacifico  x56 - Pajucara  x90 - Jamef SP  x92 - JeT EXPRESS  x120 - TODOBRASIL  x127 - Correios SEDEX - 34028316000103  x140 - LAUTO CARGO  x164 - IMILE Standard  x;31;5343.43;Sem Categoria
10/06/2026;275;Bloquieo de Pajuçara em MG em SKUs que não fazem;0;0.0;
10/06/2026;276;Bloquieo de Pajuçara em ES em SKUs que não fazem;0;0.0;Sem Categoria
10/06/2026;277;Bloquieo de Pajuçara em Cotia em SKUs que não fazem;0;0.0;
10/06/2026;278;Bloquieo de Pajuçara em VGP em SKUs que não fazem;0;0.0;
10/06/2026;336;;1;103.33;Sem Categoria
10/06/2026;368;Bloqueia todas as transportadoras de entregarem em MT e MS exceto Carvalima e Favorita para BRBAY Origem Cotia;1;31.69;Sem Categoria
10/06/2026;369;Bloqueia todas as transportadoras de entregarem em MT e MS exceto Carvalima e Favorita para BRBAY Origem VGP;1;33.69;Sem Categoria
10/06/2026;409;Bloqueio campanhas prioritarias em correios ;150;1315.64;Sem Categoria
10/06/2026;410;Bloqueio campanhas prioritarias em correios ;150;1315.64;Sem Categoria
10/06/2026;424;Bloquieo de HUB09 em Pacifico, Dominalog, Jadlog, Gol e J&T em HUB09 origem VGP;149;1247.93;Sem Categoria
10/06/2026;301;Regra de caixa postal;0;0.0;
10/06/2026;302;Regra de caixa postal;0;0.0;
10/06/2026;303;Regra de caixa postal;0;0.0;
10/06/2026;304;Regra de caixa postal;0;0.0;
10/06/2026;305;Regra de caixa postal;0;0.0;
10/06/2026;355;Bloqueia jad e jamef em SKUs de ON;32;329.2;Sem Categoria
11/06/2026;420;Peso minimo J&T origem Cotia;19;192.17;Sem Categoria
11/06/2026;421;Peso minimo J&T origem MG;4;118.56;Sem Categoria
11/06/2026;422;Peso minimo J&T VGP;5;27.0;Sem Categoria
11/06/2026;423;Bloqueio J&T peso minimo Serra;0;0.0;
11/06/2026;186;Bloqueia Carriers de Serra;0;0.0;
11/06/2026;187;Bloqueia Carriers em Cotia;0;0.0;
11/06/2026;212;;0;0.0;
11/06/2026;412;Bloqueio iMile VGP - Inativo;262;1033.1;Sem Categoria
11/06/2026;393;Bloquear a Jalod em pedidos ate 10kg - Inativo;211;2627.38;Sem Categoria
11/06/2026;416;Bloqueio da jad em MG ate 10kg - Inativo;78;750.04;Sem Categoria
11/06/2026;417;Bloqueio da Jad em VGP ate 10kg - Inativo;55;568.06;Sem Categoria
11/06/2026;198;Bloqueia Sedex de Cuaba;0;0.0;Sem Categoria
11/06/2026;404;Bloqueia Gol de todas as campanhas para pesados, exceto heist;0;0.0;
11/06/2026;396;Bloquear a transportadora stone para pedidos com o peso acima de 30kg;1;39.79;Sem Categoria
11/06/2026;153;Bloqueia Cadeiras de itau de sair para Carriers, Dialogo, J&T, Magalu, TodoBrasil;1;4.59;Sem Categoria
11/06/2026;166;Bloqueia Todo Brasil, iMile e Pajuçara com origem Serra de levar notebook;0;0.0;
11/06/2026;167;Bloqueia Magalu, com origem Cotia de levar carrinho de compras;0;0.0;
11/06/2026;170;Bloqueia Atrus em várias campamnhas especificas;0;0.0;
11/06/2026;181;Bloqueia várias transportadoras de coletar no escritorio;0;0.0;Sem Categoria
11/06/2026;182;Bloqueia Magalu em uma lista de Cidades que eles cortaram ;0;0.0;Sem Categoria
11/06/2026;1;Bloqueia MARYK das pesadas com origem Cotia;0;0.0;
11/06/2026;2;Bloqueia MARYK das pesadas de todas as origens;0;0.0;
11/06/2026;161;Bloqueia HPAMZ, HPB2W e HPMLU com origem Serra de sair por Sedex;0;0.0;
11/06/2026;162;Bloqueia HPAMZ, HPB2W e HPMLU com origem Coria de sair por Sedex;0;0.0;Sem Categoria
11/06/2026;163;Bloqueia HPAMZ, HPB2W e HPMLU com todas as origens de sair por Sedex;0;0.0;Sem Categoria
11/06/2026;190;Bloqueia BRBAY em Carriers, Atrus, todo brasil, Sedex, Eu entrego;5;180.36;Sem Categoria
11/06/2026;206;Bloqueia Celular de todas, exceto sedex, Carvalima, R3, Atrus, Magalu, LSP e Jamef origem Serra;0;0.0;
11/06/2026;313;Bloqueia Celular de todas, exceto sedex, Carvalima, R3, Atrus, Magalu, LSP e Jamef origem MG;0;0.0;Sem Categoria
11/06/2026;213;Bloqueia HUB09 de JeT e TodoBrasil;16;255.87;Sem Categoria
11/06/2026;269;Bloqueio de HUB09 em jadlog, Pajuçara e Dominalog;15;212.83;Sem Categoria
11/06/2026;371;Bloqueia HUB09 em R3;9;65.71;Sem Categoria
11/06/2026;372;Bloqueia HUB09 em R3;9;65.71;Sem Categoria
11/06/2026;288;Bloquieo de HUB10 e jadlog;1;49.76;Sem Categoria
11/06/2026;234;Bloqueio ITALA;0;0.0;
11/06/2026;243;Bloqueia Itala em tudo exceto atrus Cotia;0;0.0;
11/06/2026;244;Bloqueia Itala em tudo exceto atrus origem VGP;0;0.0;
11/06/2026;274;Bloquieo de HEIST em várias TSP;12;479.75;Sem Categoria
11/06/2026;382;Bloqueio gol e sedex em MG;1;24.95;Sem Categoria
11/06/2026;389;Bloqueio bebidas, powerbank e perfume para Gol;0;0.0;
11/06/2026;390;Bloqueio bebidas, powerbank e perfume para Gol 2;0;0.0;
11/06/2026;391;Bloqueio Gol, bebidas, perfumes e powerbank 3;0;0.0;
11/06/2026;392;Bloqueio Gol, bebidas, perfumes e powerbank 3;0;0.0;
11/06/2026;401;Bloquieo campanhas azul para gol;0;0.0;
11/06/2026;394;Bloquear ebb para mcpor;0;0.0;Sem Categoria
11/06/2026;402;Bloqueia EBB em tudo exceto Heineken e HUb;0;0.0;Sem Categoria
11/06/2026;405;bloqueio EBB;0;0.0;
11/06/2026;406;bloqueio EBB;0;0.0;
11/06/2026;407;bloqueio ebb;0;0.0;
11/06/2026;408;Bloqueio EBB;0;0.0;
11/06/2026;397;A transportadora stone só poderá trabalhar com a campanha STOLJ;236;4800.54;Sem Categoria
11/06/2026;400;Não deixar que a transportadora Stone retorne para pedidos expressos, exceto campanha STOLJ;0;0.0;
11/06/2026;411;Atrus - Apenas HEIST;0;0.0;
11/06/2026;419;Bloqueio da Jad nv Brasil, origem Cotia, exceto Sul e Sudeste - Inativo;37;285.83;Sem Categoria
11/06/2026;38;Bloqueia Linha branca origem Serra de Jad, Pajuçara, Carriers, Dialogo, Jamef, Atrus, Magalu, iMile, J&T e Sedex;0;0.0;
11/06/2026;39;Bloqueia Linha branca origem Cotia de Jad, Pajuçara, Carriers, Dialogo, Jamef, Atrus, Magalu, iMile, J&T e Sedex;1;1.89;Sem Categoria
11/06/2026;40;Bloqueia Linha branca todas as origens de Jad, Pajuçara, Carriers, Dialogo, Jamef, Atrus, Magalu, iMile, J&T e Sedex;4;318.41;Sem Categoria
11/06/2026;298;Bloquieo de linha branca em 42 - JADLOG  x57 - Carriers  x90 - Jamef SP  x92 - JeT EXPRESS  x119 - MAGALU  x127 - Correios SEDEX - 34028316000103  x164 - IMILE Standard  x195 - Azul linhas aereas  x com origem ES;0;0.0;Sem Categoria
11/06/2026;82;Bloqueia TV origem Serra para 56 - Pajucara  x57 - Carriers  x66 - Dialogo - SP  x92 - JeT EXPRESS  x119 - MAGALU  x127 - Correios SEDEX - 34028316000103  x;0;0.0;
11/06/2026;83;Bloqueia TV origem Cotia 56 - Pajucara  x57 - Carriers  x66 - Dialogo - SP  x92 - JeT EXPRESS  x110 - ATRUS INTERMEDIACAO  x119 - MAGALU  x127 - Correios SEDEX - 34028316000103  x;0;0.0;Sem Categoria
11/06/2026;84;Bloqueia TV Todas as origens 56 - Pajucara  x57 - Carriers  x66 - Dialogo - SP  x92 - JeT EXPRESS  x110 - ATRUS INTERMEDIACAO  x119 - MAGALU  x127 - Correios SEDEX - 34028316000103  x139 - EU ENTREGO SISTEMAS S/A  x;4;217.29;Sem Categoria
11/06/2026;184;Bloqueia Dialogo, J&T e Magalu nas cadeiras de itau origem Serra;0;0.0;
11/06/2026;202;Bloqueia todas as transportadoras em hub09 e hub10 , exceto aquelas com SLA acima de 97%  origem VGP;18;334.47;Sem Categoria
11/06/2026;207;Bloqueia Magalu e Dialogo de alguns SKU's;0;0.0;
11/06/2026;208;Bloqueia Jamef de dois SKUs;0;0.0;Sem Categoria
11/06/2026;211;Bloqueia Jamef de dois SKUs;0;0.0;Sem Categoria
11/06/2026;250;Bloqeuio de imile na origem VGP algumas cidades especificas ;3;4.82;Sem Categoria
11/06/2026;251;Bloqeuio de imile na origem Serra algumas cidades especificas;0;0.0;
11/06/2026;264;Bloquieo de JET no SKU SI5435;0;0.0;Sem Categoria
11/06/2026;268;Bloquieo de bebidas em 35 - Pacifico  x56 - Pajucara  x90 - Jamef SP  x92 - JeT EXPRESS  x120 - TODOBRASIL  x127 - Correios SEDEX - 34028316000103  x140 - LAUTO CARGO  x164 - IMILE Standard  x;37;4166.88;Sem Categoria
11/06/2026;275;Bloquieo de Pajuçara em MG em SKUs que não fazem;0;0.0;
11/06/2026;276;Bloquieo de Pajuçara em ES em SKUs que não fazem;0;0.0;Sem Categoria
11/06/2026;277;Bloquieo de Pajuçara em Cotia em SKUs que não fazem;0;0.0;
11/06/2026;278;Bloquieo de Pajuçara em VGP em SKUs que não fazem;0;0.0;
11/06/2026;336;;3;316.52;Sem Categoria
11/06/2026;368;Bloqueia todas as transportadoras de entregarem em MT e MS exceto Carvalima e Favorita para BRBAY Origem Cotia;15;215.45;Sem Categoria
11/06/2026;369;Bloqueia todas as transportadoras de entregarem em MT e MS exceto Carvalima e Favorita para BRBAY Origem VGP;5;53.6;Sem Categoria
11/06/2026;409;Bloqueio campanhas prioritarias em correios ;20;397.56;Sem Categoria
11/06/2026;410;Bloqueio campanhas prioritarias em correios ;20;397.56;Sem Categoria
11/06/2026;424;Bloquieo de HUB09 em Pacifico, Dominalog, Jadlog, Gol e J&T em HUB09 origem VGP;17;275.19;Sem Categoria
11/06/2026;301;Regra de caixa postal;0;0.0;
11/06/2026;302;Regra de caixa postal;0;0.0;
11/06/2026;303;Regra de caixa postal;0;0.0;
11/06/2026;304;Regra de caixa postal;0;0.0;
11/06/2026;305;Regra de caixa postal;0;0.0;
11/06/2026;355;Bloqueia jad e jamef em SKUs de ON;14;165.46;Sem Categoria
12/06/2026;420;Peso minimo J&T origem Cotia;22;167.28;Sem Categoria
12/06/2026;421;Peso minimo J&T origem MG;11;227.8;Sem Categoria
12/06/2026;422;Peso minimo J&T VGP;8;13.66;Sem Categoria
12/06/2026;423;Bloqueio J&T peso minimo Serra;0;0.0;
12/06/2026;186;Bloqueia Carriers de Serra;0;0.0;
12/06/2026;187;Bloqueia Carriers em Cotia;0;0.0;
12/06/2026;212;;0;0.0;
12/06/2026;412;Bloqueio iMile VGP - Inativo;370;1538.74;Sem Categoria
12/06/2026;393;Bloquear a Jalod em pedidos ate 10kg - Inativo;185;2632.5;Sem Categoria
12/06/2026;416;Bloqueio da jad em MG ate 10kg - Inativo;51;908.78;Sem Categoria
12/06/2026;417;Bloqueio da Jad em VGP ate 10kg - Inativo;65;885.73;Sem Categoria
12/06/2026;198;Bloqueia Sedex de Cuaba;0;0.0;Sem Categoria
12/06/2026;404;Bloqueia Gol de todas as campanhas para pesados, exceto heist;0;0.0;
12/06/2026;396;Bloquear a transportadora stone para pedidos com o peso acima de 30kg;1;35.41;Sem Categoria
12/06/2026;153;Bloqueia Cadeiras de itau de sair para Carriers, Dialogo, J&T, Magalu, TodoBrasil;1;33.99;Sem Categoria
12/06/2026;166;Bloqueia Todo Brasil, iMile e Pajuçara com origem Serra de levar notebook;0;0.0;
12/06/2026;167;Bloqueia Magalu, com origem Cotia de levar carrinho de compras;0;0.0;
12/06/2026;170;Bloqueia Atrus em várias campamnhas especificas;0;0.0;
12/06/2026;181;Bloqueia várias transportadoras de coletar no escritorio;0;0.0;Sem Categoria
12/06/2026;182;Bloqueia Magalu em uma lista de Cidades que eles cortaram ;4;96.55;Sem Categoria
12/06/2026;1;Bloqueia MARYK das pesadas com origem Cotia;0;0.0;
12/06/2026;2;Bloqueia MARYK das pesadas de todas as origens;0;0.0;
12/06/2026;161;Bloqueia HPAMZ, HPB2W e HPMLU com origem Serra de sair por Sedex;0;0.0;
12/06/2026;162;Bloqueia HPAMZ, HPB2W e HPMLU com origem Coria de sair por Sedex;0;0.0;Sem Categoria
12/06/2026;163;Bloqueia HPAMZ, HPB2W e HPMLU com todas as origens de sair por Sedex;0;0.0;Sem Categoria
12/06/2026;190;Bloqueia BRBAY em Carriers, Atrus, todo brasil, Sedex, Eu entrego;2;96.92;Sem Categoria
12/06/2026;206;Bloqueia Celular de todas, exceto sedex, Carvalima, R3, Atrus, Magalu, LSP e Jamef origem Serra;0;0.0;
12/06/2026;313;Bloqueia Celular de todas, exceto sedex, Carvalima, R3, Atrus, Magalu, LSP e Jamef origem MG;0;0.0;Sem Categoria
12/06/2026;213;Bloqueia HUB09 de JeT e TodoBrasil;103;1135.01;Sem Categoria
12/06/2026;269;Bloqueio de HUB09 em jadlog, Pajuçara e Dominalog;50;552.55;Sem Categoria
12/06/2026;371;Bloqueia HUB09 em R3;31;172.6;Sem Categoria
12/06/2026;372;Bloqueia HUB09 em R3;31;172.6;Sem Categoria
12/06/2026;288;Bloquieo de HUB10 e jadlog;1;9.59;Sem Categoria
12/06/2026;234;Bloqueio ITALA;0;0.0;
12/06/2026;243;Bloqueia Itala em tudo exceto atrus Cotia;0;0.0;
12/06/2026;244;Bloqueia Itala em tudo exceto atrus origem VGP;0;0.0;
12/06/2026;274;Bloquieo de HEIST em várias TSP;6;189.63;Sem Categoria
12/06/2026;382;Bloqueio gol e sedex em MG;1;55.37;Sem Categoria
12/06/2026;389;Bloqueio bebidas, powerbank e perfume para Gol;0;0.0;
12/06/2026;390;Bloqueio bebidas, powerbank e perfume para Gol 2;0;0.0;
12/06/2026;391;Bloqueio Gol, bebidas, perfumes e powerbank 3;0;0.0;
12/06/2026;392;Bloqueio Gol, bebidas, perfumes e powerbank 3;0;0.0;
12/06/2026;401;Bloquieo campanhas azul para gol;0;0.0;
12/06/2026;394;Bloquear ebb para mcpor;0;0.0;Sem Categoria
12/06/2026;402;Bloqueia EBB em tudo exceto Heineken e HUb;0;0.0;Sem Categoria
12/06/2026;405;bloqueio EBB;0;0.0;
12/06/2026;406;bloqueio EBB;0;0.0;
12/06/2026;407;bloqueio ebb;0;0.0;
12/06/2026;408;Bloqueio EBB;0;0.0;
12/06/2026;397;A transportadora stone só poderá trabalhar com a campanha STOLJ;267;7183.56;Sem Categoria
12/06/2026;400;Não deixar que a transportadora Stone retorne para pedidos expressos, exceto campanha STOLJ;0;0.0;
12/06/2026;411;Atrus - Apenas HEIST;0;0.0;
12/06/2026;419;Bloqueio da Jad nv Brasil, origem Cotia, exceto Sul e Sudeste - Inativo;40;358.6;Sem Categoria
12/06/2026;38;Bloqueia Linha branca origem Serra de Jad, Pajuçara, Carriers, Dialogo, Jamef, Atrus, Magalu, iMile, J&T e Sedex;0;0.0;
12/06/2026;39;Bloqueia Linha branca origem Cotia de Jad, Pajuçara, Carriers, Dialogo, Jamef, Atrus, Magalu, iMile, J&T e Sedex;1;2.03;Sem Categoria
12/06/2026;40;Bloqueia Linha branca todas as origens de Jad, Pajuçara, Carriers, Dialogo, Jamef, Atrus, Magalu, iMile, J&T e Sedex;1;2.03;Sem Categoria
12/06/2026;298;Bloquieo de linha branca em 42 - JADLOG  x57 - Carriers  x90 - Jamef SP  x92 - JeT EXPRESS  x119 - MAGALU  x127 - Correios SEDEX - 34028316000103  x164 - IMILE Standard  x195 - Azul linhas aereas  x com origem ES;0;0.0;Sem Categoria
12/06/2026;82;Bloqueia TV origem Serra para 56 - Pajucara  x57 - Carriers  x66 - Dialogo - SP  x92 - JeT EXPRESS  x119 - MAGALU  x127 - Correios SEDEX - 34028316000103  x;0;0.0;
12/06/2026;83;Bloqueia TV origem Cotia 56 - Pajucara  x57 - Carriers  x66 - Dialogo - SP  x92 - JeT EXPRESS  x110 - ATRUS INTERMEDIACAO  x119 - MAGALU  x127 - Correios SEDEX - 34028316000103  x;0;0.0;Sem Categoria
12/06/2026;84;Bloqueia TV Todas as origens 56 - Pajucara  x57 - Carriers  x66 - Dialogo - SP  x92 - JeT EXPRESS  x110 - ATRUS INTERMEDIACAO  x119 - MAGALU  x127 - Correios SEDEX - 34028316000103  x139 - EU ENTREGO SISTEMAS S/A  x;0;0.0;Sem Categoria
12/06/2026;184;Bloqueia Dialogo, J&T e Magalu nas cadeiras de itau origem Serra;0;0.0;
12/06/2026;202;Bloqueia todas as transportadoras em hub09 e hub10 , exceto aquelas com SLA acima de 97%  origem VGP;115;1275.05;Sem Categoria
12/06/2026;207;Bloqueia Magalu e Dialogo de alguns SKU's;0;0.0;
12/06/2026;208;Bloqueia Jamef de dois SKUs;0;0.0;Sem Categoria
12/06/2026;211;Bloqueia Jamef de dois SKUs;0;0.0;Sem Categoria
12/06/2026;250;Bloqeuio de imile na origem VGP algumas cidades especificas ;5;5.65;Sem Categoria
12/06/2026;251;Bloqeuio de imile na origem Serra algumas cidades especificas;0;0.0;
12/06/2026;264;Bloquieo de JET no SKU SI5435;0;0.0;Sem Categoria
12/06/2026;268;Bloquieo de bebidas em 35 - Pacifico  x56 - Pajucara  x90 - Jamef SP  x92 - JeT EXPRESS  x120 - TODOBRASIL  x127 - Correios SEDEX - 34028316000103  x140 - LAUTO CARGO  x164 - IMILE Standard  x;21;1008.26;Sem Categoria
12/06/2026;275;Bloquieo de Pajuçara em MG em SKUs que não fazem;0;0.0;
12/06/2026;276;Bloquieo de Pajuçara em ES em SKUs que não fazem;0;0.0;Sem Categoria
12/06/2026;277;Bloquieo de Pajuçara em Cotia em SKUs que não fazem;0;0.0;
12/06/2026;278;Bloquieo de Pajuçara em VGP em SKUs que não fazem;0;0.0;
12/06/2026;336;;0;0.0;Sem Categoria
12/06/2026;368;Bloqueia todas as transportadoras de entregarem em MT e MS exceto Carvalima e Favorita para BRBAY Origem Cotia;8;180.23;Sem Categoria
12/06/2026;369;Bloqueia todas as transportadoras de entregarem em MT e MS exceto Carvalima e Favorita para BRBAY Origem VGP;2;17.6;Sem Categoria
12/06/2026;409;Bloqueio campanhas prioritarias em correios ;118;1294.09;Sem Categoria
12/06/2026;410;Bloqueio campanhas prioritarias em correios ;118;1294.09;Sem Categoria
12/06/2026;424;Bloquieo de HUB09 em Pacifico, Dominalog, Jadlog, Gol e J&T em HUB09 origem VGP;104;1158.76;Sem Categoria
12/06/2026;301;Regra de caixa postal;0;0.0;
12/06/2026;302;Regra de caixa postal;0;0.0;
12/06/2026;303;Regra de caixa postal;0;0.0;
12/06/2026;304;Regra de caixa postal;0;0.0;
12/06/2026;305;Regra de caixa postal;0;0.0;
12/06/2026;355;Bloqueia jad e jamef em SKUs de ON;51;657.23;Sem Categoria
13/06/2026;420;Peso minimo J&T origem Cotia;13;36.16;Sem Categoria
13/06/2026;421;Peso minimo J&T origem MG;7;287.45;Sem Categoria
13/06/2026;422;Peso minimo J&T VGP;3;22.4;Sem Categoria
13/06/2026;423;Bloqueio J&T peso minimo Serra;0;0.0;
13/06/2026;186;Bloqueia Carriers de Serra;0;0.0;
13/06/2026;187;Bloqueia Carriers em Cotia;0;0.0;
13/06/2026;212;;0;0.0;
13/06/2026;412;Bloqueio iMile VGP - Inativo;139;256.65;Sem Categoria
13/06/2026;393;Bloquear a Jalod em pedidos ate 10kg - Inativo;71;541.25;Sem Categoria
13/06/2026;416;Bloqueio da jad em MG ate 10kg - Inativo;21;338.61;Sem Categoria
13/06/2026;417;Bloqueio da Jad em VGP ate 10kg - Inativo;24;80.84;Sem Categoria
13/06/2026;198;Bloqueia Sedex de Cuaba;0;0.0;Sem Categoria
13/06/2026;404;Bloqueia Gol de todas as campanhas para pesados, exceto heist;0;0.0;
13/06/2026;396;Bloquear a transportadora stone para pedidos com o peso acima de 30kg;0;0.0;Sem Categoria
13/06/2026;153;Bloqueia Cadeiras de itau de sair para Carriers, Dialogo, J&T, Magalu, TodoBrasil;0;0.0;Sem Categoria
13/06/2026;166;Bloqueia Todo Brasil, iMile e Pajuçara com origem Serra de levar notebook;0;0.0;
13/06/2026;167;Bloqueia Magalu, com origem Cotia de levar carrinho de compras;0;0.0;
13/06/2026;170;Bloqueia Atrus em várias campamnhas especificas;0;0.0;
13/06/2026;181;Bloqueia várias transportadoras de coletar no escritorio;0;0.0;Sem Categoria
13/06/2026;182;Bloqueia Magalu em uma lista de Cidades que eles cortaram ;0;0.0;Sem Categoria
13/06/2026;1;Bloqueia MARYK das pesadas com origem Cotia;0;0.0;
13/06/2026;2;Bloqueia MARYK das pesadas de todas as origens;0;0.0;
13/06/2026;161;Bloqueia HPAMZ, HPB2W e HPMLU com origem Serra de sair por Sedex;0;0.0;
13/06/2026;162;Bloqueia HPAMZ, HPB2W e HPMLU com origem Coria de sair por Sedex;0;0.0;Sem Categoria
13/06/2026;163;Bloqueia HPAMZ, HPB2W e HPMLU com todas as origens de sair por Sedex;0;0.0;Sem Categoria
13/06/2026;190;Bloqueia BRBAY em Carriers, Atrus, todo brasil, Sedex, Eu entrego;0;0.0;Sem Categoria
13/06/2026;206;Bloqueia Celular de todas, exceto sedex, Carvalima, R3, Atrus, Magalu, LSP e Jamef origem Serra;0;0.0;
13/06/2026;313;Bloqueia Celular de todas, exceto sedex, Carvalima, R3, Atrus, Magalu, LSP e Jamef origem MG;0;0.0;Sem Categoria
13/06/2026;213;Bloqueia HUB09 de JeT e TodoBrasil;0;0.0;Sem Categoria
13/06/2026;269;Bloqueio de HUB09 em jadlog, Pajuçara e Dominalog;0;0.0;Sem Categoria
13/06/2026;371;Bloqueia HUB09 em R3;0;0.0;Sem Categoria
13/06/2026;372;Bloqueia HUB09 em R3;0;0.0;Sem Categoria
13/06/2026;288;Bloquieo de HUB10 e jadlog;0;0.0;Sem Categoria
13/06/2026;234;Bloqueio ITALA;0;0.0;
13/06/2026;243;Bloqueia Itala em tudo exceto atrus Cotia;0;0.0;
13/06/2026;244;Bloqueia Itala em tudo exceto atrus origem VGP;0;0.0;
13/06/2026;274;Bloquieo de HEIST em várias TSP;2;168.2;Sem Categoria
13/06/2026;382;Bloqueio gol e sedex em MG;0;0.0;Sem Categoria
13/06/2026;389;Bloqueio bebidas, powerbank e perfume para Gol;0;0.0;
13/06/2026;390;Bloqueio bebidas, powerbank e perfume para Gol 2;0;0.0;
13/06/2026;391;Bloqueio Gol, bebidas, perfumes e powerbank 3;0;0.0;
13/06/2026;392;Bloqueio Gol, bebidas, perfumes e powerbank 3;0;0.0;
13/06/2026;401;Bloquieo campanhas azul para gol;0;0.0;
13/06/2026;394;Bloquear ebb para mcpor;0;0.0;Sem Categoria
13/06/2026;402;Bloqueia EBB em tudo exceto Heineken e HUb;0;0.0;Sem Categoria
13/06/2026;405;bloqueio EBB;0;0.0;
13/06/2026;406;bloqueio EBB;0;0.0;
13/06/2026;407;bloqueio ebb;0;0.0;
13/06/2026;408;Bloqueio EBB;0;0.0;
13/06/2026;397;A transportadora stone só poderá trabalhar com a campanha STOLJ;100;712.37;Sem Categoria
13/06/2026;400;Não deixar que a transportadora Stone retorne para pedidos expressos, exceto campanha STOLJ;0;0.0;
13/06/2026;411;Atrus - Apenas HEIST;0;0.0;
13/06/2026;419;Bloqueio da Jad nv Brasil, origem Cotia, exceto Sul e Sudeste - Inativo;14;92.11;Sem Categoria
13/06/2026;38;Bloqueia Linha branca origem Serra de Jad, Pajuçara, Carriers, Dialogo, Jamef, Atrus, Magalu, iMile, J&T e Sedex;0;0.0;
13/06/2026;39;Bloqueia Linha branca origem Cotia de Jad, Pajuçara, Carriers, Dialogo, Jamef, Atrus, Magalu, iMile, J&T e Sedex;0;0.0;Sem Categoria
13/06/2026;40;Bloqueia Linha branca todas as origens de Jad, Pajuçara, Carriers, Dialogo, Jamef, Atrus, Magalu, iMile, J&T e Sedex;0;0.0;Sem Categoria
13/06/2026;298;Bloquieo de linha branca em 42 - JADLOG  x57 - Carriers  x90 - Jamef SP  x92 - JeT EXPRESS  x119 - MAGALU  x127 - Correios SEDEX - 34028316000103  x164 - IMILE Standard  x195 - Azul linhas aereas  x com origem ES;0;0.0;Sem Categoria
13/06/2026;82;Bloqueia TV origem Serra para 56 - Pajucara  x57 - Carriers  x66 - Dialogo - SP  x92 - JeT EXPRESS  x119 - MAGALU  x127 - Correios SEDEX - 34028316000103  x;0;0.0;
13/06/2026;83;Bloqueia TV origem Cotia 56 - Pajucara  x57 - Carriers  x66 - Dialogo - SP  x92 - JeT EXPRESS  x110 - ATRUS INTERMEDIACAO  x119 - MAGALU  x127 - Correios SEDEX - 34028316000103  x;0;0.0;Sem Categoria
13/06/2026;84;Bloqueia TV Todas as origens 56 - Pajucara  x57 - Carriers  x66 - Dialogo - SP  x92 - JeT EXPRESS  x110 - ATRUS INTERMEDIACAO  x119 - MAGALU  x127 - Correios SEDEX - 34028316000103  x139 - EU ENTREGO SISTEMAS S/A  x;0;0.0;Sem Categoria
13/06/2026;184;Bloqueia Dialogo, J&T e Magalu nas cadeiras de itau origem Serra;0;0.0;
13/06/2026;202;Bloqueia todas as transportadoras em hub09 e hub10 , exceto aquelas com SLA acima de 97%  origem VGP;0;0.0;Sem Categoria
13/06/2026;207;Bloqueia Magalu e Dialogo de alguns SKU's;0;0.0;
13/06/2026;208;Bloqueia Jamef de dois SKUs;0;0.0;Sem Categoria
13/06/2026;211;Bloqueia Jamef de dois SKUs;0;0.0;Sem Categoria
13/06/2026;250;Bloqeuio de imile na origem VGP algumas cidades especificas ;2;2.38;Sem Categoria
13/06/2026;251;Bloqeuio de imile na origem Serra algumas cidades especificas;0;0.0;
13/06/2026;264;Bloquieo de JET no SKU SI5435;0;0.0;Sem Categoria
13/06/2026;268;Bloquieo de bebidas em 35 - Pacifico  x56 - Pajucara  x90 - Jamef SP  x92 - JeT EXPRESS  x120 - TODOBRASIL  x127 - Correios SEDEX - 34028316000103  x140 - LAUTO CARGO  x164 - IMILE Standard  x;9;314.3;Sem Categoria
13/06/2026;275;Bloquieo de Pajuçara em MG em SKUs que não fazem;0;0.0;
13/06/2026;276;Bloquieo de Pajuçara em ES em SKUs que não fazem;0;0.0;Sem Categoria
13/06/2026;277;Bloquieo de Pajuçara em Cotia em SKUs que não fazem;0;0.0;
13/06/2026;278;Bloquieo de Pajuçara em VGP em SKUs que não fazem;0;0.0;
13/06/2026;336;;0;0.0;Sem Categoria
13/06/2026;368;Bloqueia todas as transportadoras de entregarem em MT e MS exceto Carvalima e Favorita para BRBAY Origem Cotia;0;0.0;Sem Categoria
13/06/2026;369;Bloqueia todas as transportadoras de entregarem em MT e MS exceto Carvalima e Favorita para BRBAY Origem VGP;0;0.0;Sem Categoria
13/06/2026;409;Bloqueio campanhas prioritarias em correios ;1;0.85;Sem Categoria
13/06/2026;410;Bloqueio campanhas prioritarias em correios ;1;0.85;Sem Categoria
13/06/2026;424;Bloquieo de HUB09 em Pacifico, Dominalog, Jadlog, Gol e J&T em HUB09 origem VGP;0;0.0;Sem Categoria
13/06/2026;301;Regra de caixa postal;0;0.0;
13/06/2026;302;Regra de caixa postal;0;0.0;
13/06/2026;303;Regra de caixa postal;0;0.0;
13/06/2026;304;Regra de caixa postal;0;0.0;
13/06/2026;305;Regra de caixa postal;0;0.0;
13/06/2026;355;Bloqueia jad e jamef em SKUs de ON;0;0.0;Sem Categoria
14/06/2026;420;Peso minimo J&T origem Cotia;46;196.18;Sem Categoria
14/06/2026;421;Peso minimo J&T origem MG;26;511.02;Sem Categoria
14/06/2026;422;Peso minimo J&T VGP;6;50.45;Sem Categoria
14/06/2026;423;Bloqueio J&T peso minimo Serra;0;0.0;
14/06/2026;186;Bloqueia Carriers de Serra;0;0.0;
14/06/2026;187;Bloqueia Carriers em Cotia;0;0.0;
14/06/2026;212;;0;0.0;
14/06/2026;412;Bloqueio iMile VGP - Inativo;195;296.43;Sem Categoria
14/06/2026;393;Bloquear a Jalod em pedidos ate 10kg - Inativo;195;1812.18;Sem Categoria
14/06/2026;416;Bloqueio da jad em MG ate 10kg - Inativo;64;1106.96;Sem Categoria
14/06/2026;417;Bloqueio da Jad em VGP ate 10kg - Inativo;25;131.48;Sem Categoria
14/06/2026;198;Bloqueia Sedex de Cuaba;0;0.0;Sem Categoria
14/06/2026;404;Bloqueia Gol de todas as campanhas para pesados, exceto heist;0;0.0;
14/06/2026;396;Bloquear a transportadora stone para pedidos com o peso acima de 30kg;0;0.0;Sem Categoria
14/06/2026;153;Bloqueia Cadeiras de itau de sair para Carriers, Dialogo, J&T, Magalu, TodoBrasil;0;0.0;Sem Categoria
14/06/2026;166;Bloqueia Todo Brasil, iMile e Pajuçara com origem Serra de levar notebook;0;0.0;
14/06/2026;167;Bloqueia Magalu, com origem Cotia de levar carrinho de compras;0;0.0;
14/06/2026;170;Bloqueia Atrus em várias campamnhas especificas;0;0.0;
14/06/2026;181;Bloqueia várias transportadoras de coletar no escritorio;0;0.0;Sem Categoria
14/06/2026;182;Bloqueia Magalu em uma lista de Cidades que eles cortaram ;0;0.0;Sem Categoria
14/06/2026;1;Bloqueia MARYK das pesadas com origem Cotia;0;0.0;
14/06/2026;2;Bloqueia MARYK das pesadas de todas as origens;0;0.0;
14/06/2026;161;Bloqueia HPAMZ, HPB2W e HPMLU com origem Serra de sair por Sedex;0;0.0;
14/06/2026;162;Bloqueia HPAMZ, HPB2W e HPMLU com origem Coria de sair por Sedex;0;0.0;Sem Categoria
14/06/2026;163;Bloqueia HPAMZ, HPB2W e HPMLU com todas as origens de sair por Sedex;0;0.0;Sem Categoria
14/06/2026;190;Bloqueia BRBAY em Carriers, Atrus, todo brasil, Sedex, Eu entrego;0;0.0;Sem Categoria
14/06/2026;206;Bloqueia Celular de todas, exceto sedex, Carvalima, R3, Atrus, Magalu, LSP e Jamef origem Serra;0;0.0;
14/06/2026;313;Bloqueia Celular de todas, exceto sedex, Carvalima, R3, Atrus, Magalu, LSP e Jamef origem MG;0;0.0;Sem Categoria
14/06/2026;213;Bloqueia HUB09 de JeT e TodoBrasil;0;0.0;Sem Categoria
14/06/2026;269;Bloqueio de HUB09 em jadlog, Pajuçara e Dominalog;0;0.0;Sem Categoria
14/06/2026;371;Bloqueia HUB09 em R3;0;0.0;Sem Categoria
14/06/2026;372;Bloqueia HUB09 em R3;0;0.0;Sem Categoria
14/06/2026;288;Bloquieo de HUB10 e jadlog;0;0.0;Sem Categoria
14/06/2026;234;Bloqueio ITALA;0;0.0;
14/06/2026;243;Bloqueia Itala em tudo exceto atrus Cotia;0;0.0;
14/06/2026;244;Bloqueia Itala em tudo exceto atrus origem VGP;0;0.0;
14/06/2026;274;Bloquieo de HEIST em várias TSP;2;185.56;Sem Categoria
14/06/2026;382;Bloqueio gol e sedex em MG;0;0.0;Sem Categoria
14/06/2026;389;Bloqueio bebidas, powerbank e perfume para Gol;0;0.0;
14/06/2026;390;Bloqueio bebidas, powerbank e perfume para Gol 2;0;0.0;
14/06/2026;391;Bloqueio Gol, bebidas, perfumes e powerbank 3;0;0.0;
14/06/2026;392;Bloqueio Gol, bebidas, perfumes e powerbank 3;0;0.0;
14/06/2026;401;Bloquieo campanhas azul para gol;0;0.0;
14/06/2026;394;Bloquear ebb para mcpor;0;0.0;Sem Categoria
14/06/2026;402;Bloqueia EBB em tudo exceto Heineken e HUb;0;0.0;Sem Categoria
14/06/2026;405;bloqueio EBB;0;0.0;
14/06/2026;406;bloqueio EBB;0;0.0;
14/06/2026;407;bloqueio ebb;0;0.0;
14/06/2026;408;Bloqueio EBB;0;0.0;
14/06/2026;397;A transportadora stone só poderá trabalhar com a campanha STOLJ;168;1870.06;Sem Categoria
14/06/2026;400;Não deixar que a transportadora Stone retorne para pedidos expressos, exceto campanha STOLJ;0;0.0;
14/06/2026;411;Atrus - Apenas HEIST;0;0.0;
14/06/2026;419;Bloqueio da Jad nv Brasil, origem Cotia, exceto Sul e Sudeste - Inativo;70;430.11;Sem Categoria
14/06/2026;38;Bloqueia Linha branca origem Serra de Jad, Pajuçara, Carriers, Dialogo, Jamef, Atrus, Magalu, iMile, J&T e Sedex;0;0.0;
14/06/2026;39;Bloqueia Linha branca origem Cotia de Jad, Pajuçara, Carriers, Dialogo, Jamef, Atrus, Magalu, iMile, J&T e Sedex;0;0.0;Sem Categoria
14/06/2026;40;Bloqueia Linha branca todas as origens de Jad, Pajuçara, Carriers, Dialogo, Jamef, Atrus, Magalu, iMile, J&T e Sedex;1;1.42;Sem Categoria
14/06/2026;298;Bloquieo de linha branca em 42 - JADLOG  x57 - Carriers  x90 - Jamef SP  x92 - JeT EXPRESS  x119 - MAGALU  x127 - Correios SEDEX - 34028316000103  x164 - IMILE Standard  x195 - Azul linhas aereas  x com origem ES;0;0.0;Sem Categoria
14/06/2026;82;Bloqueia TV origem Serra para 56 - Pajucara  x57 - Carriers  x66 - Dialogo - SP  x92 - JeT EXPRESS  x119 - MAGALU  x127 - Correios SEDEX - 34028316000103  x;0;0.0;
14/06/2026;83;Bloqueia TV origem Cotia 56 - Pajucara  x57 - Carriers  x66 - Dialogo - SP  x92 - JeT EXPRESS  x110 - ATRUS INTERMEDIACAO  x119 - MAGALU  x127 - Correios SEDEX - 34028316000103  x;0;0.0;Sem Categoria
14/06/2026;84;Bloqueia TV Todas as origens 56 - Pajucara  x57 - Carriers  x66 - Dialogo - SP  x92 - JeT EXPRESS  x110 - ATRUS INTERMEDIACAO  x119 - MAGALU  x127 - Correios SEDEX - 34028316000103  x139 - EU ENTREGO SISTEMAS S/A  x;0;0.0;Sem Categoria
14/06/2026;184;Bloqueia Dialogo, J&T e Magalu nas cadeiras de itau origem Serra;0;0.0;
14/06/2026;202;Bloqueia todas as transportadoras em hub09 e hub10 , exceto aquelas com SLA acima de 97%  origem VGP;0;0.0;Sem Categoria
14/06/2026;207;Bloqueia Magalu e Dialogo de alguns SKU's;0;0.0;
14/06/2026;208;Bloqueia Jamef de dois SKUs;0;0.0;Sem Categoria
14/06/2026;211;Bloqueia Jamef de dois SKUs;0;0.0;Sem Categoria
14/06/2026;250;Bloqeuio de imile na origem VGP algumas cidades especificas ;4;8.61;Sem Categoria
14/06/2026;251;Bloqeuio de imile na origem Serra algumas cidades especificas;0;0.0;
14/06/2026;264;Bloquieo de JET no SKU SI5435;0;0.0;Sem Categoria
14/06/2026;268;Bloquieo de bebidas em 35 - Pacifico  x56 - Pajucara  x90 - Jamef SP  x92 - JeT EXPRESS  x120 - TODOBRASIL  x127 - Correios SEDEX - 34028316000103  x140 - LAUTO CARGO  x164 - IMILE Standard  x;6;252.61;Sem Categoria
14/06/2026;275;Bloquieo de Pajuçara em MG em SKUs que não fazem;0;0.0;
14/06/2026;276;Bloquieo de Pajuçara em ES em SKUs que não fazem;0;0.0;Sem Categoria
14/06/2026;277;Bloquieo de Pajuçara em Cotia em SKUs que não fazem;0;0.0;
14/06/2026;278;Bloquieo de Pajuçara em VGP em SKUs que não fazem;0;0.0;
14/06/2026;336;;0;0.0;Sem Categoria
14/06/2026;368;Bloqueia todas as transportadoras de entregarem em MT e MS exceto Carvalima e Favorita para BRBAY Origem Cotia;0;0.0;Sem Categoria
14/06/2026;369;Bloqueia todas as transportadoras de entregarem em MT e MS exceto Carvalima e Favorita para BRBAY Origem VGP;2;9.91;Sem Categoria
14/06/2026;409;Bloqueio campanhas prioritarias em correios ;1;1.42;Sem Categoria
14/06/2026;410;Bloqueio campanhas prioritarias em correios ;1;1.42;Sem Categoria
14/06/2026;424;Bloquieo de HUB09 em Pacifico, Dominalog, Jadlog, Gol e J&T em HUB09 origem VGP;0;0.0;Sem Categoria
14/06/2026;301;Regra de caixa postal;0;0.0;
14/06/2026;302;Regra de caixa postal;0;0.0;
14/06/2026;303;Regra de caixa postal;0;0.0;
14/06/2026;304;Regra de caixa postal;0;0.0;
14/06/2026;305;Regra de caixa postal;0;0.0;
14/06/2026;355;Bloqueia jad e jamef em SKUs de ON;0;0.0;Sem Categoria
15/06/2026;420;Peso minimo J&T origem Cotia;35;264.1;Sem Categoria
15/06/2026;421;Peso minimo J&T origem MG;15;316.42;Sem Categoria
15/06/2026;422;Peso minimo J&T VGP;10;70.06;Sem Categoria
15/06/2026;423;Bloqueio J&T peso minimo Serra;0;0.0;
15/06/2026;186;Bloqueia Carriers de Serra;0;0.0;
15/06/2026;187;Bloqueia Carriers em Cotia;0;0.0;
15/06/2026;212;;0;0.0;
15/06/2026;412;Bloqueio iMile VGP - Inativo;431;1017.72;Sem Categoria
15/06/2026;393;Bloquear a Jalod em pedidos ate 10kg - Inativo;214;2208.76;Sem Categoria
15/06/2026;416;Bloqueio da jad em MG ate 10kg - Inativo;92;1110.97;Sem Categoria
15/06/2026;417;Bloqueio da Jad em VGP ate 10kg - Inativo;51;467.02;Sem Categoria
15/06/2026;198;Bloqueia Sedex de Cuaba;0;0.0;Sem Categoria
15/06/2026;404;Bloqueia Gol de todas as campanhas para pesados, exceto heist;0;0.0;
15/06/2026;396;Bloquear a transportadora stone para pedidos com o peso acima de 30kg;0;0.0;Sem Categoria
15/06/2026;153;Bloqueia Cadeiras de itau de sair para Carriers, Dialogo, J&T, Magalu, TodoBrasil;0;0.0;Sem Categoria
15/06/2026;166;Bloqueia Todo Brasil, iMile e Pajuçara com origem Serra de levar notebook;0;0.0;
15/06/2026;167;Bloqueia Magalu, com origem Cotia de levar carrinho de compras;0;0.0;
15/06/2026;170;Bloqueia Atrus em várias campamnhas especificas;0;0.0;
15/06/2026;181;Bloqueia várias transportadoras de coletar no escritorio;0;0.0;Sem Categoria
15/06/2026;182;Bloqueia Magalu em uma lista de Cidades que eles cortaram ;1;6.08;Sem Categoria
15/06/2026;1;Bloqueia MARYK das pesadas com origem Cotia;0;0.0;
15/06/2026;2;Bloqueia MARYK das pesadas de todas as origens;0;0.0;
15/06/2026;161;Bloqueia HPAMZ, HPB2W e HPMLU com origem Serra de sair por Sedex;0;0.0;
15/06/2026;162;Bloqueia HPAMZ, HPB2W e HPMLU com origem Coria de sair por Sedex;0;0.0;Sem Categoria
15/06/2026;163;Bloqueia HPAMZ, HPB2W e HPMLU com todas as origens de sair por Sedex;0;0.0;Sem Categoria
15/06/2026;190;Bloqueia BRBAY em Carriers, Atrus, todo brasil, Sedex, Eu entrego;1;21.38;Sem Categoria
15/06/2026;206;Bloqueia Celular de todas, exceto sedex, Carvalima, R3, Atrus, Magalu, LSP e Jamef origem Serra;0;0.0;
15/06/2026;313;Bloqueia Celular de todas, exceto sedex, Carvalima, R3, Atrus, Magalu, LSP e Jamef origem MG;0;0.0;Sem Categoria
15/06/2026;213;Bloqueia HUB09 de JeT e TodoBrasil;3;27.48;Sem Categoria
15/06/2026;269;Bloqueio de HUB09 em jadlog, Pajuçara e Dominalog;2;12.66;Sem Categoria
15/06/2026;371;Bloqueia HUB09 em R3;0;0.0;Sem Categoria
15/06/2026;372;Bloqueia HUB09 em R3;0;0.0;Sem Categoria
15/06/2026;288;Bloquieo de HUB10 e jadlog;0;0.0;Sem Categoria
15/06/2026;234;Bloqueio ITALA;0;0.0;
15/06/2026;243;Bloqueia Itala em tudo exceto atrus Cotia;0;0.0;
15/06/2026;244;Bloqueia Itala em tudo exceto atrus origem VGP;0;0.0;
15/06/2026;274;Bloquieo de HEIST em várias TSP;5;280.25;Sem Categoria
15/06/2026;382;Bloqueio gol e sedex em MG;0;0.0;Sem Categoria
15/06/2026;389;Bloqueio bebidas, powerbank e perfume para Gol;0;0.0;
15/06/2026;390;Bloqueio bebidas, powerbank e perfume para Gol 2;0;0.0;
15/06/2026;391;Bloqueio Gol, bebidas, perfumes e powerbank 3;0;0.0;
15/06/2026;392;Bloqueio Gol, bebidas, perfumes e powerbank 3;0;0.0;
15/06/2026;401;Bloquieo campanhas azul para gol;0;0.0;
15/06/2026;394;Bloquear ebb para mcpor;0;0.0;Sem Categoria
15/06/2026;402;Bloqueia EBB em tudo exceto Heineken e HUb;0;0.0;Sem Categoria
15/06/2026;405;bloqueio EBB;0;0.0;
15/06/2026;406;bloqueio EBB;0;0.0;
15/06/2026;407;bloqueio ebb;0;0.0;
15/06/2026;408;Bloqueio EBB;0;0.0;
15/06/2026;397;A transportadora stone só poderá trabalhar com a campanha STOLJ;253;3222.54;Sem Categoria
15/06/2026;400;Não deixar que a transportadora Stone retorne para pedidos expressos, exceto campanha STOLJ;0;0.0;
15/06/2026;411;Atrus - Apenas HEIST;0;0.0;
15/06/2026;419;Bloqueio da Jad nv Brasil, origem Cotia, exceto Sul e Sudeste - Inativo;42;416.19;Sem Categoria
15/06/2026;38;Bloqueia Linha branca origem Serra de Jad, Pajuçara, Carriers, Dialogo, Jamef, Atrus, Magalu, iMile, J&T e Sedex;0;0.0;
15/06/2026;39;Bloqueia Linha branca origem Cotia de Jad, Pajuçara, Carriers, Dialogo, Jamef, Atrus, Magalu, iMile, J&T e Sedex;0;0.0;Sem Categoria
15/06/2026;40;Bloqueia Linha branca todas as origens de Jad, Pajuçara, Carriers, Dialogo, Jamef, Atrus, Magalu, iMile, J&T e Sedex;2;10.41;Sem Categoria
15/06/2026;298;Bloquieo de linha branca em 42 - JADLOG  x57 - Carriers  x90 - Jamef SP  x92 - JeT EXPRESS  x119 - MAGALU  x127 - Correios SEDEX - 34028316000103  x164 - IMILE Standard  x195 - Azul linhas aereas  x com origem ES;0;0.0;Sem Categoria
15/06/2026;82;Bloqueia TV origem Serra para 56 - Pajucara  x57 - Carriers  x66 - Dialogo - SP  x92 - JeT EXPRESS  x119 - MAGALU  x127 - Correios SEDEX - 34028316000103  x;0;0.0;
15/06/2026;83;Bloqueia TV origem Cotia 56 - Pajucara  x57 - Carriers  x66 - Dialogo - SP  x92 - JeT EXPRESS  x110 - ATRUS INTERMEDIACAO  x119 - MAGALU  x127 - Correios SEDEX - 34028316000103  x;0;0.0;Sem Categoria
15/06/2026;84;Bloqueia TV Todas as origens 56 - Pajucara  x57 - Carriers  x66 - Dialogo - SP  x92 - JeT EXPRESS  x110 - ATRUS INTERMEDIACAO  x119 - MAGALU  x127 - Correios SEDEX - 34028316000103  x139 - EU ENTREGO SISTEMAS S/A  x;0;0.0;Sem Categoria
15/06/2026;184;Bloqueia Dialogo, J&T e Magalu nas cadeiras de itau origem Serra;0;0.0;
15/06/2026;202;Bloqueia todas as transportadoras em hub09 e hub10 , exceto aquelas com SLA acima de 97%  origem VGP;3;27.48;Sem Categoria
15/06/2026;207;Bloqueia Magalu e Dialogo de alguns SKU's;0;0.0;
15/06/2026;208;Bloqueia Jamef de dois SKUs;0;0.0;Sem Categoria
15/06/2026;211;Bloqueia Jamef de dois SKUs;0;0.0;Sem Categoria
15/06/2026;250;Bloqeuio de imile na origem VGP algumas cidades especificas ;11;21.22;Sem Categoria
15/06/2026;251;Bloqeuio de imile na origem Serra algumas cidades especificas;0;0.0;
15/06/2026;264;Bloquieo de JET no SKU SI5435;0;0.0;Sem Categoria
15/06/2026;268;Bloquieo de bebidas em 35 - Pacifico  x56 - Pajucara  x90 - Jamef SP  x92 - JeT EXPRESS  x120 - TODOBRASIL  x127 - Correios SEDEX - 34028316000103  x140 - LAUTO CARGO  x164 - IMILE Standard  x;21;1631.44;Sem Categoria
15/06/2026;275;Bloquieo de Pajuçara em MG em SKUs que não fazem;0;0.0;
15/06/2026;276;Bloquieo de Pajuçara em ES em SKUs que não fazem;0;0.0;Sem Categoria
15/06/2026;277;Bloquieo de Pajuçara em Cotia em SKUs que não fazem;0;0.0;
15/06/2026;278;Bloquieo de Pajuçara em VGP em SKUs que não fazem;0;0.0;
15/06/2026;336;;0;0.0;Sem Categoria
15/06/2026;368;Bloqueia todas as transportadoras de entregarem em MT e MS exceto Carvalima e Favorita para BRBAY Origem Cotia;2;21.85;Sem Categoria
15/06/2026;369;Bloqueia todas as transportadoras de entregarem em MT e MS exceto Carvalima e Favorita para BRBAY Origem VGP;3;20.17;Sem Categoria
15/06/2026;409;Bloqueio campanhas prioritarias em correios ;10;129.83;Sem Categoria
15/06/2026;410;Bloqueio campanhas prioritarias em correios ;10;129.83;Sem Categoria
15/06/2026;424;Bloquieo de HUB09 em Pacifico, Dominalog, Jadlog, Gol e J&T em HUB09 origem VGP;3;27.48;Sem Categoria
15/06/2026;301;Regra de caixa postal;0;0.0;
15/06/2026;302;Regra de caixa postal;0;0.0;
15/06/2026;303;Regra de caixa postal;0;0.0;
15/06/2026;304;Regra de caixa postal;0;0.0;
15/06/2026;305;Regra de caixa postal;0;0.0;
15/06/2026;355;Bloqueia jad e jamef em SKUs de ON;2;12.66;Sem Categoria
16/06/2026;420;Peso minimo J&T origem Cotia;52;289.89;Sem Categoria
16/06/2026;421;Peso minimo J&T origem MG;22;329.3;Sem Categoria
16/06/2026;422;Peso minimo J&T VGP;7;34.09;Sem Categoria
16/06/2026;423;Bloqueio J&T peso minimo Serra;0;0.0;
16/06/2026;186;Bloqueia Carriers de Serra;0;0.0;
16/06/2026;187;Bloqueia Carriers em Cotia;0;0.0;
16/06/2026;212;;0;0.0;
16/06/2026;412;Bloqueio iMile VGP - Inativo;442;2152.0;Sem Categoria
16/06/2026;393;Bloquear a Jalod em pedidos ate 10kg - Inativo;479;4842.45;Sem Categoria
16/06/2026;416;Bloqueio da jad em MG ate 10kg - Inativo;108;1900.53;Sem Categoria
16/06/2026;417;Bloqueio da Jad em VGP ate 10kg - Inativo;99;1235.36;Sem Categoria
16/06/2026;198;Bloqueia Sedex de Cuaba;2;40.94;Sem Categoria
16/06/2026;404;Bloqueia Gol de todas as campanhas para pesados, exceto heist;0;0.0;
16/06/2026;396;Bloquear a transportadora stone para pedidos com o peso acima de 30kg;2;148.07;Sem Categoria
16/06/2026;153;Bloqueia Cadeiras de itau de sair para Carriers, Dialogo, J&T, Magalu, TodoBrasil;6;505.94;Sem Categoria
16/06/2026;166;Bloqueia Todo Brasil, iMile e Pajuçara com origem Serra de levar notebook;0;0.0;
16/06/2026;167;Bloqueia Magalu, com origem Cotia de levar carrinho de compras;0;0.0;
16/06/2026;170;Bloqueia Atrus em várias campamnhas especificas;0;0.0;
16/06/2026;181;Bloqueia várias transportadoras de coletar no escritorio;0;0.0;Sem Categoria
16/06/2026;182;Bloqueia Magalu em uma lista de Cidades que eles cortaram ;0;0.0;Sem Categoria
16/06/2026;1;Bloqueia MARYK das pesadas com origem Cotia;0;0.0;
16/06/2026;2;Bloqueia MARYK das pesadas de todas as origens;0;0.0;
16/06/2026;161;Bloqueia HPAMZ, HPB2W e HPMLU com origem Serra de sair por Sedex;0;0.0;
16/06/2026;162;Bloqueia HPAMZ, HPB2W e HPMLU com origem Coria de sair por Sedex;0;0.0;Sem Categoria
16/06/2026;163;Bloqueia HPAMZ, HPB2W e HPMLU com todas as origens de sair por Sedex;0;0.0;Sem Categoria
16/06/2026;190;Bloqueia BRBAY em Carriers, Atrus, todo brasil, Sedex, Eu entrego;3;81.09;Sem Categoria
16/06/2026;206;Bloqueia Celular de todas, exceto sedex, Carvalima, R3, Atrus, Magalu, LSP e Jamef origem Serra;0;0.0;
16/06/2026;313;Bloqueia Celular de todas, exceto sedex, Carvalima, R3, Atrus, Magalu, LSP e Jamef origem MG;0;0.0;Sem Categoria
16/06/2026;213;Bloqueia HUB09 de JeT e TodoBrasil;62;1213.53;Sem Categoria
16/06/2026;269;Bloqueio de HUB09 em jadlog, Pajuçara e Dominalog;32;916.55;Sem Categoria
16/06/2026;371;Bloqueia HUB09 em R3;15;625.03;Sem Categoria
16/06/2026;372;Bloqueia HUB09 em R3;15;625.03;Sem Categoria
16/06/2026;288;Bloquieo de HUB10 e jadlog;0;0.0;Sem Categoria
16/06/2026;234;Bloqueio ITALA;0;0.0;
16/06/2026;243;Bloqueia Itala em tudo exceto atrus Cotia;0;0.0;
16/06/2026;244;Bloqueia Itala em tudo exceto atrus origem VGP;0;0.0;
16/06/2026;274;Bloquieo de HEIST em várias TSP;13;504.04;Sem Categoria
16/06/2026;382;Bloqueio gol e sedex em MG;3;31.83;Sem Categoria
16/06/2026;389;Bloqueio bebidas, powerbank e perfume para Gol;0;0.0;
16/06/2026;390;Bloqueio bebidas, powerbank e perfume para Gol 2;0;0.0;
16/06/2026;391;Bloqueio Gol, bebidas, perfumes e powerbank 3;0;0.0;
16/06/2026;392;Bloqueio Gol, bebidas, perfumes e powerbank 3;0;0.0;
16/06/2026;401;Bloquieo campanhas azul para gol;0;0.0;
16/06/2026;394;Bloquear ebb para mcpor;0;0.0;Sem Categoria
16/06/2026;402;Bloqueia EBB em tudo exceto Heineken e HUb;0;0.0;Sem Categoria
16/06/2026;405;bloqueio EBB;0;0.0;
16/06/2026;406;bloqueio EBB;0;0.0;
16/06/2026;407;bloqueio ebb;0;0.0;
16/06/2026;408;Bloqueio EBB;0;0.0;
16/06/2026;397;A transportadora stone só poderá trabalhar com a campanha STOLJ;336;6262.87;Sem Categoria
16/06/2026;400;Não deixar que a transportadora Stone retorne para pedidos expressos, exceto campanha STOLJ;0;0.0;
16/06/2026;411;Atrus - Apenas HEIST;0;0.0;
16/06/2026;419;Bloqueio da Jad nv Brasil, origem Cotia, exceto Sul e Sudeste - Inativo;199;1007.94;Sem Categoria
16/06/2026;38;Bloqueia Linha branca origem Serra de Jad, Pajuçara, Carriers, Dialogo, Jamef, Atrus, Magalu, iMile, J&T e Sedex;0;0.0;
16/06/2026;39;Bloqueia Linha branca origem Cotia de Jad, Pajuçara, Carriers, Dialogo, Jamef, Atrus, Magalu, iMile, J&T e Sedex;0;0.0;Sem Categoria
16/06/2026;40;Bloqueia Linha branca todas as origens de Jad, Pajuçara, Carriers, Dialogo, Jamef, Atrus, Magalu, iMile, J&T e Sedex;2;49.02;Sem Categoria
16/06/2026;298;Bloquieo de linha branca em 42 - JADLOG  x57 - Carriers  x90 - Jamef SP  x92 - JeT EXPRESS  x119 - MAGALU  x127 - Correios SEDEX - 34028316000103  x164 - IMILE Standard  x195 - Azul linhas aereas  x com origem ES;0;0.0;Sem Categoria
16/06/2026;82;Bloqueia TV origem Serra para 56 - Pajucara  x57 - Carriers  x66 - Dialogo - SP  x92 - JeT EXPRESS  x119 - MAGALU  x127 - Correios SEDEX - 34028316000103  x;0;0.0;
16/06/2026;83;Bloqueia TV origem Cotia 56 - Pajucara  x57 - Carriers  x66 - Dialogo - SP  x92 - JeT EXPRESS  x110 - ATRUS INTERMEDIACAO  x119 - MAGALU  x127 - Correios SEDEX - 34028316000103  x;0;0.0;Sem Categoria
16/06/2026;84;Bloqueia TV Todas as origens 56 - Pajucara  x57 - Carriers  x66 - Dialogo - SP  x92 - JeT EXPRESS  x110 - ATRUS INTERMEDIACAO  x119 - MAGALU  x127 - Correios SEDEX - 34028316000103  x139 - EU ENTREGO SISTEMAS S/A  x;0;0.0;Sem Categoria
16/06/2026;184;Bloqueia Dialogo, J&T e Magalu nas cadeiras de itau origem Serra;0;0.0;
16/06/2026;202;Bloqueia todas as transportadoras em hub09 e hub10 , exceto aquelas com SLA acima de 97%  origem VGP;70;1223.74;Sem Categoria
16/06/2026;207;Bloqueia Magalu e Dialogo de alguns SKU's;0;0.0;
16/06/2026;208;Bloqueia Jamef de dois SKUs;0;0.0;Sem Categoria
16/06/2026;211;Bloqueia Jamef de dois SKUs;0;0.0;Sem Categoria
16/06/2026;250;Bloqeuio de imile na origem VGP algumas cidades especificas ;5;10.12;Sem Categoria
16/06/2026;251;Bloqeuio de imile na origem Serra algumas cidades especificas;0;0.0;
16/06/2026;264;Bloquieo de JET no SKU SI5435;0;0.0;Sem Categoria
16/06/2026;268;Bloquieo de bebidas em 35 - Pacifico  x56 - Pajucara  x90 - Jamef SP  x92 - JeT EXPRESS  x120 - TODOBRASIL  x127 - Correios SEDEX - 34028316000103  x140 - LAUTO CARGO  x164 - IMILE Standard  x;66;10486.23;Sem Categoria
16/06/2026;275;Bloquieo de Pajuçara em MG em SKUs que não fazem;0;0.0;
16/06/2026;276;Bloquieo de Pajuçara em ES em SKUs que não fazem;0;0.0;Sem Categoria
16/06/2026;277;Bloquieo de Pajuçara em Cotia em SKUs que não fazem;0;0.0;
16/06/2026;278;Bloquieo de Pajuçara em VGP em SKUs que não fazem;0;0.0;
16/06/2026;336;;0;0.0;Sem Categoria
16/06/2026;368;Bloqueia todas as transportadoras de entregarem em MT e MS exceto Carvalima e Favorita para BRBAY Origem Cotia;6;231.84;Sem Categoria
16/06/2026;369;Bloqueia todas as transportadoras de entregarem em MT e MS exceto Carvalima e Favorita para BRBAY Origem VGP;5;157.61;Sem Categoria
16/06/2026;409;Bloqueio campanhas prioritarias em correios ;72;1224.89;Sem Categoria
16/06/2026;410;Bloqueio campanhas prioritarias em correios ;72;1224.89;Sem Categoria
16/06/2026;424;Bloquieo de HUB09 em Pacifico, Dominalog, Jadlog, Gol e J&T em HUB09 origem VGP;63;1217.45;Sem Categoria
16/06/2026;301;Regra de caixa postal;0;0.0;
16/06/2026;302;Regra de caixa postal;0;0.0;
16/06/2026;303;Regra de caixa postal;0;0.0;
16/06/2026;304;Regra de caixa postal;0;0.0;
16/06/2026;305;Regra de caixa postal;0;0.0;
16/06/2026;355;Bloqueia jad e jamef em SKUs de ON;25;326.25;Sem Categoria
17/06/2026;420;Peso minimo J&T origem Cotia;14;76.38;Sem Categoria
17/06/2026;421;Peso minimo J&T origem MG;10;219.45;Sem Categoria
17/06/2026;422;Peso minimo J&T VGP;6;14.09;Sem Categoria
17/06/2026;423;Bloqueio J&T peso minimo Serra;0;0.0;
17/06/2026;186;Bloqueia Carriers de Serra;0;0.0;
17/06/2026;187;Bloqueia Carriers em Cotia;0;0.0;
17/06/2026;212;;0;0.0;
17/06/2026;412;Bloqueio iMile VGP - Inativo;373;1455.7;Sem Categoria
17/06/2026;393;Bloquear a Jalod em pedidos ate 10kg - Inativo;192;2015.55;Sem Categoria
17/06/2026;416;Bloqueio da jad em MG ate 10kg - Inativo;52;662.73;Sem Categoria
17/06/2026;417;Bloqueio da Jad em VGP ate 10kg - Inativo;96;976.28;Sem Categoria
17/06/2026;198;Bloqueia Sedex de Cuaba;0;0.0;Sem Categoria
17/06/2026;404;Bloqueia Gol de todas as campanhas para pesados, exceto heist;0;0.0;
17/06/2026;396;Bloquear a transportadora stone para pedidos com o peso acima de 30kg;0;0.0;Sem Categoria
17/06/2026;153;Bloqueia Cadeiras de itau de sair para Carriers, Dialogo, J&T, Magalu, TodoBrasil;6;21.93;Sem Categoria
17/06/2026;166;Bloqueia Todo Brasil, iMile e Pajuçara com origem Serra de levar notebook;0;0.0;
17/06/2026;167;Bloqueia Magalu, com origem Cotia de levar carrinho de compras;0;0.0;
17/06/2026;170;Bloqueia Atrus em várias campamnhas especificas;0;0.0;
17/06/2026;181;Bloqueia várias transportadoras de coletar no escritorio;0;0.0;Sem Categoria
17/06/2026;182;Bloqueia Magalu em uma lista de Cidades que eles cortaram ;1;1.43;Sem Categoria
17/06/2026;1;Bloqueia MARYK das pesadas com origem Cotia;0;0.0;
17/06/2026;2;Bloqueia MARYK das pesadas de todas as origens;0;0.0;
17/06/2026;161;Bloqueia HPAMZ, HPB2W e HPMLU com origem Serra de sair por Sedex;0;0.0;
17/06/2026;162;Bloqueia HPAMZ, HPB2W e HPMLU com origem Coria de sair por Sedex;0;0.0;Sem Categoria
17/06/2026;163;Bloqueia HPAMZ, HPB2W e HPMLU com todas as origens de sair por Sedex;0;0.0;Sem Categoria
17/06/2026;190;Bloqueia BRBAY em Carriers, Atrus, todo brasil, Sedex, Eu entrego;0;0.0;Sem Categoria
17/06/2026;206;Bloqueia Celular de todas, exceto sedex, Carvalima, R3, Atrus, Magalu, LSP e Jamef origem Serra;0;0.0;
17/06/2026;313;Bloqueia Celular de todas, exceto sedex, Carvalima, R3, Atrus, Magalu, LSP e Jamef origem MG;0;0.0;Sem Categoria
17/06/2026;213;Bloqueia HUB09 de JeT e TodoBrasil;58;651.03;Sem Categoria
17/06/2026;269;Bloqueio de HUB09 em jadlog, Pajuçara e Dominalog;52;472.0;Sem Categoria
17/06/2026;371;Bloqueia HUB09 em R3;32;141.5;Sem Categoria
17/06/2026;372;Bloqueia HUB09 em R3;32;141.5;Sem Categoria
17/06/2026;288;Bloquieo de HUB10 e jadlog;0;0.0;Sem Categoria
17/06/2026;234;Bloqueio ITALA;0;0.0;
17/06/2026;243;Bloqueia Itala em tudo exceto atrus Cotia;0;0.0;
17/06/2026;244;Bloqueia Itala em tudo exceto atrus origem VGP;0;0.0;
17/06/2026;274;Bloquieo de HEIST em várias TSP;18;988.29;Sem Categoria
17/06/2026;382;Bloqueio gol e sedex em MG;0;0.0;Sem Categoria
17/06/2026;389;Bloqueio bebidas, powerbank e perfume para Gol;0;0.0;
17/06/2026;390;Bloqueio bebidas, powerbank e perfume para Gol 2;0;0.0;
17/06/2026;391;Bloqueio Gol, bebidas, perfumes e powerbank 3;0;0.0;
17/06/2026;392;Bloqueio Gol, bebidas, perfumes e powerbank 3;0;0.0;
17/06/2026;401;Bloquieo campanhas azul para gol;0;0.0;
17/06/2026;394;Bloquear ebb para mcpor;0;0.0;Sem Categoria
17/06/2026;402;Bloqueia EBB em tudo exceto Heineken e HUb;0;0.0;Sem Categoria
17/06/2026;405;bloqueio EBB;0;0.0;
17/06/2026;406;bloqueio EBB;0;0.0;
17/06/2026;407;bloqueio ebb;0;0.0;
17/06/2026;408;Bloqueio EBB;0;0.0;
17/06/2026;397;A transportadora stone só poderá trabalhar com a campanha STOLJ;242;3115.45;Sem Categoria
17/06/2026;400;Não deixar que a transportadora Stone retorne para pedidos expressos, exceto campanha STOLJ;0;0.0;
17/06/2026;411;Atrus - Apenas HEIST;0;0.0;
17/06/2026;419;Bloqueio da Jad nv Brasil, origem Cotia, exceto Sul e Sudeste - Inativo;22;139.61;Sem Categoria
17/06/2026;38;Bloqueia Linha branca origem Serra de Jad, Pajuçara, Carriers, Dialogo, Jamef, Atrus, Magalu, iMile, J&T e Sedex;0;0.0;
17/06/2026;39;Bloqueia Linha branca origem Cotia de Jad, Pajuçara, Carriers, Dialogo, Jamef, Atrus, Magalu, iMile, J&T e Sedex;2;43.88;Sem Categoria
17/06/2026;40;Bloqueia Linha branca todas as origens de Jad, Pajuçara, Carriers, Dialogo, Jamef, Atrus, Magalu, iMile, J&T e Sedex;3;44.81;Sem Categoria
17/06/2026;298;Bloquieo de linha branca em 42 - JADLOG  x57 - Carriers  x90 - Jamef SP  x92 - JeT EXPRESS  x119 - MAGALU  x127 - Correios SEDEX - 34028316000103  x164 - IMILE Standard  x195 - Azul linhas aereas  x com origem ES;0;0.0;Sem Categoria
17/06/2026;82;Bloqueia TV origem Serra para 56 - Pajucara  x57 - Carriers  x66 - Dialogo - SP  x92 - JeT EXPRESS  x119 - MAGALU  x127 - Correios SEDEX - 34028316000103  x;0;0.0;
17/06/2026;83;Bloqueia TV origem Cotia 56 - Pajucara  x57 - Carriers  x66 - Dialogo - SP  x92 - JeT EXPRESS  x110 - ATRUS INTERMEDIACAO  x119 - MAGALU  x127 - Correios SEDEX - 34028316000103  x;0;0.0;Sem Categoria
17/06/2026;84;Bloqueia TV Todas as origens 56 - Pajucara  x57 - Carriers  x66 - Dialogo - SP  x92 - JeT EXPRESS  x110 - ATRUS INTERMEDIACAO  x119 - MAGALU  x127 - Correios SEDEX - 34028316000103  x139 - EU ENTREGO SISTEMAS S/A  x;1;192.32;Sem Categoria
17/06/2026;184;Bloqueia Dialogo, J&T e Magalu nas cadeiras de itau origem Serra;0;0.0;
17/06/2026;202;Bloqueia todas as transportadoras em hub09 e hub10 , exceto aquelas com SLA acima de 97%  origem VGP;56;632.74;Sem Categoria
17/06/2026;207;Bloqueia Magalu e Dialogo de alguns SKU's;0;0.0;
17/06/2026;208;Bloqueia Jamef de dois SKUs;0;0.0;Sem Categoria
17/06/2026;211;Bloqueia Jamef de dois SKUs;0;0.0;Sem Categoria
17/06/2026;250;Bloqeuio de imile na origem VGP algumas cidades especificas ;3;8.87;Sem Categoria
17/06/2026;251;Bloqeuio de imile na origem Serra algumas cidades especificas;0;0.0;
17/06/2026;264;Bloquieo de JET no SKU SI5435;0;0.0;Sem Categoria
17/06/2026;268;Bloquieo de bebidas em 35 - Pacifico  x56 - Pajucara  x90 - Jamef SP  x92 - JeT EXPRESS  x120 - TODOBRASIL  x127 - Correios SEDEX - 34028316000103  x140 - LAUTO CARGO  x164 - IMILE Standard  x;84;20504.29;Sem Categoria
17/06/2026;275;Bloquieo de Pajuçara em MG em SKUs que não fazem;0;0.0;
17/06/2026;276;Bloquieo de Pajuçara em ES em SKUs que não fazem;0;0.0;Sem Categoria
17/06/2026;277;Bloquieo de Pajuçara em Cotia em SKUs que não fazem;0;0.0;
17/06/2026;278;Bloquieo de Pajuçara em VGP em SKUs que não fazem;0;0.0;
17/06/2026;336;;0;0.0;Sem Categoria
17/06/2026;368;Bloqueia todas as transportadoras de entregarem em MT e MS exceto Carvalima e Favorita para BRBAY Origem Cotia;2;22.35;Sem Categoria
17/06/2026;369;Bloqueia todas as transportadoras de entregarem em MT e MS exceto Carvalima e Favorita para BRBAY Origem VGP;0;0.0;Sem Categoria
17/06/2026;409;Bloqueio campanhas prioritarias em correios ;59;656.04;Sem Categoria
17/06/2026;410;Bloqueio campanhas prioritarias em correios ;59;656.04;Sem Categoria
17/06/2026;424;Bloquieo de HUB09 em Pacifico, Dominalog, Jadlog, Gol e J&T em HUB09 origem VGP;59;670.6;Sem Categoria
17/06/2026;301;Regra de caixa postal;0;0.0;
17/06/2026;302;Regra de caixa postal;0;0.0;
17/06/2026;303;Regra de caixa postal;0;0.0;
17/06/2026;304;Regra de caixa postal;0;0.0;
17/06/2026;305;Regra de caixa postal;0;0.0;
17/06/2026;355;Bloqueia jad e jamef em SKUs de ON;51;439.73;Sem Categoria
18/06/2026;420;Peso minimo J&T origem Cotia;14;76.97;Sem Categoria
18/06/2026;421;Peso minimo J&T origem MG;14;75.64;Sem Categoria
18/06/2026;422;Peso minimo J&T VGP;12;154.97;Sem Categoria
18/06/2026;423;Bloqueio J&T peso minimo Serra;0;0.0;
18/06/2026;186;Bloqueia Carriers de Serra;0;0.0;
18/06/2026;187;Bloqueia Carriers em Cotia;0;0.0;
18/06/2026;212;;0;0.0;
18/06/2026;412;Bloqueio iMile VGP - Inativo;333;794.38;Sem Categoria
18/06/2026;393;Bloquear a Jalod em pedidos ate 10kg - Inativo;145;1705.7;Sem Categoria
18/06/2026;416;Bloqueio da jad em MG ate 10kg - Inativo;27;386.29;Sem Categoria
18/06/2026;417;Bloqueio da Jad em VGP ate 10kg - Inativo;58;716.46;Sem Categoria
18/06/2026;198;Bloqueia Sedex de Cuaba;1;58.2;Sem Categoria
18/06/2026;404;Bloqueia Gol de todas as campanhas para pesados, exceto heist;0;0.0;
18/06/2026;396;Bloquear a transportadora stone para pedidos com o peso acima de 30kg;2;171.35;Sem Categoria
18/06/2026;153;Bloqueia Cadeiras de itau de sair para Carriers, Dialogo, J&T, Magalu, TodoBrasil;0;0.0;Sem Categoria
18/06/2026;166;Bloqueia Todo Brasil, iMile e Pajuçara com origem Serra de levar notebook;0;0.0;
18/06/2026;167;Bloqueia Magalu, com origem Cotia de levar carrinho de compras;0;0.0;
18/06/2026;170;Bloqueia Atrus em várias campamnhas especificas;0;0.0;
18/06/2026;181;Bloqueia várias transportadoras de coletar no escritorio;0;0.0;Sem Categoria
18/06/2026;182;Bloqueia Magalu em uma lista de Cidades que eles cortaram ;1;38.15;Sem Categoria
18/06/2026;1;Bloqueia MARYK das pesadas com origem Cotia;0;0.0;
18/06/2026;2;Bloqueia MARYK das pesadas de todas as origens;0;0.0;
18/06/2026;161;Bloqueia HPAMZ, HPB2W e HPMLU com origem Serra de sair por Sedex;0;0.0;
18/06/2026;162;Bloqueia HPAMZ, HPB2W e HPMLU com origem Coria de sair por Sedex;0;0.0;Sem Categoria
18/06/2026;163;Bloqueia HPAMZ, HPB2W e HPMLU com todas as origens de sair por Sedex;0;0.0;Sem Categoria
18/06/2026;190;Bloqueia BRBAY em Carriers, Atrus, todo brasil, Sedex, Eu entrego;3;155.14;Sem Categoria
18/06/2026;206;Bloqueia Celular de todas, exceto sedex, Carvalima, R3, Atrus, Magalu, LSP e Jamef origem Serra;0;0.0;
18/06/2026;313;Bloqueia Celular de todas, exceto sedex, Carvalima, R3, Atrus, Magalu, LSP e Jamef origem MG;1;27.15;Sem Categoria
18/06/2026;213;Bloqueia HUB09 de JeT e TodoBrasil;0;0.0;Sem Categoria
18/06/2026;269;Bloqueio de HUB09 em jadlog, Pajuçara e Dominalog;0;0.0;Sem Categoria
18/06/2026;371;Bloqueia HUB09 em R3;0;0.0;Sem Categoria
18/06/2026;372;Bloqueia HUB09 em R3;0;0.0;Sem Categoria
18/06/2026;288;Bloquieo de HUB10 e jadlog;0;0.0;Sem Categoria
18/06/2026;234;Bloqueio ITALA;0;0.0;
18/06/2026;243;Bloqueia Itala em tudo exceto atrus Cotia;0;0.0;
18/06/2026;244;Bloqueia Itala em tudo exceto atrus origem VGP;0;0.0;
18/06/2026;274;Bloquieo de HEIST em várias TSP;23;1261.17;Sem Categoria
18/06/2026;382;Bloqueio gol e sedex em MG;0;0.0;Sem Categoria
18/06/2026;389;Bloqueio bebidas, powerbank e perfume para Gol;0;0.0;
18/06/2026;390;Bloqueio bebidas, powerbank e perfume para Gol 2;0;0.0;
18/06/2026;391;Bloqueio Gol, bebidas, perfumes e powerbank 3;0;0.0;
18/06/2026;392;Bloqueio Gol, bebidas, perfumes e powerbank 3;0;0.0;
18/06/2026;401;Bloquieo campanhas azul para gol;0;0.0;
18/06/2026;394;Bloquear ebb para mcpor;0;0.0;Sem Categoria
18/06/2026;402;Bloqueia EBB em tudo exceto Heineken e HUb;0;0.0;Sem Categoria
18/06/2026;405;bloqueio EBB;0;0.0;
18/06/2026;406;bloqueio EBB;0;0.0;
18/06/2026;407;bloqueio ebb;0;0.0;
18/06/2026;408;Bloqueio EBB;0;0.0;
18/06/2026;397;A transportadora stone só poderá trabalhar com a campanha STOLJ;198;3943.62;Sem Categoria
18/06/2026;400;Não deixar que a transportadora Stone retorne para pedidos expressos, exceto campanha STOLJ;0;0.0;
18/06/2026;411;Atrus - Apenas HEIST;0;0.0;
18/06/2026;419;Bloqueio da Jad nv Brasil, origem Cotia, exceto Sul e Sudeste - Inativo;31;108.45;Sem Categoria
18/06/2026;38;Bloqueia Linha branca origem Serra de Jad, Pajuçara, Carriers, Dialogo, Jamef, Atrus, Magalu, iMile, J&T e Sedex;0;0.0;
18/06/2026;39;Bloqueia Linha branca origem Cotia de Jad, Pajuçara, Carriers, Dialogo, Jamef, Atrus, Magalu, iMile, J&T e Sedex;1;68.74;Sem Categoria
18/06/2026;40;Bloqueia Linha branca todas as origens de Jad, Pajuçara, Carriers, Dialogo, Jamef, Atrus, Magalu, iMile, J&T e Sedex;2;95.89;Sem Categoria
18/06/2026;298;Bloquieo de linha branca em 42 - JADLOG  x57 - Carriers  x90 - Jamef SP  x92 - JeT EXPRESS  x119 - MAGALU  x127 - Correios SEDEX - 34028316000103  x164 - IMILE Standard  x195 - Azul linhas aereas  x com origem ES;0;0.0;Sem Categoria
18/06/2026;82;Bloqueia TV origem Serra para 56 - Pajucara  x57 - Carriers  x66 - Dialogo - SP  x92 - JeT EXPRESS  x119 - MAGALU  x127 - Correios SEDEX - 34028316000103  x;0;0.0;
18/06/2026;83;Bloqueia TV origem Cotia 56 - Pajucara  x57 - Carriers  x66 - Dialogo - SP  x92 - JeT EXPRESS  x110 - ATRUS INTERMEDIACAO  x119 - MAGALU  x127 - Correios SEDEX - 34028316000103  x;0;0.0;Sem Categoria
18/06/2026;84;Bloqueia TV Todas as origens 56 - Pajucara  x57 - Carriers  x66 - Dialogo - SP  x92 - JeT EXPRESS  x110 - ATRUS INTERMEDIACAO  x119 - MAGALU  x127 - Correios SEDEX - 34028316000103  x139 - EU ENTREGO SISTEMAS S/A  x;0;0.0;Sem Categoria
18/06/2026;184;Bloqueia Dialogo, J&T e Magalu nas cadeiras de itau origem Serra;0;0.0;
18/06/2026;202;Bloqueia todas as transportadoras em hub09 e hub10 , exceto aquelas com SLA acima de 97%  origem VGP;0;0.0;Sem Categoria
18/06/2026;207;Bloqueia Magalu e Dialogo de alguns SKU's;0;0.0;
18/06/2026;208;Bloqueia Jamef de dois SKUs;0;0.0;Sem Categoria
18/06/2026;211;Bloqueia Jamef de dois SKUs;0;0.0;Sem Categoria
18/06/2026;250;Bloqeuio de imile na origem VGP algumas cidades especificas ;4;6.76;Sem Categoria
18/06/2026;251;Bloqeuio de imile na origem Serra algumas cidades especificas;0;0.0;
18/06/2026;264;Bloquieo de JET no SKU SI5435;0;0.0;Sem Categoria
18/06/2026;268;Bloquieo de bebidas em 35 - Pacifico  x56 - Pajucara  x90 - Jamef SP  x92 - JeT EXPRESS  x120 - TODOBRASIL  x127 - Correios SEDEX - 34028316000103  x140 - LAUTO CARGO  x164 - IMILE Standard  x;112;14935.3;Sem Categoria
18/06/2026;275;Bloquieo de Pajuçara em MG em SKUs que não fazem;0;0.0;
18/06/2026;276;Bloquieo de Pajuçara em ES em SKUs que não fazem;0;0.0;Sem Categoria
18/06/2026;277;Bloquieo de Pajuçara em Cotia em SKUs que não fazem;0;0.0;
18/06/2026;278;Bloquieo de Pajuçara em VGP em SKUs que não fazem;0;0.0;
18/06/2026;336;;1;27.15;Sem Categoria
18/06/2026;368;Bloqueia todas as transportadoras de entregarem em MT e MS exceto Carvalima e Favorita para BRBAY Origem Cotia;2;28.78;Sem Categoria
18/06/2026;369;Bloqueia todas as transportadoras de entregarem em MT e MS exceto Carvalima e Favorita para BRBAY Origem VGP;5;35.27;Sem Categoria
18/06/2026;409;Bloqueio campanhas prioritarias em correios ;2;35.52;Sem Categoria
18/06/2026;410;Bloqueio campanhas prioritarias em correios ;2;35.52;Sem Categoria
18/06/2026;424;Bloquieo de HUB09 em Pacifico, Dominalog, Jadlog, Gol e J&T em HUB09 origem VGP;0;0.0;Sem Categoria
18/06/2026;301;Regra de caixa postal;0;0.0;
18/06/2026;302;Regra de caixa postal;0;0.0;
18/06/2026;303;Regra de caixa postal;0;0.0;
18/06/2026;304;Regra de caixa postal;0;0.0;
18/06/2026;305;Regra de caixa postal;0;0.0;
18/06/2026;355;Bloqueia jad e jamef em SKUs de ON;0;0.0;Sem Categoria
19/06/2026;420;Peso minimo J&T origem Cotia;26;124.52;Sem Categoria
19/06/2026;421;Peso minimo J&T origem MG;4;21.18;Sem Categoria
19/06/2026;422;Peso minimo J&T VGP;2;5.47;Sem Categoria
19/06/2026;423;Bloqueio J&T peso minimo Serra;0;0.0;
19/06/2026;186;Bloqueia Carriers de Serra;0;0.0;
19/06/2026;187;Bloqueia Carriers em Cotia;0;0.0;
19/06/2026;212;;0;0.0;
19/06/2026;412;Bloqueio iMile VGP - Inativo;402;1662.72;Sem Categoria
19/06/2026;393;Bloquear a Jalod em pedidos ate 10kg - Inativo;147;1774.42;Sem Categoria
19/06/2026;416;Bloqueio da jad em MG ate 10kg - Inativo;20;153.48;Sem Categoria
19/06/2026;417;Bloqueio da Jad em VGP ate 10kg - Inativo;73;1331.13;Sem Categoria
19/06/2026;198;Bloqueia Sedex de Cuaba;0;0.0;Sem Categoria
19/06/2026;404;Bloqueia Gol de todas as campanhas para pesados, exceto heist;0;0.0;
19/06/2026;396;Bloquear a transportadora stone para pedidos com o peso acima de 30kg;1;260.24;Sem Categoria
19/06/2026;153;Bloqueia Cadeiras de itau de sair para Carriers, Dialogo, J&T, Magalu, TodoBrasil;1;3.99;Sem Categoria
19/06/2026;166;Bloqueia Todo Brasil, iMile e Pajuçara com origem Serra de levar notebook;0;0.0;
19/06/2026;167;Bloqueia Magalu, com origem Cotia de levar carrinho de compras;0;0.0;
19/06/2026;170;Bloqueia Atrus em várias campamnhas especificas;0;0.0;
19/06/2026;181;Bloqueia várias transportadoras de coletar no escritorio;0;0.0;Sem Categoria
19/06/2026;182;Bloqueia Magalu em uma lista de Cidades que eles cortaram ;1;0.32;Sem Categoria
19/06/2026;1;Bloqueia MARYK das pesadas com origem Cotia;0;0.0;
19/06/2026;2;Bloqueia MARYK das pesadas de todas as origens;0;0.0;
19/06/2026;161;Bloqueia HPAMZ, HPB2W e HPMLU com origem Serra de sair por Sedex;0;0.0;
19/06/2026;162;Bloqueia HPAMZ, HPB2W e HPMLU com origem Coria de sair por Sedex;0;0.0;Sem Categoria
19/06/2026;163;Bloqueia HPAMZ, HPB2W e HPMLU com todas as origens de sair por Sedex;0;0.0;Sem Categoria
19/06/2026;190;Bloqueia BRBAY em Carriers, Atrus, todo brasil, Sedex, Eu entrego;2;116.68;Sem Categoria
19/06/2026;206;Bloqueia Celular de todas, exceto sedex, Carvalima, R3, Atrus, Magalu, LSP e Jamef origem Serra;0;0.0;
19/06/2026;313;Bloqueia Celular de todas, exceto sedex, Carvalima, R3, Atrus, Magalu, LSP e Jamef origem MG;0;0.0;Sem Categoria
19/06/2026;213;Bloqueia HUB09 de JeT e TodoBrasil;86;1172.28;Sem Categoria
19/06/2026;269;Bloqueio de HUB09 em jadlog, Pajuçara e Dominalog;48;729.36;Sem Categoria
19/06/2026;371;Bloqueia HUB09 em R3;22;297.04;Sem Categoria
19/06/2026;372;Bloqueia HUB09 em R3;22;297.04;Sem Categoria
19/06/2026;288;Bloquieo de HUB10 e jadlog;1;49.62;Sem Categoria
19/06/2026;234;Bloqueio ITALA;0;0.0;
19/06/2026;243;Bloqueia Itala em tudo exceto atrus Cotia;0;0.0;
19/06/2026;244;Bloqueia Itala em tudo exceto atrus origem VGP;0;0.0;
19/06/2026;274;Bloquieo de HEIST em várias TSP;12;804.51;Sem Categoria
19/06/2026;382;Bloqueio gol e sedex em MG;0;0.0;Sem Categoria
19/06/2026;389;Bloqueio bebidas, powerbank e perfume para Gol;0;0.0;
19/06/2026;390;Bloqueio bebidas, powerbank e perfume para Gol 2;0;0.0;
19/06/2026;391;Bloqueio Gol, bebidas, perfumes e powerbank 3;0;0.0;
19/06/2026;392;Bloqueio Gol, bebidas, perfumes e powerbank 3;0;0.0;
19/06/2026;401;Bloquieo campanhas azul para gol;0;0.0;
19/06/2026;394;Bloquear ebb para mcpor;0;0.0;Sem Categoria
19/06/2026;402;Bloqueia EBB em tudo exceto Heineken e HUb;0;0.0;Sem Categoria
19/06/2026;405;bloqueio EBB;0;0.0;
19/06/2026;406;bloqueio EBB;0;0.0;
19/06/2026;407;bloqueio ebb;0;0.0;
19/06/2026;408;Bloqueio EBB;0;0.0;
19/06/2026;397;A transportadora stone só poderá trabalhar com a campanha STOLJ;208;3043.95;Sem Categoria
19/06/2026;400;Não deixar que a transportadora Stone retorne para pedidos expressos, exceto campanha STOLJ;0;0.0;
19/06/2026;411;Atrus - Apenas HEIST;0;0.0;
19/06/2026;419;Bloqueio da Jad nv Brasil, origem Cotia, exceto Sul e Sudeste - Inativo;22;45.14;Sem Categoria
19/06/2026;38;Bloqueia Linha branca origem Serra de Jad, Pajuçara, Carriers, Dialogo, Jamef, Atrus, Magalu, iMile, J&T e Sedex;0;0.0;
19/06/2026;39;Bloqueia Linha branca origem Cotia de Jad, Pajuçara, Carriers, Dialogo, Jamef, Atrus, Magalu, iMile, J&T e Sedex;5;44.18;Sem Categoria
19/06/2026;40;Bloqueia Linha branca todas as origens de Jad, Pajuçara, Carriers, Dialogo, Jamef, Atrus, Magalu, iMile, J&T e Sedex;5;44.18;Sem Categoria
19/06/2026;298;Bloquieo de linha branca em 42 - JADLOG  x57 - Carriers  x90 - Jamef SP  x92 - JeT EXPRESS  x119 - MAGALU  x127 - Correios SEDEX - 34028316000103  x164 - IMILE Standard  x195 - Azul linhas aereas  x com origem ES;0;0.0;Sem Categoria
19/06/2026;82;Bloqueia TV origem Serra para 56 - Pajucara  x57 - Carriers  x66 - Dialogo - SP  x92 - JeT EXPRESS  x119 - MAGALU  x127 - Correios SEDEX - 34028316000103  x;0;0.0;
19/06/2026;83;Bloqueia TV origem Cotia 56 - Pajucara  x57 - Carriers  x66 - Dialogo - SP  x92 - JeT EXPRESS  x110 - ATRUS INTERMEDIACAO  x119 - MAGALU  x127 - Correios SEDEX - 34028316000103  x;0;0.0;Sem Categoria
19/06/2026;84;Bloqueia TV Todas as origens 56 - Pajucara  x57 - Carriers  x66 - Dialogo - SP  x92 - JeT EXPRESS  x110 - ATRUS INTERMEDIACAO  x119 - MAGALU  x127 - Correios SEDEX - 34028316000103  x139 - EU ENTREGO SISTEMAS S/A  x;1;96.19;Sem Categoria
19/06/2026;184;Bloqueia Dialogo, J&T e Magalu nas cadeiras de itau origem Serra;0;0.0;
19/06/2026;202;Bloqueia todas as transportadoras em hub09 e hub10 , exceto aquelas com SLA acima de 97%  origem VGP;94;1172.08;Sem Categoria
19/06/2026;207;Bloqueia Magalu e Dialogo de alguns SKU's;0;0.0;
19/06/2026;208;Bloqueia Jamef de dois SKUs;0;0.0;Sem Categoria
19/06/2026;211;Bloqueia Jamef de dois SKUs;0;0.0;Sem Categoria
19/06/2026;250;Bloqeuio de imile na origem VGP algumas cidades especificas ;8;66.91;Sem Categoria
19/06/2026;251;Bloqeuio de imile na origem Serra algumas cidades especificas;0;0.0;
19/06/2026;264;Bloquieo de JET no SKU SI5435;0;0.0;Sem Categoria
19/06/2026;268;Bloquieo de bebidas em 35 - Pacifico  x56 - Pajucara  x90 - Jamef SP  x92 - JeT EXPRESS  x120 - TODOBRASIL  x127 - Correios SEDEX - 34028316000103  x140 - LAUTO CARGO  x164 - IMILE Standard  x;48;10585.21;Sem Categoria
19/06/2026;275;Bloquieo de Pajuçara em MG em SKUs que não fazem;0;0.0;
19/06/2026;276;Bloquieo de Pajuçara em ES em SKUs que não fazem;0;0.0;Sem Categoria
19/06/2026;277;Bloquieo de Pajuçara em Cotia em SKUs que não fazem;0;0.0;
19/06/2026;278;Bloquieo de Pajuçara em VGP em SKUs que não fazem;0;0.0;
19/06/2026;336;;0;0.0;Sem Categoria
19/06/2026;368;Bloqueia todas as transportadoras de entregarem em MT e MS exceto Carvalima e Favorita para BRBAY Origem Cotia;7;153.0;Sem Categoria
19/06/2026;369;Bloqueia todas as transportadoras de entregarem em MT e MS exceto Carvalima e Favorita para BRBAY Origem VGP;2;36.73;Sem Categoria
19/06/2026;409;Bloqueio campanhas prioritarias em correios ;94;1172.08;Sem Categoria
19/06/2026;410;Bloqueio campanhas prioritarias em correios ;94;1172.08;Sem Categoria
19/06/2026;424;Bloquieo de HUB09 em Pacifico, Dominalog, Jadlog, Gol e J&T em HUB09 origem VGP;88;1241.12;Sem Categoria
19/06/2026;301;Regra de caixa postal;0;0.0;
19/06/2026;302;Regra de caixa postal;0;0.0;
19/06/2026;303;Regra de caixa postal;0;0.0;
19/06/2026;304;Regra de caixa postal;0;0.0;
19/06/2026;305;Regra de caixa postal;0;0.0;
19/06/2026;355;Bloqueia jad e jamef em SKUs de ON;40;574.87;Sem Categoria
20/06/2026;420;Peso minimo J&T origem Cotia;11;11.18;Sem Categoria
20/06/2026;421;Peso minimo J&T origem MG;7;43.07;Sem Categoria
20/06/2026;422;Peso minimo J&T VGP;6;15.57;Sem Categoria
20/06/2026;423;Bloqueio J&T peso minimo Serra;0;0.0;
20/06/2026;186;Bloqueia Carriers de Serra;0;0.0;
20/06/2026;187;Bloqueia Carriers em Cotia;0;0.0;
20/06/2026;212;;0;0.0;
20/06/2026;412;Bloqueio iMile VGP - Inativo;130;227.02;Sem Categoria
20/06/2026;393;Bloquear a Jalod em pedidos ate 10kg - Inativo;46;129.85;Sem Categoria
20/06/2026;416;Bloqueio da jad em MG ate 10kg - Inativo;11;23.48;Sem Categoria
20/06/2026;417;Bloqueio da Jad em VGP ate 10kg - Inativo;14;64.46;Sem Categoria
20/06/2026;198;Bloqueia Sedex de Cuaba;0;0.0;Sem Categoria
20/06/2026;404;Bloqueia Gol de todas as campanhas para pesados, exceto heist;0;0.0;
20/06/2026;396;Bloquear a transportadora stone para pedidos com o peso acima de 30kg;0;0.0;Sem Categoria
20/06/2026;153;Bloqueia Cadeiras de itau de sair para Carriers, Dialogo, J&T, Magalu, TodoBrasil;0;0.0;Sem Categoria
20/06/2026;166;Bloqueia Todo Brasil, iMile e Pajuçara com origem Serra de levar notebook;0;0.0;
20/06/2026;167;Bloqueia Magalu, com origem Cotia de levar carrinho de compras;0;0.0;
20/06/2026;170;Bloqueia Atrus em várias campamnhas especificas;0;0.0;
20/06/2026;181;Bloqueia várias transportadoras de coletar no escritorio;0;0.0;Sem Categoria
20/06/2026;182;Bloqueia Magalu em uma lista de Cidades que eles cortaram ;0;0.0;Sem Categoria
20/06/2026;1;Bloqueia MARYK das pesadas com origem Cotia;0;0.0;
20/06/2026;2;Bloqueia MARYK das pesadas de todas as origens;0;0.0;
20/06/2026;161;Bloqueia HPAMZ, HPB2W e HPMLU com origem Serra de sair por Sedex;0;0.0;
20/06/2026;162;Bloqueia HPAMZ, HPB2W e HPMLU com origem Coria de sair por Sedex;0;0.0;Sem Categoria
20/06/2026;163;Bloqueia HPAMZ, HPB2W e HPMLU com todas as origens de sair por Sedex;0;0.0;Sem Categoria
20/06/2026;190;Bloqueia BRBAY em Carriers, Atrus, todo brasil, Sedex, Eu entrego;0;0.0;Sem Categoria
20/06/2026;206;Bloqueia Celular de todas, exceto sedex, Carvalima, R3, Atrus, Magalu, LSP e Jamef origem Serra;0;0.0;
20/06/2026;313;Bloqueia Celular de todas, exceto sedex, Carvalima, R3, Atrus, Magalu, LSP e Jamef origem MG;0;0.0;Sem Categoria
20/06/2026;213;Bloqueia HUB09 de JeT e TodoBrasil;0;0.0;Sem Categoria
20/06/2026;269;Bloqueio de HUB09 em jadlog, Pajuçara e Dominalog;0;0.0;Sem Categoria
20/06/2026;371;Bloqueia HUB09 em R3;0;0.0;Sem Categoria
20/06/2026;372;Bloqueia HUB09 em R3;0;0.0;Sem Categoria
20/06/2026;288;Bloquieo de HUB10 e jadlog;0;0.0;Sem Categoria
20/06/2026;234;Bloqueio ITALA;0;0.0;
20/06/2026;243;Bloqueia Itala em tudo exceto atrus Cotia;0;0.0;
20/06/2026;244;Bloqueia Itala em tudo exceto atrus origem VGP;0;0.0;
20/06/2026;274;Bloquieo de HEIST em várias TSP;5;276.39;Sem Categoria
20/06/2026;382;Bloqueio gol e sedex em MG;1;0.4;Sem Categoria
20/06/2026;389;Bloqueio bebidas, powerbank e perfume para Gol;0;0.0;
20/06/2026;390;Bloqueio bebidas, powerbank e perfume para Gol 2;0;0.0;
20/06/2026;391;Bloqueio Gol, bebidas, perfumes e powerbank 3;0;0.0;
20/06/2026;392;Bloqueio Gol, bebidas, perfumes e powerbank 3;0;0.0;
20/06/2026;401;Bloquieo campanhas azul para gol;0;0.0;
20/06/2026;394;Bloquear ebb para mcpor;0;0.0;Sem Categoria
20/06/2026;402;Bloqueia EBB em tudo exceto Heineken e HUb;0;0.0;Sem Categoria
20/06/2026;405;bloqueio EBB;0;0.0;
20/06/2026;406;bloqueio EBB;0;0.0;
20/06/2026;407;bloqueio ebb;0;0.0;
20/06/2026;408;Bloqueio EBB;0;0.0;
20/06/2026;397;A transportadora stone só poderá trabalhar com a campanha STOLJ;80;529.58;Sem Categoria
20/06/2026;400;Não deixar que a transportadora Stone retorne para pedidos expressos, exceto campanha STOLJ;0;0.0;
20/06/2026;411;Atrus - Apenas HEIST;0;0.0;
20/06/2026;419;Bloqueio da Jad nv Brasil, origem Cotia, exceto Sul e Sudeste - Inativo;9;4.73;Sem Categoria
20/06/2026;38;Bloqueia Linha branca origem Serra de Jad, Pajuçara, Carriers, Dialogo, Jamef, Atrus, Magalu, iMile, J&T e Sedex;0;0.0;
20/06/2026;39;Bloqueia Linha branca origem Cotia de Jad, Pajuçara, Carriers, Dialogo, Jamef, Atrus, Magalu, iMile, J&T e Sedex;0;0.0;Sem Categoria
20/06/2026;40;Bloqueia Linha branca todas as origens de Jad, Pajuçara, Carriers, Dialogo, Jamef, Atrus, Magalu, iMile, J&T e Sedex;2;34.26;Sem Categoria
20/06/2026;298;Bloquieo de linha branca em 42 - JADLOG  x57 - Carriers  x90 - Jamef SP  x92 - JeT EXPRESS  x119 - MAGALU  x127 - Correios SEDEX - 34028316000103  x164 - IMILE Standard  x195 - Azul linhas aereas  x com origem ES;0;0.0;Sem Categoria
20/06/2026;82;Bloqueia TV origem Serra para 56 - Pajucara  x57 - Carriers  x66 - Dialogo - SP  x92 - JeT EXPRESS  x119 - MAGALU  x127 - Correios SEDEX - 34028316000103  x;0;0.0;
20/06/2026;83;Bloqueia TV origem Cotia 56 - Pajucara  x57 - Carriers  x66 - Dialogo - SP  x92 - JeT EXPRESS  x110 - ATRUS INTERMEDIACAO  x119 - MAGALU  x127 - Correios SEDEX - 34028316000103  x;0;0.0;Sem Categoria
20/06/2026;84;Bloqueia TV Todas as origens 56 - Pajucara  x57 - Carriers  x66 - Dialogo - SP  x92 - JeT EXPRESS  x110 - ATRUS INTERMEDIACAO  x119 - MAGALU  x127 - Correios SEDEX - 34028316000103  x139 - EU ENTREGO SISTEMAS S/A  x;0;0.0;Sem Categoria
20/06/2026;184;Bloqueia Dialogo, J&T e Magalu nas cadeiras de itau origem Serra;0;0.0;
20/06/2026;202;Bloqueia todas as transportadoras em hub09 e hub10 , exceto aquelas com SLA acima de 97%  origem VGP;0;0.0;Sem Categoria
20/06/2026;207;Bloqueia Magalu e Dialogo de alguns SKU's;0;0.0;
20/06/2026;208;Bloqueia Jamef de dois SKUs;0;0.0;Sem Categoria
20/06/2026;211;Bloqueia Jamef de dois SKUs;0;0.0;Sem Categoria
20/06/2026;250;Bloqeuio de imile na origem VGP algumas cidades especificas ;3;5.82;Sem Categoria
20/06/2026;251;Bloqeuio de imile na origem Serra algumas cidades especificas;0;0.0;
20/06/2026;264;Bloquieo de JET no SKU SI5435;0;0.0;Sem Categoria
20/06/2026;268;Bloquieo de bebidas em 35 - Pacifico  x56 - Pajucara  x90 - Jamef SP  x92 - JeT EXPRESS  x120 - TODOBRASIL  x127 - Correios SEDEX - 34028316000103  x140 - LAUTO CARGO  x164 - IMILE Standard  x;20;6316.48;Sem Categoria
20/06/2026;275;Bloquieo de Pajuçara em MG em SKUs que não fazem;0;0.0;
20/06/2026;276;Bloquieo de Pajuçara em ES em SKUs que não fazem;0;0.0;Sem Categoria
20/06/2026;277;Bloquieo de Pajuçara em Cotia em SKUs que não fazem;0;0.0;
20/06/2026;278;Bloquieo de Pajuçara em VGP em SKUs que não fazem;0;0.0;
20/06/2026;336;;0;0.0;Sem Categoria
20/06/2026;368;Bloqueia todas as transportadoras de entregarem em MT e MS exceto Carvalima e Favorita para BRBAY Origem Cotia;2;41.61;Sem Categoria
20/06/2026;369;Bloqueia todas as transportadoras de entregarem em MT e MS exceto Carvalima e Favorita para BRBAY Origem VGP;1;5.15;Sem Categoria
20/06/2026;409;Bloqueio campanhas prioritarias em correios ;1;5.53;Sem Categoria
20/06/2026;410;Bloqueio campanhas prioritarias em correios ;1;5.53;Sem Categoria
20/06/2026;424;Bloquieo de HUB09 em Pacifico, Dominalog, Jadlog, Gol e J&T em HUB09 origem VGP;0;0.0;Sem Categoria
20/06/2026;301;Regra de caixa postal;0;0.0;
20/06/2026;302;Regra de caixa postal;0;0.0;
20/06/2026;303;Regra de caixa postal;0;0.0;
20/06/2026;304;Regra de caixa postal;0;0.0;
20/06/2026;305;Regra de caixa postal;0;0.0;
20/06/2026;355;Bloqueia jad e jamef em SKUs de ON;0;0.0;Sem Categoria
21/06/2026;420;Peso minimo J&T origem Cotia;38;190.83;Sem Categoria
21/06/2026;421;Peso minimo J&T origem MG;10;11.8;Sem Categoria
21/06/2026;422;Peso minimo J&T VGP;2;4.2;Sem Categoria
21/06/2026;423;Bloqueio J&T peso minimo Serra;0;0.0;
21/06/2026;186;Bloqueia Carriers de Serra;0;0.0;
21/06/2026;187;Bloqueia Carriers em Cotia;0;0.0;
21/06/2026;212;;0;0.0;
21/06/2026;412;Bloqueio iMile VGP - Inativo;202;329.27;Sem Categoria
21/06/2026;393;Bloquear a Jalod em pedidos ate 10kg - Inativo;88;458.88;Sem Categoria
21/06/2026;416;Bloqueio da jad em MG ate 10kg - Inativo;25;133.61;Sem Categoria
21/06/2026;417;Bloqueio da Jad em VGP ate 10kg - Inativo;16;252.24;Sem Categoria
21/06/2026;198;Bloqueia Sedex de Cuaba;0;0.0;Sem Categoria
21/06/2026;404;Bloqueia Gol de todas as campanhas para pesados, exceto heist;0;0.0;
21/06/2026;396;Bloquear a transportadora stone para pedidos com o peso acima de 30kg;0;0.0;Sem Categoria
21/06/2026;153;Bloqueia Cadeiras de itau de sair para Carriers, Dialogo, J&T, Magalu, TodoBrasil;0;0.0;Sem Categoria
21/06/2026;166;Bloqueia Todo Brasil, iMile e Pajuçara com origem Serra de levar notebook;0;0.0;
21/06/2026;167;Bloqueia Magalu, com origem Cotia de levar carrinho de compras;0;0.0;
21/06/2026;170;Bloqueia Atrus em várias campamnhas especificas;0;0.0;
21/06/2026;181;Bloqueia várias transportadoras de coletar no escritorio;0;0.0;Sem Categoria
21/06/2026;182;Bloqueia Magalu em uma lista de Cidades que eles cortaram ;1;0.03;Sem Categoria
21/06/2026;1;Bloqueia MARYK das pesadas com origem Cotia;0;0.0;
21/06/2026;2;Bloqueia MARYK das pesadas de todas as origens;0;0.0;
21/06/2026;161;Bloqueia HPAMZ, HPB2W e HPMLU com origem Serra de sair por Sedex;0;0.0;
21/06/2026;162;Bloqueia HPAMZ, HPB2W e HPMLU com origem Coria de sair por Sedex;0;0.0;Sem Categoria
21/06/2026;163;Bloqueia HPAMZ, HPB2W e HPMLU com todas as origens de sair por Sedex;0;0.0;Sem Categoria
21/06/2026;190;Bloqueia BRBAY em Carriers, Atrus, todo brasil, Sedex, Eu entrego;0;0.0;Sem Categoria
21/06/2026;206;Bloqueia Celular de todas, exceto sedex, Carvalima, R3, Atrus, Magalu, LSP e Jamef origem Serra;0;0.0;
21/06/2026;313;Bloqueia Celular de todas, exceto sedex, Carvalima, R3, Atrus, Magalu, LSP e Jamef origem MG;0;0.0;Sem Categoria
21/06/2026;213;Bloqueia HUB09 de JeT e TodoBrasil;0;0.0;Sem Categoria
21/06/2026;269;Bloqueio de HUB09 em jadlog, Pajuçara e Dominalog;0;0.0;Sem Categoria
21/06/2026;371;Bloqueia HUB09 em R3;0;0.0;Sem Categoria
21/06/2026;372;Bloqueia HUB09 em R3;0;0.0;Sem Categoria
21/06/2026;288;Bloquieo de HUB10 e jadlog;0;0.0;Sem Categoria
21/06/2026;234;Bloqueio ITALA;0;0.0;
21/06/2026;243;Bloqueia Itala em tudo exceto atrus Cotia;0;0.0;
21/06/2026;244;Bloqueia Itala em tudo exceto atrus origem VGP;0;0.0;
21/06/2026;274;Bloquieo de HEIST em várias TSP;6;394.63;Sem Categoria
21/06/2026;382;Bloqueio gol e sedex em MG;0;0.0;Sem Categoria
21/06/2026;389;Bloqueio bebidas, powerbank e perfume para Gol;0;0.0;
21/06/2026;390;Bloqueio bebidas, powerbank e perfume para Gol 2;0;0.0;
21/06/2026;391;Bloqueio Gol, bebidas, perfumes e powerbank 3;0;0.0;
21/06/2026;392;Bloqueio Gol, bebidas, perfumes e powerbank 3;0;0.0;
21/06/2026;401;Bloquieo campanhas azul para gol;0;0.0;
21/06/2026;394;Bloquear ebb para mcpor;0;0.0;Sem Categoria
21/06/2026;402;Bloqueia EBB em tudo exceto Heineken e HUb;0;0.0;Sem Categoria
21/06/2026;405;bloqueio EBB;0;0.0;
21/06/2026;406;bloqueio EBB;0;0.0;
21/06/2026;407;bloqueio ebb;0;0.0;
21/06/2026;408;Bloqueio EBB;0;0.0;
21/06/2026;397;A transportadora stone só poderá trabalhar com a campanha STOLJ;76;536.15;Sem Categoria
21/06/2026;400;Não deixar que a transportadora Stone retorne para pedidos expressos, exceto campanha STOLJ;0;0.0;
21/06/2026;411;Atrus - Apenas HEIST;0;0.0;
21/06/2026;419;Bloqueio da Jad nv Brasil, origem Cotia, exceto Sul e Sudeste - Inativo;27;20.87;Sem Categoria
21/06/2026;38;Bloqueia Linha branca origem Serra de Jad, Pajuçara, Carriers, Dialogo, Jamef, Atrus, Magalu, iMile, J&T e Sedex;0;0.0;
21/06/2026;39;Bloqueia Linha branca origem Cotia de Jad, Pajuçara, Carriers, Dialogo, Jamef, Atrus, Magalu, iMile, J&T e Sedex;0;0.0;Sem Categoria
21/06/2026;40;Bloqueia Linha branca todas as origens de Jad, Pajuçara, Carriers, Dialogo, Jamef, Atrus, Magalu, iMile, J&T e Sedex;0;0.0;Sem Categoria
21/06/2026;298;Bloquieo de linha branca em 42 - JADLOG  x57 - Carriers  x90 - Jamef SP  x92 - JeT EXPRESS  x119 - MAGALU  x127 - Correios SEDEX - 34028316000103  x164 - IMILE Standard  x195 - Azul linhas aereas  x com origem ES;0;0.0;Sem Categoria
21/06/2026;82;Bloqueia TV origem Serra para 56 - Pajucara  x57 - Carriers  x66 - Dialogo - SP  x92 - JeT EXPRESS  x119 - MAGALU  x127 - Correios SEDEX - 34028316000103  x;0;0.0;
21/06/2026;83;Bloqueia TV origem Cotia 56 - Pajucara  x57 - Carriers  x66 - Dialogo - SP  x92 - JeT EXPRESS  x110 - ATRUS INTERMEDIACAO  x119 - MAGALU  x127 - Correios SEDEX - 34028316000103  x;0;0.0;Sem Categoria
21/06/2026;84;Bloqueia TV Todas as origens 56 - Pajucara  x57 - Carriers  x66 - Dialogo - SP  x92 - JeT EXPRESS  x110 - ATRUS INTERMEDIACAO  x119 - MAGALU  x127 - Correios SEDEX - 34028316000103  x139 - EU ENTREGO SISTEMAS S/A  x;0;0.0;Sem Categoria
21/06/2026;184;Bloqueia Dialogo, J&T e Magalu nas cadeiras de itau origem Serra;0;0.0;
21/06/2026;202;Bloqueia todas as transportadoras em hub09 e hub10 , exceto aquelas com SLA acima de 97%  origem VGP;0;0.0;Sem Categoria
21/06/2026;207;Bloqueia Magalu e Dialogo de alguns SKU's;0;0.0;
21/06/2026;208;Bloqueia Jamef de dois SKUs;0;0.0;Sem Categoria
21/06/2026;211;Bloqueia Jamef de dois SKUs;0;0.0;Sem Categoria
21/06/2026;250;Bloqeuio de imile na origem VGP algumas cidades especificas ;1;1.99;Sem Categoria
21/06/2026;251;Bloqeuio de imile na origem Serra algumas cidades especificas;0;0.0;
21/06/2026;264;Bloquieo de JET no SKU SI5435;0;0.0;Sem Categoria
21/06/2026;268;Bloquieo de bebidas em 35 - Pacifico  x56 - Pajucara  x90 - Jamef SP  x92 - JeT EXPRESS  x120 - TODOBRASIL  x127 - Correios SEDEX - 34028316000103  x140 - LAUTO CARGO  x164 - IMILE Standard  x;28;2772.25;Sem Categoria
21/06/2026;275;Bloquieo de Pajuçara em MG em SKUs que não fazem;0;0.0;
21/06/2026;276;Bloquieo de Pajuçara em ES em SKUs que não fazem;0;0.0;Sem Categoria
21/06/2026;277;Bloquieo de Pajuçara em Cotia em SKUs que não fazem;0;0.0;
21/06/2026;278;Bloquieo de Pajuçara em VGP em SKUs que não fazem;0;0.0;
21/06/2026;336;;0;0.0;Sem Categoria
21/06/2026;368;Bloqueia todas as transportadoras de entregarem em MT e MS exceto Carvalima e Favorita para BRBAY Origem Cotia;0;0.0;Sem Categoria
21/06/2026;369;Bloqueia todas as transportadoras de entregarem em MT e MS exceto Carvalima e Favorita para BRBAY Origem VGP;0;0.0;Sem Categoria
21/06/2026;409;Bloqueio campanhas prioritarias em correios ;2;3.76;Sem Categoria
21/06/2026;410;Bloqueio campanhas prioritarias em correios ;2;3.76;Sem Categoria
21/06/2026;424;Bloquieo de HUB09 em Pacifico, Dominalog, Jadlog, Gol e J&T em HUB09 origem VGP;0;0.0;Sem Categoria
21/06/2026;301;Regra de caixa postal;0;0.0;
21/06/2026;302;Regra de caixa postal;0;0.0;
21/06/2026;303;Regra de caixa postal;0;0.0;
21/06/2026;304;Regra de caixa postal;0;0.0;
21/06/2026;305;Regra de caixa postal;0;0.0;
21/06/2026;355;Bloqueia jad e jamef em SKUs de ON;0;0.0;Sem Categoria
22/06/2026;420;Peso minimo J&T origem Cotia;26;107.31;Sem Categoria
22/06/2026;421;Peso minimo J&T origem MG;10;28.89;Sem Categoria
22/06/2026;422;Peso minimo J&T VGP;4;6.85;Sem Categoria
22/06/2026;423;Bloqueio J&T peso minimo Serra;0;0.0;
22/06/2026;186;Bloqueia Carriers de Serra;0;0.0;
22/06/2026;187;Bloqueia Carriers em Cotia;0;0.0;
22/06/2026;212;;0;0.0;
22/06/2026;412;Bloqueio iMile VGP - Inativo;185;1007.31;Sem Categoria
22/06/2026;393;Bloquear a Jalod em pedidos ate 10kg - Inativo;129;1543.1;Sem Categoria
22/06/2026;416;Bloqueio da jad em MG ate 10kg - Inativo;45;383.55;Sem Categoria
22/06/2026;417;Bloqueio da Jad em VGP ate 10kg - Inativo;43;713.94;Sem Categoria
22/06/2026;198;Bloqueia Sedex de Cuaba;0;0.0;Sem Categoria
22/06/2026;404;Bloqueia Gol de todas as campanhas para pesados, exceto heist;0;0.0;
22/06/2026;396;Bloquear a transportadora stone para pedidos com o peso acima de 30kg;2;19.99;Sem Categoria
22/06/2026;153;Bloqueia Cadeiras de itau de sair para Carriers, Dialogo, J&T, Magalu, TodoBrasil;0;0.0;Sem Categoria
22/06/2026;166;Bloqueia Todo Brasil, iMile e Pajuçara com origem Serra de levar notebook;0;0.0;
22/06/2026;167;Bloqueia Magalu, com origem Cotia de levar carrinho de compras;0;0.0;
22/06/2026;170;Bloqueia Atrus em várias campamnhas especificas;0;0.0;
22/06/2026;181;Bloqueia várias transportadoras de coletar no escritorio;0;0.0;Sem Categoria
22/06/2026;182;Bloqueia Magalu em uma lista de Cidades que eles cortaram ;1;67.84;Sem Categoria
22/06/2026;1;Bloqueia MARYK das pesadas com origem Cotia;0;0.0;
22/06/2026;2;Bloqueia MARYK das pesadas de todas as origens;0;0.0;
22/06/2026;161;Bloqueia HPAMZ, HPB2W e HPMLU com origem Serra de sair por Sedex;0;0.0;
22/06/2026;162;Bloqueia HPAMZ, HPB2W e HPMLU com origem Coria de sair por Sedex;0;0.0;Sem Categoria
22/06/2026;163;Bloqueia HPAMZ, HPB2W e HPMLU com todas as origens de sair por Sedex;0;0.0;Sem Categoria
22/06/2026;190;Bloqueia BRBAY em Carriers, Atrus, todo brasil, Sedex, Eu entrego;1;15.38;Sem Categoria
22/06/2026;206;Bloqueia Celular de todas, exceto sedex, Carvalima, R3, Atrus, Magalu, LSP e Jamef origem Serra;0;0.0;
22/06/2026;313;Bloqueia Celular de todas, exceto sedex, Carvalima, R3, Atrus, Magalu, LSP e Jamef origem MG;0;0.0;Sem Categoria
22/06/2026;213;Bloqueia HUB09 de JeT e TodoBrasil;60;518.09;Sem Categoria
22/06/2026;269;Bloqueio de HUB09 em jadlog, Pajuçara e Dominalog;38;421.28;Sem Categoria
22/06/2026;371;Bloqueia HUB09 em R3;33;149.33;Sem Categoria
22/06/2026;372;Bloqueia HUB09 em R3;33;149.33;Sem Categoria
22/06/2026;288;Bloquieo de HUB10 e jadlog;0;0.0;Sem Categoria
22/06/2026;234;Bloqueio ITALA;0;0.0;
22/06/2026;243;Bloqueia Itala em tudo exceto atrus Cotia;0;0.0;
22/06/2026;244;Bloqueia Itala em tudo exceto atrus origem VGP;0;0.0;
22/06/2026;274;Bloquieo de HEIST em várias TSP;1;3.87;Sem Categoria
22/06/2026;382;Bloqueio gol e sedex em MG;0;0.0;Sem Categoria
22/06/2026;389;Bloqueio bebidas, powerbank e perfume para Gol;0;0.0;
22/06/2026;390;Bloqueio bebidas, powerbank e perfume para Gol 2;0;0.0;
22/06/2026;391;Bloqueio Gol, bebidas, perfumes e powerbank 3;0;0.0;
22/06/2026;392;Bloqueio Gol, bebidas, perfumes e powerbank 3;0;0.0;
22/06/2026;401;Bloquieo campanhas azul para gol;0;0.0;
22/06/2026;394;Bloquear ebb para mcpor;0;0.0;Sem Categoria
22/06/2026;402;Bloqueia EBB em tudo exceto Heineken e HUb;0;0.0;Sem Categoria
22/06/2026;405;bloqueio EBB;0;0.0;
22/06/2026;406;bloqueio EBB;0;0.0;
22/06/2026;407;bloqueio ebb;0;0.0;
22/06/2026;408;Bloqueio EBB;0;0.0;
22/06/2026;397;A transportadora stone só poderá trabalhar com a campanha STOLJ;221;2414.44;Sem Categoria
22/06/2026;400;Não deixar que a transportadora Stone retorne para pedidos expressos, exceto campanha STOLJ;0;0.0;
22/06/2026;411;Atrus - Apenas HEIST;0;0.0;
22/06/2026;419;Bloqueio da Jad nv Brasil, origem Cotia, exceto Sul e Sudeste - Inativo;14;59.38;Sem Categoria
22/06/2026;38;Bloqueia Linha branca origem Serra de Jad, Pajuçara, Carriers, Dialogo, Jamef, Atrus, Magalu, iMile, J&T e Sedex;0;0.0;
22/06/2026;39;Bloqueia Linha branca origem Cotia de Jad, Pajuçara, Carriers, Dialogo, Jamef, Atrus, Magalu, iMile, J&T e Sedex;2;16.62;Sem Categoria
22/06/2026;40;Bloqueia Linha branca todas as origens de Jad, Pajuçara, Carriers, Dialogo, Jamef, Atrus, Magalu, iMile, J&T e Sedex;5;201.59;Sem Categoria
22/06/2026;298;Bloquieo de linha branca em 42 - JADLOG  x57 - Carriers  x90 - Jamef SP  x92 - JeT EXPRESS  x119 - MAGALU  x127 - Correios SEDEX - 34028316000103  x164 - IMILE Standard  x195 - Azul linhas aereas  x com origem ES;0;0.0;Sem Categoria
22/06/2026;82;Bloqueia TV origem Serra para 56 - Pajucara  x57 - Carriers  x66 - Dialogo - SP  x92 - JeT EXPRESS  x119 - MAGALU  x127 - Correios SEDEX - 34028316000103  x;0;0.0;
22/06/2026;83;Bloqueia TV origem Cotia 56 - Pajucara  x57 - Carriers  x66 - Dialogo - SP  x92 - JeT EXPRESS  x110 - ATRUS INTERMEDIACAO  x119 - MAGALU  x127 - Correios SEDEX - 34028316000103  x;0;0.0;Sem Categoria
22/06/2026;84;Bloqueia TV Todas as origens 56 - Pajucara  x57 - Carriers  x66 - Dialogo - SP  x92 - JeT EXPRESS  x110 - ATRUS INTERMEDIACAO  x119 - MAGALU  x127 - Correios SEDEX - 34028316000103  x139 - EU ENTREGO SISTEMAS S/A  x;0;0.0;Sem Categoria
22/06/2026;184;Bloqueia Dialogo, J&T e Magalu nas cadeiras de itau origem Serra;0;0.0;
22/06/2026;202;Bloqueia todas as transportadoras em hub09 e hub10 , exceto aquelas com SLA acima de 97%  origem VGP;66;646.27;Sem Categoria
22/06/2026;207;Bloqueia Magalu e Dialogo de alguns SKU's;0;0.0;
22/06/2026;208;Bloqueia Jamef de dois SKUs;0;0.0;Sem Categoria
22/06/2026;211;Bloqueia Jamef de dois SKUs;0;0.0;Sem Categoria
22/06/2026;250;Bloqeuio de imile na origem VGP algumas cidades especificas ;4;100.07;Sem Categoria
22/06/2026;251;Bloqeuio de imile na origem Serra algumas cidades especificas;0;0.0;
22/06/2026;264;Bloquieo de JET no SKU SI5435;0;0.0;Sem Categoria
22/06/2026;268;Bloquieo de bebidas em 35 - Pacifico  x56 - Pajucara  x90 - Jamef SP  x92 - JeT EXPRESS  x120 - TODOBRASIL  x127 - Correios SEDEX - 34028316000103  x140 - LAUTO CARGO  x164 - IMILE Standard  x;17;2088.56;Sem Categoria
22/06/2026;275;Bloquieo de Pajuçara em MG em SKUs que não fazem;0;0.0;
22/06/2026;276;Bloquieo de Pajuçara em ES em SKUs que não fazem;0;0.0;Sem Categoria
22/06/2026;277;Bloquieo de Pajuçara em Cotia em SKUs que não fazem;0;0.0;
22/06/2026;278;Bloquieo de Pajuçara em VGP em SKUs que não fazem;0;0.0;
22/06/2026;336;;3;184.97;Sem Categoria
22/06/2026;368;Bloqueia todas as transportadoras de entregarem em MT e MS exceto Carvalima e Favorita para BRBAY Origem Cotia;8;140.15;Sem Categoria
22/06/2026;369;Bloqueia todas as transportadoras de entregarem em MT e MS exceto Carvalima e Favorita para BRBAY Origem VGP;3;62.0;Sem Categoria
22/06/2026;409;Bloqueio campanhas prioritarias em correios ;66;646.27;Sem Categoria
22/06/2026;410;Bloqueio campanhas prioritarias em correios ;66;646.27;Sem Categoria
22/06/2026;424;Bloquieo de HUB09 em Pacifico, Dominalog, Jadlog, Gol e J&T em HUB09 origem VGP;62;635.22;Sem Categoria
22/06/2026;301;Regra de caixa postal;0;0.0;
22/06/2026;302;Regra de caixa postal;0;0.0;
22/06/2026;303;Regra de caixa postal;0;0.0;
22/06/2026;304;Regra de caixa postal;0;0.0;
22/06/2026;305;Regra de caixa postal;0;0.0;
22/06/2026;355;Bloqueia jad e jamef em SKUs de ON;36;315.82;Sem Categoria
23/06/2026;420;Peso minimo J&T origem Cotia;11;66.72;Sem Categoria
23/06/2026;421;Peso minimo J&T origem MG;10;174.58;Sem Categoria
23/06/2026;422;Peso minimo J&T VGP;6;41.52;Sem Categoria
23/06/2026;423;Bloqueio J&T peso minimo Serra;0;0.0;
23/06/2026;186;Bloqueia Carriers de Serra;0;0.0;
23/06/2026;187;Bloqueia Carriers em Cotia;0;0.0;
23/06/2026;212;;0;0.0;
23/06/2026;412;Bloqueio iMile VGP - Inativo;10;207.07;Sem Categoria
23/06/2026;393;Bloquear a Jalod em pedidos ate 10kg - Inativo;216;1679.72;Sem Categoria
23/06/2026;416;Bloqueio da jad em MG ate 10kg - Inativo;166;1001.43;Sem Categoria
23/06/2026;417;Bloqueio da Jad em VGP ate 10kg - Inativo;25;276.41;Sem Categoria
23/06/2026;198;Bloqueia Sedex de Cuaba;0;0.0;Sem Categoria
23/06/2026;404;Bloqueia Gol de todas as campanhas para pesados, exceto heist;0;0.0;
23/06/2026;396;Bloquear a transportadora stone para pedidos com o peso acima de 30kg;3;72.08;Sem Categoria
23/06/2026;153;Bloqueia Cadeiras de itau de sair para Carriers, Dialogo, J&T, Magalu, TodoBrasil;0;0.0;Sem Categoria
23/06/2026;166;Bloqueia Todo Brasil, iMile e Pajuçara com origem Serra de levar notebook;0;0.0;
23/06/2026;167;Bloqueia Magalu, com origem Cotia de levar carrinho de compras;0;0.0;
23/06/2026;170;Bloqueia Atrus em várias campamnhas especificas;0;0.0;
23/06/2026;181;Bloqueia várias transportadoras de coletar no escritorio;0;0.0;Sem Categoria
23/06/2026;182;Bloqueia Magalu em uma lista de Cidades que eles cortaram ;2;2.87;Sem Categoria
23/06/2026;1;Bloqueia MARYK das pesadas com origem Cotia;0;0.0;
23/06/2026;2;Bloqueia MARYK das pesadas de todas as origens;0;0.0;
23/06/2026;161;Bloqueia HPAMZ, HPB2W e HPMLU com origem Serra de sair por Sedex;0;0.0;
23/06/2026;162;Bloqueia HPAMZ, HPB2W e HPMLU com origem Coria de sair por Sedex;0;0.0;Sem Categoria
23/06/2026;163;Bloqueia HPAMZ, HPB2W e HPMLU com todas as origens de sair por Sedex;0;0.0;Sem Categoria
23/06/2026;190;Bloqueia BRBAY em Carriers, Atrus, todo brasil, Sedex, Eu entrego;3;80.26;Sem Categoria
23/06/2026;206;Bloqueia Celular de todas, exceto sedex, Carvalima, R3, Atrus, Magalu, LSP e Jamef origem Serra;0;0.0;
23/06/2026;313;Bloqueia Celular de todas, exceto sedex, Carvalima, R3, Atrus, Magalu, LSP e Jamef origem MG;0;0.0;Sem Categoria
23/06/2026;213;Bloqueia HUB09 de JeT e TodoBrasil;0;0.0;Sem Categoria
23/06/2026;269;Bloqueio de HUB09 em jadlog, Pajuçara e Dominalog;0;0.0;Sem Categoria
23/06/2026;371;Bloqueia HUB09 em R3;0;0.0;Sem Categoria
23/06/2026;372;Bloqueia HUB09 em R3;0;0.0;Sem Categoria
23/06/2026;288;Bloquieo de HUB10 e jadlog;0;0.0;Sem Categoria
23/06/2026;234;Bloqueio ITALA;0;0.0;
23/06/2026;243;Bloqueia Itala em tudo exceto atrus Cotia;0;0.0;
23/06/2026;244;Bloqueia Itala em tudo exceto atrus origem VGP;0;0.0;
23/06/2026;274;Bloquieo de HEIST em várias TSP;7;424.65;Sem Categoria
23/06/2026;382;Bloqueio gol e sedex em MG;0;0.0;Sem Categoria
23/06/2026;389;Bloqueio bebidas, powerbank e perfume para Gol;0;0.0;
23/06/2026;390;Bloqueio bebidas, powerbank e perfume para Gol 2;0;0.0;
23/06/2026;391;Bloqueio Gol, bebidas, perfumes e powerbank 3;0;0.0;
23/06/2026;392;Bloqueio Gol, bebidas, perfumes e powerbank 3;0;0.0;
23/06/2026;401;Bloquieo campanhas azul para gol;0;0.0;
23/06/2026;394;Bloquear ebb para mcpor;0;0.0;Sem Categoria
23/06/2026;402;Bloqueia EBB em tudo exceto Heineken e HUb;0;0.0;Sem Categoria
23/06/2026;405;bloqueio EBB;0;0.0;
23/06/2026;406;bloqueio EBB;0;0.0;
23/06/2026;407;bloqueio ebb;0;0.0;
23/06/2026;408;Bloqueio EBB;0;0.0;
23/06/2026;397;A transportadora stone só poderá trabalhar com a campanha STOLJ;203;3231.93;Sem Categoria
23/06/2026;400;Não deixar que a transportadora Stone retorne para pedidos expressos, exceto campanha STOLJ;0;0.0;
23/06/2026;411;Atrus - Apenas HEIST;0;0.0;
23/06/2026;419;Bloqueio da Jad nv Brasil, origem Cotia, exceto Sul e Sudeste - Inativo;9;54.01;Sem Categoria
23/06/2026;38;Bloqueia Linha branca origem Serra de Jad, Pajuçara, Carriers, Dialogo, Jamef, Atrus, Magalu, iMile, J&T e Sedex;0;0.0;
23/06/2026;39;Bloqueia Linha branca origem Cotia de Jad, Pajuçara, Carriers, Dialogo, Jamef, Atrus, Magalu, iMile, J&T e Sedex;1;4.05;Sem Categoria
23/06/2026;40;Bloqueia Linha branca todas as origens de Jad, Pajuçara, Carriers, Dialogo, Jamef, Atrus, Magalu, iMile, J&T e Sedex;1;4.05;Sem Categoria
23/06/2026;298;Bloquieo de linha branca em 42 - JADLOG  x57 - Carriers  x90 - Jamef SP  x92 - JeT EXPRESS  x119 - MAGALU  x127 - Correios SEDEX - 34028316000103  x164 - IMILE Standard  x195 - Azul linhas aereas  x com origem ES;0;0.0;Sem Categoria
23/06/2026;82;Bloqueia TV origem Serra para 56 - Pajucara  x57 - Carriers  x66 - Dialogo - SP  x92 - JeT EXPRESS  x119 - MAGALU  x127 - Correios SEDEX - 34028316000103  x;0;0.0;
23/06/2026;83;Bloqueia TV origem Cotia 56 - Pajucara  x57 - Carriers  x66 - Dialogo - SP  x92 - JeT EXPRESS  x110 - ATRUS INTERMEDIACAO  x119 - MAGALU  x127 - Correios SEDEX - 34028316000103  x;0;0.0;Sem Categoria
23/06/2026;84;Bloqueia TV Todas as origens 56 - Pajucara  x57 - Carriers  x66 - Dialogo - SP  x92 - JeT EXPRESS  x110 - ATRUS INTERMEDIACAO  x119 - MAGALU  x127 - Correios SEDEX - 34028316000103  x139 - EU ENTREGO SISTEMAS S/A  x;1;177.97;Sem Categoria
23/06/2026;184;Bloqueia Dialogo, J&T e Magalu nas cadeiras de itau origem Serra;0;0.0;
23/06/2026;202;Bloqueia todas as transportadoras em hub09 e hub10 , exceto aquelas com SLA acima de 97%  origem VGP;0;0.0;Sem Categoria
23/06/2026;207;Bloqueia Magalu e Dialogo de alguns SKU's;0;0.0;
23/06/2026;208;Bloqueia Jamef de dois SKUs;0;0.0;Sem Categoria
23/06/2026;211;Bloqueia Jamef de dois SKUs;0;0.0;Sem Categoria
23/06/2026;250;Bloqeuio de imile na origem VGP algumas cidades especificas ;2;2.48;Sem Categoria
23/06/2026;251;Bloqeuio de imile na origem Serra algumas cidades especificas;0;0.0;
23/06/2026;264;Bloquieo de JET no SKU SI5435;0;0.0;Sem Categoria
23/06/2026;268;Bloquieo de bebidas em 35 - Pacifico  x56 - Pajucara  x90 - Jamef SP  x92 - JeT EXPRESS  x120 - TODOBRASIL  x127 - Correios SEDEX - 34028316000103  x140 - LAUTO CARGO  x164 - IMILE Standard  x;15;1128.2;Sem Categoria
23/06/2026;275;Bloquieo de Pajuçara em MG em SKUs que não fazem;0;0.0;
23/06/2026;276;Bloquieo de Pajuçara em ES em SKUs que não fazem;0;0.0;Sem Categoria
23/06/2026;277;Bloquieo de Pajuçara em Cotia em SKUs que não fazem;0;0.0;
23/06/2026;278;Bloquieo de Pajuçara em VGP em SKUs que não fazem;0;0.0;
23/06/2026;336;;0;0.0;Sem Categoria
23/06/2026;368;Bloqueia todas as transportadoras de entregarem em MT e MS exceto Carvalima e Favorita para BRBAY Origem Cotia;6;129.0;Sem Categoria
23/06/2026;369;Bloqueia todas as transportadoras de entregarem em MT e MS exceto Carvalima e Favorita para BRBAY Origem VGP;2;45.92;Sem Categoria
23/06/2026;409;Bloqueio campanhas prioritarias em correios ;0;0.0;Sem Categoria
23/06/2026;410;Bloqueio campanhas prioritarias em correios ;0;0.0;Sem Categoria
23/06/2026;424;Bloquieo de HUB09 em Pacifico, Dominalog, Jadlog, Gol e J&T em HUB09 origem VGP;0;0.0;Sem Categoria
23/06/2026;301;Regra de caixa postal;0;0.0;
23/06/2026;302;Regra de caixa postal;0;0.0;
23/06/2026;303;Regra de caixa postal;0;0.0;
23/06/2026;304;Regra de caixa postal;0;0.0;
23/06/2026;305;Regra de caixa postal;0;0.0;
23/06/2026;355;Bloqueia jad e jamef em SKUs de ON;0;0.0;Sem Categoria
24/06/2026;420;Peso minimo J&T origem Cotia;10;43.14;Sem Categoria
24/06/2026;421;Peso minimo J&T origem MG;6;37.59;Sem Categoria
24/06/2026;422;Peso minimo J&T VGP;12;124.4;Sem Categoria
24/06/2026;423;Bloqueio J&T peso minimo Serra;0;0.0;
24/06/2026;186;Bloqueia Carriers de Serra;0;0.0;
24/06/2026;187;Bloqueia Carriers em Cotia;0;0.0;
24/06/2026;212;;0;0.0;
24/06/2026;412;Bloqueio iMile VGP - Inativo;27;418.07;Sem Categoria
24/06/2026;393;Bloquear a Jalod em pedidos ate 10kg - Inativo;91;1195.43;Sem Categoria
24/06/2026;416;Bloqueio da jad em MG ate 10kg - Inativo;23;300.19;Sem Categoria
24/06/2026;417;Bloqueio da Jad em VGP ate 10kg - Inativo;33;472.09;Sem Categoria
24/06/2026;198;Bloqueia Sedex de Cuaba;0;0.0;Sem Categoria
24/06/2026;404;Bloqueia Gol de todas as campanhas para pesados, exceto heist;0;0.0;
24/06/2026;396;Bloquear a transportadora stone para pedidos com o peso acima de 30kg;0;0.0;Sem Categoria
24/06/2026;153;Bloqueia Cadeiras de itau de sair para Carriers, Dialogo, J&T, Magalu, TodoBrasil;0;0.0;Sem Categoria
24/06/2026;166;Bloqueia Todo Brasil, iMile e Pajuçara com origem Serra de levar notebook;0;0.0;
24/06/2026;167;Bloqueia Magalu, com origem Cotia de levar carrinho de compras;0;0.0;
24/06/2026;170;Bloqueia Atrus em várias campamnhas especificas;0;0.0;
24/06/2026;181;Bloqueia várias transportadoras de coletar no escritorio;1;117.08;Sem Categoria
24/06/2026;182;Bloqueia Magalu em uma lista de Cidades que eles cortaram ;0;0.0;Sem Categoria
24/06/2026;1;Bloqueia MARYK das pesadas com origem Cotia;0;0.0;
24/06/2026;2;Bloqueia MARYK das pesadas de todas as origens;0;0.0;
24/06/2026;161;Bloqueia HPAMZ, HPB2W e HPMLU com origem Serra de sair por Sedex;0;0.0;
24/06/2026;162;Bloqueia HPAMZ, HPB2W e HPMLU com origem Coria de sair por Sedex;0;0.0;Sem Categoria
24/06/2026;163;Bloqueia HPAMZ, HPB2W e HPMLU com todas as origens de sair por Sedex;0;0.0;Sem Categoria
24/06/2026;190;Bloqueia BRBAY em Carriers, Atrus, todo brasil, Sedex, Eu entrego;2;46.43;Sem Categoria
24/06/2026;206;Bloqueia Celular de todas, exceto sedex, Carvalima, R3, Atrus, Magalu, LSP e Jamef origem Serra;0;0.0;
24/06/2026;313;Bloqueia Celular de todas, exceto sedex, Carvalima, R3, Atrus, Magalu, LSP e Jamef origem MG;0;0.0;Sem Categoria
24/06/2026;213;Bloqueia HUB09 de JeT e TodoBrasil;0;0.0;Sem Categoria
24/06/2026;269;Bloqueio de HUB09 em jadlog, Pajuçara e Dominalog;0;0.0;Sem Categoria
24/06/2026;371;Bloqueia HUB09 em R3;0;0.0;Sem Categoria
24/06/2026;372;Bloqueia HUB09 em R3;0;0.0;Sem Categoria
24/06/2026;288;Bloquieo de HUB10 e jadlog;0;0.0;Sem Categoria
24/06/2026;234;Bloqueio ITALA;0;0.0;
24/06/2026;243;Bloqueia Itala em tudo exceto atrus Cotia;0;0.0;
24/06/2026;244;Bloqueia Itala em tudo exceto atrus origem VGP;0;0.0;
24/06/2026;274;Bloquieo de HEIST em várias TSP;4;234.24;Sem Categoria
24/06/2026;382;Bloqueio gol e sedex em MG;0;0.0;Sem Categoria
24/06/2026;389;Bloqueio bebidas, powerbank e perfume para Gol;0;0.0;
24/06/2026;390;Bloqueio bebidas, powerbank e perfume para Gol 2;0;0.0;
24/06/2026;391;Bloqueio Gol, bebidas, perfumes e powerbank 3;0;0.0;
24/06/2026;392;Bloqueio Gol, bebidas, perfumes e powerbank 3;0;0.0;
24/06/2026;401;Bloquieo campanhas azul para gol;0;0.0;
24/06/2026;394;Bloquear ebb para mcpor;0;0.0;Sem Categoria
24/06/2026;402;Bloqueia EBB em tudo exceto Heineken e HUb;0;0.0;Sem Categoria
24/06/2026;405;bloqueio EBB;0;0.0;
24/06/2026;406;bloqueio EBB;0;0.0;
24/06/2026;407;bloqueio ebb;0;0.0;
24/06/2026;408;Bloqueio EBB;0;0.0;
24/06/2026;397;A transportadora stone só poderá trabalhar com a campanha STOLJ;171;2080.05;Sem Categoria
24/06/2026;400;Não deixar que a transportadora Stone retorne para pedidos expressos, exceto campanha STOLJ;0;0.0;
24/06/2026;411;Atrus - Apenas HEIST;0;0.0;
24/06/2026;419;Bloqueio da Jad nv Brasil, origem Cotia, exceto Sul e Sudeste - Inativo;13;19.67;Sem Categoria
24/06/2026;38;Bloqueia Linha branca origem Serra de Jad, Pajuçara, Carriers, Dialogo, Jamef, Atrus, Magalu, iMile, J&T e Sedex;0;0.0;
24/06/2026;39;Bloqueia Linha branca origem Cotia de Jad, Pajuçara, Carriers, Dialogo, Jamef, Atrus, Magalu, iMile, J&T e Sedex;2;29.12;Sem Categoria
24/06/2026;40;Bloqueia Linha branca todas as origens de Jad, Pajuçara, Carriers, Dialogo, Jamef, Atrus, Magalu, iMile, J&T e Sedex;5;132.42;Sem Categoria
24/06/2026;298;Bloquieo de linha branca em 42 - JADLOG  x57 - Carriers  x90 - Jamef SP  x92 - JeT EXPRESS  x119 - MAGALU  x127 - Correios SEDEX - 34028316000103  x164 - IMILE Standard  x195 - Azul linhas aereas  x com origem ES;0;0.0;Sem Categoria
24/06/2026;82;Bloqueia TV origem Serra para 56 - Pajucara  x57 - Carriers  x66 - Dialogo - SP  x92 - JeT EXPRESS  x119 - MAGALU  x127 - Correios SEDEX - 34028316000103  x;0;0.0;
24/06/2026;83;Bloqueia TV origem Cotia 56 - Pajucara  x57 - Carriers  x66 - Dialogo - SP  x92 - JeT EXPRESS  x110 - ATRUS INTERMEDIACAO  x119 - MAGALU  x127 - Correios SEDEX - 34028316000103  x;0;0.0;Sem Categoria
24/06/2026;84;Bloqueia TV Todas as origens 56 - Pajucara  x57 - Carriers  x66 - Dialogo - SP  x92 - JeT EXPRESS  x110 - ATRUS INTERMEDIACAO  x119 - MAGALU  x127 - Correios SEDEX - 34028316000103  x139 - EU ENTREGO SISTEMAS S/A  x;0;0.0;Sem Categoria
24/06/2026;184;Bloqueia Dialogo, J&T e Magalu nas cadeiras de itau origem Serra;0;0.0;
24/06/2026;202;Bloqueia todas as transportadoras em hub09 e hub10 , exceto aquelas com SLA acima de 97%  origem VGP;0;0.0;Sem Categoria
24/06/2026;207;Bloqueia Magalu e Dialogo de alguns SKU's;0;0.0;
24/06/2026;208;Bloqueia Jamef de dois SKUs;0;0.0;Sem Categoria
24/06/2026;211;Bloqueia Jamef de dois SKUs;0;0.0;Sem Categoria
24/06/2026;250;Bloqeuio de imile na origem VGP algumas cidades especificas ;5;8.63;Sem Categoria
24/06/2026;251;Bloqeuio de imile na origem Serra algumas cidades especificas;0;0.0;
24/06/2026;264;Bloquieo de JET no SKU SI5435;0;0.0;Sem Categoria
24/06/2026;268;Bloquieo de bebidas em 35 - Pacifico  x56 - Pajucara  x90 - Jamef SP  x92 - JeT EXPRESS  x120 - TODOBRASIL  x127 - Correios SEDEX - 34028316000103  x140 - LAUTO CARGO  x164 - IMILE Standard  x;21;4703.45;Sem Categoria
24/06/2026;275;Bloquieo de Pajuçara em MG em SKUs que não fazem;0;0.0;
24/06/2026;276;Bloquieo de Pajuçara em ES em SKUs que não fazem;0;0.0;Sem Categoria
24/06/2026;277;Bloquieo de Pajuçara em Cotia em SKUs que não fazem;0;0.0;
24/06/2026;278;Bloquieo de Pajuçara em VGP em SKUs que não fazem;0;0.0;
24/06/2026;336;;1;62.95;Sem Categoria
24/06/2026;368;Bloqueia todas as transportadoras de entregarem em MT e MS exceto Carvalima e Favorita para BRBAY Origem Cotia;4;127.27;Sem Categoria
24/06/2026;369;Bloqueia todas as transportadoras de entregarem em MT e MS exceto Carvalima e Favorita para BRBAY Origem VGP;8;156.87;Sem Categoria
24/06/2026;409;Bloqueio campanhas prioritarias em correios ;1;0.2;Sem Categoria
24/06/2026;410;Bloqueio campanhas prioritarias em correios ;1;0.2;Sem Categoria
24/06/2026;424;Bloquieo de HUB09 em Pacifico, Dominalog, Jadlog, Gol e J&T em HUB09 origem VGP;0;0.0;Sem Categoria
24/06/2026;301;Regra de caixa postal;0;0.0;
24/06/2026;302;Regra de caixa postal;0;0.0;
24/06/2026;303;Regra de caixa postal;0;0.0;
24/06/2026;304;Regra de caixa postal;0;0.0;
24/06/2026;305;Regra de caixa postal;0;0.0;
24/06/2026;355;Bloqueia jad e jamef em SKUs de ON;0;0.0;Sem Categoria
25/06/2026;420;Peso minimo J&T origem Cotia;17;124.68;Sem Categoria
25/06/2026;421;Peso minimo J&T origem MG;12;74.98;Sem Categoria
25/06/2026;422;Peso minimo J&T VGP;5;31.17;Sem Categoria
25/06/2026;423;Bloqueio J&T peso minimo Serra;0;0.0;
25/06/2026;186;Bloqueia Carriers de Serra;0;0.0;
25/06/2026;187;Bloqueia Carriers em Cotia;0;0.0;
25/06/2026;212;;0;0.0;
25/06/2026;412;Bloqueio iMile VGP - Inativo;68;1983.23;Sem Categoria
25/06/2026;393;Bloquear a Jalod em pedidos ate 10kg - Inativo;224;3870.16;Sem Categoria
25/06/2026;416;Bloqueio da jad em MG ate 10kg - Inativo;35;354.72;Sem Categoria
25/06/2026;417;Bloqueio da Jad em VGP ate 10kg - Inativo;140;1866.77;Sem Categoria
25/06/2026;198;Bloqueia Sedex de Cuaba;0;0.0;Sem Categoria
25/06/2026;404;Bloqueia Gol de todas as campanhas para pesados, exceto heist;0;0.0;
25/06/2026;396;Bloquear a transportadora stone para pedidos com o peso acima de 30kg;1;30.27;Sem Categoria
25/06/2026;153;Bloqueia Cadeiras de itau de sair para Carriers, Dialogo, J&T, Magalu, TodoBrasil;3;80.99;Sem Categoria
25/06/2026;166;Bloqueia Todo Brasil, iMile e Pajuçara com origem Serra de levar notebook;0;0.0;
25/06/2026;167;Bloqueia Magalu, com origem Cotia de levar carrinho de compras;0;0.0;
25/06/2026;170;Bloqueia Atrus em várias campamnhas especificas;0;0.0;
25/06/2026;181;Bloqueia várias transportadoras de coletar no escritorio;0;0.0;Sem Categoria
25/06/2026;182;Bloqueia Magalu em uma lista de Cidades que eles cortaram ;3;2.0;Sem Categoria
25/06/2026;1;Bloqueia MARYK das pesadas com origem Cotia;0;0.0;
25/06/2026;2;Bloqueia MARYK das pesadas de todas as origens;0;0.0;
25/06/2026;161;Bloqueia HPAMZ, HPB2W e HPMLU com origem Serra de sair por Sedex;0;0.0;
25/06/2026;162;Bloqueia HPAMZ, HPB2W e HPMLU com origem Coria de sair por Sedex;0;0.0;Sem Categoria
25/06/2026;163;Bloqueia HPAMZ, HPB2W e HPMLU com todas as origens de sair por Sedex;0;0.0;Sem Categoria
25/06/2026;190;Bloqueia BRBAY em Carriers, Atrus, todo brasil, Sedex, Eu entrego;0;0.0;Sem Categoria
25/06/2026;206;Bloqueia Celular de todas, exceto sedex, Carvalima, R3, Atrus, Magalu, LSP e Jamef origem Serra;0;0.0;
25/06/2026;313;Bloqueia Celular de todas, exceto sedex, Carvalima, R3, Atrus, Magalu, LSP e Jamef origem MG;0;0.0;Sem Categoria
25/06/2026;213;Bloqueia HUB09 de JeT e TodoBrasil;48;333.35;Sem Categoria
25/06/2026;269;Bloqueio de HUB09 em jadlog, Pajuçara e Dominalog;12;69.65;Sem Categoria
25/06/2026;371;Bloqueia HUB09 em R3;4;41.64;Sem Categoria
25/06/2026;372;Bloqueia HUB09 em R3;4;41.64;Sem Categoria
25/06/2026;288;Bloquieo de HUB10 e jadlog;0;0.0;Sem Categoria
25/06/2026;234;Bloqueio ITALA;0;0.0;
25/06/2026;243;Bloqueia Itala em tudo exceto atrus Cotia;0;0.0;
25/06/2026;244;Bloqueia Itala em tudo exceto atrus origem VGP;0;0.0;
25/06/2026;274;Bloquieo de HEIST em várias TSP;2;182.94;Sem Categoria
25/06/2026;382;Bloqueio gol e sedex em MG;3;182.31;Sem Categoria
25/06/2026;389;Bloqueio bebidas, powerbank e perfume para Gol;0;0.0;
25/06/2026;390;Bloqueio bebidas, powerbank e perfume para Gol 2;0;0.0;
25/06/2026;391;Bloqueio Gol, bebidas, perfumes e powerbank 3;0;0.0;
25/06/2026;392;Bloqueio Gol, bebidas, perfumes e powerbank 3;0;0.0;
25/06/2026;401;Bloquieo campanhas azul para gol;0;0.0;
25/06/2026;394;Bloquear ebb para mcpor;0;0.0;Sem Categoria
25/06/2026;402;Bloqueia EBB em tudo exceto Heineken e HUb;0;0.0;Sem Categoria
25/06/2026;405;bloqueio EBB;0;0.0;
25/06/2026;406;bloqueio EBB;0;0.0;
25/06/2026;407;bloqueio ebb;0;0.0;
25/06/2026;408;Bloqueio EBB;0;0.0;
25/06/2026;397;A transportadora stone só poderá trabalhar com a campanha STOLJ;319;6998.85;Sem Categoria
25/06/2026;400;Não deixar que a transportadora Stone retorne para pedidos expressos, exceto campanha STOLJ;0;0.0;
25/06/2026;411;Atrus - Apenas HEIST;0;0.0;
25/06/2026;419;Bloqueio da Jad nv Brasil, origem Cotia, exceto Sul e Sudeste - Inativo;8;33.37;Sem Categoria
25/06/2026;38;Bloqueia Linha branca origem Serra de Jad, Pajuçara, Carriers, Dialogo, Jamef, Atrus, Magalu, iMile, J&T e Sedex;0;0.0;
25/06/2026;39;Bloqueia Linha branca origem Cotia de Jad, Pajuçara, Carriers, Dialogo, Jamef, Atrus, Magalu, iMile, J&T e Sedex;1;5.75;Sem Categoria
25/06/2026;40;Bloqueia Linha branca todas as origens de Jad, Pajuçara, Carriers, Dialogo, Jamef, Atrus, Magalu, iMile, J&T e Sedex;1;5.75;Sem Categoria
25/06/2026;298;Bloquieo de linha branca em 42 - JADLOG  x57 - Carriers  x90 - Jamef SP  x92 - JeT EXPRESS  x119 - MAGALU  x127 - Correios SEDEX - 34028316000103  x164 - IMILE Standard  x195 - Azul linhas aereas  x com origem ES;0;0.0;Sem Categoria
25/06/2026;82;Bloqueia TV origem Serra para 56 - Pajucara  x57 - Carriers  x66 - Dialogo - SP  x92 - JeT EXPRESS  x119 - MAGALU  x127 - Correios SEDEX - 34028316000103  x;0;0.0;
25/06/2026;83;Bloqueia TV origem Cotia 56 - Pajucara  x57 - Carriers  x66 - Dialogo - SP  x92 - JeT EXPRESS  x110 - ATRUS INTERMEDIACAO  x119 - MAGALU  x127 - Correios SEDEX - 34028316000103  x;0;0.0;Sem Categoria
25/06/2026;84;Bloqueia TV Todas as origens 56 - Pajucara  x57 - Carriers  x66 - Dialogo - SP  x92 - JeT EXPRESS  x110 - ATRUS INTERMEDIACAO  x119 - MAGALU  x127 - Correios SEDEX - 34028316000103  x139 - EU ENTREGO SISTEMAS S/A  x;0;0.0;Sem Categoria
25/06/2026;184;Bloqueia Dialogo, J&T e Magalu nas cadeiras de itau origem Serra;0;0.0;
25/06/2026;202;Bloqueia todas as transportadoras em hub09 e hub10 , exceto aquelas com SLA acima de 97%  origem VGP;28;181.8;Sem Categoria
25/06/2026;207;Bloqueia Magalu e Dialogo de alguns SKU's;0;0.0;
25/06/2026;208;Bloqueia Jamef de dois SKUs;0;0.0;Sem Categoria
25/06/2026;211;Bloqueia Jamef de dois SKUs;0;0.0;Sem Categoria
25/06/2026;250;Bloqeuio de imile na origem VGP algumas cidades especificas ;2;2.86;Sem Categoria
25/06/2026;251;Bloqeuio de imile na origem Serra algumas cidades especificas;0;0.0;
25/06/2026;264;Bloquieo de JET no SKU SI5435;0;0.0;Sem Categoria
25/06/2026;268;Bloquieo de bebidas em 35 - Pacifico  x56 - Pajucara  x90 - Jamef SP  x92 - JeT EXPRESS  x120 - TODOBRASIL  x127 - Correios SEDEX - 34028316000103  x140 - LAUTO CARGO  x164 - IMILE Standard  x;9;560.12;Sem Categoria
25/06/2026;275;Bloquieo de Pajuçara em MG em SKUs que não fazem;0;0.0;
25/06/2026;276;Bloquieo de Pajuçara em ES em SKUs que não fazem;0;0.0;Sem Categoria
25/06/2026;277;Bloquieo de Pajuçara em Cotia em SKUs que não fazem;0;0.0;
25/06/2026;278;Bloquieo de Pajuçara em VGP em SKUs que não fazem;0;0.0;
25/06/2026;336;;0;0.0;Sem Categoria
25/06/2026;368;Bloqueia todas as transportadoras de entregarem em MT e MS exceto Carvalima e Favorita para BRBAY Origem Cotia;1;10.9;Sem Categoria
25/06/2026;369;Bloqueia todas as transportadoras de entregarem em MT e MS exceto Carvalima e Favorita para BRBAY Origem VGP;5;84.48;Sem Categoria
25/06/2026;409;Bloqueio campanhas prioritarias em correios ;29;183.26;Sem Categoria
25/06/2026;410;Bloqueio campanhas prioritarias em correios ;29;183.26;Sem Categoria
25/06/2026;424;Bloquieo de HUB09 em Pacifico, Dominalog, Jadlog, Gol e J&T em HUB09 origem VGP;48;337.45;Sem Categoria
25/06/2026;301;Regra de caixa postal;0;0.0;
25/06/2026;302;Regra de caixa postal;0;0.0;
25/06/2026;303;Regra de caixa postal;0;0.0;
25/06/2026;304;Regra de caixa postal;0;0.0;
25/06/2026;305;Regra de caixa postal;0;0.0;
25/06/2026;355;Bloqueia jad e jamef em SKUs de ON;12;86.23;Sem Categoria
26/06/2026;420;Peso minimo J&T origem Cotia;19;66.28;Sem Categoria
26/06/2026;421;Peso minimo J&T origem MG;9;64.38;Sem Categoria
26/06/2026;422;Peso minimo J&T VGP;3;3.68;Sem Categoria
26/06/2026;423;Bloqueio J&T peso minimo Serra;0;0.0;
26/06/2026;186;Bloqueia Carriers de Serra;0;0.0;
26/06/2026;187;Bloqueia Carriers em Cotia;0;0.0;
26/06/2026;212;;0;0.0;
26/06/2026;412;Bloqueio iMile VGP - Inativo;12;196.08;Sem Categoria
26/06/2026;393;Bloquear a Jalod em pedidos ate 10kg - Inativo;111;787.55;Sem Categoria
26/06/2026;416;Bloqueio da jad em MG ate 10kg - Inativo;35;319.46;Sem Categoria
26/06/2026;417;Bloqueio da Jad em VGP ate 10kg - Inativo;34;409.97;Sem Categoria
26/06/2026;198;Bloqueia Sedex de Cuaba;0;0.0;Sem Categoria
26/06/2026;404;Bloqueia Gol de todas as campanhas para pesados, exceto heist;0;0.0;
26/06/2026;396;Bloquear a transportadora stone para pedidos com o peso acima de 30kg;2;28.59;Sem Categoria
26/06/2026;153;Bloqueia Cadeiras de itau de sair para Carriers, Dialogo, J&T, Magalu, TodoBrasil;0;0.0;Sem Categoria
26/06/2026;166;Bloqueia Todo Brasil, iMile e Pajuçara com origem Serra de levar notebook;0;0.0;
26/06/2026;167;Bloqueia Magalu, com origem Cotia de levar carrinho de compras;0;0.0;
26/06/2026;170;Bloqueia Atrus em várias campamnhas especificas;0;0.0;
26/06/2026;181;Bloqueia várias transportadoras de coletar no escritorio;0;0.0;Sem Categoria
26/06/2026;182;Bloqueia Magalu em uma lista de Cidades que eles cortaram ;3;6.69;Sem Categoria
26/06/2026;1;Bloqueia MARYK das pesadas com origem Cotia;0;0.0;
26/06/2026;2;Bloqueia MARYK das pesadas de todas as origens;0;0.0;
26/06/2026;161;Bloqueia HPAMZ, HPB2W e HPMLU com origem Serra de sair por Sedex;0;0.0;
26/06/2026;162;Bloqueia HPAMZ, HPB2W e HPMLU com origem Coria de sair por Sedex;0;0.0;Sem Categoria
26/06/2026;163;Bloqueia HPAMZ, HPB2W e HPMLU com todas as origens de sair por Sedex;0;0.0;Sem Categoria
26/06/2026;190;Bloqueia BRBAY em Carriers, Atrus, todo brasil, Sedex, Eu entrego;0;0.0;Sem Categoria
26/06/2026;206;Bloqueia Celular de todas, exceto sedex, Carvalima, R3, Atrus, Magalu, LSP e Jamef origem Serra;0;0.0;
26/06/2026;313;Bloqueia Celular de todas, exceto sedex, Carvalima, R3, Atrus, Magalu, LSP e Jamef origem MG;1;44.27;Sem Categoria
26/06/2026;213;Bloqueia HUB09 de JeT e TodoBrasil;35;293.67;Sem Categoria
26/06/2026;269;Bloqueio de HUB09 em jadlog, Pajuçara e Dominalog;14;218.3;Sem Categoria
26/06/2026;371;Bloqueia HUB09 em R3;0;0.0;Sem Categoria
26/06/2026;372;Bloqueia HUB09 em R3;0;0.0;Sem Categoria
26/06/2026;288;Bloquieo de HUB10 e jadlog;0;0.0;Sem Categoria
26/06/2026;234;Bloqueio ITALA;0;0.0;
26/06/2026;243;Bloqueia Itala em tudo exceto atrus Cotia;0;0.0;
26/06/2026;244;Bloqueia Itala em tudo exceto atrus origem VGP;0;0.0;
26/06/2026;274;Bloquieo de HEIST em várias TSP;7;210.86;Sem Categoria
26/06/2026;382;Bloqueio gol e sedex em MG;0;0.0;Sem Categoria
26/06/2026;389;Bloqueio bebidas, powerbank e perfume para Gol;0;0.0;
26/06/2026;390;Bloqueio bebidas, powerbank e perfume para Gol 2;0;0.0;
26/06/2026;391;Bloqueio Gol, bebidas, perfumes e powerbank 3;0;0.0;
26/06/2026;392;Bloqueio Gol, bebidas, perfumes e powerbank 3;0;0.0;
26/06/2026;401;Bloquieo campanhas azul para gol;0;0.0;
26/06/2026;394;Bloquear ebb para mcpor;0;0.0;Sem Categoria
26/06/2026;402;Bloqueia EBB em tudo exceto Heineken e HUb;0;0.0;Sem Categoria
26/06/2026;405;bloqueio EBB;0;0.0;
26/06/2026;406;bloqueio EBB;0;0.0;
26/06/2026;407;bloqueio ebb;0;0.0;
26/06/2026;408;Bloqueio EBB;0;0.0;
26/06/2026;397;A transportadora stone só poderá trabalhar com a campanha STOLJ;151;1688.62;Sem Categoria
26/06/2026;400;Não deixar que a transportadora Stone retorne para pedidos expressos, exceto campanha STOLJ;0;0.0;
26/06/2026;411;Atrus - Apenas HEIST;0;0.0;
26/06/2026;419;Bloqueio da Jad nv Brasil, origem Cotia, exceto Sul e Sudeste - Inativo;25;23.48;Sem Categoria
26/06/2026;38;Bloqueia Linha branca origem Serra de Jad, Pajuçara, Carriers, Dialogo, Jamef, Atrus, Magalu, iMile, J&T e Sedex;0;0.0;
26/06/2026;39;Bloqueia Linha branca origem Cotia de Jad, Pajuçara, Carriers, Dialogo, Jamef, Atrus, Magalu, iMile, J&T e Sedex;0;0.0;Sem Categoria
26/06/2026;40;Bloqueia Linha branca todas as origens de Jad, Pajuçara, Carriers, Dialogo, Jamef, Atrus, Magalu, iMile, J&T e Sedex;3;153.39;Sem Categoria
26/06/2026;298;Bloquieo de linha branca em 42 - JADLOG  x57 - Carriers  x90 - Jamef SP  x92 - JeT EXPRESS  x119 - MAGALU  x127 - Correios SEDEX - 34028316000103  x164 - IMILE Standard  x195 - Azul linhas aereas  x com origem ES;0;0.0;Sem Categoria
26/06/2026;82;Bloqueia TV origem Serra para 56 - Pajucara  x57 - Carriers  x66 - Dialogo - SP  x92 - JeT EXPRESS  x119 - MAGALU  x127 - Correios SEDEX - 34028316000103  x;0;0.0;
26/06/2026;83;Bloqueia TV origem Cotia 56 - Pajucara  x57 - Carriers  x66 - Dialogo - SP  x92 - JeT EXPRESS  x110 - ATRUS INTERMEDIACAO  x119 - MAGALU  x127 - Correios SEDEX - 34028316000103  x;0;0.0;Sem Categoria
26/06/2026;84;Bloqueia TV Todas as origens 56 - Pajucara  x57 - Carriers  x66 - Dialogo - SP  x92 - JeT EXPRESS  x110 - ATRUS INTERMEDIACAO  x119 - MAGALU  x127 - Correios SEDEX - 34028316000103  x139 - EU ENTREGO SISTEMAS S/A  x;0;0.0;Sem Categoria
26/06/2026;184;Bloqueia Dialogo, J&T e Magalu nas cadeiras de itau origem Serra;0;0.0;
26/06/2026;202;Bloqueia todas as transportadoras em hub09 e hub10 , exceto aquelas com SLA acima de 97%  origem VGP;15;240.97;Sem Categoria
26/06/2026;207;Bloqueia Magalu e Dialogo de alguns SKU's;0;0.0;
26/06/2026;208;Bloqueia Jamef de dois SKUs;0;0.0;Sem Categoria
26/06/2026;211;Bloqueia Jamef de dois SKUs;0;0.0;Sem Categoria
26/06/2026;250;Bloqeuio de imile na origem VGP algumas cidades especificas ;2;4.39;Sem Categoria
26/06/2026;251;Bloqeuio de imile na origem Serra algumas cidades especificas;0;0.0;
26/06/2026;264;Bloquieo de JET no SKU SI5435;0;0.0;Sem Categoria
26/06/2026;268;Bloquieo de bebidas em 35 - Pacifico  x56 - Pajucara  x90 - Jamef SP  x92 - JeT EXPRESS  x120 - TODOBRASIL  x127 - Correios SEDEX - 34028316000103  x140 - LAUTO CARGO  x164 - IMILE Standard  x;9;291.67;Sem Categoria
26/06/2026;275;Bloquieo de Pajuçara em MG em SKUs que não fazem;0;0.0;
26/06/2026;276;Bloquieo de Pajuçara em ES em SKUs que não fazem;0;0.0;Sem Categoria
26/06/2026;277;Bloquieo de Pajuçara em Cotia em SKUs que não fazem;0;0.0;
26/06/2026;278;Bloquieo de Pajuçara em VGP em SKUs que não fazem;0;0.0;
26/06/2026;336;;2;112.02;Sem Categoria
26/06/2026;368;Bloqueia todas as transportadoras de entregarem em MT e MS exceto Carvalima e Favorita para BRBAY Origem Cotia;3;7.8;Sem Categoria
26/06/2026;369;Bloqueia todas as transportadoras de entregarem em MT e MS exceto Carvalima e Favorita para BRBAY Origem VGP;1;8.14;Sem Categoria
26/06/2026;409;Bloqueio campanhas prioritarias em correios ;15;240.97;Sem Categoria
26/06/2026;410;Bloqueio campanhas prioritarias em correios ;15;240.97;Sem Categoria
26/06/2026;424;Bloquieo de HUB09 em Pacifico, Dominalog, Jadlog, Gol e J&T em HUB09 origem VGP;35;297.77;Sem Categoria
26/06/2026;301;Regra de caixa postal;0;0.0;
26/06/2026;302;Regra de caixa postal;0;0.0;
26/06/2026;303;Regra de caixa postal;0;0.0;
26/06/2026;304;Regra de caixa postal;0;0.0;
26/06/2026;305;Regra de caixa postal;0;0.0;
26/06/2026;355;Bloqueia jad e jamef em SKUs de ON;12;67.94;Sem Categoria
27/06/2026;420;Peso minimo J&T origem Cotia;16;85.73;Sem Categoria
27/06/2026;421;Peso minimo J&T origem MG;10;75.63;Sem Categoria
27/06/2026;422;Peso minimo J&T VGP;3;2.33;Sem Categoria
27/06/2026;423;Bloqueio J&T peso minimo Serra;0;0.0;
27/06/2026;186;Bloqueia Carriers de Serra;0;0.0;
27/06/2026;187;Bloqueia Carriers em Cotia;0;0.0;
27/06/2026;212;;0;0.0;
27/06/2026;412;Bloqueio iMile VGP - Inativo;14;268.6;Sem Categoria
27/06/2026;393;Bloquear a Jalod em pedidos ate 10kg - Inativo;59;632.74;Sem Categoria
27/06/2026;416;Bloqueio da jad em MG ate 10kg - Inativo;11;142.2;Sem Categoria
27/06/2026;417;Bloqueio da Jad em VGP ate 10kg - Inativo;27;376.43;Sem Categoria
27/06/2026;198;Bloqueia Sedex de Cuaba;0;0.0;Sem Categoria
27/06/2026;404;Bloqueia Gol de todas as campanhas para pesados, exceto heist;0;0.0;
27/06/2026;396;Bloquear a transportadora stone para pedidos com o peso acima de 30kg;0;0.0;Sem Categoria
27/06/2026;153;Bloqueia Cadeiras de itau de sair para Carriers, Dialogo, J&T, Magalu, TodoBrasil;0;0.0;Sem Categoria
27/06/2026;166;Bloqueia Todo Brasil, iMile e Pajuçara com origem Serra de levar notebook;0;0.0;
27/06/2026;167;Bloqueia Magalu, com origem Cotia de levar carrinho de compras;0;0.0;
27/06/2026;170;Bloqueia Atrus em várias campamnhas especificas;0;0.0;
27/06/2026;181;Bloqueia várias transportadoras de coletar no escritorio;0;0.0;Sem Categoria
27/06/2026;182;Bloqueia Magalu em uma lista de Cidades que eles cortaram ;0;0.0;Sem Categoria
27/06/2026;1;Bloqueia MARYK das pesadas com origem Cotia;0;0.0;
27/06/2026;2;Bloqueia MARYK das pesadas de todas as origens;0;0.0;
27/06/2026;161;Bloqueia HPAMZ, HPB2W e HPMLU com origem Serra de sair por Sedex;0;0.0;
27/06/2026;162;Bloqueia HPAMZ, HPB2W e HPMLU com origem Coria de sair por Sedex;0;0.0;Sem Categoria
27/06/2026;163;Bloqueia HPAMZ, HPB2W e HPMLU com todas as origens de sair por Sedex;0;0.0;Sem Categoria
27/06/2026;190;Bloqueia BRBAY em Carriers, Atrus, todo brasil, Sedex, Eu entrego;1;5.17;Sem Categoria
27/06/2026;206;Bloqueia Celular de todas, exceto sedex, Carvalima, R3, Atrus, Magalu, LSP e Jamef origem Serra;0;0.0;
27/06/2026;313;Bloqueia Celular de todas, exceto sedex, Carvalima, R3, Atrus, Magalu, LSP e Jamef origem MG;0;0.0;Sem Categoria
27/06/2026;213;Bloqueia HUB09 de JeT e TodoBrasil;0;0.0;Sem Categoria
27/06/2026;269;Bloqueio de HUB09 em jadlog, Pajuçara e Dominalog;0;0.0;Sem Categoria
27/06/2026;371;Bloqueia HUB09 em R3;0;0.0;Sem Categoria
27/06/2026;372;Bloqueia HUB09 em R3;0;0.0;Sem Categoria
27/06/2026;288;Bloquieo de HUB10 e jadlog;0;0.0;Sem Categoria
27/06/2026;234;Bloqueio ITALA;0;0.0;
27/06/2026;243;Bloqueia Itala em tudo exceto atrus Cotia;0;0.0;
27/06/2026;244;Bloqueia Itala em tudo exceto atrus origem VGP;0;0.0;
27/06/2026;274;Bloquieo de HEIST em várias TSP;6;330.43;Sem Categoria
27/06/2026;382;Bloqueio gol e sedex em MG;0;0.0;Sem Categoria
27/06/2026;389;Bloqueio bebidas, powerbank e perfume para Gol;0;0.0;
27/06/2026;390;Bloqueio bebidas, powerbank e perfume para Gol 2;0;0.0;
27/06/2026;391;Bloqueio Gol, bebidas, perfumes e powerbank 3;0;0.0;
27/06/2026;392;Bloqueio Gol, bebidas, perfumes e powerbank 3;0;0.0;
27/06/2026;401;Bloquieo campanhas azul para gol;0;0.0;
27/06/2026;394;Bloquear ebb para mcpor;0;0.0;Sem Categoria
27/06/2026;402;Bloqueia EBB em tudo exceto Heineken e HUb;0;0.0;Sem Categoria
27/06/2026;405;bloqueio EBB;0;0.0;
27/06/2026;406;bloqueio EBB;0;0.0;
27/06/2026;407;bloqueio ebb;0;0.0;
27/06/2026;408;Bloqueio EBB;0;0.0;
27/06/2026;397;A transportadora stone só poderá trabalhar com a campanha STOLJ;97;872.96;Sem Categoria
27/06/2026;400;Não deixar que a transportadora Stone retorne para pedidos expressos, exceto campanha STOLJ;0;0.0;
27/06/2026;411;Atrus - Apenas HEIST;0;0.0;
27/06/2026;419;Bloqueio da Jad nv Brasil, origem Cotia, exceto Sul e Sudeste - Inativo;9;47.62;Sem Categoria
27/06/2026;38;Bloqueia Linha branca origem Serra de Jad, Pajuçara, Carriers, Dialogo, Jamef, Atrus, Magalu, iMile, J&T e Sedex;0;0.0;
27/06/2026;39;Bloqueia Linha branca origem Cotia de Jad, Pajuçara, Carriers, Dialogo, Jamef, Atrus, Magalu, iMile, J&T e Sedex;0;0.0;Sem Categoria
27/06/2026;40;Bloqueia Linha branca todas as origens de Jad, Pajuçara, Carriers, Dialogo, Jamef, Atrus, Magalu, iMile, J&T e Sedex;1;28.81;Sem Categoria
27/06/2026;298;Bloquieo de linha branca em 42 - JADLOG  x57 - Carriers  x90 - Jamef SP  x92 - JeT EXPRESS  x119 - MAGALU  x127 - Correios SEDEX - 34028316000103  x164 - IMILE Standard  x195 - Azul linhas aereas  x com origem ES;0;0.0;Sem Categoria
27/06/2026;82;Bloqueia TV origem Serra para 56 - Pajucara  x57 - Carriers  x66 - Dialogo - SP  x92 - JeT EXPRESS  x119 - MAGALU  x127 - Correios SEDEX - 34028316000103  x;0;0.0;
27/06/2026;83;Bloqueia TV origem Cotia 56 - Pajucara  x57 - Carriers  x66 - Dialogo - SP  x92 - JeT EXPRESS  x110 - ATRUS INTERMEDIACAO  x119 - MAGALU  x127 - Correios SEDEX - 34028316000103  x;0;0.0;Sem Categoria
27/06/2026;84;Bloqueia TV Todas as origens 56 - Pajucara  x57 - Carriers  x66 - Dialogo - SP  x92 - JeT EXPRESS  x110 - ATRUS INTERMEDIACAO  x119 - MAGALU  x127 - Correios SEDEX - 34028316000103  x139 - EU ENTREGO SISTEMAS S/A  x;0;0.0;Sem Categoria
27/06/2026;184;Bloqueia Dialogo, J&T e Magalu nas cadeiras de itau origem Serra;0;0.0;
27/06/2026;202;Bloqueia todas as transportadoras em hub09 e hub10 , exceto aquelas com SLA acima de 97%  origem VGP;0;0.0;Sem Categoria
27/06/2026;207;Bloqueia Magalu e Dialogo de alguns SKU's;0;0.0;
27/06/2026;208;Bloqueia Jamef de dois SKUs;0;0.0;Sem Categoria
27/06/2026;211;Bloqueia Jamef de dois SKUs;0;0.0;Sem Categoria
27/06/2026;250;Bloqeuio de imile na origem VGP algumas cidades especificas ;1;0.59;Sem Categoria
27/06/2026;251;Bloqeuio de imile na origem Serra algumas cidades especificas;0;0.0;
27/06/2026;264;Bloquieo de JET no SKU SI5435;0;0.0;Sem Categoria
27/06/2026;268;Bloquieo de bebidas em 35 - Pacifico  x56 - Pajucara  x90 - Jamef SP  x92 - JeT EXPRESS  x120 - TODOBRASIL  x127 - Correios SEDEX - 34028316000103  x140 - LAUTO CARGO  x164 - IMILE Standard  x;6;314.0;Sem Categoria
27/06/2026;275;Bloquieo de Pajuçara em MG em SKUs que não fazem;0;0.0;
27/06/2026;276;Bloquieo de Pajuçara em ES em SKUs que não fazem;0;0.0;Sem Categoria
27/06/2026;277;Bloquieo de Pajuçara em Cotia em SKUs que não fazem;0;0.0;
27/06/2026;278;Bloquieo de Pajuçara em VGP em SKUs que não fazem;0;0.0;
27/06/2026;336;;1;28.81;Sem Categoria
27/06/2026;368;Bloqueia todas as transportadoras de entregarem em MT e MS exceto Carvalima e Favorita para BRBAY Origem Cotia;1;35.98;Sem Categoria
27/06/2026;369;Bloqueia todas as transportadoras de entregarem em MT e MS exceto Carvalima e Favorita para BRBAY Origem VGP;10;113.68;Sem Categoria
27/06/2026;409;Bloqueio campanhas prioritarias em correios ;0;0.0;Sem Categoria
27/06/2026;410;Bloqueio campanhas prioritarias em correios ;0;0.0;Sem Categoria
27/06/2026;424;Bloquieo de HUB09 em Pacifico, Dominalog, Jadlog, Gol e J&T em HUB09 origem VGP;0;0.0;Sem Categoria
27/06/2026;301;Regra de caixa postal;0;0.0;
27/06/2026;302;Regra de caixa postal;0;0.0;
27/06/2026;303;Regra de caixa postal;0;0.0;
27/06/2026;304;Regra de caixa postal;0;0.0;
27/06/2026;305;Regra de caixa postal;0;0.0;
27/06/2026;355;Bloqueia jad e jamef em SKUs de ON;0;0.0;Sem Categoria
28/06/2026;420;Peso minimo J&T origem Cotia;147;562.39;Sem Categoria
28/06/2026;421;Peso minimo J&T origem MG;32;63.97;Sem Categoria
28/06/2026;422;Peso minimo J&T VGP;2;31.96;Sem Categoria
28/06/2026;423;Bloqueio J&T peso minimo Serra;0;0.0;
28/06/2026;186;Bloqueia Carriers de Serra;0;0.0;
28/06/2026;187;Bloqueia Carriers em Cotia;0;0.0;
28/06/2026;212;;0;0.0;
28/06/2026;412;Bloqueio iMile VGP - Inativo;9;86.85;Sem Categoria
28/06/2026;393;Bloquear a Jalod em pedidos ate 10kg - Inativo;140;410.08;Sem Categoria
28/06/2026;416;Bloqueio da jad em MG ate 10kg - Inativo;30;89.29;Sem Categoria
28/06/2026;417;Bloqueio da Jad em VGP ate 10kg - Inativo;18;168.01;Sem Categoria
28/06/2026;198;Bloqueia Sedex de Cuaba;0;0.0;Sem Categoria
28/06/2026;404;Bloqueia Gol de todas as campanhas para pesados, exceto heist;0;0.0;
28/06/2026;396;Bloquear a transportadora stone para pedidos com o peso acima de 30kg;0;0.0;Sem Categoria
28/06/2026;153;Bloqueia Cadeiras de itau de sair para Carriers, Dialogo, J&T, Magalu, TodoBrasil;0;0.0;Sem Categoria
28/06/2026;166;Bloqueia Todo Brasil, iMile e Pajuçara com origem Serra de levar notebook;0;0.0;
28/06/2026;167;Bloqueia Magalu, com origem Cotia de levar carrinho de compras;0;0.0;
28/06/2026;170;Bloqueia Atrus em várias campamnhas especificas;0;0.0;
28/06/2026;181;Bloqueia várias transportadoras de coletar no escritorio;0;0.0;Sem Categoria
28/06/2026;182;Bloqueia Magalu em uma lista de Cidades que eles cortaram ;0;0.0;Sem Categoria
28/06/2026;1;Bloqueia MARYK das pesadas com origem Cotia;0;0.0;
28/06/2026;2;Bloqueia MARYK das pesadas de todas as origens;0;0.0;
28/06/2026;161;Bloqueia HPAMZ, HPB2W e HPMLU com origem Serra de sair por Sedex;0;0.0;
28/06/2026;162;Bloqueia HPAMZ, HPB2W e HPMLU com origem Coria de sair por Sedex;0;0.0;Sem Categoria
28/06/2026;163;Bloqueia HPAMZ, HPB2W e HPMLU com todas as origens de sair por Sedex;0;0.0;Sem Categoria
28/06/2026;190;Bloqueia BRBAY em Carriers, Atrus, todo brasil, Sedex, Eu entrego;0;0.0;Sem Categoria
28/06/2026;206;Bloqueia Celular de todas, exceto sedex, Carvalima, R3, Atrus, Magalu, LSP e Jamef origem Serra;0;0.0;
28/06/2026;313;Bloqueia Celular de todas, exceto sedex, Carvalima, R3, Atrus, Magalu, LSP e Jamef origem MG;0;0.0;Sem Categoria
28/06/2026;213;Bloqueia HUB09 de JeT e TodoBrasil;0;0.0;Sem Categoria
28/06/2026;269;Bloqueio de HUB09 em jadlog, Pajuçara e Dominalog;0;0.0;Sem Categoria
28/06/2026;371;Bloqueia HUB09 em R3;0;0.0;Sem Categoria
28/06/2026;372;Bloqueia HUB09 em R3;0;0.0;Sem Categoria
28/06/2026;288;Bloquieo de HUB10 e jadlog;0;0.0;Sem Categoria
28/06/2026;234;Bloqueio ITALA;0;0.0;
28/06/2026;243;Bloqueia Itala em tudo exceto atrus Cotia;0;0.0;
28/06/2026;244;Bloqueia Itala em tudo exceto atrus origem VGP;0;0.0;
28/06/2026;274;Bloquieo de HEIST em várias TSP;3;326.25;Sem Categoria
28/06/2026;382;Bloqueio gol e sedex em MG;0;0.0;Sem Categoria
28/06/2026;389;Bloqueio bebidas, powerbank e perfume para Gol;0;0.0;
28/06/2026;390;Bloqueio bebidas, powerbank e perfume para Gol 2;0;0.0;
28/06/2026;391;Bloqueio Gol, bebidas, perfumes e powerbank 3;0;0.0;
28/06/2026;392;Bloqueio Gol, bebidas, perfumes e powerbank 3;0;0.0;
28/06/2026;401;Bloquieo campanhas azul para gol;0;0.0;
28/06/2026;394;Bloquear ebb para mcpor;0;0.0;Sem Categoria
28/06/2026;402;Bloqueia EBB em tudo exceto Heineken e HUb;0;0.0;Sem Categoria
28/06/2026;405;bloqueio EBB;0;0.0;
28/06/2026;406;bloqueio EBB;0;0.0;
28/06/2026;407;bloqueio ebb;0;0.0;
28/06/2026;408;Bloqueio EBB;0;0.0;
28/06/2026;397;A transportadora stone só poderá trabalhar com a campanha STOLJ;121;920.8;Sem Categoria
28/06/2026;400;Não deixar que a transportadora Stone retorne para pedidos expressos, exceto campanha STOLJ;0;0.0;
28/06/2026;411;Atrus - Apenas HEIST;0;0.0;
28/06/2026;419;Bloqueio da Jad nv Brasil, origem Cotia, exceto Sul e Sudeste - Inativo;51;52.98;Sem Categoria
28/06/2026;38;Bloqueia Linha branca origem Serra de Jad, Pajuçara, Carriers, Dialogo, Jamef, Atrus, Magalu, iMile, J&T e Sedex;0;0.0;
28/06/2026;39;Bloqueia Linha branca origem Cotia de Jad, Pajuçara, Carriers, Dialogo, Jamef, Atrus, Magalu, iMile, J&T e Sedex;0;0.0;Sem Categoria
28/06/2026;40;Bloqueia Linha branca todas as origens de Jad, Pajuçara, Carriers, Dialogo, Jamef, Atrus, Magalu, iMile, J&T e Sedex;0;0.0;Sem Categoria
28/06/2026;298;Bloquieo de linha branca em 42 - JADLOG  x57 - Carriers  x90 - Jamef SP  x92 - JeT EXPRESS  x119 - MAGALU  x127 - Correios SEDEX - 34028316000103  x164 - IMILE Standard  x195 - Azul linhas aereas  x com origem ES;0;0.0;Sem Categoria
28/06/2026;82;Bloqueia TV origem Serra para 56 - Pajucara  x57 - Carriers  x66 - Dialogo - SP  x92 - JeT EXPRESS  x119 - MAGALU  x127 - Correios SEDEX - 34028316000103  x;0;0.0;
28/06/2026;83;Bloqueia TV origem Cotia 56 - Pajucara  x57 - Carriers  x66 - Dialogo - SP  x92 - JeT EXPRESS  x110 - ATRUS INTERMEDIACAO  x119 - MAGALU  x127 - Correios SEDEX - 34028316000103  x;0;0.0;Sem Categoria
28/06/2026;84;Bloqueia TV Todas as origens 56 - Pajucara  x57 - Carriers  x66 - Dialogo - SP  x92 - JeT EXPRESS  x110 - ATRUS INTERMEDIACAO  x119 - MAGALU  x127 - Correios SEDEX - 34028316000103  x139 - EU ENTREGO SISTEMAS S/A  x;0;0.0;Sem Categoria
28/06/2026;184;Bloqueia Dialogo, J&T e Magalu nas cadeiras de itau origem Serra;0;0.0;
28/06/2026;202;Bloqueia todas as transportadoras em hub09 e hub10 , exceto aquelas com SLA acima de 97%  origem VGP;0;0.0;Sem Categoria
28/06/2026;207;Bloqueia Magalu e Dialogo de alguns SKU's;0;0.0;
28/06/2026;208;Bloqueia Jamef de dois SKUs;0;0.0;Sem Categoria
28/06/2026;211;Bloqueia Jamef de dois SKUs;0;0.0;Sem Categoria
28/06/2026;250;Bloqeuio de imile na origem VGP algumas cidades especificas ;4;8.02;Sem Categoria
28/06/2026;251;Bloqeuio de imile na origem Serra algumas cidades especificas;0;0.0;
28/06/2026;264;Bloquieo de JET no SKU SI5435;0;0.0;Sem Categoria
28/06/2026;268;Bloquieo de bebidas em 35 - Pacifico  x56 - Pajucara  x90 - Jamef SP  x92 - JeT EXPRESS  x120 - TODOBRASIL  x127 - Correios SEDEX - 34028316000103  x140 - LAUTO CARGO  x164 - IMILE Standard  x;4;394.63;Sem Categoria
28/06/2026;275;Bloquieo de Pajuçara em MG em SKUs que não fazem;0;0.0;
28/06/2026;276;Bloquieo de Pajuçara em ES em SKUs que não fazem;0;0.0;Sem Categoria
28/06/2026;277;Bloquieo de Pajuçara em Cotia em SKUs que não fazem;0;0.0;
28/06/2026;278;Bloquieo de Pajuçara em VGP em SKUs que não fazem;0;0.0;
28/06/2026;336;;0;0.0;Sem Categoria
28/06/2026;368;Bloqueia todas as transportadoras de entregarem em MT e MS exceto Carvalima e Favorita para BRBAY Origem Cotia;1;6.79;Sem Categoria
28/06/2026;369;Bloqueia todas as transportadoras de entregarem em MT e MS exceto Carvalima e Favorita para BRBAY Origem VGP;1;6.8;Sem Categoria
28/06/2026;409;Bloqueio campanhas prioritarias em correios ;1;0.78;Sem Categoria
28/06/2026;410;Bloqueio campanhas prioritarias em correios ;1;0.78;Sem Categoria
28/06/2026;424;Bloquieo de HUB09 em Pacifico, Dominalog, Jadlog, Gol e J&T em HUB09 origem VGP;0;0.0;Sem Categoria
28/06/2026;301;Regra de caixa postal;0;0.0;
28/06/2026;302;Regra de caixa postal;0;0.0;
28/06/2026;303;Regra de caixa postal;0;0.0;
28/06/2026;304;Regra de caixa postal;0;0.0;
28/06/2026;305;Regra de caixa postal;0;0.0;
28/06/2026;355;Bloqueia jad e jamef em SKUs de ON;0;0.0;Sem Categoria
29/06/2026;420;Peso minimo J&T origem Cotia;953;4402.74;Sem Categoria
29/06/2026;421;Peso minimo J&T origem MG;328;3888.19;Sem Categoria
29/06/2026;422;Peso minimo J&T VGP;216;1103.01;Sem Categoria
29/06/2026;423;Bloqueio J&T peso minimo Serra;0;0.0;
29/06/2026;186;Bloqueia Carriers de Serra;0;0.0;
29/06/2026;187;Bloqueia Carriers em Cotia;0;0.0;
29/06/2026;212;;0;0.0;
29/06/2026;412;Bloqueio iMile VGP - Inativo;6308;68551.98;Sem Categoria
29/06/2026;393;Bloquear a Jalod em pedidos ate 10kg - Inativo;6677;106661.64;Sem Categoria
29/06/2026;416;Bloqueio da jad em MG ate 10kg - Inativo;2172;21257.94;Sem Categoria
29/06/2026;417;Bloqueio da Jad em VGP ate 10kg - Inativo;2242;54965.87;Sem Categoria
29/06/2026;198;Bloqueia Sedex de Cuaba;22;634.79;Sem Categoria
29/06/2026;404;Bloqueia Gol de todas as campanhas para pesados, exceto heist;0;0.0;
29/06/2026;396;Bloquear a transportadora stone para pedidos com o peso acima de 30kg;39;4922.84;Sem Categoria
29/06/2026;153;Bloqueia Cadeiras de itau de sair para Carriers, Dialogo, J&T, Magalu, TodoBrasil;60;6554.35;Sem Categoria
29/06/2026;166;Bloqueia Todo Brasil, iMile e Pajuçara com origem Serra de levar notebook;0;0.0;
29/06/2026;167;Bloqueia Magalu, com origem Cotia de levar carrinho de compras;0;0.0;
29/06/2026;170;Bloqueia Atrus em várias campamnhas especificas;0;0.0;
29/06/2026;181;Bloqueia várias transportadoras de coletar no escritorio;2;125.09;Sem Categoria
29/06/2026;182;Bloqueia Magalu em uma lista de Cidades que eles cortaram ;90;1569.52;Sem Categoria
29/06/2026;1;Bloqueia MARYK das pesadas com origem Cotia;0;0.0;
29/06/2026;2;Bloqueia MARYK das pesadas de todas as origens;0;0.0;
29/06/2026;161;Bloqueia HPAMZ, HPB2W e HPMLU com origem Serra de sair por Sedex;0;0.0;
29/06/2026;162;Bloqueia HPAMZ, HPB2W e HPMLU com origem Coria de sair por Sedex;0;0.0;Sem Categoria
29/06/2026;163;Bloqueia HPAMZ, HPB2W e HPMLU com todas as origens de sair por Sedex;0;0.0;Sem Categoria
29/06/2026;190;Bloqueia BRBAY em Carriers, Atrus, todo brasil, Sedex, Eu entrego;40;1589.3;Sem Categoria
29/06/2026;206;Bloqueia Celular de todas, exceto sedex, Carvalima, R3, Atrus, Magalu, LSP e Jamef origem Serra;0;0.0;
29/06/2026;313;Bloqueia Celular de todas, exceto sedex, Carvalima, R3, Atrus, Magalu, LSP e Jamef origem MG;2;46.29;Sem Categoria
29/06/2026;213;Bloqueia HUB09 de JeT e TodoBrasil;886;14558.19;Sem Categoria
29/06/2026;269;Bloqueio de HUB09 em jadlog, Pajuçara e Dominalog;427;10782.19;Sem Categoria
29/06/2026;371;Bloqueia HUB09 em R3;250;5896.24;Sem Categoria
29/06/2026;372;Bloqueia HUB09 em R3;250;5896.24;Sem Categoria
29/06/2026;288;Bloquieo de HUB10 e jadlog;1;50.76;Sem Categoria
29/06/2026;234;Bloqueio ITALA;0;0.0;
29/06/2026;243;Bloqueia Itala em tudo exceto atrus Cotia;0;0.0;
29/06/2026;244;Bloqueia Itala em tudo exceto atrus origem VGP;0;0.0;
29/06/2026;274;Bloquieo de HEIST em várias TSP;250;51193.33;Sem Categoria
29/06/2026;382;Bloqueio gol e sedex em MG;28;5431.05;Sem Categoria
29/06/2026;389;Bloqueio bebidas, powerbank e perfume para Gol;0;0.0;
29/06/2026;390;Bloqueio bebidas, powerbank e perfume para Gol 2;0;0.0;
29/06/2026;391;Bloqueio Gol, bebidas, perfumes e powerbank 3;0;0.0;
29/06/2026;392;Bloqueio Gol, bebidas, perfumes e powerbank 3;0;0.0;
29/06/2026;401;Bloquieo campanhas azul para gol;0;0.0;
29/06/2026;394;Bloquear ebb para mcpor;0;0.0;Sem Categoria
29/06/2026;402;Bloqueia EBB em tudo exceto Heineken e HUb;9;2460.65;Sem Categoria
29/06/2026;405;bloqueio EBB;0;0.0;
29/06/2026;406;bloqueio EBB;0;0.0;
29/06/2026;407;bloqueio ebb;0;0.0;
29/06/2026;408;Bloqueio EBB;0;0.0;
29/06/2026;397;A transportadora stone só poderá trabalhar com a campanha STOLJ;6885;142603.73;Sem Categoria
29/06/2026;400;Não deixar que a transportadora Stone retorne para pedidos expressos, exceto campanha STOLJ;0;0.0;
29/06/2026;411;Atrus - Apenas HEIST;0;0.0;
29/06/2026;419;Bloqueio da Jad nv Brasil, origem Cotia, exceto Sul e Sudeste - Inativo;1038;7126.02;Sem Categoria
29/06/2026;38;Bloqueia Linha branca origem Serra de Jad, Pajuçara, Carriers, Dialogo, Jamef, Atrus, Magalu, iMile, J&T e Sedex;0;0.0;
29/06/2026;39;Bloqueia Linha branca origem Cotia de Jad, Pajuçara, Carriers, Dialogo, Jamef, Atrus, Magalu, iMile, J&T e Sedex;15;171.85;Sem Categoria
29/06/2026;40;Bloqueia Linha branca todas as origens de Jad, Pajuçara, Carriers, Dialogo, Jamef, Atrus, Magalu, iMile, J&T e Sedex;38;2243.04;Sem Categoria
29/06/2026;298;Bloquieo de linha branca em 42 - JADLOG  x57 - Carriers  x90 - Jamef SP  x92 - JeT EXPRESS  x119 - MAGALU  x127 - Correios SEDEX - 34028316000103  x164 - IMILE Standard  x195 - Azul linhas aereas  x com origem ES;0;0.0;Sem Categoria
29/06/2026;82;Bloqueia TV origem Serra para 56 - Pajucara  x57 - Carriers  x66 - Dialogo - SP  x92 - JeT EXPRESS  x119 - MAGALU  x127 - Correios SEDEX - 34028316000103  x;0;0.0;
29/06/2026;83;Bloqueia TV origem Cotia 56 - Pajucara  x57 - Carriers  x66 - Dialogo - SP  x92 - JeT EXPRESS  x110 - ATRUS INTERMEDIACAO  x119 - MAGALU  x127 - Correios SEDEX - 34028316000103  x;0;0.0;Sem Categoria
29/06/2026;84;Bloqueia TV Todas as origens 56 - Pajucara  x57 - Carriers  x66 - Dialogo - SP  x92 - JeT EXPRESS  x110 - ATRUS INTERMEDIACAO  x119 - MAGALU  x127 - Correios SEDEX - 34028316000103  x139 - EU ENTREGO SISTEMAS S/A  x;25;1895.87;Sem Categoria
29/06/2026;184;Bloqueia Dialogo, J&T e Magalu nas cadeiras de itau origem Serra;0;0.0;
29/06/2026;202;Bloqueia todas as transportadoras em hub09 e hub10 , exceto aquelas com SLA acima de 97%  origem VGP;859;14501.71;Sem Categoria
29/06/2026;207;Bloqueia Magalu e Dialogo de alguns SKU's;0;0.0;
29/06/2026;208;Bloqueia Jamef de dois SKUs;0;0.0;Sem Categoria
29/06/2026;211;Bloqueia Jamef de dois SKUs;0;0.0;Sem Categoria
29/06/2026;250;Bloqeuio de imile na origem VGP algumas cidades especificas ;131;581.69;Sem Categoria
29/06/2026;251;Bloqeuio de imile na origem Serra algumas cidades especificas;0;0.0;
29/06/2026;264;Bloquieo de JET no SKU SI5435;0;0.0;Sem Categoria
29/06/2026;268;Bloquieo de bebidas em 35 - Pacifico  x56 - Pajucara  x90 - Jamef SP  x92 - JeT EXPRESS  x120 - TODOBRASIL  x127 - Correios SEDEX - 34028316000103  x140 - LAUTO CARGO  x164 - IMILE Standard  x;888;150127.94;Sem Categoria
29/06/2026;275;Bloquieo de Pajuçara em MG em SKUs que não fazem;0;0.0;
29/06/2026;276;Bloquieo de Pajuçara em ES em SKUs que não fazem;2;72.22;Sem Categoria
29/06/2026;277;Bloquieo de Pajuçara em Cotia em SKUs que não fazem;0;0.0;
29/06/2026;278;Bloquieo de Pajuçara em VGP em SKUs que não fazem;0;0.0;
29/06/2026;336;;12;867.38;Sem Categoria
29/06/2026;368;Bloqueia todas as transportadoras de entregarem em MT e MS exceto Carvalima e Favorita para BRBAY Origem Cotia;74;12073.66;Sem Categoria
29/06/2026;369;Bloqueia todas as transportadoras de entregarem em MT e MS exceto Carvalima e Favorita para BRBAY Origem VGP;66;1015.07;Sem Categoria
29/06/2026;409;Bloqueio campanhas prioritarias em correios ;947;16502.7;Sem Categoria
29/06/2026;410;Bloqueio campanhas prioritarias em correios ;947;16502.7;Sem Categoria
29/06/2026;424;Bloquieo de HUB09 em Pacifico, Dominalog, Jadlog, Gol e J&T em HUB09 origem VGP;875;14710.73;Sem Categoria
29/06/2026;301;Regra de caixa postal;0;0.0;
29/06/2026;302;Regra de caixa postal;0;0.0;
29/06/2026;303;Regra de caixa postal;0;0.0;
29/06/2026;304;Regra de caixa postal;0;0.0;
29/06/2026;305;Regra de caixa postal;0;0.0;
29/06/2026;355;Bloqueia jad e jamef em SKUs de ON;326;3526.6;Sem Categoria
