Data;ShipmentID;CotacaoID;Impacto;Regras
06/06/2026;31652946;826381743446029;7.75;393|397
06/06/2026;31669422;367152898698827;0.93;412
06/06/2026;31670142;311528439771761;0.49;420
06/06/2026;31670461;838247272959483;2.48;420
06/06/2026;31671160;561575300526071;11.15;393|397|416
06/06/2026;31671406;561043040215626;1.02;393|397|416
06/06/2026;31673071;191757464678694;0.62;412
06/06/2026;31673076;814197996741483;0.16;
06/06/2026;31674744;554006189483752;0.46;
06/06/2026;31674748;148872627043136;0.92;412
06/06/2026;31674751;825319025181405;1.26;412
06/06/2026;31674792;244773956835164;61.28;
06/06/2026;31674843;169583308176108;0.22;393|416
06/06/2026;31674850;811037077735942;0.75;397
06/06/2026;31674853;532716811318681;0.48;420
06/06/2026;31674855;610494729720223;0.23;412
06/06/2026;31674861;347111484142828;1.54;397
06/06/2026;31674864;634777761668114;4.5;412
06/06/2026;31674872;726623919616156;1.07;412
06/06/2026;31674880;359167231837869;30.17;393|397|419
06/06/2026;31674882;730143276538691;0.55;393
06/06/2026;31674884;490724393514553;2.43;412
06/06/2026;31674906;106556854996592;2.14;397
06/06/2026;31674929;717031138444807;19.81;393|397|419
06/06/2026;31674947;506693289625072;2.33;397|412
06/06/2026;31674993;19342974629614;0.56;421
06/06/2026;31674994;406181655990151;5.0;397
06/06/2026;31675014;5611720507012;1.44;420
06/06/2026;31675023;873849250783960;1.62;412
06/06/2026;31675032;136742714686706;1.59;412
06/06/2026;31675033;924762507655502;10.13;393|416
06/06/2026;31675052;198243683128180;70.93;393|397|416|421
06/06/2026;31675053;127461288171119;2.43;412
06/06/2026;31675095;144574920310873;0.99;420
06/06/2026;31675097;197866756205980;1.23;397
06/06/2026;31675109;748086016297750;2.9;397
06/06/2026;31675145;394855811225374;0.76;
06/06/2026;31675170;405833092736742;1.74;393|419
06/06/2026;31675182;328870717556811;2.05;412
06/06/2026;31675185;410366345449193;0.41;412
06/06/2026;31675190;457545772764432;1.4;412
06/06/2026;31675210;920184665507037;0.28;412
06/06/2026;31675217;841542173991214;2.52;
06/06/2026;31675219;719691817431719;0.38;
06/06/2026;31675221;346966397008644;0.65;412
06/06/2026;31675225;380256352446362;0.47;393|416
06/06/2026;31675231;523888573476300;1.2;397
06/06/2026;31675232;58482627412259;36.73;393|397|419
06/06/2026;31675285;868863130294207;1.98;397|412
06/06/2026;31675287;783792545595144;13.5;393|412|417
06/06/2026;31675291;884718544406709;0.42;397
06/06/2026;31675293;5380841895316;11.83;393|412|417
06/06/2026;31675304;983146650334556;1.0;393|416
06/06/2026;31675306;723583173015387;0.12;393
06/06/2026;31675307;362345829370880;0.53;
06/06/2026;31675314;996699015859521;4.29;393|397
06/06/2026;31675331;243750401341784;2.84;397
06/06/2026;31675335;454618248568797;0.55;397
06/06/2026;31675339;580849758366113;73.42;393|397|416
06/06/2026;31675360;768569761326559;2.02;412
06/06/2026;31675371;401464612839962;0.19;412
06/06/2026;31675374;914964976388947;0.65;412
06/06/2026;31675394;197021616138500;61.91;393|397|416
06/06/2026;31675395;116866745034928;2.44;397
06/06/2026;31675413;466216203617681;11.19;393|397
06/06/2026;31675425;529985326257673;1.62;397
06/06/2026;31675428;132731055359260;4.31;393|416
06/06/2026;31675435;446279224228779;0.36;412
06/06/2026;31675443;163140050195750;0.32;412
06/06/2026;31675447;713054364826566;4.17;397
06/06/2026;31675480;673799723260393;7.68;393|397
06/06/2026;31675484;482538386154218;2.66;422
06/06/2026;31675499;130562296605441;1.62;412
06/06/2026;31675500;889636888481222;0.2;412
06/06/2026;31675523;213958827678529;4.29;393|397
06/06/2026;31675550;80621290902409;73.28;393|397|416
06/06/2026;31675551;645379805523678;0.8;393|416
06/06/2026;31675557;42587722407681;1.4;397
06/06/2026;31675559;206025573382760;5.91;397
06/06/2026;31675562;764443463690101;1.08;412
06/06/2026;31675564;83106893863629;2.84;397
06/06/2026;31675576;808778293460040;5.51;393|397
06/06/2026;31675593;493291707682962;0.15;393|419
06/06/2026;31675641;986963628529973;0.29;393|397
06/06/2026;31675678;817580062888939;1.14;412
06/06/2026;31675683;860170104819824;0.26;
06/06/2026;31675698;27233540336564;0.34;393
06/06/2026;31675705;501866714882774;1.21;393|416
06/06/2026;31675719;820102830397915;0.47;412
06/06/2026;31675762;598790602810976;1.62;397
06/06/2026;31675783;34865394027858;0.08;
06/06/2026;31675818;207172501503310;0.37;412
06/06/2026;31675834;315881199797589;0.98;393|417
06/06/2026;31675882;714832595300639;6.24;397
06/06/2026;31675895;103345599061523;1.04;420
06/06/2026;31675901;240214693025676;2.53;412|422
06/06/2026;31675919;289224894052976;0.23;397
06/06/2026;31675923;901993846943444;0.55;393|416
06/06/2026;31675949;713998419223454;1.31;397
06/06/2026;31675956;587982329848456;0.53;
06/06/2026;31675960;380910262821964;87.75;393|397|416|421
06/06/2026;31675962;858808861032278;5.03;393|397
06/06/2026;31675972;257048276077319;0.13;393|419
06/06/2026;31675981;165275172212968;2.86;393|416
06/06/2026;31675987;14536419673959;5.06;393|397
06/06/2026;31676000;119591341928599;3.31;397
06/06/2026;31676016;442479240424618;1.72;412
06/06/2026;31676044;127809600912318;1.51;397
06/06/2026;31676051;195721305227687;2.66;393|416
06/06/2026;31676057;83510848310787;0.32;393|419
06/06/2026;31676109;604613628687598;2.68;393|416
06/06/2026;31676156;844358825477396;34.9;182|397|420
06/06/2026;31676161;775369231729443;3.36;412
06/06/2026;31676172;712721187470910;0.16;397
06/06/2026;31676174;484108976979882;1.59;412
06/06/2026;31676175;544939069488750;1.5;412
06/06/2026;31676176;329554759731192;0.44;393|417
06/06/2026;31676177;479348417737378;1.94;393|417
06/06/2026;31676179;338310201069432;1.98;412
06/06/2026;31676180;434177573449579;1.83;
06/06/2026;31676201;19416188571596;7.27;393|412|417
06/06/2026;31676209;224765572717996;2.38;412
06/06/2026;31676223;537915138469218;0.63;393|416
06/06/2026;31676225;149100129344061;0.63;393|416
06/06/2026;31676233;651130017240325;0.52;420
06/06/2026;31676259;168057690384593;1.63;420
06/06/2026;31676282;769901335508549;0.27;397
06/06/2026;31676292;831403689323274;0.63;393|416
06/06/2026;31676294;63663644850820;0.63;393|416
06/06/2026;31676297;400069981074920;1.79;393|416
06/06/2026;31676325;621670650475461;2.81;397
06/06/2026;31676351;743765660898918;0.28;412
06/06/2026;31676380;802701732142563;0.89;412
06/06/2026;31676398;929441679159810;0.89;412
06/06/2026;31676403;366557501370850;0.66;397
06/06/2026;31676418;346142501860249;0.04;412
06/06/2026;31676427;587929807215856;0.04;412
06/06/2026;31676442;474892607604544;43.75;393|397|419|420
06/06/2026;31676449;785747384151215;0.79;420
06/06/2026;31676471;680325414542079;3.28;397
06/06/2026;31676474;476178144491801;33.53;
06/06/2026;31676494;750408840813224;5.51;393|397
06/06/2026;31676498;928055465197052;4.53;397
06/06/2026;31676508;507200828084962;3.73;393|397
06/06/2026;31676529;361287316106721;2.84;397
06/06/2026;31676540;53679627460702;24.63;393|416
06/06/2026;31676557;503568682067412;2.9;397
06/06/2026;31676559;177326300635029;43.75;393|397|419|420
06/06/2026;31676573;499661335545050;1.26;393|397
06/06/2026;31676591;818742861140122;0.15;420
06/06/2026;31676618;692952596837332;0.72;393|416
06/06/2026;31676635;411209222995423;2.84;397
06/06/2026;31676659;892722505108178;0.46;393
06/06/2026;31676660;986979485471129;0.39;420
06/06/2026;31676694;523372741670456;0.14;412
06/06/2026;31676704;312178720239000;2.25;393|416
06/06/2026;31676739;377143741466149;2.84;397
06/06/2026;31676741;408517445166295;2.84;397
06/06/2026;31676744;710552870561387;1.22;397
06/06/2026;31676783;874114752243316;0.82;393|416
06/06/2026;31676810;93374781488470;1.13;412
06/06/2026;31676826;897013398424095;9.03;397
06/06/2026;31676839;58352673324602;1.21;397
06/06/2026;31676848;270998731283208;0.77;412
06/06/2026;31676849;768945078809270;1.09;393|416
06/06/2026;31676857;910656148292338;0.46;393|416
06/06/2026;31676859;790822045671036;0.04;393|419
06/06/2026;31676864;809385147814813;0.53;393
06/06/2026;31676874;317249213820670;3.89;393|412|417
06/06/2026;31676894;989780340443148;0.24;
06/06/2026;31676915;704373588605925;29.78;393|397|412|417
06/06/2026;31676916;928809172414249;0.72;393|412|417
06/06/2026;31676954;638813036873559;1.78;393|416
06/06/2026;31676968;697446620766324;36.31;393|397|417
06/06/2026;31676971;365625033261084;0.14;393|416
06/06/2026;31676974;5184856282763;0.93;393|416
06/06/2026;31676988;237069023741329;0.02;412
06/06/2026;31676991;60125145965751;0.41;412
06/06/2026;31676992;811883794580007;17.37;397
06/06/2026;31677012;231267439438766;0.71;393|416
06/06/2026;31677035;140219364870800;0.29;397
06/06/2026;31677036;239372663508711;3.72;397
06/06/2026;31677043;703414021982820;6.04;393|397
06/06/2026;31677044;167749623408565;0.21;393|416
06/06/2026;31677054;440236405160612;5.28;422
06/06/2026;31677070;493525407053668;3.56;397|412|422
06/06/2026;31677082;107518848819578;36.95;393|397|419
06/06/2026;31677087;13030025657370;0.92;393|412|417
06/06/2026;31677092;972863695685524;2.84;397
06/06/2026;31677094;83597226567847;0.44;393
06/06/2026;31677105;850976028060703;1.66;393|416
06/06/2026;31677110;220109916729800;2.84;397
06/06/2026;31677126;679046485148933;0.29;397
06/06/2026;31677127;569490195574711;0.21;412
06/06/2026;31677138;681451994304689;29.39;393|397|419
06/06/2026;31677173;316763007911297;4.35;393|412|417
06/06/2026;31677178;84300529814401;0.55;393
06/06/2026;31677191;346183836367913;38.77;397
06/06/2026;31677242;231936417865049;0.26;393
06/06/2026;31677286;758074745772343;0.41;
06/06/2026;31677335;360666687432026;2.75;393|416
06/06/2026;31677355;527937950790908;0.14;412
06/06/2026;31677360;62413504423295;5.53;393|397
06/06/2026;31677365;685901312485957;0.22;412
06/06/2026;31677368;53728243476665;0.22;412
06/06/2026;31677387;382898795314821;2.49;420
06/06/2026;31677393;916269659106291;3.94;397
06/06/2026;31677444;320292320125951;0.11;397
06/06/2026;31677485;352189820470179;5.08;393|397
06/06/2026;31677490;29287412631991;0.68;393|416|421
06/06/2026;31677496;647730167291782;2.02;393|416
06/06/2026;31677523;289425412942562;0.33;412
06/06/2026;31677536;669565223213606;6.05;397
06/06/2026;31677543;32137088003467;1.54;397
06/06/2026;31677550;279257091579850;1.07;412
06/06/2026;31677556;393134838075379;0.89;412
06/06/2026;31677568;942289761355076;4.46;393|419
06/06/2026;31677607;37032883009950;1.53;412
06/06/2026;31677639;631067520917686;2.21;393|397|416
06/06/2026;31677642;800390269439246;0.12;412
06/06/2026;31677651;955697276917258;0.21;393
06/06/2026;31677662;784560187985363;4.7;397
06/06/2026;31677670;437659245639288;3.6;397
06/06/2026;31677701;674184296789715;0.29;393
06/06/2026;31677740;317125296890420;0.97;393|416
06/06/2026;31677750;788665716866472;0.2;393
06/06/2026;31677758;560105703115195;0.38;420
06/06/2026;31677767;163339797847836;0.98;397
06/06/2026;31677780;295775415942585;0.89;412
06/06/2026;31677781;409408316926789;0.46;
06/06/2026;31677799;779053003015313;1.25;393|397|416|421
06/06/2026;31677803;311466566986323;0.89;412
06/06/2026;31677805;953959118416550;1.22;393|397|416|421
06/06/2026;31677808;975522180903235;5.0;393|397
06/06/2026;31677814;234395704777044;28.75;393|397|419
06/06/2026;31677822;861946687003251;0.28;420
06/06/2026;31677865;803647652260131;7.62;393|397
06/06/2026;31677878;845718110858086;0.12;397
06/06/2026;31677883;762851848232411;0.33;
06/06/2026;31677906;219190892284209;0.9;412
06/06/2026;31677929;433981589848503;0.89;412
06/06/2026;31677931;571697617664866;3.23;393|420
06/06/2026;31677935;259127524141671;6.76;393|416
06/06/2026;31677943;953261014948231;10.99;397
06/06/2026;31677951;421042939464269;2.84;397
06/06/2026;31677990;448525686057867;1.33;420
06/06/2026;31678045;123519083400076;0.49;
06/06/2026;31678083;597469557588233;0.77;393|416
06/06/2026;31678115;97475219590184;1.26;412
06/06/2026;31678129;829873579056141;3.2;393|416
06/06/2026;31678148;21080984285765;1.4;397
06/06/2026;31678156;611056241798851;3.89;397
06/06/2026;31678168;684440245609695;0.69;393|417
06/06/2026;31678178;397013669390378;0.33;412
06/06/2026;31678195;931765535407215;3.93;393|416
06/06/2026;31678200;331551578910419;4.35;393|397
06/06/2026;31678201;16583771106456;2.55;412|422
06/06/2026;31678219;537349487549411;0.21;393
06/06/2026;31678223;6674173964602;0.03;393
06/06/2026;31678224;766401871042687;0.4;412
06/06/2026;31678228;202769558147262;0.44;393
06/06/2026;31678232;267469264593577;0.71;420
06/06/2026;31678238;250934746014103;0.07;393
07/06/2026;31423218;706228767881476;0.18;393|416
07/06/2026;31438117;636605562761359;26.72;393|397
07/06/2026;31479386;885289184779634;26.82;393|397
07/06/2026;31481106;518915663869828;26.98;393|397
07/06/2026;31499276;293003365034212;2.35;393|416
07/06/2026;31502552;908720092905178;0.24;
07/06/2026;31542057;895291927336590;39.49;397
07/06/2026;31602199;88447578862432;1.23;393|416
07/06/2026;31603598;40494979288441;0.13;393|416
07/06/2026;31674295;931712244281607;0.84;420
07/06/2026;31674903;74263161231950;0.9;412
07/06/2026;31674970;134087888422982;0.83;397
07/06/2026;31675520;104144208568023;0.3;412
07/06/2026;31675569;504853197555105;1.04;397
07/06/2026;31675708;95045049443259;1.22;393|416
07/06/2026;31675790;910446297735983;3.82;420
07/06/2026;31675802;700316835850021;0.61;397
07/06/2026;31677588;156159056910685;2.01;397
07/06/2026;31677742;287425337459664;0.26;412
07/06/2026;31677939;991553514104350;1.24;393|397|416
07/06/2026;31678043;914094526117432;2.51;412|422
07/06/2026;31678293;722125894571465;0.04;393|419
07/06/2026;31678419;122316939100584;50.31;397
07/06/2026;31678527;627821397967330;3.72;393|397
07/06/2026;31678592;505662333619650;0.36;393|416
07/06/2026;31678653;126506488768660;2.04;412
07/06/2026;31678689;460900386692191;2.84;397
07/06/2026;31678720;94362908426148;0.47;393|416
07/06/2026;31678734;826977446603140;0.12;397
07/06/2026;31678751;27695037126384;0.66;393|416
07/06/2026;31678765;443537782593235;59.34;396|397
07/06/2026;31678767;623142395416113;0.23;412
07/06/2026;31678783;56632698486609;0.11;393|419
07/06/2026;31678797;920405587260623;2.54;412|422
07/06/2026;31678899;120849348047037;0.07;393
07/06/2026;31679007;401861591575896;10.92;393|412|417
07/06/2026;31679012;760559547991142;77.95;393|397|416|421
07/06/2026;31679037;290311182388788;1.99;250|412
07/06/2026;31679041;444392639465454;1.68;
07/06/2026;31679046;737071160560070;0.63;397
07/06/2026;31679061;991132876367649;0.11;397
07/06/2026;31679063;655277224089452;0.45;393|416
07/06/2026;31679071;659443061873540;87.75;393|397|416|421
07/06/2026;31679078;99690155695779;6.08;420
07/06/2026;31679085;493836189598841;0.06;
07/06/2026;31679127;484196090274311;2.02;393|416
07/06/2026;31679132;844240185483640;50.41;393|397|412|417
07/06/2026;31679138;961894182623995;1.24;393|397|416
07/06/2026;31679149;973411951369430;1.07;393|416
07/06/2026;31679210;407706250279676;0.12;397
07/06/2026;31679224;725035142647658;3.38;393|416
07/06/2026;31679241;302987045493001;0.47;412
07/06/2026;31679258;769592146708518;9.88;393|397|419
07/06/2026;31679262;238225847767997;0.07;397
07/06/2026;31679271;725342492777950;0.35;397
07/06/2026;31679281;578614637022288;2.93;397
07/06/2026;31679287;415211543481138;0.28;397
07/06/2026;31679293;9131000343019;0.04;393
07/06/2026;31679325;992613666874004;0.2;393|416
07/06/2026;31679350;389284977418626;0.13;397
07/06/2026;31679362;555728059092029;1.6;393|397
07/06/2026;31679387;345619289379048;2.89;393|419|420
07/06/2026;31679397;512033803961878;2.84;397
07/06/2026;31679407;384457255895273;0.92;397
07/06/2026;31679416;71834354796222;0.17;412
07/06/2026;31679443;319247014988450;6.11;393|397
07/06/2026;31679455;850782087895074;4.48;393|397
07/06/2026;31679467;601449402727413;2.84;397
07/06/2026;31679478;571540550379868;1.0;412
07/06/2026;31679487;434578361328170;6.24;397
07/06/2026;31679495;678664873540115;0.45;393|412|417
07/06/2026;31679511;802502325292323;0.31;393|416
07/06/2026;31679542;166560442090707;0.61;397
07/06/2026;31679544;954553131968280;0.21;
07/06/2026;31679548;139456548920305;4.35;393|397
07/06/2026;31679555;758994895417900;0.13;
07/06/2026;31679580;235559547554833;2.44;250|393|412|417
07/06/2026;31679583;926786434244288;6.27;412
07/06/2026;31679586;609097430219171;3.83;397|412|422
07/06/2026;31679595;329141857003712;0.52;412
07/06/2026;31679626;122789807241828;0.18;397
07/06/2026;31679628;598912605035173;0.05;
07/06/2026;31679639;926176296575136;0.53;393|416
07/06/2026;31679665;316164885815674;0.22;
07/06/2026;31679667;654716835140662;0.17;420
07/06/2026;31679711;697235344358731;0.04;393
07/06/2026;31679731;88818959101649;0.61;393|412|417
07/06/2026;31679734;909719661177530;0.43;393|416
07/06/2026;31679736;372248533879943;0.61;393|412|417
07/06/2026;31679744;965638628406488;0.61;393|412|417
07/06/2026;31679760;961676327695386;1.5;412
07/06/2026;31679762;736013522598339;33.53;
07/06/2026;31679816;406858682676423;3.62;397
07/06/2026;31679823;729079274732867;1.14;397
07/06/2026;31679834;959143697928028;4.17;412
07/06/2026;31679848;494340854294740;1.03;393|397
07/06/2026;31679856;298769869078991;1.36;412
07/06/2026;31679869;939625964632003;2.23;393|416|421
07/06/2026;31679870;133309316153278;0.61;393|412|417
07/06/2026;31679880;852917910201791;0.51;393|416
07/06/2026;31679883;436877253630089;6.33;393|416
07/06/2026;31679916;816224103207844;0.7;420
07/06/2026;31679989;588862159522282;0.61;393|412|417
07/06/2026;31680001;819797503407102;75.89;393|397|416
07/06/2026;31680003;939613905583687;0.85;412
07/06/2026;31680006;312858370459493;0.62;393|416
07/06/2026;31680008;979300382776409;1.52;412
07/06/2026;31680016;644131350110152;4.29;393|397
07/06/2026;31680047;990520649078042;43.55;393|397|419
07/06/2026;31680053;824884534909550;43.55;393|397|419
07/06/2026;31680075;43114908100767;2.84;397
07/06/2026;31680123;616596257506071;0.52;393
07/06/2026;31680130;611459593065161;0.29;412
07/06/2026;31680131;252605215976980;0.05;412
07/06/2026;31680134;811883926030964;0.53;393
07/06/2026;31680137;34417407975193;0.61;393|412|417
07/06/2026;31680163;71131607591017;0.21;
07/06/2026;31680164;786909081794867;0.76;393|416
07/06/2026;31680171;279187613515503;4.03;420
07/06/2026;31680175;738953562551366;0.98;397
07/06/2026;31680207;907186733940431;33.53;
07/06/2026;31680212;43992546220513;73.51;393|397|416
07/06/2026;31680239;442755946515288;2.84;397
07/06/2026;31680349;234575762347088;3.12;420
07/06/2026;31680390;64480973377651;0.14;397
07/06/2026;31680406;468096516564993;1.96;397
07/06/2026;31680411;355344535817198;3.36;393|416
07/06/2026;31680413;920313005396045;3.36;393|416
07/06/2026;31680417;323924070519766;6.29;421
07/06/2026;31680424;474703025282629;1.84;393|416
07/06/2026;31680446;870813621450521;0.35;393|419
07/06/2026;31680451;268703540431747;0.28;420
07/06/2026;31680455;402424469689158;39.16;393|397|419
07/06/2026;31680458;882397823791965;1.84;420
07/06/2026;31680469;736481971962673;0.21;393
07/06/2026;31680476;157089007700016;43.75;393|397|419|420
07/06/2026;31680493;193616880976078;0.11;397
07/06/2026;31680518;428940734714467;1.31;393|412|417
07/06/2026;31680539;681548552245860;0.36;397
07/06/2026;31680542;979117803949121;0.85;412
07/06/2026;31680547;223238099859085;0.45;412
07/06/2026;31680548;382050768573813;0.85;412
07/06/2026;31680550;753768705203034;0.35;397
07/06/2026;31680556;335427982566232;0.57;393|397|416
07/06/2026;31680561;365803555617905;0.81;393|416
07/06/2026;31680568;142142443369074;2.19;393|397
07/06/2026;31680600;152317700753768;3.27;397|412|422
07/06/2026;31680602;36960599441305;1.33;268
07/06/2026;31680603;29222417760499;4.53;393|416
07/06/2026;31680634;131326386604533;2.84;397
07/06/2026;31680650;988827054323488;0.38;412
07/06/2026;31680651;593679897171007;0.39;397
07/06/2026;31680653;200914889625060;2.84;397
07/06/2026;31680688;795229670311148;11.82;397
07/06/2026;31680708;521157623329622;0.56;
07/06/2026;31680710;148904641518912;0.77;412
07/06/2026;31680725;642272970918619;0.62;393|416
07/06/2026;31680726;544307459693184;0.49;393|397
07/06/2026;31680733;408057482115095;0.23;421
07/06/2026;31680737;838942512458328;0.82;397
07/06/2026;31680742;518396715180321;108.77;393|397|416|421
07/06/2026;31680750;605809389684068;0.41;393|416
07/06/2026;31680764;233010056247637;5.25;393|397
07/06/2026;31680765;42752808985929;1.2;393|416
07/06/2026;31680769;213659955671976;0.44;393|416
07/06/2026;31680793;928463631840630;4.35;393|397
07/06/2026;31680806;186150170085004;0.53;393|416
07/06/2026;31680808;525525965563438;4.49;393|397
07/06/2026;31680813;791476851666723;1.23;393|419
07/06/2026;31680821;418551277415589;1.23;393|419
07/06/2026;31680831;22698116363171;4.29;393|397
07/06/2026;31680839;407812551686533;5.01;393|397
07/06/2026;31680852;282023369475729;4.35;393|397
07/06/2026;31680854;958685301006326;4.35;393|397
07/06/2026;31680870;339648414393741;4.29;393|397
07/06/2026;31680878;982817137837457;5.03;393|397
07/06/2026;31680885;522885847127538;0.17;397
07/06/2026;31680895;103472621324044;3.62;393|397|420
07/06/2026;31680999;968370513975225;1.22;393|397|416
07/06/2026;31681018;144490414096181;6.33;393|416
07/06/2026;31681019;926213543941039;0.02;420
07/06/2026;31681048;212502203035883;1.22;393|416
07/06/2026;31681097;926448492513051;0.13;420
07/06/2026;31681107;732557760563885;3.41;393|420
07/06/2026;31681130;858901104776767;0.59;397
07/06/2026;31681136;467994681983722;0.12;397
07/06/2026;31681140;273192651339363;0.67;393|416
07/06/2026;31681184;771040844312004;0.02;393|416
07/06/2026;31681186;702421744742158;0.27;393|416
07/06/2026;31681202;57488023741706;3.44;412
07/06/2026;31681203;855816767506370;0.9;412
07/06/2026;31681208;303099772035234;0.73;393
07/06/2026;31681210;971679957726519;0.17;397
07/06/2026;31681221;393594865049969;0.32;397
07/06/2026;31681230;625265414447728;0.23;412
07/06/2026;31681232;667822229268751;0.33;412
07/06/2026;31681236;965909931675859;0.18;412
07/06/2026;31681238;851296549190958;0.14;412
07/06/2026;31681241;464775532381644;0.55;393|417
07/06/2026;31681244;657228337789668;29.79;393|397|412|417
07/06/2026;31681252;894986822885210;0.23;412
07/06/2026;31681271;587336313553570;0.49;420
07/06/2026;31681274;207610288061282;0.78;420
07/06/2026;31681309;323905123956059;0.19;420
07/06/2026;31681315;134316206594082;0.08;
07/06/2026;31681318;992580369060229;0.31;393|416
07/06/2026;31681335;253058213480083;0.12;393|419
07/06/2026;31681346;853427380409027;0.48;397
07/06/2026;31681358;954306344539882;0.13;393|419
07/06/2026;31681361;3585745901205;0.15;420
07/06/2026;31681378;281791428329537;3.44;412
07/06/2026;31681393;724125417910655;2.9;397
07/06/2026;31681442;457154131074959;0.66;397
07/06/2026;31681540;316387933502546;0.2;
07/06/2026;31681552;609934955129820;1.62;412
07/06/2026;31681566;420978203688728;0.29;393|416
07/06/2026;31681572;538174973576114;4.29;393|397
07/06/2026;31681578;628385917906947;1.0;397
07/06/2026;31681590;774223044080913;5.01;393|397
07/06/2026;31681641;691576236156216;8.23;393|416
07/06/2026;31681643;348129499482143;1.67;397
07/06/2026;31681650;969756724567947;0.06;397
07/06/2026;31681673;51962902757266;2.84;397
07/06/2026;31681682;717651952739131;0.11;397
07/06/2026;31681684;66739005396924;1.27;412
07/06/2026;31681697;972499545484675;40.17;393|397|419
07/06/2026;31681720;240730138352763;2.86;393|397
07/06/2026;31681739;25893228427066;1.97;393|416
07/06/2026;31681742;664939613901369;39.99;393|397|419
07/06/2026;31681754;921028939653206;24.35;412
07/06/2026;31681758;523626410892167;16.09;412
07/06/2026;31681767;782908346827515;0.81;393|416
07/06/2026;31681776;787750491967713;0.74;
07/06/2026;31681792;874076176996337;0.67;397
07/06/2026;31681805;785456711386389;1.69;420
07/06/2026;31681811;127019848151795;0.92;420
07/06/2026;31681843;843069548416964;3.55;393|416|421
07/06/2026;31681853;79732340197366;5.03;393|397
07/06/2026;31681910;646253741192479;3.49;
07/06/2026;31681915;204910604611493;0.38;
07/06/2026;31681916;265470923114519;0.12;393|416
07/06/2026;31681926;715492207313867;1.62;412
07/06/2026;31681929;502196208988036;0.31;393|416
07/06/2026;31681992;751626158047145;0.45;393|416
07/06/2026;31681995;319451911284456;0.64;397
07/06/2026;31682007;583625565444515;2.06;412
07/06/2026;31682015;421648018273880;2.12;397
07/06/2026;31682019;152869889644792;0.35;397
07/06/2026;31682024;341845777860935;0.41;393|416
07/06/2026;31682027;431961418913464;0.07;412
07/06/2026;31682028;148652207347256;3.32;412
07/06/2026;31682113;669841564401830;4.63;393|397
07/06/2026;31682146;515711982910081;26.23;393|397|419
07/06/2026;31682151;156021395591412;0.47;397
07/06/2026;31682164;509163310391771;2.82;393
07/06/2026;31682170;793398149113796;0.49;397
07/06/2026;31682176;222592888816160;0.67;397
07/06/2026;31682180;942380029702015;0.26;393
07/06/2026;31682187;651588299844921;4.35;393|397
07/06/2026;31682195;50238704375803;0.38;393|419
07/06/2026;31682207;358789427186886;3.26;397
07/06/2026;31682221;821325163156910;0.7;397
07/06/2026;31682258;799625226127997;0.14;412
07/06/2026;31682275;226189135603365;38.47;393|397|417
07/06/2026;31682281;710079832514676;3.72;393|397
07/06/2026;31682292;4980921701554;4.35;393|397
07/06/2026;31682300;933074333613089;4.35;393|397
07/06/2026;31682311;301489809045963;4.35;393|397
07/06/2026;31682314;695285949631439;0.25;393|416
07/06/2026;31682318;593709573121746;0.49;420
07/06/2026;31682387;665827319359349;0.14;412
07/06/2026;31682395;573191706518299;5.25;393|397
07/06/2026;31682431;205622195316969;0.17;397
07/06/2026;31682455;528879747932082;0.65;420
07/06/2026;31682459;662730280091828;0.09;412
07/06/2026;31682462;171783466582502;0.39;393|416
07/06/2026;31682464;291748614018085;0.33;412
07/06/2026;31682470;804604691073434;2.18;412
07/06/2026;31682485;298643731165882;0.33;412
07/06/2026;31682496;406636918653828;0.41;393
07/06/2026;31682502;135833585046538;0.3;
07/06/2026;31682510;13150518970760;0.07;393|416
07/06/2026;31682513;563249534281241;4.35;393|397
07/06/2026;31682539;172699568522898;0.92;420
07/06/2026;31682540;97063615140651;0.48;
07/06/2026;31682543;14302020543512;1.48;412
07/06/2026;31682559;11699541796232;2.45;412
07/06/2026;31682569;774699768831386;1.05;393|416
07/06/2026;31682570;329439158461703;6.67;393|397
07/06/2026;31682571;492221337626857;0.64;393|416
07/06/2026;31682576;639704599717946;0.07;393|416
07/06/2026;31682577;482724991641928;0.03;393|419
07/06/2026;31682581;839110772100523;2.0;393|419|420
07/06/2026;31682591;993012205425393;41.02;393|397|419
07/06/2026;31682603;4715662969112;0.23;420
07/06/2026;31682606;233136043217885;0.49;420
07/06/2026;31682615;594532149385514;0.89;412
07/06/2026;31682616;853341922794845;1.22;412
07/06/2026;31682622;190618825635823;2.71;
07/06/2026;31682624;561241590933982;0.07;393
07/06/2026;31682625;692460024319396;0.26;393
07/06/2026;31682643;227177220479508;0.48;412
07/06/2026;31682660;809194906048796;0.19;420
07/06/2026;31682676;591147744042335;1.56;397|412
07/06/2026;31682684;835134307226472;2.97;397|422
07/06/2026;31682705;206808306083138;2.84;397
07/06/2026;31682718;122703777575852;0.65;
07/06/2026;31682740;619063256287273;2.02;393|416
07/06/2026;31682779;710037859438515;0.35;412
07/06/2026;31682790;631344055629207;0.66;
07/06/2026;31682791;106637417966271;0.32;412
07/06/2026;31682798;813164894653826;3.66;393|397
07/06/2026;31682812;403791528493427;0.36;
07/06/2026;31682864;285005593840125;0.65;
07/06/2026;31682891;168367988440758;3.27;397|412|422
07/06/2026;31682918;664899105337103;0.32;397
07/06/2026;31682967;962211053031014;5.63;420
07/06/2026;31682977;382931118465884;0.76;
07/06/2026;31682986;464273001235097;21.66;393|397|419
07/06/2026;31682988;847696162252832;1.84;393|416
07/06/2026;31683013;937454450919216;0.24;397
07/06/2026;31683016;308119929131074;0.67;393|397|416
07/06/2026;31683025;141287129661865;3.66;393|397
07/06/2026;31683208;642257009330074;2.84;397
07/06/2026;31683255;114163482896539;0.07;393|416
07/06/2026;31683274;871082716730160;4.63;393|397
07/06/2026;31683282;116097544491328;5.0;393|397
07/06/2026;31683283;140417604648205;40.23;393|397|419
07/06/2026;31683338;806694237817772;0.92;397
07/06/2026;31683365;985642371639865;40.25;393|397|419
07/06/2026;31683370;29736679784268;4.93;393|397|416
07/06/2026;31683379;493235987612639;5.34;
07/06/2026;31683398;179645433417175;3.54;420
07/06/2026;31683407;72295674471548;1.1;393|397|416
07/06/2026;31683420;109748089368300;2.61;420
07/06/2026;31683444;643677979197088;2.31;397
07/06/2026;31683452;505667897661526;2.06;397
07/06/2026;31683458;391805092267985;0.33;412
07/06/2026;31683466;591728913721735;0.2;
07/06/2026;31683506;726844395123203;39.99;393|397|419
07/06/2026;31683507;687066110877546;1.33;420
07/06/2026;31683513;233374849356292;0.2;
07/06/2026;31683542;880817805299872;4.07;393|397|420
07/06/2026;31683545;153749295462939;0.09;412
07/06/2026;31683550;113355411682231;2.71;412
07/06/2026;31683551;415569449863710;0.14;412
07/06/2026;31683557;982547527570824;0.86;412
07/06/2026;31683558;215233907494562;0.59;393|397|417
07/06/2026;31683561;863989128876707;0.59;393|397|417
07/06/2026;31683566;101672438183055;5.81;
07/06/2026;31683575;804546403625841;0.49;393|397
07/06/2026;31683576;360265080424235;2.9;397
07/06/2026;31683595;518452031835027;4.35;393|397
07/06/2026;31683604;573241894662178;3.55;393|397|420
07/06/2026;31683640;833284465823055;2.72;397
07/06/2026;31683641;24792054293142;2.84;397
07/06/2026;31683645;704034874299450;0.49;397
07/06/2026;31683646;1812342997995;77.92;393|397|416|421
07/06/2026;31683649;301239606259652;0.07;393|416
07/06/2026;31683659;721520028156040;0.19;393|419
07/06/2026;31683668;894643373441301;3.66;393|397
07/06/2026;31683719;39884752112321;0.24;393|416
07/06/2026;31683797;37185033412614;0.93;420
07/06/2026;31683881;543993372477684;0.07;393|419
07/06/2026;31683905;380783515977310;3.63;393|416
07/06/2026;31683923;391640214196254;0.09;
07/06/2026;31683952;65411200329604;0.48;397
07/06/2026;31683964;717262366744788;0.39;397
07/06/2026;31683991;695522024764526;0.01;
07/06/2026;31683994;399708432520514;3.85;393|397
07/06/2026;31684001;843141734704512;0.53;412
07/06/2026;31684005;553814741862216;0.7;397
07/06/2026;31684023;277605068119995;30.53;393|397|417
07/06/2026;31684038;531132700797145;0.2;
07/06/2026;31684047;51215373137215;0.21;412
07/06/2026;31684050;641097427425984;0.78;393|416
07/06/2026;31684059;472751354517729;3.72;393|397
07/06/2026;31684070;633926512617028;0.97;393|397|416
07/06/2026;31684110;318953896832195;2.34;412
07/06/2026;31684111;371295976392466;0.53;412
07/06/2026;31684200;748577445366990;3.37;393|416
07/06/2026;31684231;829438441608409;0.31;393
07/06/2026;31684249;795132737027831;40.11;393|397|419
07/06/2026;31684251;58799563182668;0.21;393
07/06/2026;31684260;143212843351286;0.29;393|397
07/06/2026;31684293;785499760978943;0.85;393|417
07/06/2026;31684319;654262117272382;4.35;393|397
07/06/2026;31684320;606081825845318;0.39;393|416
07/06/2026;31684392;877532919266112;2.84;397
07/06/2026;31684401;853595803500594;1.62;422
07/06/2026;31684404;516036009576031;0.07;393|416
07/06/2026;31684406;898462019971893;2.06;412
07/06/2026;31684407;149585490479577;0.21;
07/06/2026;31684412;25300253866995;92.79;393|397|416
07/06/2026;31684424;294029640748294;0.63;393|416
07/06/2026;31684449;691580371718993;4.35;393|397
07/06/2026;31684450;888041588287776;1.2;393|416
07/06/2026;31684454;272490432786158;0.19;393|419
07/06/2026;31684456;990654137676698;4.35;397
07/06/2026;31684460;230653979149830;9.27;412
07/06/2026;31684513;580002111489425;11.54;
07/06/2026;31684536;320665539828230;1.63;393|416
07/06/2026;31684549;13670347434053;0.82;393|416
07/06/2026;31684556;881440067210984;2.68;393|416
07/06/2026;31684569;267049130389831;0.21;
07/06/2026;31684585;490946845322533;0.08;
07/06/2026;31684590;103014618084570;3.08;393|420
07/06/2026;31684592;401449533008136;0.16;
07/06/2026;31684613;230913501730740;4.7;393|419
07/06/2026;31684644;784566285165780;5.88;420
07/06/2026;31684673;246884048489144;1.39;412
07/06/2026;31684682;81703662839036;0.58;393|416
07/06/2026;31684684;52185367041584;3.7;393|416|421
07/06/2026;31684702;292366408858464;3.72;393|397
07/06/2026;31684705;461601885002840;0.58;393|416
07/06/2026;31684766;579003595852750;0.83;393|419
07/06/2026;31684770;529692957186060;0.45;393|416
07/06/2026;31684781;861827852125479;21.48;397|420
07/06/2026;31684783;99217878868611;2.51;393|416|421
07/06/2026;31684814;264338812238195;3.67;397
07/06/2026;31684818;244754077092650;0.5;397
07/06/2026;31684822;749242190595996;90.57;393|397|416|421
07/06/2026;31684828;707769025933937;0.29;397
07/06/2026;31684836;958911908863654;1.03;393|416
07/06/2026;31684841;890663673262814;1.06;393|416|421
07/06/2026;31684849;72784445925106;0.52;412
07/06/2026;31684855;652615618615338;91.56;393|397|416|421
07/06/2026;31684895;599413812485084;5.34;
07/06/2026;31684925;869865554909812;0.48;420
07/06/2026;31684930;347290875217428;0.76;
07/06/2026;31684931;772384745502379;1.42;420
07/06/2026;31684932;928484050826091;1.49;393|416
07/06/2026;31684934;905717738170471;0.49;393|416
07/06/2026;31684950;511952246527901;2.84;397
07/06/2026;31684968;431741081459286;1.59;397
07/06/2026;31684975;810080712323251;0.41;393|416
07/06/2026;31684976;50542227758834;1.0;393|416
07/06/2026;31684982;56073192282781;0.21;393
07/06/2026;31684998;954509551447469;20.1;393|397|419
07/06/2026;31685011;940116606007726;4.63;393|397
07/06/2026;31685039;527063311253832;5.68;393|419
07/06/2026;31685046;835563270631279;1.03;420
07/06/2026;31685051;94296156511459;0.1;
07/06/2026;31685055;869250625500083;1.42;420
07/06/2026;31685062;97869292832438;1.12;420
07/06/2026;31685078;378053139113462;0.02;420
07/06/2026;31685097;570274587751443;77.95;393|397|416|421
07/06/2026;31685099;868756898432458;1.79;393|416
07/06/2026;31685100;28845277316506;0.29;397
07/06/2026;31685131;397552088812207;0.48;393|416
07/06/2026;31685132;877989436496515;0.31;393|416
07/06/2026;31685133;607278588296991;0.19;412
07/06/2026;31685137;788326198094683;0.39;393|416
07/06/2026;31685151;865664079963778;0.05;
07/06/2026;31685190;385879521327319;0.5;393|416
07/06/2026;31685208;962459311776864;0.4;
07/06/2026;31685221;782387818139127;0.39;393
07/06/2026;31685230;937220727081744;0.89;412
07/06/2026;31685255;47823911499293;4.35;393|397
07/06/2026;31685269;688052307958991;0.02;420
07/06/2026;31685279;884214981413391;0.21;
07/06/2026;31685287;225301900690282;0.79;420
07/06/2026;31685288;489027445069963;0.17;420
07/06/2026;31685296;322474778745864;0.78;420
07/06/2026;31685311;252587478698078;0.09;393|417
07/06/2026;31685312;923199175504862;0.38;397
07/06/2026;31685347;886800043022653;4.63;393|397
07/06/2026;31685354;368762022925773;1.0;393|416
07/06/2026;31685379;13290893301985;0.76;
07/06/2026;31685386;757737105192259;4.35;393|397
07/06/2026;31685398;121843863177628;0.08;
07/06/2026;31685412;568301929416974;0.24;
07/06/2026;31685418;971565878941504;1.37;397
07/06/2026;31685420;416854852344678;1.37;397
07/06/2026;31685427;938063112392410;0.62;393|397|416
07/06/2026;31685432;123301440557053;9.25;420
07/06/2026;31685480;262944421325513;0.6;412
07/06/2026;31685489;669181851961397;0.29;393|416
07/06/2026;31685492;47136611137239;4.63;393|397
07/06/2026;31685513;399598153503872;2.33;412
07/06/2026;31685515;321605675004613;0.12;397
07/06/2026;31685520;189471874304736;4.53;393|416
08/06/2026;31234789;63233260277484;120.41;397
08/06/2026;31329853;280499637049146;75.84;397
08/06/2026;31332655;568197996671324;38.5;397
08/06/2026;31345553;586434842006389;82.86;397
08/06/2026;31360337;630323220748098;1.16;
08/06/2026;31386337;806071210330030;123.4;397
08/06/2026;31393596;68929612287315;105.41;397
08/06/2026;31407857;362527175953101;39.81;397
08/06/2026;31410056;430448017434006;4.16;393|416
08/06/2026;31422722;235820608797857;1.12;393|416
08/06/2026;31435792;122631712705455;28.88;393|397|419
08/06/2026;31436308;165473859009997;1.78;412|422
08/06/2026;31437927;54339904594945;1.41;393|416
08/06/2026;31439037;956700132221640;130.35;397
08/06/2026;31440333;809042609181818;64.89;397
08/06/2026;31440393;150547472532365;105.43;397
08/06/2026;31443550;297585778762473;100.48;397
08/06/2026;31443611;537129966872781;140.99;397
08/06/2026;31443799;762671177564966;74.74;397
08/06/2026;31447105;694654283106249;89.0;397
08/06/2026;31448726;749693264677583;135.38;397
08/06/2026;31455129;141740654236559;73.57;397
08/06/2026;31455912;705298490250930;119.85;397
08/06/2026;31458036;248040490404791;97.55;397
08/06/2026;31458871;281125933972567;96.66;397
08/06/2026;31459832;445422512557678;26.42;397
08/06/2026;31460517;320094868749214;78.14;397
08/06/2026;31460904;594940173151325;28.88;393|397|419
08/06/2026;31464155;331237659347906;28.88;393|397|419
08/06/2026;31469919;855223032457550;1.62;393|397
08/06/2026;31470242;246997193616131;23.53;397
08/06/2026;31470972;721801087299739;1.05;397
08/06/2026;31474839;752574376668671;77.68;397
08/06/2026;31478192;607180656051078;11.6;397
08/06/2026;31481623;28284674177310;138.31;393|397
08/06/2026;31482278;877189012860482;0.17;393
08/06/2026;31484384;362693859266393;128.86;
08/06/2026;31484863;640955369765222;0.24;393|397
08/06/2026;31484935;570445853087293;12.28;397
08/06/2026;31492912;410208885758749;4.39;397
08/06/2026;31494074;699289521480601;33.57;397
08/06/2026;31494553;33869202614340;4.04;397
08/06/2026;31494620;293961482616346;58.63;397
08/06/2026;31494785;538875068109;3.09;412
08/06/2026;31496446;705799139802804;12.25;397
08/06/2026;31496483;845239358351491;31.08;397
08/06/2026;31499693;421219449546027;62.39;397
08/06/2026;31500216;339966011183176;67.09;393|397
08/06/2026;31504547;927714483512324;110.82;
08/06/2026;31505106;624822355531801;29.52;397
08/06/2026;31507068;698927822578454;1.22;393|416
08/06/2026;31511137;529883927303310;27.8;
08/06/2026;31517137;320165915145898;10.86;397
08/06/2026;31523230;605963902280206;43.75;397
08/06/2026;31524330;794363677610593;5.94;397
08/06/2026;31591901;254498634866274;125.17;397
08/06/2026;31596755;758705431287292;32.92;397
08/06/2026;31596855;280933572910883;23.17;397
08/06/2026;31597551;507857225610763;108.24;397
08/06/2026;31598453;435569210686158;133.67;397
08/06/2026;31603041;871633655351871;3.41;397
08/06/2026;31603474;344355226265687;48.0;397
08/06/2026;31603789;45052022522824;37.88;397
08/06/2026;31604652;515457332392277;44.96;369|397
08/06/2026;31607797;506256793860117;1.78;412
08/06/2026;31608118;535484589629858;4.73;393|419|420
08/06/2026;31611542;879067833508989;1.81;250|412
08/06/2026;31613043;485655071295714;4.04;397
08/06/2026;31625829;958150274233774;78.77;369|397
08/06/2026;31650193;881117803006034;50.22;393|397|419
08/06/2026;31654974;682549324507199;6.13;393|419
08/06/2026;31655062;938017022958326;6.13;393|419
08/06/2026;31657375;57119998106325;1.01;202|213|409|410|424
08/06/2026;31657561;84993985410038;0.7;202|213|409|410|412|424
08/06/2026;31658038;496574342602566;0.59;250|412
08/06/2026;31659754;285713035747703;28.88;393|397|419
08/06/2026;31660807;312485913056445;0.33;412
08/06/2026;31662292;176027989893643;28.88;393|397|419
08/06/2026;31664209;278119441945976;0.07;393|419
08/06/2026;31664770;143414219211761;0.6;250|412
08/06/2026;31667240;707433929912966;4.19;
08/06/2026;31669788;67827328227911;1.43;412
08/06/2026;31671714;881938264308905;0.99;393|416
08/06/2026;31672190;226906915105763;0.33;412
08/06/2026;31680033;33994277066275;1.5;393|397|416
08/06/2026;31680247;61708969326542;1.23;412
08/06/2026;31680461;689493949398143;4.02;412
08/06/2026;31681375;516442761789821;1.89;412
08/06/2026;31681446;478768926748317;31.13;397
08/06/2026;31682466;554241053990759;0.48;412
08/06/2026;31683165;652268706523331;1.29;393|416
08/06/2026;31683693;463135069914468;3.42;393|397|416
08/06/2026;31683971;142202677953909;1.4;412
08/06/2026;31685318;35317517906983;1.83;397
08/06/2026;31685324;553831398798478;0.85;412
08/06/2026;31685539;629941808802551;106.48;393|397
08/06/2026;31685541;841561601975420;0.65;412
08/06/2026;31685555;366169791647446;0.46;393
08/06/2026;31685556;185595313171226;0.48;397
08/06/2026;31685581;959657514911649;0.57;393|416
08/06/2026;31685625;95978514727691;0.44;412
08/06/2026;31685631;859190126110026;0.21;393|417
08/06/2026;31685632;154177094404693;2.84;397
08/06/2026;31685638;171647097108018;32.87;
08/06/2026;31685640;608452883695138;1.0;420
08/06/2026;31685644;394514556536704;0.18;393|416
08/06/2026;31685650;38436873390937;4.85;421
08/06/2026;31685766;950085286633318;3.72;397
08/06/2026;31685769;297372794431019;0.11;397
08/06/2026;31685770;523983400336578;0.78;412
08/06/2026;31685772;949079105893917;0.01;393
08/06/2026;31685863;51422954123648;2.16;412
08/06/2026;31685871;794870526969101;0.2;412
08/06/2026;31685880;479965485776551;1.8;412
08/06/2026;31685889;86365876788525;0.11;397
08/06/2026;31685893;906162276173961;77.95;393|397|416|421
08/06/2026;31685902;362987442461077;34.27;393|397|412|417
08/06/2026;31685918;848805451225765;0.28;397
08/06/2026;31685923;526602390699850;0.3;
08/06/2026;31685925;634027887812851;0.01;
08/06/2026;31685953;701519162277560;0.51;393|416
08/06/2026;31686113;791712902325840;0.33;412
08/06/2026;31686132;349341753793069;6.65;393|397
08/06/2026;31686175;712219724458708;0.85;397
08/06/2026;31686187;540511510125469;0.89;412
08/06/2026;31686196;745547789918378;0.26;393
08/06/2026;31686215;182493910916190;0.47;397
08/06/2026;31686240;542154566211680;4.42;393|417
08/06/2026;31686241;408472621192586;0.89;412
08/06/2026;31686253;864056476253859;2.84;397
08/06/2026;31686283;539453892202182;0.4;412
08/06/2026;31686310;326240624429724;2.06;412
08/06/2026;31686318;824208030704516;1.02;393|416
08/06/2026;31686338;715962217728437;0.47;412
08/06/2026;31686367;583215852456182;5.65;393|397|416
08/06/2026;31686394;263081587402172;39.11;393|416
08/06/2026;31686395;703721373388424;0.17;393|416
08/06/2026;31686397;831566052726196;0.07;393
08/06/2026;31686404;497404981848588;3.07;412
08/06/2026;31686422;149345040700120;0.52;393
08/06/2026;31686433;285252939100577;0.76;393|417
08/06/2026;31686437;284648653570972;2.4;412
08/06/2026;31686522;686268524658637;1.06;412
08/06/2026;31686532;382776807842283;0.54;393|419
08/06/2026;31686564;451297434334074;0.51;393|419
08/06/2026;31686579;691627682695138;7.73;393|397
08/06/2026;31686585;252533380208269;0.03;393
08/06/2026;31686586;182252065719401;4.13;393|416
08/06/2026;31686600;413793672583019;1.57;393|416
08/06/2026;31686604;701843559360764;0.03;
08/06/2026;31686609;504864630821636;76.52;393|397|416
08/06/2026;31686633;442088457732896;1.96;393|416
08/06/2026;31686713;997161521422771;2.84;397
08/06/2026;31686721;558199249108597;7.6;397
08/06/2026;31686724;660060162037311;8.19;397
08/06/2026;31686725;135785798870893;1.02;397
08/06/2026;31686761;54535638347916;5.0;397
08/06/2026;31686762;398863542676472;2.93;397
08/06/2026;31686806;918436920004906;4.63;397
08/06/2026;31686807;557360655195296;1.75;412
08/06/2026;31686810;985257456857399;0.41;
08/06/2026;31686811;27312490164952;2.84;397
08/06/2026;31686815;625754464264130;13.84;397
08/06/2026;31686832;590946146805812;0.35;412
08/06/2026;31686842;538211445247919;0.84;412
08/06/2026;31686851;81541329937072;2.84;397
08/06/2026;31686852;807202112695749;7.44;393|417
08/06/2026;31686853;143128297518920;0.55;393|417
08/06/2026;31686855;51484343629836;2.16;397
08/06/2026;31686861;428504698039690;0.13;
08/06/2026;31686863;440403968416731;2.84;397
08/06/2026;31686869;111951489059854;1.22;412
08/06/2026;31686870;223582030342635;2.84;397
08/06/2026;31686873;566382439102112;2.84;397
08/06/2026;31686874;202767423546994;2.84;397
08/06/2026;31686877;580855686783138;12.62;412
08/06/2026;31686892;701240965623043;5.03;397
08/06/2026;31686915;487196032977037;0.83;397
08/06/2026;31686929;627704861063002;1.45;412
08/06/2026;31686950;101133447131297;1.05;393|397
08/06/2026;31686962;833873180606481;43.27;393|397|419|420
08/06/2026;31686989;65502403632563;1.06;420
08/06/2026;31686999;660053206729484;18.3;393|419
08/06/2026;31687033;622514075442647;0.43;393|416
08/06/2026;31687043;207477137670320;0.19;393|416
08/06/2026;31687059;764796294521061;23.91;397
08/06/2026;31687070;427396208586129;0.05;393|397
08/06/2026;31687087;503534439929812;0.25;393|416
08/06/2026;31687091;55403768314977;0.07;393
08/06/2026;31687092;973021007169081;2.58;393|412|417
08/06/2026;31687099;736567142967140;0.07;393
08/06/2026;31687101;378076632393375;0.12;397
08/06/2026;31687115;83704609839651;0.84;421
08/06/2026;31687141;284887713471965;77.96;393|419
08/06/2026;31687142;123621119709171;2.89;393|416
08/06/2026;31687187;299332864113787;15.93;397|412
08/06/2026;31687189;784510449735569;1.98;412
08/06/2026;31687192;199237645229398;0.89;412
08/06/2026;31687193;72883492697091;1.94;412
08/06/2026;31687194;57475948359947;0.25;412
08/06/2026;31687205;380273594859334;10.7;393|412|417
08/06/2026;31687209;679757120991619;0.45;393|416
08/06/2026;31687217;295606615128557;1.97;412
08/06/2026;31687272;363268791203016;0.21;393|416
08/06/2026;31687296;379618697597018;63.13;393|397|416
08/06/2026;31687354;217218158283980;0.27;
08/06/2026;31687355;663232873002397;1.07;412
08/06/2026;31687427;445892653532997;1.63;
08/06/2026;31687440;226348672574565;0.05;393|419
08/06/2026;31687441;280776121493379;0.82;393|416
08/06/2026;31687442;248385927635966;0.49;393|419
08/06/2026;31687447;39298481278198;17.47;397
08/06/2026;31687468;272479898401537;0.03;
08/06/2026;31687523;149622127414792;9.82;393|416
08/06/2026;31687528;337898969630958;1.36;
08/06/2026;31687535;348509604333489;12.51;412
08/06/2026;31687538;256603174789605;20.61;393|397|416
08/06/2026;31687549;425874363614380;1.64;412
08/06/2026;31687550;589540293356545;2.19;397
08/06/2026;31687553;761152559881194;0.44;393|417
08/06/2026;31687562;856534358591226;2.66;397
08/06/2026;31687578;37704593937504;0.89;412
08/06/2026;31687603;774170909932688;3.29;393|416|421
08/06/2026;31687609;226161925596170;0.04;393|416
08/06/2026;31687626;631087978046452;14.51;393|397|419
08/06/2026;31687634;342222037280450;0.77;393|416
08/06/2026;31687687;147250845746503;10.92;393|412|417
08/06/2026;31687782;446481718481725;4.35;393|397
08/06/2026;31687815;313579355744614;1.64;393|397|416|421
08/06/2026;31687824;331242197962112;0.18;412
08/06/2026;31687832;956889010322820;2.11;393|419
08/06/2026;31687877;245256478476058;1.14;412
08/06/2026;31687891;463363634432841;11.05;393|417
08/06/2026;31687896;904143820476318;2.05;412
08/06/2026;31687907;182358074227487;1.49;412
08/06/2026;31687913;781262276906863;3.61;393|416
08/06/2026;31687919;549386447592518;0.09;412
08/06/2026;31687921;249583483365058;5.73;412
08/06/2026;31687937;544417014758020;0.22;393|419
08/06/2026;31687958;929151875587226;4.36;393|412|417
08/06/2026;31687982;968284724560862;0.43;393|416
08/06/2026;31687986;545883076841492;1.84;393|416
08/06/2026;31687989;137740830141884;0.79;420
08/06/2026;31687993;806229814419936;3.94;393|416
08/06/2026;31688004;558067075280615;0.05;
08/06/2026;31688019;875662388619986;0.92;420
08/06/2026;31688029;928469858207086;11.98;393|416
08/06/2026;31688059;292578328409761;3.96;412
08/06/2026;31688085;563363277648655;4.67;397|420
08/06/2026;31688101;673208392615602;36.31;393|397|417
08/06/2026;31688107;217101055970175;0.53;412
08/06/2026;31688116;197509539216269;0.3;393
08/06/2026;31688134;494388903885553;2.75;393|416
08/06/2026;31688171;472467380855089;0.88;412
08/06/2026;31688201;601245681297697;1.98;412
08/06/2026;31688205;531218065112498;0.05;412
08/06/2026;31688207;945465222408488;0.84;412
08/06/2026;31688213;532776183470460;0.48;412
08/06/2026;31688215;187976504093233;4.81;412
08/06/2026;31688246;588008306676885;0.15;393|419
08/06/2026;31688250;561663818711065;33.45;393|397|409|410|412
08/06/2026;31688264;872374833212971;3.99;393|416
08/06/2026;31688276;944274735301045;1.49;393|416
08/06/2026;31688291;968062834408079;43.96;393|397|419|420
08/06/2026;31688296;927880086288897;1.81;393|416
08/06/2026;31688298;336890624539114;28.75;393|397|419
08/06/2026;31688396;753635156532368;8.52;397
08/06/2026;31688422;376580153116986;0.49;397
08/06/2026;31688470;237313827780909;6.74;397
08/06/2026;31688477;184263659619541;0.87;393|397
08/06/2026;31688483;425430147641246;11.75;397
08/06/2026;31688535;802676668041608;0.23;412
08/06/2026;31688553;191726345633206;1.59;412
08/06/2026;31688557;127341583160332;1.83;412
08/06/2026;31688575;850741892885065;0.26;412
08/06/2026;31688577;619310391823847;2.84;397
08/06/2026;31688587;560724059457195;0.23;412
08/06/2026;31688593;306605131600342;0.69;397
08/06/2026;31688595;243326569618486;0.89;412
08/06/2026;31688607;559416589257356;2.51;412|422
08/06/2026;31688615;700845377840995;0.12;397
08/06/2026;31688623;239071355388154;3.68;393|416
08/06/2026;31688641;253015686375055;1.07;412
08/06/2026;31688656;102865319642200;0.89;412
08/06/2026;31688672;323087516692141;0.07;393
08/06/2026;31688716;79457477517471;20.27;393|397|417
08/06/2026;31688717;467097025870179;0.83;393|416|421
08/06/2026;31688734;429163393331558;19.02;397
08/06/2026;31688737;773315280842729;0.43;412
08/06/2026;31688760;660776383048155;0.2;412
08/06/2026;31688784;459975235555221;0.07;
08/06/2026;31688785;763991259430054;2.84;397
08/06/2026;31688792;463118581260565;1.66;397
08/06/2026;31688794;433455461214935;6.13;397
08/06/2026;31688796;494698851360744;2.72;397
08/06/2026;31688798;682185558487720;2.84;397
08/06/2026;31688799;967136600880567;4.99;397
08/06/2026;31688800;681587802045085;24.89;397
08/06/2026;31688802;408418095678974;2.06;397
08/06/2026;31688869;861274713702137;5.66;393|397
08/06/2026;31688909;942670665314397;0.41;412
08/06/2026;31688933;392536755647602;0.07;393
08/06/2026;31688970;192584064782543;7.6;397
08/06/2026;31688973;634943574891576;6.88;393|416
08/06/2026;31688974;959544298742737;0.73;412
08/06/2026;31688996;540704210431184;0.34;412
08/06/2026;31689012;406489389742001;2.04;412
08/06/2026;31689018;852288518745389;2.06;412
08/06/2026;31689021;97344074421603;1.12;393|397|416
08/06/2026;31689032;844382840176619;0.93;393|416
08/06/2026;31689035;600335864836288;0.41;412
08/06/2026;31689036;117742345780677;0.52;393|416
08/06/2026;31689042;103121608424401;0.22;412
08/06/2026;31689061;35199438178370;0.82;412
08/06/2026;31689063;104311329386840;33.07;393|397|412|417
08/06/2026;31689091;475832467382677;0.33;412
08/06/2026;31689111;2882630575867;0.09;
08/06/2026;31689268;660116817179097;0.32;412
08/06/2026;31689286;242411433817834;2.89;397|412
08/06/2026;31689299;423831124440422;0.66;393|416
08/06/2026;31689312;947470305766115;0.55;393|419
08/06/2026;31689314;539135584277916;0.44;393|417
08/06/2026;31689324;875828417017745;0.53;412
08/06/2026;31689472;926292287404997;31.13;397|420
08/06/2026;31689486;533787836199365;0.32;412
08/06/2026;31689575;592629213108807;0.42;412
08/06/2026;31689578;882876792498159;0.4;393|419
08/06/2026;31689601;913895984975685;0.92;412
08/06/2026;31689618;736140523164206;0.13;412
08/06/2026;31689621;858282328957722;0.87;393|416|421
08/06/2026;31689623;305149797140782;0.29;397
08/06/2026;31689634;865824002163802;0.38;393
08/06/2026;31689668;845268594169282;0.96;393|416
08/06/2026;31689701;679501384350451;4.81;393|419
08/06/2026;31689740;489674419343559;1.03;412
08/06/2026;31689778;439937072082023;1.8;393
08/06/2026;31689828;927616020140562;0.04;
08/06/2026;31689892;794359309332658;0.65;397
08/06/2026;31689894;8358430188873;0.39;412
08/06/2026;31689899;348718066870038;6.94;412
08/06/2026;31689910;653386003995484;1.04;412
08/06/2026;31689916;530518808583340;3.39;420
08/06/2026;31689918;317909262660056;0.69;393|417
08/06/2026;31689929;276189160489879;3.73;393|416
08/06/2026;31689932;540668340384342;0.44;393|417
08/06/2026;31689935;542826054286128;0.39;
08/06/2026;31689938;429614122551491;0.2;412
08/06/2026;31689940;690215794890907;3.79;393|412|417
08/06/2026;31689942;332195965440310;0.89;412
08/06/2026;31689944;283106727052807;2.16;393|412|417
08/06/2026;31689949;893561619112774;0.2;412
08/06/2026;31689955;110338866640680;0.39;393
08/06/2026;31689956;693244796413149;0.6;393|412|417
08/06/2026;31689971;828522824514118;1.49;412
08/06/2026;31689972;995397151053191;1.13;412
08/06/2026;31689974;986379802505130;0.18;412
08/06/2026;31689982;273055750996099;1.4;412
08/06/2026;31689990;128929775250484;0.4;397
08/06/2026;31689993;145979173629362;1.71;412
08/06/2026;31689996;652950380716524;0.59;250|412
08/06/2026;31690015;380333659177571;0.32;393|419
08/06/2026;31690021;978823835542094;0.19;393|419
08/06/2026;31690033;382219502028422;0.31;
08/06/2026;31690043;248472731599236;0.31;
08/06/2026;31690051;510762594486752;9.25;420
08/06/2026;31690056;532484330911346;0.18;393|419
08/06/2026;31690090;223881953061488;0.57;393|416
08/06/2026;31690101;110001925704217;0.38;
08/06/2026;31690143;404654100161867;0.01;
08/06/2026;31690176;844143634200962;0.57;393|416
08/06/2026;31690184;904247721254180;2.09;420
08/06/2026;31690189;96319939697663;2.84;397
08/06/2026;31690824;306517236261415;23.1;393|397
08/06/2026;31690854;341609312481631;2.43;421
08/06/2026;31690855;223087675672613;4.07;412
08/06/2026;31690886;51205904221322;0.36;
08/06/2026;31690937;585812559803383;5.85;393|416
08/06/2026;31690939;61605775946352;56.51;393|397|419
08/06/2026;31690952;508418705959421;22.29;393|397|416
08/06/2026;31690957;335019175940954;40.03;393|397|419
08/06/2026;31690959;871954540444923;0.45;393
08/06/2026;31690961;585322192344980;2.5;422
08/06/2026;31690968;842308914049205;0.19;
08/06/2026;31691018;944208162958953;0.51;393|416
08/06/2026;31691022;963803866857738;0.23;
08/06/2026;31691095;295697473875357;2.9;393|412|417
08/06/2026;31691167;419533724770081;12.07;420
08/06/2026;31691178;420895705598852;0.74;393|416
08/06/2026;31691191;877402761024241;1.23;412
08/06/2026;31691199;580818765215825;0.25;412
08/06/2026;31691204;743823168830746;0.06;
08/06/2026;31691220;719012667062893;1.0;412
08/06/2026;31691247;819604344614265;12.07;420
08/06/2026;31691260;965431401260262;22.23;393|416|421
08/06/2026;31691280;688594131875631;1.24;412
08/06/2026;31691283;353814796954426;4.01;250|393|412|417
08/06/2026;31691322;905922736334607;4.49;393|419
08/06/2026;31691349;848237719799398;24.92;393|397
08/06/2026;31691352;498630542899543;0.74;393|416
08/06/2026;31691360;235338072602773;4.49;393|419
08/06/2026;31691420;611668303340699;0.64;393|416
08/06/2026;31691425;648191521227798;0.41;
08/06/2026;31691455;264073264073568;0.86;393|416
08/06/2026;31691462;858305438343990;0.39;
08/06/2026;31691509;993844003823355;0.55;393
08/06/2026;31691510;565998734025246;0.36;393|419
08/06/2026;31691545;917344499615166;0.7;393|397|416
08/06/2026;31691575;408360517749079;0.64;393|419
08/06/2026;31691639;567037521536205;0.42;393
08/06/2026;31691641;719972759722757;0.6;412
08/06/2026;31691646;797742149285415;1.0;412
08/06/2026;31691653;483354180858586;0.32;412
08/06/2026;31691654;230852221978920;0.1;412
08/06/2026;31691668;305557986987956;14.32;421
08/06/2026;31691680;147987768659086;0.32;412
08/06/2026;31691718;11667930080352;22.23;393|416|421
08/06/2026;31691722;38379492181711;5.58;393|420
08/06/2026;31691736;311891130424072;7.77;393|419
08/06/2026;31691759;372981657613711;7.63;393|397|416|421
08/06/2026;31691808;305179181584853;18.45;397
08/06/2026;31691881;605396005727058;0.38;412
08/06/2026;31691894;141347692628881;2.89;393|412|417
08/06/2026;31691895;585479708493512;3.88;412
08/06/2026;31691908;789356559971511;26.57;397|412
08/06/2026;31691921;485959178593504;22.23;393|416|421
08/06/2026;31691927;440741369412284;0.31;393
08/06/2026;31691930;598309386897700;2.18;412
08/06/2026;31691939;21144694551283;0.22;393|416
08/06/2026;31691942;342688696720158;6.93;421
08/06/2026;31691995;325854337440285;3.63;393|416|421
08/06/2026;31691999;231526149456503;2.71;393|416|421
08/06/2026;31692010;856402373082623;0.08;
08/06/2026;31692020;72407728412658;3.68;393|416|421
08/06/2026;31692021;275905334147469;1.05;412
08/06/2026;31692022;623321264986637;1.82;422
08/06/2026;31692027;796566123166362;1.82;422
08/06/2026;31692033;648455051983061;3.03;393|416|421
08/06/2026;31692034;614072504368807;0.5;393
08/06/2026;31692054;351198338012336;22.23;393|416|421
08/06/2026;31692069;904374086805830;0.26;412
08/06/2026;31692085;310940100246779;1.82;422
08/06/2026;31692096;527292596747413;0.74;393|416
08/06/2026;31692107;416273175318730;0.34;
08/06/2026;31692116;632814348089928;0.14;397
08/06/2026;31692132;216119495995635;0.24;
08/06/2026;31692173;665464880584389;1.88;393|416
08/06/2026;31692177;680623697832301;0.3;393|417
08/06/2026;31692189;703003627147858;0.22;412
08/06/2026;31692191;908226772931521;5.5;393|419
08/06/2026;31692226;148540846425410;0.3;393|417
08/06/2026;31692264;694361234394811;0.49;393
08/06/2026;31692284;296987505386745;0.3;393|417
08/06/2026;31692291;82784250202580;0.16;420
08/06/2026;31692303;161709375680822;0.26;412
08/06/2026;31692307;453110659091376;10.74;393|397|416|421
08/06/2026;31692338;321566644526771;2.51;393|416
08/06/2026;31692373;514984121453275;18.11;393|397|412|417
08/06/2026;31692382;442973704398007;2.06;412
08/06/2026;31692385;642676962271878;22.5;393|397|417
08/06/2026;31692420;320651492674046;0.47;393|416
08/06/2026;31692430;239363838068779;75.89;393|397|416
08/06/2026;31692439;675487016694764;5.32;397
08/06/2026;31692474;932975120869730;0.07;412
08/06/2026;31692482;613437419067896;6.5;393|397
08/06/2026;31692483;209876246924889;1.91;420
08/06/2026;31692487;327543979790840;8.5;393|416|421
08/06/2026;31692515;477966480675403;0.23;412
08/06/2026;31692516;314964079090501;36.79;393|397|419
08/06/2026;31692519;627779086870104;1.27;412
08/06/2026;31692525;202281894841526;0.58;420
08/06/2026;31692547;746444115795605;0.7;420
08/06/2026;31692552;520297750337679;1.37;393|397|416|421
08/06/2026;31692585;295142159477146;17.93;393|416|421
08/06/2026;31692591;87657074785624;2.18;393|419
08/06/2026;31692594;393712269846358;0.24;393|397
08/06/2026;31692597;568157584903405;0.27;
08/06/2026;31692611;929694412326462;0.27;
08/06/2026;31692612;843909152186600;13.2;412
08/06/2026;31692614;675434077876287;0.02;
08/06/2026;31692620;498481699346238;1.86;393|419
08/06/2026;31692645;769419399650476;0.25;412
08/06/2026;31692713;304727942919989;0.5;393|416
08/06/2026;31692830;187182009302043;4.34;397|420
08/06/2026;31692842;276574937370569;0.45;412
08/06/2026;31692939;986867664119208;2.9;393
08/06/2026;31693019;693091441816152;2.06;412
08/06/2026;31693116;830261365781842;5.08;393|397
08/06/2026;31693121;976181377349130;4.35;393|397
08/06/2026;31693138;85364681009539;4.35;393|397
08/06/2026;31693143;601513377811082;0.48;393|416
08/06/2026;31693154;655940902716404;0.04;393
08/06/2026;31693159;290157318964564;0.74;393|397|416
08/06/2026;31693189;224595933649431;0.94;412
08/06/2026;31693190;379564315586444;0.28;393|417
08/06/2026;31693193;364458005123681;1.43;412
08/06/2026;31693198;354450421364298;0.07;412
08/06/2026;31693203;579808567507079;0.53;412
08/06/2026;31693214;103146939909424;1.42;397
08/06/2026;31693232;637385308270732;21.59;393|397|412|417
08/06/2026;31693256;927214703365316;0.81;397
08/06/2026;31693266;116333629263421;0.36;412
08/06/2026;31693274;313423424067150;0.4;412
08/06/2026;31693277;437054972071219;3.48;393|397
08/06/2026;31693298;251711363677878;0.39;420
08/06/2026;31693302;128840224001390;0.38;393|419
08/06/2026;31693359;986056263438593;0.4;412
08/06/2026;31693360;170819852071914;0.22;412
08/06/2026;31693462;581869193762978;2.84;420
08/06/2026;31693483;933252634305216;0.92;420
08/06/2026;31693504;119521889466018;0.78;412
08/06/2026;31693507;900043045694836;0.78;412
08/06/2026;31693550;865851585237062;0.14;412
08/06/2026;31693552;332047354884304;29.79;393|397|412|417
08/06/2026;31693580;158872280918366;0.33;412
08/06/2026;31693596;830993263230365;0.82;412
08/06/2026;31693599;94053236880433;0.62;393|416
08/06/2026;31693629;192900901996980;5.53;397
08/06/2026;31693649;739612443249523;4.95;393|397|416
08/06/2026;31693735;17676054258864;0.35;397
08/06/2026;31693740;974985515253450;2.56;412
08/06/2026;31693764;527988945104614;4.35;393|397
08/06/2026;31693778;9418979096848;1.53;412
08/06/2026;31693797;28742073432255;1.66;393|416
08/06/2026;31693818;243887844862895;0.14;393|416
08/06/2026;31693819;124307076801412;39.95;397
08/06/2026;31693839;459218648195511;6.77;393|416
08/06/2026;31693847;9510993727164;1.02;397
08/06/2026;31693849;985743891119319;8.28;369|412
08/06/2026;31693851;792365090674853;0.16;412
08/06/2026;31693854;456161795217389;64.46;393|397
08/06/2026;31693856;611140764261228;68.93;397
08/06/2026;31693857;882078999707275;8.28;369|393|412|417
08/06/2026;31693887;328250129138719;8.13;369
08/06/2026;31693905;948416080233924;11.4;397
08/06/2026;31693913;301147387584460;0.58;393|416
08/06/2026;31693915;813263772748389;1.06;369|412
08/06/2026;31693916;576993468553837;10.43;369
08/06/2026;31693918;683440577636575;0.39;393
08/06/2026;31693920;528873416153709;32.06;393|397
08/06/2026;31693924;358658192073679;19.86;397
08/06/2026;31693933;627368135512549;0.08;393
08/06/2026;31693935;375143745327150;0.06;393|416
08/06/2026;31693945;226539391308602;10.39;412
08/06/2026;31693954;150911668804693;0.38;393|416
08/06/2026;31693956;38826168696115;14.62;393|416
08/06/2026;31693967;495729452646886;9.45;397
08/06/2026;31694000;711333587852106;65.29;393|397|412|417
08/06/2026;31694003;231390002864309;0.38;393|416
08/06/2026;31694006;194647907803913;1.02;397
08/06/2026;31694007;831383398630832;2.74;397
08/06/2026;31694012;82838617510060;40.8;397
08/06/2026;31694016;461569975037324;103.83;393|397
08/06/2026;31694020;663727157175103;32.78;397
08/06/2026;31694023;524567282403866;56.13;397
08/06/2026;31694029;484090027158174;1.33;397
08/06/2026;31694033;859730652474023;149.46;393|397
08/06/2026;31694037;294027909630491;27.54;397
08/06/2026;31694057;748423394844427;89.22;393|397
08/06/2026;31694058;207699847994810;21.88;182|397
08/06/2026;31694063;515244789662763;7.37;397
08/06/2026;31694082;494144867256408;4.05;393|397|416
08/06/2026;31694084;719602508239923;65.79;397
08/06/2026;31694085;610940363163531;2.84;397
08/06/2026;31694092;864947570698462;0.99;397
08/06/2026;31694108;379613693133177;0.88;412
08/06/2026;31694109;292807567934317;0.93;393|416
08/06/2026;31694113;432486978947744;0.94;412
08/06/2026;31694127;222724235959700;10.74;393|397|416|421
08/06/2026;31694129;105533687701279;0.59;393|397|416
08/06/2026;31694132;824456880172761;65.29;393|397|412|417
08/06/2026;31694133;251295446072937;2.05;412
08/06/2026;31694137;258812010370722;13.79;397|412
08/06/2026;31694146;564779180397749;65.29;393|397|412|417
08/06/2026;31694165;263884373310789;160.34;397
08/06/2026;31694170;386661659471175;117.06;397
08/06/2026;31694180;710134060885811;48.66;397
08/06/2026;31694188;281542493433288;30.24;397
08/06/2026;31694196;822844351866203;5.37;369
08/06/2026;31694197;233465363090515;4.75;397
08/06/2026;31694202;487771555554391;81.55;393|397|416|421
08/06/2026;31694215;4769854620540;36.05;397
08/06/2026;31694220;665640462590605;40.26;397
08/06/2026;31694222;421115439439383;41.98;393|397|416
08/06/2026;31694252;670471105713114;21.61;397
08/06/2026;31694260;828506753520136;7.8;
08/06/2026;31694272;419748547517882;10.43;397
08/06/2026;31694279;34414172436469;93.8;393|397
08/06/2026;31694302;303993277085140;16.97;393|397|412|417
08/06/2026;31694320;521478064644499;0.35;412
08/06/2026;31694331;784911778018550;4.74;393|416
08/06/2026;31694335;207319205046768;37.08;393|397|412|417
08/06/2026;31694341;78238521807005;6.93;393
08/06/2026;31694343;427105642913731;17.6;393|397|416
08/06/2026;31694348;920105717447369;2.66;369|397|412
08/06/2026;31694350;929080645889372;78.43;397
08/06/2026;31694367;419518612957755;7.37;397
08/06/2026;31694368;256094143037939;1.37;412
08/06/2026;31694393;285692677299953;0.43;412
08/06/2026;31694394;670246883846849;0.32;412
08/06/2026;31694412;981684040192474;0.79;393|397|416
08/06/2026;31694422;345626206953566;0.29;412
08/06/2026;31694445;776620054309986;4.22;393|419|420
08/06/2026;31694480;754931949413119;0.73;393|416
08/06/2026;31694485;778867636229620;0.39;412
08/06/2026;31694495;662607082917496;0.9;393|416
08/06/2026;31694524;286886307380594;0.59;250|412
08/06/2026;31694583;7349597084364;3.74;393|397
08/06/2026;31694593;288763761080106;0.49;393|416
08/06/2026;31694594;127130151841018;1.2;393|416
08/06/2026;31694597;714249796996559;3.03;393|416
08/06/2026;31694603;612083970993506;4.96;393|397
08/06/2026;31694634;567964925981483;1.68;420
08/06/2026;31694660;550404490271226;54.27;393|397|420
08/06/2026;31694671;12956306626372;2.84;397
08/06/2026;31694692;205949305586387;0.38;412
08/06/2026;31694693;148474481274906;0.44;393|417
08/06/2026;31694697;54745195411131;0.4;412
08/06/2026;31694699;194848330409093;1.51;412
08/06/2026;31694714;553024761766022;0.33;412
08/06/2026;31694748;160927144055012;0.59;393|397|416
08/06/2026;31694765;947142250677425;0.84;393|416
08/06/2026;31694777;165067759985792;0.32;397
08/06/2026;31694785;930736244110778;3.52;393|416
08/06/2026;31694799;715094470215259;5.86;393|416
08/06/2026;31694810;330434727255567;0.24;393|416
08/06/2026;31694821;620587257644715;2.84;397
08/06/2026;31694837;787191621787297;20.34;393|397|417
08/06/2026;31694844;425528213427750;48.62;397
08/06/2026;31694882;482468879596128;0.95;412
08/06/2026;31694887;965477281321986;75.66;393|397|416
08/06/2026;31694906;778692637619765;1.3;397
08/06/2026;31694911;289388551488608;3.6;422
08/06/2026;31694917;959274496669930;3.44;412
08/06/2026;31694932;588205857024283;1.46;412
08/06/2026;31694939;880760693181753;26.94;393|397|417
08/06/2026;31694949;230255174373653;3.45;412
08/06/2026;31694955;864350488373035;40.01;393|397
08/06/2026;31694959;964753613034794;0.89;412
08/06/2026;31694960;923155688488265;4.81;412|422
08/06/2026;31694962;850066861307402;0.22;412
08/06/2026;31694981;785478036261461;0.22;412
08/06/2026;31694987;495265098925107;0.89;412
08/06/2026;31695025;20650653321351;94.29;397
08/06/2026;31695029;943053731440208;6.39;393|397
08/06/2026;31695040;747915822165782;12.54;369|393|412|417
08/06/2026;31695052;756786598350054;44.98;397
08/06/2026;31695061;711468892178081;64.78;393|397|416
08/06/2026;31695066;681713903719576;0.89;412
08/06/2026;31695067;535766434077170;29.69;393|397|417
08/06/2026;31695069;489967299117800;3.44;412
08/06/2026;31695075;773079257997875;0.89;412
08/06/2026;31695077;880417926279072;0.89;412
08/06/2026;31695101;167516806524591;128.4;182|190|393|397|416
08/06/2026;31695105;1970710186886;0.12;
08/06/2026;31695108;536678587654106;13.49;397
08/06/2026;31695114;329250368987733;3.82;393|416|421
08/06/2026;31695116;984651270693002;55.04;397
08/06/2026;31695117;188209767338470;51.04;393|397|412|417
08/06/2026;31695125;713266442522500;0.89;412
08/06/2026;31695175;699670002946719;3.66;393|397
08/06/2026;31695177;149249805628071;0.58;250|412
08/06/2026;31695198;163385940562042;0.32;397
08/06/2026;31695253;178998250574568;0.48;412
08/06/2026;31695256;109770606167778;1.77;397
08/06/2026;31695269;275010183379806;1.77;393|416
08/06/2026;31695271;278565725744585;22.85;397
08/06/2026;31695276;221958876852585;23.16;368|393|397|419
08/06/2026;31695280;569888625421632;11.16;
08/06/2026;31695283;164154202204566;9.43;393|416
08/06/2026;31695285;623567384398135;16.71;397
08/06/2026;31695288;993999425960586;59.26;393|397|417
08/06/2026;31695292;413766986656971;14.65;397
08/06/2026;31695298;969585047103181;73.93;393|397
08/06/2026;31695302;973403065977129;79.53;393|397
08/06/2026;31695336;765397906592432;1.97;393|416
08/06/2026;31695363;421013000531653;2.27;393|416
08/06/2026;31695366;948423982078640;7.31;369|393|412|417
08/06/2026;31695367;638601999380096;8.1;393|416
08/06/2026;31695411;208694832599886;12.65;369|393|417
08/06/2026;31695414;738219011369222;12.51;368|393|419
08/06/2026;31695419;757528621379638;1.37;397
08/06/2026;31695440;336689457991904;0.46;412
08/06/2026;31695449;103603432818196;32.56;393|397|416
08/06/2026;31695460;549221697725202;0.48;393|416
08/06/2026;31695461;103638996830837;8.72;397
08/06/2026;31695479;408430055340324;10.26;397
08/06/2026;31695480;46311009276463;0.52;412
08/06/2026;31695481;889796585057600;22.18;393|397
08/06/2026;31695489;762756072023497;3.76;412
08/06/2026;31695497;428216937315830;0.76;393|416
08/06/2026;31695525;737844819086421;0.38;420
08/06/2026;31695544;871946876909658;0.13;393|416
08/06/2026;31695553;211380468838735;16.55;369|412
08/06/2026;31695555;612106833207761;1.63;369|397
08/06/2026;31695576;850379946312740;0.36;412
08/06/2026;31695578;682388934932068;0.76;393|416
08/06/2026;31695589;610441232430205;100.7;393|397
08/06/2026;31695590;682473031829988;138.69;393|397
08/06/2026;31695601;434085902859273;0.89;412
08/06/2026;31695603;614542029258242;2.22;412
08/06/2026;31695605;782539147375293;0.34;182
08/06/2026;31695614;829636105781039;1.1;412
08/06/2026;31695623;361108113088188;0.46;412
08/06/2026;31695631;498941805777799;0.89;412
08/06/2026;31695633;892366678141403;0.55;393
08/06/2026;31695637;542957189588575;0.36;412
08/06/2026;31695643;808053178399664;0.56;421
08/06/2026;31695648;489127995384890;0.32;412
08/06/2026;31695657;703643438429082;0.5;397
08/06/2026;31695679;121132027472799;0.19;
08/06/2026;31695689;638271186401858;0.72;393|416
08/06/2026;31695714;811494152287618;0.41;393|416
08/06/2026;31695721;443302435921527;9.51;369|393|412|417
08/06/2026;31695733;415319311040003;2.06;412
08/06/2026;31695747;694148239181744;0.14;393|416
08/06/2026;31695749;808974397215348;0.52;393|417
08/06/2026;31695789;139732853949095;1.57;397
08/06/2026;31695824;100294608957130;0.53;393|416
08/06/2026;31695868;283427584878689;0.71;393|416
08/06/2026;31695913;738257214565374;2.84;397
08/06/2026;31695933;773320717952734;1.35;397
08/06/2026;31695934;275534427948143;0.72;393|412|417
08/06/2026;31695942;693906146818730;1.77;393|412|417
08/06/2026;31695962;36846872429852;0.11;412
08/06/2026;31695973;238753561202265;0.99;
08/06/2026;31695976;623435255994363;0.46;393
08/06/2026;31695977;53442509272060;0.22;412
08/06/2026;31695978;64193466997955;1.07;412
08/06/2026;31695983;73124586607713;0.76;393|416
08/06/2026;31696024;59847219094211;0.92;420
08/06/2026;31696084;156799093953491;1.57;393|416
08/06/2026;31696123;203260609130364;41.5;393|397|419
08/06/2026;31696134;427116257154976;2.72;397
08/06/2026;31696162;103011999190495;0.33;412
08/06/2026;31696166;410423424428976;0.19;412
08/06/2026;31696168;979422794250721;0.26;412
08/06/2026;31696175;958494883375287;0.6;412
08/06/2026;31696180;86303414163187;7.21;397
08/06/2026;31696185;1189533504408;0.16;412
08/06/2026;31696190;751995013855779;0.33;397
08/06/2026;31696219;606231575546470;0.49;420
08/06/2026;31696234;461800520610693;0.69;393|416
08/06/2026;31696281;904026869575215;90.17;393|397|416
08/06/2026;31696355;137789396103442;1.44;420
08/06/2026;31696393;502915900279745;0.32;
08/06/2026;31696395;406251230783385;0.58;250|412
08/06/2026;31696400;209402705993374;0.1;
08/06/2026;31696410;883198539003262;0.85;412
08/06/2026;31696415;918414289147916;0.72;412
08/06/2026;31696431;728095199989609;0.69;421
08/06/2026;31696437;722709926905700;3.85;393|416
08/06/2026;31696474;160059325905891;0.33;412
08/06/2026;31696478;516063621564973;29.23;393|397|412|417
08/06/2026;31696481;147353499781713;0.17;420
08/06/2026;31696528;353715921566684;1.42;393|416
08/06/2026;31696547;519151293856220;0.33;412
08/06/2026;31696557;658348548484230;0.76;393|416
08/06/2026;31696617;593043431588550;25.19;393|397|419
08/06/2026;31696633;443906558372589;0.89;412
08/06/2026;31696645;551245670122817;27.45;393
08/06/2026;31696648;407645377759031;0.95;412
08/06/2026;31696651;588866114341003;0.72;412
08/06/2026;31696654;849754665020828;0.84;412
08/06/2026;31696715;603406388501440;0.24;
08/06/2026;31696728;73857933395919;5.87;393|419
08/06/2026;31696747;12202060013308;0.79;420
08/06/2026;31696764;918408612696358;0.53;393|416
08/06/2026;31696767;185659906400946;35.96;393|397|417
08/06/2026;31696788;849245721160054;0.4;397
08/06/2026;31696791;304498252369600;0.19;393|416
08/06/2026;31696809;879689574316206;0.21;
08/06/2026;31696853;525071202611845;0.68;397
08/06/2026;31696880;946975076045435;0.15;393|416
08/06/2026;31696885;995034378812383;0.47;393|416
08/06/2026;31696917;414881666912488;0.59;397
08/06/2026;31696926;35534019994600;0.66;412
08/06/2026;31696935;268747242918613;0.53;393|416
08/06/2026;31696939;939493735827794;2.84;397
08/06/2026;31696945;960867555509629;3.19;412
08/06/2026;31697001;444558547091482;0.35;393|419
08/06/2026;31697026;618187892118112;27.54;397
08/06/2026;31697027;48521595670768;1.15;393|416
08/06/2026;31697054;379712252392667;108.77;393|397|416|421
08/06/2026;31697075;499215407649821;0.7;420
08/06/2026;31697093;916531012180399;0.94;412
08/06/2026;31697105;569442324681028;1.78;412
08/06/2026;31697111;325641345918650;0.63;412
08/06/2026;31697118;713829623607540;0.61;393|412|417
08/06/2026;31697137;389697758140804;33.53;
08/06/2026;31697165;5991499361228;0.25;397
08/06/2026;31697209;401673096521052;0.58;393|416
08/06/2026;31697214;195414906780668;0.03;393|419
08/06/2026;31697216;288410465401819;4.63;393|397
08/06/2026;31697225;951335653581626;4.93;393|419
08/06/2026;31697227;624332661804213;0.76;
08/06/2026;31697245;203940942881308;1.98;397
08/06/2026;31697253;269824844954941;0.78;412
08/06/2026;31697254;286268436122573;6.3;397
08/06/2026;31697262;632998142544851;5.65;393|397
08/06/2026;31697279;13028408787695;1.34;412
08/06/2026;31697280;875785662249718;1.46;412
08/06/2026;31697282;181696390574015;0.68;412
08/06/2026;31697372;252880670290422;2.04;412
08/06/2026;31697374;336949242206392;0.81;412
08/06/2026;31697427;573191169720068;0.73;393|416
08/06/2026;31697436;44449681683009;0.33;412
08/06/2026;31697445;798494210932695;2.84;397
08/06/2026;31697466;112376182781999;1.02;412
08/06/2026;31697467;967394157829365;0.14;412
08/06/2026;31697488;691944663437459;0.62;412
08/06/2026;31697512;225102250429918;2.84;397
08/06/2026;31697528;23768352795524;0.65;412
08/06/2026;31697543;652965684400948;18.11;393|397|412|417
08/06/2026;31697544;206708296874899;0.88;412
08/06/2026;31697548;57084123945343;0.9;393|416
08/06/2026;31697556;407792391547954;0.14;412
08/06/2026;31697566;954784797749295;1.26;412
08/06/2026;31697612;289989841115868;1.03;393|416
09/06/2026;30846251;523605885788773;57.27;397
09/06/2026;31070654;375152349496762;27.23;393|416
09/06/2026;31098272;175472524804984;36.73;397
09/06/2026;31193013;118062092633212;22.48;393|397
09/06/2026;31208994;648352373937048;65.64;397
09/06/2026;31221218;911637500811528;0.79;397
09/06/2026;31240344;965824322381771;0.27;393
09/06/2026;31252389;170867520139244;65.84;393|397
09/06/2026;31253032;908817481781007;0.17;393
09/06/2026;31266913;429032043488914;0.3;393
09/06/2026;31292193;96727702565367;10.24;397
09/06/2026;31301569;295850245715253;0.25;393|397
09/06/2026;31305170;265060882707511;6.19;422
09/06/2026;31322251;784289567639955;7.31;393|416
09/06/2026;31322465;49990532882980;0.41;
09/06/2026;31332749;454780266827386;3215.09;368
09/06/2026;31346818;813477154495937;16.33;
09/06/2026;31347396;828169979228562;85.13;393|397|416
09/06/2026;31347750;878430782649594;21.53;393|397|416
09/06/2026;31348540;454239957853160;14.57;397
09/06/2026;31356253;39162151469222;7.34;397
09/06/2026;31363490;332398731115134;37.35;393|397
09/06/2026;31373946;265313342268964;2.55;420
09/06/2026;31382523;865712654949847;56.77;393|397
09/06/2026;31385662;37766372699065;4.8;397
09/06/2026;31386891;25541895337640;1.68;393|416
09/06/2026;31387273;404896964075753;5.1;397
09/06/2026;31387963;633396896346070;18.13;397
09/06/2026;31392916;932244667355011;51.65;393|397
09/06/2026;31393018;994805004756645;0.3;393
09/06/2026;31396802;302180780332657;0.12;393|416
09/06/2026;31402941;940741705380896;2.14;368
09/06/2026;31408922;907710894788488;0.02;
09/06/2026;31409855;710125363636920;37.11;393
09/06/2026;31410752;520123278842117;0.25;397
09/06/2026;31410900;641230027494514;0.02;
09/06/2026;31412484;986750661267699;0.28;
09/06/2026;31415338;938375776660005;27.0;397
09/06/2026;31417539;242099077222338;16.46;397
09/06/2026;31417650;155404127201607;8.23;393|397|416
09/06/2026;31418691;20453329979602;9.99;396|397
09/06/2026;31419174;221210721488145;2.21;420
09/06/2026;31421185;343110953273435;0.48;397
09/06/2026;31422205;49230190352538;4.67;
09/06/2026;31423438;566054187061383;0.13;420
09/06/2026;31426075;997939168385139;0.16;420
09/06/2026;31436313;721561488746814;3.85;393|419
09/06/2026;31436707;320337878598759;3.54;
09/06/2026;31436807;410065686768384;9.48;420
09/06/2026;31437930;329945773941509;0.43;397
09/06/2026;31438414;559015323698750;3.35;393|420
09/06/2026;31439087;340664873160197;47.21;393|397
09/06/2026;31441086;211488964546122;14.59;368|393|419
09/06/2026;31441311;351402968208612;6.31;397
09/06/2026;31442564;393769541665951;6.33;397
09/06/2026;31443401;120854953574380;0.13;420
09/06/2026;31446299;634076247818725;37.71;393
09/06/2026;31446728;934397890470307;3.42;420
09/06/2026;31448172;583527669231859;1.17;397
09/06/2026;31449579;62335374002686;4.56;393|416
09/06/2026;31450050;170446801177942;91.53;190
09/06/2026;31451650;106041511939880;7.3;368|393|397|419
09/06/2026;31452236;818541808707153;0.98;393|416
09/06/2026;31452487;824795261865431;11.53;397
09/06/2026;31455452;453133089381233;8.63;397
09/06/2026;31457307;548079787646510;69.26;393|397
09/06/2026;31457634;708251525696142;0.98;397
09/06/2026;31458223;895468332617018;1.6;393|416
09/06/2026;31458429;152567994641418;13.7;397
09/06/2026;31458650;560393542847688;2.97;420
09/06/2026;31458704;87275359438184;0.15;393
09/06/2026;31458985;884110487940907;22.42;368|397
09/06/2026;31459074;93807706161203;12.65;368|397
09/06/2026;31459103;109458617013446;13.03;397
09/06/2026;31459247;236919498814418;1.32;393
09/06/2026;31459340;784788708293135;16.46;397
09/06/2026;31459351;170193845197502;0.7;393|416
09/06/2026;31460506;492714697345754;8.19;397
09/06/2026;31461029;612664539752334;19.49;368|393|397|419
09/06/2026;31461205;285602273818481;1.25;397
09/06/2026;31461553;71038034038329;1.13;397
09/06/2026;31461675;374249245175100;0.41;397
09/06/2026;31461913;213024102329057;0.3;393|416
09/06/2026;31464587;76067894344592;9.8;368
09/06/2026;31465044;693512548578872;2.22;420
09/06/2026;31465344;806973242439392;0.38;393|419
09/06/2026;31466394;396949532088974;0.16;393|419
09/06/2026;31466553;41881356997067;24.95;368
09/06/2026;31467742;247097436415226;15.85;397
09/06/2026;31470126;604006317672314;10674.57;368
09/06/2026;31471711;744390454143872;51.17;393|397|416
09/06/2026;31471850;822171669663737;40.73;397
09/06/2026;31472243;462597460689958;0.51;393|416
09/06/2026;31473355;464390680276412;30.26;393|397|419
09/06/2026;31476352;212848111473250;26.84;393|397
09/06/2026;31476521;736116387243674;0.09;393|419
09/06/2026;31477151;811105251690754;26.05;
09/06/2026;31477198;681081185328814;3.88;397
09/06/2026;31478227;353364904507335;19.53;397
09/06/2026;31478364;313817381767652;0.01;393
09/06/2026;31479610;690674084681176;1.09;397
09/06/2026;31479619;328105409182156;4.46;420
09/06/2026;31479950;516377809093837;0.15;397
09/06/2026;31480076;381008231083453;0.19;393
09/06/2026;31480484;571294764470865;0.36;
09/06/2026;31481248;563388522339091;10.49;397
09/06/2026;31481777;730768844633542;14.04;397
09/06/2026;31482061;635556385498073;0.27;
09/06/2026;31485323;497926666003616;0.14;
09/06/2026;31485905;621820371793117;0.45;
09/06/2026;31486006;79442111227079;0.09;
09/06/2026;31486274;63427508440033;0.08;
09/06/2026;31486946;570831092242411;0.14;
09/06/2026;31487185;865009821705957;0.27;
09/06/2026;31487351;132366717529002;0.08;
09/06/2026;31487596;866693242688324;3.01;397
09/06/2026;31487876;523092231572809;0.43;
09/06/2026;31487994;518317771742630;0.75;393|416
09/06/2026;31489063;734020902530264;39.03;393|397|419
09/06/2026;31490439;864625337638043;0.08;
09/06/2026;31491016;121778662440756;0.14;
09/06/2026;31491091;652376101051368;0.09;
09/06/2026;31492465;964772413761407;0.4;393
09/06/2026;31494249;629866715230058;1.29;412
09/06/2026;31494264;256819376728367;2.05;412
09/06/2026;31495702;749634741194224;0.08;
09/06/2026;31495847;274413875197647;0.4;
09/06/2026;31499341;107422136057068;25.9;393|397|419
09/06/2026;31501903;358072991071581;8.8;397
09/06/2026;31504057;797820621083359;135.7;397
09/06/2026;31505714;727345424140023;6.77;397
09/06/2026;31507076;304952766324848;0.17;397
09/06/2026;31507248;842038011619879;0.96;420
09/06/2026;31507262;28416457976640;0.89;420
09/06/2026;31507276;296532405419240;3.68;420
09/06/2026;31507985;750372779647735;12.37;420
09/06/2026;31508183;376366603826894;0.39;420
09/06/2026;31508437;968242096239585;0.84;420
09/06/2026;31508439;106261840336972;0.15;393|419
09/06/2026;31508503;607979495499174;0.05;393|419
09/06/2026;31509660;108876167817610;0.45;
09/06/2026;31509940;233133690871569;0.09;
09/06/2026;31516133;800389221717205;1.61;
09/06/2026;31516673;370131177073385;1.73;420
09/06/2026;31516704;895675643784627;0.32;393|419
09/06/2026;31516717;470933341271061;0.39;420
09/06/2026;31517403;935866092108443;0.47;412
09/06/2026;31532748;509062512772157;2.23;
09/06/2026;31541420;802554135896208;0.08;
09/06/2026;31546724;454908533584276;2.3;393|419
09/06/2026;31547637;756970092073360;0.51;
09/06/2026;31557724;434641138287638;0.04;
09/06/2026;31594733;126232384445855;3.56;397
09/06/2026;31595978;707942170762990;27.49;397
09/06/2026;31596153;465699214186852;16.35;393|397|416
09/06/2026;31604234;975058383315014;10.89;393
09/06/2026;31605116;23727270613021;0.37;393|419
09/06/2026;31606146;497863608706689;10.67;
09/06/2026;31606746;66913360754649;0.37;
09/06/2026;31608353;319120034858694;0.13;393|419
09/06/2026;31608756;167007505421777;0.19;397
09/06/2026;31610244;758400000298457;0.47;393|416
09/06/2026;31614794;844544299743;0.47;393|416
09/06/2026;31616746;713116539647147;0.53;
09/06/2026;31616778;488705422462019;0.57;
09/06/2026;31617093;788051010926790;28.98;393|397
09/06/2026;31617941;711634477893276;3.85;
09/06/2026;31618058;957431335615742;19.53;397
09/06/2026;31618109;703241227621966;0.25;393|419
09/06/2026;31618255;632217619535012;0.04;
09/06/2026;31618909;908335095470963;0.08;
09/06/2026;31619133;427758310737415;0.01;
09/06/2026;31619831;981251067515014;14.21;397
09/06/2026;31620300;436104491438320;3.12;393
09/06/2026;31620462;931961485266021;0.04;393|416
09/06/2026;31621902;461143844295525;0.77;393|416
09/06/2026;31622728;426017696891940;0.23;393|419
09/06/2026;31622745;606677387181088;0.87;
09/06/2026;31623031;217319248757959;0.08;397
09/06/2026;31623618;55781368941389;2.06;393|416
09/06/2026;31623687;919161112685620;5.43;
09/06/2026;31623701;705382338966202;33.47;182|190|393|397|419|420
09/06/2026;31623708;556166312320980;1.05;
09/06/2026;31624031;332467652588223;1.41;397
09/06/2026;31624943;874574927171656;12.59;368|393|419
09/06/2026;31625486;785718587349592;42.19;393|397|416
09/06/2026;31625623;382100174874981;85.89;393|397|416
09/06/2026;31626185;834059377674456;104.96;397
09/06/2026;31626349;87020077917010;10.48;
09/06/2026;31626529;667281854908210;0.59;412
09/06/2026;31635246;267268340207352;0.84;420
09/06/2026;31635377;611990858289070;4.31;393|419
09/06/2026;31635411;847084963149456;0.25;393|419
09/06/2026;31641500;761519788230927;20.93;368|393|397|419
09/06/2026;31647875;811425402615103;0.38;412
09/06/2026;31650042;438476411851036;0.65;412
09/06/2026;31651264;454436971662717;52.52;397
09/06/2026;31651424;444408388368826;41.86;274|393|417
09/06/2026;31651622;488873457378436;12.16;412
09/06/2026;31652692;216808891843393;0.57;
09/06/2026;31652859;628649173436717;1.67;
09/06/2026;31653229;763923452426811;3.81;393|416
09/06/2026;31653408;429375473581446;9.04;397
09/06/2026;31654550;875447816592105;15.16;397
09/06/2026;31655131;902589384970524;23.1;397
09/06/2026;31655148;972636929087862;7.62;202|213|269|371|372|393|397|409|410|412|417|424
09/06/2026;31655966;616181217767254;0.72;
09/06/2026;31656963;479832271442662;7.6;202|213|269|371|372|393|397|409|410|412|417|424
09/06/2026;31657100;648201898387663;7.6;202|213|269|371|372|397|409|410|412|424
09/06/2026;31657144;609010518606202;36.64;274
09/06/2026;31657207;851549798428798;13.88;397
09/06/2026;31657374;956534829445370;10.75;202|213|250|269|393|409|410|412|417|424
09/06/2026;31657415;241528729988073;7.18;202|213|371|372|397|409|410|412|424
09/06/2026;31657537;421775492815729;43.31;393
09/06/2026;31657776;673084755004689;44.44;274|393|412|417
09/06/2026;31657898;808425727920748;10.95;202|409|410
09/06/2026;31658026;989375936610473;53.99;393|397
09/06/2026;31658033;287045496938856;53.99;393|397
09/06/2026;31658418;968575989341144;0.25;393|419
09/06/2026;31658869;995503868686800;10.49;202|269|393|409|410|412|417|424
09/06/2026;31659044;275242567060072;4.86;412
09/06/2026;31659798;347896431338118;6.46;202|213|269|371|372|397|409|410|412|424
09/06/2026;31660168;345176434210330;7.6;202|213|269|371|372|397|409|410|412|424
09/06/2026;31660269;707934747187667;6.99;202|213|269|371|372|397|409|410|412|424
09/06/2026;31661023;976309008590682;0.23;397
09/06/2026;31662296;424145514667286;3.33;393|416
09/06/2026;31662616;497917802889000;7.62;202|213|269|371|372|397|409|410|412|424
09/06/2026;31662763;115764714263837;0.19;397
09/06/2026;31662780;788006212742017;0.81;393|397|416
09/06/2026;31663738;263434770489523;53.24;274|393|412|417
09/06/2026;31664089;201622639423767;53.57;274|393|417
09/06/2026;31664353;978844681466294;6.46;202|213|269|371|372|393|397|409|410|412|417|424
09/06/2026;31664534;129755421827646;6.28;274|393|412|417
09/06/2026;31666689;806603335191065;1.68;
09/06/2026;31666802;207789250268400;0.86;393|416
09/06/2026;31667282;343959645004929;9.09;202|213|269|409|410|412|424
09/06/2026;31667375;715572330736123;7.6;202|213|269|371|372|393|397|409|410|417|424
09/06/2026;31667934;354069611748585;6.46;202|213|269|371|372|397|409|410|412|424
09/06/2026;31668081;930064416067881;40.15;393
09/06/2026;31668763;50765663635745;141.06;274|393|417
09/06/2026;31668777;710182461831046;3.19;397
09/06/2026;31668901;140561074947018;9.6;202|213|269|393|397|409|410|412|417|424
09/06/2026;31669061;349567631934859;0.63;
09/06/2026;31669065;886825798395743;0.09;
09/06/2026;31669072;524336671073889;0.02;
09/06/2026;31669316;656918732515622;6.46;202|213|269|371|372|397|409|410|412|424
09/06/2026;31669639;357342724397776;7.18;202|213|269|371|372|393|397|409|410|412|417|424
09/06/2026;31669643;629970267260511;7.18;202|213|269|371|372|397|409|410|412|424
09/06/2026;31669688;214159525070901;6.46;202|213|269|371|372|393|397|409|410|412|417|424
09/06/2026;31669723;38643706601871;6.46;202|213|269|371|372|393|397|409|410|412|417|424
09/06/2026;31669728;603290559848054;3.56;202|213|269|393|409|410|417|422|424
09/06/2026;31669729;550338629405042;3.57;202|213|409|410|412|422|424
09/06/2026;31669734;7731299086938;3.47;202|213|269|393|397|409|410|412|424
09/06/2026;31669735;938032427806890;3.57;202|213|269|393|397|409|410|412|417|422|424
09/06/2026;31669736;208016112844444;39.71;202|213|269|371|372|393|397|409|410|412|424
09/06/2026;31669737;83288695346059;3.7;202|213|397|409|410|412|422|424
09/06/2026;31669738;948924918999298;3.47;202|213|269|393|397|409|410|412|424
09/06/2026;31670083;581790651924387;10.31;202|213|269|393|397|409|410|412|417|424
09/06/2026;31670307;183325140792748;41.43;393|397|419
09/06/2026;31670475;954551738955731;0.32;
09/06/2026;31670796;618950873216794;7.6;202|213|269|371|372|397|409|410|412|424
09/06/2026;31670976;409338752012501;6.63;393|416
09/06/2026;31671062;955584242055059;10.75;202|213|250|269|393|409|410|412|417|424
09/06/2026;31671085;602723608586588;0.02;393|416
09/06/2026;31671252;934118320460102;0.97;393|416
09/06/2026;31671328;221229600085117;45.12;393
09/06/2026;31671765;7921793914902;7.18;202|213|371|372|397|409|410|412|424
09/06/2026;31671773;369048208787563;6.46;202|213|371|372|397|409|410|412|424
09/06/2026;31671880;617429320082568;7.62;202|213|269|371|372|397|409|410|424
09/06/2026;31672130;900697757232675;7.43;202|213|269|371|372|397|409|410|412|424
09/06/2026;31672202;408552116386543;7.6;202|213|269|371|372|397|409|410|412|424
09/06/2026;31672264;174611871420731;0.16;
09/06/2026;31672309;607180750045896;71.2;393|397|416
09/06/2026;31672757;95785604801581;7.62;202|213|269|371|372|397|409|410|412|424
09/06/2026;31674904;217852897191735;65.11;397
09/06/2026;31675586;810236311557121;0.47;412
09/06/2026;31676122;168606774131043;7.62;202|213|269|355|371|372|397|409|410|412|424
09/06/2026;31676277;481194452111017;7.43;202|213|269|355|371|372|397|409|410|412|424
09/06/2026;31676582;528633047656344;6.46;202|213|269|355|371|372|393|397|409|410|412|417|424
09/06/2026;31676862;972923949154534;0.45;393|416
09/06/2026;31677771;178606929490430;6.65;202|213|269|355|371|372|397|409|410|424
09/06/2026;31679075;186856166906707;0.23;393|416
09/06/2026;31681278;394808207659110;0.09;
09/06/2026;31681504;668692443251212;7.6;202|213|269|355|371|372|393|397|409|410|412|417|424
09/06/2026;31681723;103863654747720;39.03;393|397|419
09/06/2026;31682148;767571228848799;6.46;202|213|269|355|371|372|393|397|409|410|412|417|424
09/06/2026;31682819;255851431948957;0.29;393|419
09/06/2026;31683059;469502728654876;0.27;
09/06/2026;31684337;301789866392878;0.16;397
09/06/2026;31684842;116134880287595;0.09;393|419
09/06/2026;31685031;604113300776306;0.59;393|416
09/06/2026;31685158;307596552704802;5.61;393|419
09/06/2026;31685529;617291977817081;3.04;397|412|422
09/06/2026;31686192;395446593828224;0.92;397
09/06/2026;31686203;565977343326829;1.07;412
09/06/2026;31686710;557226727804038;8.05;202|213|269|355|393|409|410|412|417|424
09/06/2026;31686803;282896810591898;7.6;202|213|269|355|371|372|393|397|409|410|412|417|424
09/06/2026;31686805;522826080261810;9.6;202|213|269|355|397|409|410|412|424
09/06/2026;31687005;964644303230801;12.0;202|269|355|393|409|410|412|417|424
09/06/2026;31687143;530032200744499;7.6;202|213|269|355|371|372|397|409|410|412|424
09/06/2026;31687552;107008622093698;4.37;393|412|417
09/06/2026;31687652;69657690436193;11.13;202|213|269|355|393|409|410|412|417|424
09/06/2026;31688464;469106327781464;21.82;202|213|269|355|393|409|410|412|417|424
09/06/2026;31688570;697114957488791;8.93;202|213|269|355|393|409|410|412|417|424
09/06/2026;31688628;520498975564036;6.46;202|213|269|355|371|372|397|409|410|412|424
09/06/2026;31688744;188467921214171;7.18;202|213|269|355|371|372|397|409|410|424
09/06/2026;31688818;431221689975926;6.74;202|213|269|355|393|409|410|412|417|424
09/06/2026;31689498;196472252615140;1.18;393|397|416
09/06/2026;31690906;649401953952305;0.56;393|397|416
09/06/2026;31690976;223785939764080;0.17;
09/06/2026;31691061;294493797512061;4.92;393|416
09/06/2026;31691080;740656015838392;0.56;393|397|416
09/06/2026;31691212;586443606619681;0.17;
09/06/2026;31691338;969270273872701;0.01;
09/06/2026;31691371;365316223940366;0.39;
09/06/2026;31691620;628318964931503;0.39;
09/06/2026;31691963;807482500441787;0.39;
09/06/2026;31692151;251664657282690;0.24;393|416
09/06/2026;31692447;40836119584188;0.67;393|416
09/06/2026;31692647;198834660752134;0.12;
09/06/2026;31692949;844992419007278;5.17;393|416
09/06/2026;31693836;285972344434861;29.37;190|368|393|397|419
09/06/2026;31693988;446677963737854;0.79;393|416
09/06/2026;31694015;255554016095159;0.32;393|416
09/06/2026;31694021;188544614844050;66.43;393|397|416
09/06/2026;31694027;270434293069155;43.57;397
09/06/2026;31694032;73450341830623;0.43;393|416
09/06/2026;31694145;862669207205406;65.8;393|397|416
09/06/2026;31694258;406978714651406;0.43;393|416
09/06/2026;31694346;472033480759185;0.17;397
09/06/2026;31694460;770104029404026;14.2;393|397|419
09/06/2026;31694568;38565896418452;0.06;412
09/06/2026;31694588;353371025890332;0.75;
09/06/2026;31694605;71762785814544;0.4;
09/06/2026;31694953;719254314228772;68.39;396|397
09/06/2026;31695284;651102865192303;25.03;393
09/06/2026;31695287;397102558259534;58.68;393|397|419
09/06/2026;31695299;229732071508878;0.64;397
09/06/2026;31696089;771157877927807;30.99;393|397|419
09/06/2026;31697158;593537163815499;0.64;268|274
09/06/2026;31697527;658259222643498;0.4;412
09/06/2026;31697637;900537245609151;3.03;393|416
09/06/2026;31697646;561612667063038;14.31;397
09/06/2026;31697651;707476342342261;0.11;397
09/06/2026;31697652;345330683970581;51.17;393|397|419
09/06/2026;31697677;932687094149210;0.77;393|416
09/06/2026;31697686;915520820793340;0.72;393|412|417
09/06/2026;31697723;171799845884523;0.35;393|397|416
09/06/2026;31697769;803368349173648;1.07;412
09/06/2026;31697800;336291276295753;1.22;250|412
09/06/2026;31697814;277803178673730;3.08;397
09/06/2026;31697948;625222473523410;21.2;393|397
09/06/2026;31697988;691684575621111;0.19;393|416
09/06/2026;31697998;65166973475002;0.67;393|416
09/06/2026;31698240;800157823529803;5.16;250|393|412|417
09/06/2026;31698247;533309198541467;3.55;397
09/06/2026;31698266;491933303981584;0.2;397
09/06/2026;31698272;536241783878754;5.63;393|397
09/06/2026;31698312;319800593042908;0.78;393|397|416
09/06/2026;31698321;510402086491102;0.45;393|416
09/06/2026;31698333;677895773824127;6.08;393|416
09/06/2026;31698336;619248352993094;31.98;393|397|417
09/06/2026;31698352;567218920149742;0.2;
09/06/2026;31698370;18317210119593;0.08;412
09/06/2026;31698398;349319393000894;4.37;393|412|417
09/06/2026;31698400;641878686650691;0.23;412
09/06/2026;31698401;853908981575050;0.09;412
09/06/2026;31698431;402851352145483;2.17;397
09/06/2026;31698446;272722919281851;0.37;393|417
09/06/2026;31698459;139958023873390;0.42;393
09/06/2026;31698488;876477148330410;3.72;393|397
09/06/2026;31698499;107330249342663;0.07;412
09/06/2026;31698505;884839878344823;0.23;420
09/06/2026;31698509;621538408570682;0.32;
09/06/2026;31698518;822406349053169;5.74;39|40|393
09/06/2026;31698521;215181795262315;2.1;412
09/06/2026;31698545;652198620566048;1.5;412
09/06/2026;31698547;509109860264286;0.42;393|416
09/06/2026;31698567;916863136408660;0.05;
09/06/2026;31698573;548834988291668;0.56;412
09/06/2026;31698602;122389056140403;7.31;393|397
09/06/2026;31698603;338459514848020;4.17;397
09/06/2026;31698648;269817415650570;1.23;393|416
09/06/2026;31698652;165654276239994;0.18;393
09/06/2026;31698669;801649170454877;0.49;
09/06/2026;31698673;845123537334139;29.71;84|397|412
09/06/2026;31698677;134064592824062;1.04;412
09/06/2026;31698680;387634625888079;24.63;393|416
09/06/2026;31698715;64297808754326;0.85;412
09/06/2026;31698728;28477882541539;0.33;
09/06/2026;31698729;73934265052488;1.23;412
09/06/2026;31698736;92426475270802;1.18;393|397|416
09/06/2026;31698739;125016596289691;8.05;368
09/06/2026;31698748;210886695809981;0.64;268|274
09/06/2026;31698785;817297209014188;44.21;397
09/06/2026;31698786;599888805971196;5.26;393|412
09/06/2026;31698794;155983927985923;0.39;420
09/06/2026;31698803;909319850165270;0.22;412
09/06/2026;31698823;813131468796800;0.5;412
09/06/2026;31698829;878684165629526;35.83;393|397|412|417
09/06/2026;31698830;99464749943096;1.27;412
09/06/2026;31698835;604237392302452;1.04;412
09/06/2026;31698836;598683835312812;0.4;412
09/06/2026;31698858;470158303562559;0.35;393|397|416
09/06/2026;31698859;328133476900102;1.13;397
09/06/2026;31698870;535792148392921;0.6;412
09/06/2026;31698871;396420295709124;0.13;412
09/06/2026;31698872;377917828745572;0.63;393|416
09/06/2026;31698873;601574184209184;0.89;393|416
09/06/2026;31698878;448274520751092;1.09;393|416
09/06/2026;31698888;106936446611459;1.65;393|397|416
09/06/2026;31698891;481845095457480;0.29;412
09/06/2026;31698935;115849050405122;2.63;397
09/06/2026;31698950;274317549614923;5.96;397
09/06/2026;31698977;67404756709650;0.31;393
09/06/2026;31699004;102961841156573;2.84;397
09/06/2026;31699031;168426637346456;43.14;393|416
09/06/2026;31699032;605909407115331;31.51;397|412
09/06/2026;31699035;592570653641092;0.96;412
09/06/2026;31699044;299267924392352;17.41;397
09/06/2026;31699062;19964346220408;5.27;412
09/06/2026;31699112;970797899998065;56.42;397
09/06/2026;31699122;429765310541359;6.54;412
09/06/2026;31699165;230518345348088;17.41;397
09/06/2026;31699248;746853267069236;0.28;420
09/06/2026;31699289;867470386040938;0.65;412
09/06/2026;31699293;143341480947546;0.59;412
09/06/2026;31699299;438748238957846;0.72;412
09/06/2026;31699303;159661033946504;0.53;412
09/06/2026;31699304;983432506412458;0.28;412
09/06/2026;31699352;790237459430701;1.07;412
09/06/2026;31699354;142837692182300;25.64;393|416
09/06/2026;31699399;43517956202610;1.79;393|416
09/06/2026;31699453;154692037181626;3.08;420
09/06/2026;31699455;70660499641316;2.84;397
09/06/2026;31699506;681208179487266;0.36;412
09/06/2026;31699541;252993686778762;0.73;
09/06/2026;31699543;224655145161289;0.57;393|416
09/06/2026;31699578;467996520438132;28.64;393|397|417
09/06/2026;31699619;579392478327472;4.5;393|416
09/06/2026;31699632;898147886626651;1.23;412
09/06/2026;31699676;107315233143965;0.5;393|416
09/06/2026;31699678;204872693049305;0.14;
09/06/2026;31699679;118419226248776;1.62;412
09/06/2026;31699683;786823556269993;1.09;412
09/06/2026;31699692;749729456983846;1.62;412
09/06/2026;31699699;95400071420254;1.62;393|397|416
09/06/2026;31699721;709596334570470;0.3;412
09/06/2026;31699736;334059263015278;0.89;412
09/06/2026;31699742;685241160070718;21.29;393|397|412|417
09/06/2026;31699743;465016360068831;0.32;412
09/06/2026;31699744;500633729893653;1.07;412
09/06/2026;31699806;722271456390200;0.36;412
09/06/2026;31699810;504766495843532;64.23;397
09/06/2026;31699811;623631997007321;2.88;369
09/06/2026;31699812;946088354994855;17.41;397
09/06/2026;31699823;571351426245603;2.88;369
09/06/2026;31699827;204922192443991;2.06;412
09/06/2026;31699838;924502214523226;0.52;412
09/06/2026;31699848;415825425126586;64.23;393|397|417
09/06/2026;31699850;435829939579596;64.23;393|397|417
09/06/2026;31699851;315025283344187;64.23;393|397|417
09/06/2026;31699852;39977348504976;64.23;393|397|417
09/06/2026;31699853;853602105216460;64.23;393|397|417
09/06/2026;31699854;197224353108647;64.23;393|397|417
09/06/2026;31699855;209057002346289;64.23;393|397|417
09/06/2026;31699856;868222331067773;64.23;393|397|417
09/06/2026;31699857;314385972586051;64.23;393|397|417
09/06/2026;31699946;869105375589314;1.12;420
09/06/2026;31699956;208453777075720;0.13;393|419
09/06/2026;31699972;413669395940954;2.84;397
09/06/2026;31699973;195244572824044;2.84;397
09/06/2026;31700010;785844866113852;1.26;412
09/06/2026;31700011;47825765756310;0.09;412
09/06/2026;31700012;282994259650080;1.96;393|412|417
09/06/2026;31700013;637302310813559;3.61;412
09/06/2026;31700038;956528566357638;0.89;412
09/06/2026;31700069;560256546139335;0.89;412
09/06/2026;31700077;491260481930597;0.11;268|274|412
09/06/2026;31700079;404807642973495;0.63;393|416
09/06/2026;31700092;868206212829762;2.77;412|422
09/06/2026;31700096;894127403627052;0.07;412
09/06/2026;31700098;97086678250362;0.56;393|416
09/06/2026;31700113;691738220970506;4.78;397
09/06/2026;31700132;574461176371832;0.89;412
09/06/2026;31700141;889326068312023;0.14;412
09/06/2026;31700167;397381612594149;3.92;397
09/06/2026;31700185;707039395425708;0.08;
09/06/2026;31700186;504832887385603;0.19;412
09/06/2026;31700188;784822498094898;0.19;412
09/06/2026;31700192;290752425410023;17.88;420
09/06/2026;31700208;787254381934597;111.63;393|397
09/06/2026;31700243;388724523167464;0.49;420
09/06/2026;31700265;408636487637017;0.8;
09/06/2026;31700266;596938580560817;115.46;397
09/06/2026;31700267;467608064979225;64.1;397
09/06/2026;31700274;461103682170280;0.36;412
09/06/2026;31700280;893436181846084;0.25;412
09/06/2026;31700299;97624811459157;0.05;393
09/06/2026;31700306;458828965564284;22.55;
09/06/2026;31700312;45837040455067;4.35;393|412|417
09/06/2026;31700328;123279147961378;1.49;
09/06/2026;31700336;457056351576197;2.45;250|393|412|417
09/06/2026;31700397;111251371907338;0.35;397
09/06/2026;31700403;379182254766943;0.19;412
09/06/2026;31700416;963985897352291;1.22;397
09/06/2026;31700441;351522692144531;0.39;420
09/06/2026;31700443;381758139801842;0.07;412
09/06/2026;31700453;496867180899597;0.14;393|416
09/06/2026;31700534;456442482020926;9.11;393|419
09/06/2026;31700552;576151831567138;0.12;412
09/06/2026;31700561;812171954521368;5.73;412
09/06/2026;31700565;106883426205154;0.65;412
09/06/2026;31700567;515556685358916;0.53;412
09/06/2026;31700568;263703904805152;0.16;393|417
09/06/2026;31700590;296954392544516;0.08;397
09/06/2026;31700592;188989032792822;1.08;393|416
09/06/2026;31700601;110892001532421;0.78;412
09/06/2026;31700611;13390308605366;0.22;412
09/06/2026;31700638;653511734399220;27.54;397
09/06/2026;31700666;366507186821910;1.81;393|416
09/06/2026;31700679;186560969874820;3.76;412
09/06/2026;31700706;602019026029931;33.2;397|412
09/06/2026;31700707;567785359134083;0.84;412
09/06/2026;31700711;935864089088337;0.46;
09/06/2026;31700720;614307135498334;7.33;421
09/06/2026;31700727;629497972291118;5.64;393|416
09/06/2026;31700737;388165942445207;1.48;412
09/06/2026;31700747;992331191273429;2.22;397
09/06/2026;31700754;971935045420459;2.95;393|397|420
09/06/2026;31700756;805187160535110;1.55;393|416
09/06/2026;31700772;655112585422420;1.33;412
09/06/2026;31700777;558807098015132;0.68;412
09/06/2026;31700778;509528812154968;0.09;
09/06/2026;31700779;390173530755773;0.38;420
09/06/2026;31700785;425638957677491;2.75;
09/06/2026;31700786;987567013409867;0.55;393|416
09/06/2026;31700850;628023235188062;0.89;412
09/06/2026;31700883;478198724653163;0.46;393|397|416
09/06/2026;31700896;221420337039857;18.11;393|397|412|417
09/06/2026;31700898;288381192085089;0.58;250|412
09/06/2026;31700918;933075223463369;0.89;412
09/06/2026;31700942;263115846344724;0.91;393|416
09/06/2026;31700953;189370902059467;4.81;393|419
09/06/2026;31700955;488406526867966;4.12;393|416
09/06/2026;31700960;765646788888659;4.46;393|419
09/06/2026;31700973;541458315176157;0.32;412
09/06/2026;31700989;541280405529857;0.32;412
09/06/2026;31700992;744359128159370;0.58;250|412
09/06/2026;31701011;840212349815498;4.19;412
09/06/2026;31701017;390279903766814;0.14;393|417
09/06/2026;31701019;416677135755251;1.04;412
09/06/2026;31701031;553025559694406;2.05;412
09/06/2026;31701034;358563050006153;0.44;393|417
09/06/2026;31701041;211637674122058;2.02;397
09/06/2026;31701056;983626364538770;2.72;397
09/06/2026;31701057;63870546088213;6.13;397
09/06/2026;31701058;160983286744801;4.63;397
09/06/2026;31701061;246057498352282;6.29;397
09/06/2026;31701077;90681334609491;0.29;393|397|416
09/06/2026;31701107;447355494973875;0.06;412
09/06/2026;31701119;190360632255437;12.98;397|420
09/06/2026;31701120;752265517705854;5.95;393|419|420
09/06/2026;31701126;351240560505421;3.6;393|416
09/06/2026;31701130;144974483443854;31.01;397
09/06/2026;31701140;564890307957130;6.8;397
09/06/2026;31701179;451755843819193;0.84;393|419
09/06/2026;31701184;163686351718595;1.44;412
09/06/2026;31701196;681893169673004;0.41;
09/06/2026;31701209;771230686274893;0.21;393|416
09/06/2026;31701249;464307649693081;0.04;393|419
09/06/2026;31701259;833879175398589;1.24;412
09/06/2026;31701269;203098053838675;42.69;368|393|397|419
09/06/2026;31701304;224116912507539;0.18;393|416
09/06/2026;31701308;334480127120804;3.62;412
09/06/2026;31701311;533251778130628;1.28;412
09/06/2026;31701313;135506814757929;0.48;412
09/06/2026;31701317;452904780253069;0.38;412
09/06/2026;31701321;92260058292443;2.06;397
09/06/2026;31701325;816815978682012;1.98;397
09/06/2026;31701335;855687251627539;33.07;393|397|412|417
09/06/2026;31701343;501013272133248;0.29;393
09/06/2026;31701349;858689545351597;0.89;412
09/06/2026;31701442;657065701437445;0.08;397
09/06/2026;31701461;493957675870126;0.36;412
09/06/2026;31701468;708495587013009;2.18;420
09/06/2026;31701500;968022813840377;0.34;412
09/06/2026;31701505;599608407047171;4.58;420
09/06/2026;31701511;94597421767604;0.78;420
09/06/2026;31701521;702237857475992;0.13;412
09/06/2026;31701523;690166227318690;0.88;393|416
09/06/2026;31701539;75934447818051;0.41;412
09/06/2026;31701594;545675360925524;3.37;420
09/06/2026;31701602;268668180954058;19.08;393|397|412|417
09/06/2026;31701609;173969715427063;0.74;393|416
09/06/2026;31701638;241889276877724;0.29;393|419
09/06/2026;31701647;477142245417339;0.84;420
09/06/2026;31701665;17552628154151;0.58;250|412
09/06/2026;31701734;446512127370878;38.78;393|397|412|417
09/06/2026;31701735;646874696022917;1.78;393|416|421
09/06/2026;31701763;390102390170658;0.48;420
09/06/2026;31701785;530985789885787;0.32;412
09/06/2026;31701797;977594873385691;0.22;412
09/06/2026;31701806;301351405681087;1.09;393|417
09/06/2026;31701817;809006244464770;0.09;412
09/06/2026;31701821;790650600656213;0.25;393|417
09/06/2026;31701823;114553174217279;0.57;397
09/06/2026;31701837;7196680536964;0.16;393|416
09/06/2026;31701839;437034375517093;0.4;412
09/06/2026;31701880;992479943170630;0.11;397
09/06/2026;31701888;736618850205379;0.99;420
09/06/2026;31701958;151128048352205;4.74;393|419|420
09/06/2026;31701988;580086030918597;0.01;
09/06/2026;31702004;408770112766302;1.69;422
09/06/2026;31702006;495168862926746;0.29;393|416
09/06/2026;31702021;717163233378574;0.77;393|416
09/06/2026;31702057;743187847499255;2.88;412
09/06/2026;31702084;995266119629706;0.65;412
09/06/2026;31702095;925743347948370;5.63;393|397|416
09/06/2026;31702113;325880584999137;0.19;412
09/06/2026;31702131;20545187063288;0.51;397
09/06/2026;31702174;277349870090639;0.49;393|397|416
09/06/2026;31702222;473863569254468;2.84;397
09/06/2026;31702275;406450528278949;2.89;412|422
09/06/2026;31702291;760808133138852;0.48;393|419
09/06/2026;31702297;855720933626584;3.68;397|420
09/06/2026;31702299;108581414939495;0.58;397
09/06/2026;31702333;514651641889484;0.72;412
09/06/2026;31702336;374307720962679;0.88;393|397
09/06/2026;31702338;875498915261552;0.71;420
09/06/2026;31702358;405892067404484;1.6;397
09/06/2026;31702359;915878583445719;1.33;412
09/06/2026;31702369;345531741181458;0.17;393
09/06/2026;31702442;639318074617822;0.86;420
09/06/2026;31702450;759946397982659;38.4;393|397|416
09/06/2026;31702451;545165834470471;68.55;393|397
09/06/2026;31702452;618213276956133;3.07;397|420
09/06/2026;31702525;525967529667943;1.6;409|410|412
09/06/2026;31702541;747300852668301;33.29;
09/06/2026;31702563;734154229181682;0.83;412
09/06/2026;31702566;956407060795912;2.38;393|416|421
09/06/2026;31702599;858945346537742;0.35;
09/06/2026;31702656;838355633530788;1.31;393|397|416
09/06/2026;31702658;814533290568248;108.06;393|397|416
09/06/2026;31702695;563087826898139;0.05;
09/06/2026;31702703;291489340317723;4.22;393|419|420
09/06/2026;31702707;582284541542705;0.66;
09/06/2026;31702708;847518979872587;26.22;397|412
09/06/2026;31702717;453020923917135;84.24;
09/06/2026;31702757;739038728435246;7.6;397
09/06/2026;31702772;203037420144407;1.83;250|393|412|417
09/06/2026;31702798;226880850712883;7.3;412
09/06/2026;31702828;660565814776731;1.04;412
09/06/2026;31702848;738614992030981;0.69;412
09/06/2026;31702851;731960724521921;0.89;412
09/06/2026;31702854;276474400242369;61.35;393|397
09/06/2026;31702863;405665596585789;0.7;412
09/06/2026;31702864;683972555429608;0.33;412
09/06/2026;31702867;487260426521164;0.14;
09/06/2026;31702868;32997055024581;0.92;393|417
09/06/2026;31702869;597146692025505;3.06;
09/06/2026;31702882;933154411460690;0.92;393|417
09/06/2026;31702885;673970321404282;1.66;250|412
09/06/2026;31702910;859071558753268;7.69;393|416
09/06/2026;31702928;231823828229653;10.73;393|397|416|421
09/06/2026;31702984;895646826361342;40.22;393|397|419
09/06/2026;31702985;547845840104360;0.2;412
09/06/2026;31703036;11777518614405;36.44;393|397|412|417
09/06/2026;31703058;356958709350682;3.23;397
09/06/2026;31703063;882778813267935;12.78;397
09/06/2026;31703112;122937480465846;6.5;393|397|412|417
09/06/2026;31703113;403252202807834;2.02;412
09/06/2026;31703123;809269656518194;0.28;
09/06/2026;31703126;207785068353641;1.55;412
09/06/2026;31703177;13476635876912;0.08;
09/06/2026;31703198;326631299593511;0.72;412
09/06/2026;31703199;285591979833240;13.89;412
09/06/2026;31703205;912736468686711;0.29;393|416
09/06/2026;31703216;820330019199573;0.55;393|417
09/06/2026;31703284;734451261804627;3.44;412
09/06/2026;31703304;871236988987096;2.23;397
09/06/2026;31703320;978885103969222;0.49;420
09/06/2026;31703424;945891376260315;0.56;412
09/06/2026;31703428;555423966495774;4.9;393|412|417
09/06/2026;31703430;551360963828712;0.72;412
09/06/2026;31703458;922545918597876;0.48;412
09/06/2026;31703478;7409626650930;0.11;397
09/06/2026;31703479;386587522030015;34.63;268|274|393|417
09/06/2026;31703510;747509277613914;0.35;
09/06/2026;31703514;178972725968483;0.47;412
09/06/2026;31703522;632992538982516;1.53;412
09/06/2026;31703525;136692049396293;0.38;
09/06/2026;31703686;593230602715704;2.05;412
09/06/2026;31703688;163473582944190;0.14;412
09/06/2026;31703692;789824684721104;0.58;412
09/06/2026;31703693;737536739119545;11.26;412
09/06/2026;31703696;655862133862629;3.41;393|419
09/06/2026;31703699;678015250444478;2.03;412
09/06/2026;31703700;776059364997823;7.95;412
09/06/2026;31703719;776481015231550;0.19;412
09/06/2026;31703720;971507561899865;0.22;412
09/06/2026;31703724;687511334486812;4.47;393|416
09/06/2026;31703735;332267601608001;0.26;412
09/06/2026;31703748;282675324751236;1.69;420
09/06/2026;31703763;492335213038903;1.4;412
09/06/2026;31703775;759075167722816;0.35;397
09/06/2026;31703790;62303299615151;0.08;397
09/06/2026;31703804;935823380920463;1.81;397
09/06/2026;31703815;504377637493477;0.15;
09/06/2026;31703831;530070576402935;2.84;397
09/06/2026;31703842;438625885407330;90.24;393|397|416|421
09/06/2026;31703852;137973131234673;0.06;393|416
09/06/2026;31703855;396754253162904;0.08;412
09/06/2026;31703859;599349782453046;0.4;
09/06/2026;31703861;344352221348014;47.19;393|397|416
09/06/2026;31703863;744593553340824;76.76;397
09/06/2026;31703877;689873109018047;0.35;393|397|416
09/06/2026;31703913;242856274726466;0.43;412
09/06/2026;31703928;479657852722870;0.09;412
09/06/2026;31703931;533878989232281;8.53;393|412|417
09/06/2026;31703935;364512200351690;0.23;412
09/06/2026;31703937;74446639745547;0.41;
09/06/2026;31703947;955977076250414;0.11;
09/06/2026;31703954;850916461896119;0.03;393|419
09/06/2026;31703962;356820237503063;0.35;397
09/06/2026;31704014;68138198767797;0.29;393|416
09/06/2026;31704015;279310448104243;5.56;397
09/06/2026;31704026;606120145065750;1.19;397|412
09/06/2026;31704101;573400821315892;2.06;412
09/06/2026;31704102;7420299692060;0.13;412
09/06/2026;31704132;450240096473437;2.68;393|416
09/06/2026;31704209;978186465818001;1.04;412
09/06/2026;31704213;221587117089314;1.5;412
09/06/2026;31704287;488941138891639;3.68;393|420
09/06/2026;31704288;363379482843135;0.1;397
09/06/2026;31704322;639991257316805;1.07;412
09/06/2026;31704379;339243084871229;2.0;393|419
09/06/2026;31704390;959343321336663;0.21;
09/06/2026;31704415;320058844858458;28.27;393|397|417
09/06/2026;31704425;916789955239962;0.34;412
09/06/2026;31704426;602210859884629;9.01;397|421
09/06/2026;31704429;352635302780017;2.34;412
09/06/2026;31704433;199848643113197;0.23;412
09/06/2026;31704438;99643798641450;6.64;412
09/06/2026;31704474;215098499465510;0.39;393|416
09/06/2026;31704540;15456182073193;0.18;397
09/06/2026;31704545;462633072496734;13.78;393|397|416
09/06/2026;31704606;332270346987764;4.77;393|419
09/06/2026;31704617;72505185579665;2.39;393|397
09/06/2026;31704621;304354253118940;0.71;412
09/06/2026;31704622;297076083449243;0.48;412
09/06/2026;31704624;664405385792524;0.99;
09/06/2026;31704676;855918647505131;4.22;393|419|420
09/06/2026;31704690;900663304227063;0.23;420
09/06/2026;31704707;852475025095858;29.69;393|397|417
09/06/2026;31704723;661135474153085;0.07;397
09/06/2026;31704746;246581838515326;0.78;412
09/06/2026;31704750;238197065402190;3.33;393|416|421
09/06/2026;31704759;847806056974275;0.12;393|419
09/06/2026;31704768;718537935179685;2.29;393|419
09/06/2026;31704778;410963956170439;1.23;412
09/06/2026;31704779;98223635491141;0.47;
09/06/2026;31704796;229380437373583;0.23;393
09/06/2026;31704816;396555262958935;1.34;412
09/06/2026;31704820;453594546931023;0.17;412
09/06/2026;31704828;764495973111284;0.09;412
09/06/2026;31704829;762185101845903;0.63;397
09/06/2026;31704832;746654219938849;9.11;420
09/06/2026;31704841;322395972860642;43.71;393|397|419
09/06/2026;31704845;535849138781795;3.49;393|416
09/06/2026;31704846;54535761041244;0.46;393
09/06/2026;31704856;377852763099985;0.19;412
09/06/2026;31704881;568548224505022;0.02;420
09/06/2026;31704892;418655117168309;11.83;393|397|412|417|422
09/06/2026;31704906;169237404475447;0.03;397
09/06/2026;31704907;637245195329803;1.67;397
09/06/2026;31704940;206208959079506;0.19;412
09/06/2026;31704943;961923121660500;0.89;412
09/06/2026;31704945;411862922354781;0.23;397
09/06/2026;31704967;166242989306501;0.42;397
09/06/2026;31705015;909242730725173;2.24;397
09/06/2026;31705028;127717068613996;2.72;397
09/06/2026;31705029;948137834664675;75.36;393|397|416
09/06/2026;31705036;784638865306462;0.18;412
09/06/2026;31705044;981944307491829;2.54;412
09/06/2026;31705069;302258341264671;0.53;412
09/06/2026;31705100;29818259996890;0.13;412
09/06/2026;31705107;966815744696514;0.18;393|416
09/06/2026;31705113;704646403728904;0.83;393|416
09/06/2026;31705115;13016991046334;0.34;
09/06/2026;31705179;290698415311534;0.89;412
09/06/2026;31705184;337476012839023;0.09;
09/06/2026;31705201;241479640033052;0.09;
09/06/2026;31705217;101859201048729;0.5;397
09/06/2026;31705219;302781611143262;1.3;393|397|416
09/06/2026;31705223;399592196322008;0.12;412
09/06/2026;31705227;916560062842010;0.68;397
09/06/2026;31705231;165929225721161;1.4;393|416
09/06/2026;31705235;263556772587369;2.43;412
09/06/2026;31705245;192990823134402;0.17;420
09/06/2026;31705248;837073232727587;0.23;412
09/06/2026;31705286;190259837228534;1.44;393|419
09/06/2026;31705288;402544149484917;18.57;397
09/06/2026;31705295;961367900346004;0.58;397
09/06/2026;31705328;336644071030715;2.84;397
09/06/2026;31705336;947992348562773;3.23;393|416
09/06/2026;31705370;571275156698469;0.31;393|416
09/06/2026;31705371;472594602401005;1.91;412
09/06/2026;31705384;660383085232201;0.26;412
09/06/2026;31705422;739780046291335;0.39;393|416
09/06/2026;31705428;771981332334994;4.53;393|416
09/06/2026;31705437;884700591677819;0.33;412
09/06/2026;31705449;93339186987163;2.12;420
09/06/2026;31705451;455461027266756;0.85;412
09/06/2026;31705466;191938515512941;0.21;412
09/06/2026;31705494;234718472493028;0.12;397
09/06/2026;31705519;732897393179223;3.27;397|412
09/06/2026;31705520;917994286880539;0.06;412
09/06/2026;31705550;472093583413423;4.77;393|412|417
09/06/2026;31705574;153809476918219;0.61;393|416
09/06/2026;31705592;42004477552907;0.84;393|416
09/06/2026;31705617;333800488241750;1.63;393|416
09/06/2026;31705624;391236034839686;2.22;397
09/06/2026;31705642;475312334714431;25.12;393|397|419
09/06/2026;31705655;799199563868922;5.89;397
09/06/2026;31705657;552637571300734;0.13;412
09/06/2026;31705662;780958643318575;0.08;397
09/06/2026;31705679;406650340634605;1.1;412
09/06/2026;31705734;912025996835585;1.68;250|412
09/06/2026;31705737;136109771707056;1.11;393|416
09/06/2026;31705744;633486676804811;1.34;393|397|416
10/06/2026;31079421;945874239100840;55.76;393|397|416
10/06/2026;31186581;524765850422787;34.92;397
10/06/2026;31205729;699547243152745;0.52;393
10/06/2026;31252605;687527074359987;21.73;397
10/06/2026;31253380;674488866698186;1.75;397
10/06/2026;31260459;891728727808675;29.61;397
10/06/2026;31260889;349630659571318;12.97;393|397|416
10/06/2026;31279509;324514992191194;45.02;393|416
10/06/2026;31281567;635389555674668;48.3;368|393|419
10/06/2026;31290874;449671327247958;10.3;393|397|416
10/06/2026;31293332;142685495309255;1.64;393|416
10/06/2026;31305019;26638249767543;0.38;393|416
10/06/2026;31307260;1964809970477;11.65;393|397|416
10/06/2026;31312889;490380873901359;1.01;
10/06/2026;31325806;278642755557657;0.22;393|412|417
10/06/2026;31332591;39413911485859;7.68;393|397|416
10/06/2026;31345334;888461757088342;104.58;397
10/06/2026;31346956;826030931845455;126.44;397
10/06/2026;31355512;552828117220380;65.8;393|397|416
10/06/2026;31363574;56050618037092;2.58;397
10/06/2026;31364941;471234454757402;7.13;397
10/06/2026;31384525;251741254163617;21.15;397
10/06/2026;31385706;67087692573610;278.94;397
10/06/2026;31392308;793490740368177;86.59;397
10/06/2026;31393467;223706897840190;64.23;393|397
10/06/2026;31394811;648563782567113;57.51;397
10/06/2026;31396152;229226463594295;0.38;393
10/06/2026;31396743;901137848995751;0.33;397
10/06/2026;31397842;814431107620890;12.55;397
10/06/2026;31401188;122047134896026;0.38;393
10/06/2026;31402707;202858609760849;0.46;393
10/06/2026;31403944;553465554341411;0.16;397
10/06/2026;31409132;213029952513277;11.33;393|397|416
10/06/2026;31409137;116893307471853;1.58;397
10/06/2026;31409551;124114991729763;6.12;397
10/06/2026;31410406;670645454016362;0.9;397
10/06/2026;31413592;488750867796294;6.95;397
10/06/2026;31415620;888317193562036;0.03;
10/06/2026;31416537;90033007432528;0.2;
10/06/2026;31417292;169029854869910;23.06;393|397|416
10/06/2026;31418553;636054306324688;6.5;397
10/06/2026;31420079;27108725689167;28.22;393|397|416
10/06/2026;31420481;636119284754333;11.03;393|397|416
10/06/2026;31420566;72516168191814;4.4;397
10/06/2026;31420707;403723307486659;16.89;393|397|416
10/06/2026;31420792;759831262650819;1.57;393|416
10/06/2026;31420868;473618828975877;2.51;397
10/06/2026;31420975;489806875771652;57.0;393|397
10/06/2026;31422582;160097582625773;0.39;
10/06/2026;31423090;49523102968078;27.73;397
10/06/2026;31424920;159200555649846;0.49;393|416
10/06/2026;31425001;361039215592201;33.34;397
10/06/2026;31425146;494728712479835;46.51;393|397
10/06/2026;31425719;375744819981842;11.11;397
10/06/2026;31425853;891011159636099;54.03;393|397
10/06/2026;31425907;124357246503596;54.54;393|397
10/06/2026;31426055;980837700476525;10.51;397
10/06/2026;31426930;387067483906409;5.98;397
10/06/2026;31427708;39136299277285;32.32;393|397|416
10/06/2026;31428014;744088994965922;9.72;397
10/06/2026;31436262;586249585044964;66.64;397
10/06/2026;31437071;75405595579866;0.94;393|416
10/06/2026;31437465;921829923011507;0.43;393
10/06/2026;31438695;414526650803543;10.54;397
10/06/2026;31438747;64594637356305;0.46;397
10/06/2026;31438975;66574941862652;2.93;397
10/06/2026;31439423;621326312689555;8.15;393|416
10/06/2026;31440228;667450385092918;24.2;393|416
10/06/2026;31440457;114188971278159;55.96;393|397
10/06/2026;31440599;650648890088731;1.13;393|416
10/06/2026;31443232;115576313865956;65.8;393|397|416
10/06/2026;31443760;664269181367176;5.1;397
10/06/2026;31446712;632359594337144;18.51;397
10/06/2026;31446768;877294410506071;0.33;397
10/06/2026;31447787;276789334535088;27.3;393
10/06/2026;31448737;396444724605262;5.29;397
10/06/2026;31449037;158117948353992;1.42;393|416
10/06/2026;31449746;569123188032332;2.03;397
10/06/2026;31450048;128851541844029;10.77;397
10/06/2026;31451029;790372806757355;4.43;397
10/06/2026;31452632;350918814163580;0.34;397
10/06/2026;31453165;582658542778886;1.03;397
10/06/2026;31454927;566826517525466;48.9;393|397|416
10/06/2026;31454989;290650548541890;0.28;397
10/06/2026;31455006;341930383759226;3.62;393|416
10/06/2026;31455480;280776888915527;11.59;
10/06/2026;31456081;812755696032008;1.74;393|416
10/06/2026;31457840;433019424690358;10.31;397
10/06/2026;31457951;791467259942123;3.06;397
10/06/2026;31457975;660409448548906;28.33;393|397|416
10/06/2026;31458166;421900628697965;8.0;397
10/06/2026;31458519;5524711160523;92.22;397
10/06/2026;31458557;329341043230463;44.27;
10/06/2026;31459226;258002837557017;45.69;393|397
10/06/2026;31459581;145186675669467;20.46;393|397|416
10/06/2026;31459666;638286425129718;4.54;397
10/06/2026;31459762;200872962481588;6.08;393|397|416
10/06/2026;31462874;208917791786971;107.99;393|397|416
10/06/2026;31463111;985769371307867;0.87;397
10/06/2026;31464220;829375464825760;0.09;393
10/06/2026;31464687;678778252119397;95.78;397
10/06/2026;31464762;308411584729637;4.55;397
10/06/2026;31465443;237114803106205;21.62;397
10/06/2026;31465602;365283622614734;5.89;
10/06/2026;31466236;940565891377732;16.92;397
10/06/2026;31466753;938740976288497;35.58;397
10/06/2026;31466808;647784527619503;3.03;393|416
10/06/2026;31467250;48099070584880;147.22;393|397
10/06/2026;31467873;238008164806042;51.01;397
10/06/2026;31469122;152219995194641;60.4;393|397|416
10/06/2026;31469394;706840775768129;8.26;393|416
10/06/2026;31469639;488028272780692;0.39;
10/06/2026;31471704;893800024290478;0.31;393|416
10/06/2026;31472216;699397431852882;65.8;393|397|416
10/06/2026;31472458;736420589664622;53.19;393
10/06/2026;31472555;53492365723895;4.67;397
10/06/2026;31472654;651276506970199;4.34;397
10/06/2026;31473272;624893740944242;11.07;397
10/06/2026;31473384;187528848783277;6.28;421
10/06/2026;31473599;113481633646450;1.19;397
10/06/2026;31474033;808608131951182;77.92;393|397|416|421
10/06/2026;31475195;370611764909011;3.18;393|419
10/06/2026;31475338;365178681888091;51.88;393|397
10/06/2026;31475780;830515386646313;47.44;397
10/06/2026;31475942;384597127643586;19.43;393|416
10/06/2026;31476496;912516706080939;6.55;397
10/06/2026;31476742;114656071129664;10.67;397
10/06/2026;31476842;554307523451566;53.91;393|397
10/06/2026;31477272;288682836822153;36.25;397
10/06/2026;31480141;639128949703048;98.48;393|397|416
10/06/2026;31480176;980548238497712;8.33;393|416
10/06/2026;31480379;775599683930699;0.51;
10/06/2026;31480674;104986890420278;0.18;397
10/06/2026;31482228;333689243028039;0.08;393|416
10/06/2026;31483287;311995908998310;12.0;397
10/06/2026;31487021;119061836261781;31.87;393
10/06/2026;31488509;609387899934704;5.61;393|397|416
10/06/2026;31488914;850516613341784;215.45;393|397
10/06/2026;31490389;274924405341405;1.91;397
10/06/2026;31490479;685099604342238;44.29;393|397
10/06/2026;31491988;846422506176252;7.33;421
10/06/2026;31492234;637288572536128;12.86;397
10/06/2026;31492915;75938647471525;0.67;
10/06/2026;31494253;839800806970132;23.7;397
10/06/2026;31495304;575324018995050;29.67;393|397|416
10/06/2026;31495358;396335939193363;26.91;393|397|416
10/06/2026;31495946;384676574269999;13.98;393|397|416
10/06/2026;31496057;37538909623029;61.83;393|397|416
10/06/2026;31496263;562656163026490;3.3;397
10/06/2026;31496307;603673366867483;36.89;393|397|416
10/06/2026;31496442;275282083432319;20.7;393
10/06/2026;31497382;492184640526987;11.11;397
10/06/2026;31497419;16982703159928;8.69;397
10/06/2026;31497849;328802841989594;13.67;
10/06/2026;31498091;483761419298970;2.51;397
10/06/2026;31500059;895832023113330;60.05;393|397|416
10/06/2026;31500336;84847465228205;0.29;397
10/06/2026;31501640;718919112022379;3.3;393|416
10/06/2026;31501801;645361288347810;5.24;
10/06/2026;31502895;165483966035328;52.72;393|397
10/06/2026;31503085;66868925227065;0.56;421
10/06/2026;31503935;678801748089004;3.36;393|397|420
10/06/2026;31504003;793611181796861;29.99;393|397|416
10/06/2026;31504010;681614680671442;17.47;397
10/06/2026;31504012;445021756771329;2.06;393|416
10/06/2026;31504216;238802696136623;0.2;412
10/06/2026;31504779;522382703244784;18.98;397
10/06/2026;31505028;982554633182089;6.67;397
10/06/2026;31506462;865068851220577;0.39;420
10/06/2026;31508435;694598514565931;0.38;
10/06/2026;31509472;683722510851996;7.15;412
10/06/2026;31509476;682744294228050;0.28;393
10/06/2026;31510279;351458993829055;3.85;393|397|420
10/06/2026;31510718;618008067545757;0.79;393|416
10/06/2026;31510764;855542392274137;0.9;397
10/06/2026;31510894;436984920413503;43.96;393|397|419|420
10/06/2026;31511896;380875167281176;0.59;393|416
10/06/2026;31514973;390368087024509;51.24;393|397|416
10/06/2026;31515988;398724355074681;10.79;393|416
10/06/2026;31516028;882724825124705;0.97;393|416
10/06/2026;31516130;262544034664315;0.1;393|416
10/06/2026;31516253;662287346401973;1.02;393|416
10/06/2026;31516280;886587470569406;22.65;393|397|416
10/06/2026;31516320;162661519120233;0.52;420
10/06/2026;31517271;539502159136896;11.97;397
10/06/2026;31517292;667370353632736;0.22;397
10/06/2026;31517301;56396597151425;34.1;393|397|416
10/06/2026;31517308;835884836398674;3.67;393|420
10/06/2026;31518400;834930888358699;0.2;
10/06/2026;31520953;137274482123151;0.43;393
10/06/2026;31523416;606605042289694;8.57;397
10/06/2026;31524647;34051599646991;5.77;397
10/06/2026;31526145;278902541987332;0.39;420
10/06/2026;31527477;57392189297549;4.79;397
10/06/2026;31530273;887504405631890;4.51;
10/06/2026;31538201;35044895902193;2.03;
10/06/2026;31542647;923901304608549;55.91;393|397
10/06/2026;31545230;494310113139211;24.54;397
10/06/2026;31592520;320984495609142;0.28;393
10/06/2026;31595701;124231539098630;5.14;397
10/06/2026;31595712;780583591054133;22.76;393
10/06/2026;31595851;975344426008342;1.82;393|416
10/06/2026;31595979;435563964842572;55.96;393|397
10/06/2026;31596287;17682053276695;6.72;397
10/06/2026;31597317;256892882825688;5.75;397
10/06/2026;31597663;648680293631223;0.13;
10/06/2026;31598343;72390806778303;10.6;393|397|416
10/06/2026;31598452;402360747956127;78.54;393|397
10/06/2026;31598469;945504730437686;0.33;397
10/06/2026;31598576;764887234583522;7.99;397
10/06/2026;31599015;64515452241506;2.75;393|416
10/06/2026;31599323;897416256300575;40.32;397
10/06/2026;31599374;857015978427264;0.84;420
10/06/2026;31599756;781862976298121;2.91;420
10/06/2026;31599853;515368666408981;20.69;397
10/06/2026;31600120;553021229267169;1.08;397
10/06/2026;31600527;192460147881683;0.94;393|416
10/06/2026;31602678;42419957197027;3.02;393|416
10/06/2026;31602840;195132832253233;3.39;
10/06/2026;31603199;863794130255506;1.68;397
10/06/2026;31603289;500474329415451;24.3;393|397|416
10/06/2026;31603466;290555970604448;65.8;393|397|416
10/06/2026;31603467;981739736338898;22.98;393|397|416
10/06/2026;31603476;475435034371498;0.59;
10/06/2026;31603486;978976527010625;10.84;393|397
10/06/2026;31603795;604396802527971;2.25;397
10/06/2026;31604275;584100413427095;2.54;397
10/06/2026;31604461;514822554343610;0.5;393|416
10/06/2026;31604964;739989267831121;0.01;397
10/06/2026;31606071;781430131475165;0.89;420
10/06/2026;31606387;221225466813061;2.0;397
10/06/2026;31606431;220779582614393;18.29;393|397|416
10/06/2026;31606441;927191785872902;12.89;393|397|416
10/06/2026;31606454;543727517512211;55.77;393|397|416
10/06/2026;31606460;525872557159405;3.87;396|397
10/06/2026;31606770;15246435533867;84.95;393|397
10/06/2026;31606853;395630462976761;6.25;393|416
10/06/2026;31608097;86112263155616;3.76;420
10/06/2026;31608115;885233853712721;3.72;393|397|420
10/06/2026;31608276;552709565106525;11.61;397
10/06/2026;31610872;109667371401086;64.94;393|397
10/06/2026;31611131;981530939387770;0.21;420
10/06/2026;31611491;636473397873415;0.49;420
10/06/2026;31612963;240258810083892;4.11;397
10/06/2026;31613102;972186885254658;52.02;393|397
10/06/2026;31613149;29090456567444;0.93;397
10/06/2026;31614728;975902454070527;0.52;420
10/06/2026;31614741;775421573452512;0.99;420
10/06/2026;31615724;755264037596641;10.6;420
10/06/2026;31616600;355997287580576;0.09;393|419
10/06/2026;31616694;551593795624825;3.83;393|419|420
10/06/2026;31616695;221107120040828;1.0;420
10/06/2026;31616755;190097987210174;0.99;420
10/06/2026;31616764;852165702290998;1.73;420
10/06/2026;31616801;387865752049945;0.21;420
10/06/2026;31616802;730010907796230;44.17;393|397|419|420
10/06/2026;31619665;8582895038495;0.12;393|419
10/06/2026;31620415;885393557562654;3.59;393|420
10/06/2026;31620416;756727836585583;0.09;393|419
10/06/2026;31620549;406110924217558;8.1;
10/06/2026;31621110;313781609380659;0.72;420
10/06/2026;31621340;617893621335875;8.38;397
10/06/2026;31621479;974882920123520;10.6;420
10/06/2026;31621528;476188767418266;0.48;393|416
10/06/2026;31621760;531597969189714;0.09;393|416
10/06/2026;31622929;377718801390775;0.82;420
10/06/2026;31623554;79551019120765;64.94;393|397
10/06/2026;31623591;495343805340781;0.39;420
10/06/2026;31623700;889881012174564;7.82;393|416
10/06/2026;31623703;362140727172432;67.55;396|397
10/06/2026;31623709;557802636009453;105.08;393|397|416
10/06/2026;31623713;883521404067429;2.05;393|416
10/06/2026;31624047;157688718161739;0.68;420
10/06/2026;31624103;650367946163991;11.73;397
10/06/2026;31624288;711519779494764;0.46;393
10/06/2026;31624879;436247336809466;0.45;393
10/06/2026;31624893;391872077654971;19.45;393|397|416
10/06/2026;31624985;197830674262983;0.53;393|416
10/06/2026;31625195;68368810169961;0.39;420
10/06/2026;31625222;719792963257798;0.95;420
10/06/2026;31625231;353553363728880;44.17;393|397|419
10/06/2026;31625234;736543039224090;4.74;393|419
10/06/2026;31625693;26966363137720;3.22;420
10/06/2026;31625714;567932321865949;7.62;393|397|416
10/06/2026;31626207;268403600927865;0.03;
10/06/2026;31626284;569499541011265;7.96;393|397|416
10/06/2026;31626342;266651119553362;28.14;397
10/06/2026;31626381;22777277185670;59.53;393|397
10/06/2026;31626447;938774543070017;4.74;393|419
10/06/2026;31626542;209189722973162;0.89;393|416
10/06/2026;31627276;906674883319467;0.4;
10/06/2026;31627278;558348672025395;1.43;
10/06/2026;31627446;741087747319725;2.22;
10/06/2026;31627817;767560435097537;0.99;
10/06/2026;31630174;773468089063161;0.4;
10/06/2026;31630517;836052117016163;0.82;
10/06/2026;31631387;931598842238262;0.9;397
10/06/2026;31631400;146151463198278;0.24;
10/06/2026;31632312;891823037900438;0.72;420
10/06/2026;31632742;143181457114594;0.52;420
10/06/2026;31632898;425747786169458;0.02;393|416
10/06/2026;31635831;400162021928731;10.75;393|416
10/06/2026;31635839;942918813023546;27.11;397
10/06/2026;31635894;732037987501064;136.11;397
10/06/2026;31641490;629110591634528;0.13;393
10/06/2026;31649910;159648287118491;10.31;397
10/06/2026;31650708;250665101004134;21.08;397
10/06/2026;31650787;428438889186156;57.58;393|397|419
10/06/2026;31650789;570042093828304;2.34;
10/06/2026;31651431;291755259373069;0.56;
10/06/2026;31651542;674922589265131;3.21;
10/06/2026;31651657;460777468982584;0.22;393|419
10/06/2026;31652072;660412060096272;0.56;
10/06/2026;31652404;12079495656281;0.45;393|397
10/06/2026;31652544;467824430686420;3.76;420
10/06/2026;31652747;301281215519560;43.96;393|397|419|420
10/06/2026;31653326;96719487498783;0.08;
10/06/2026;31653771;797355156463643;0.62;
10/06/2026;31654278;691527032217036;56.17;393|397
10/06/2026;31654458;42919505686255;0.7;412
10/06/2026;31654574;651670544728381;0.51;
10/06/2026;31654603;276888304701851;8.01;181|393
10/06/2026;31655349;540378432779923;3.2;420
10/06/2026;31656163;916138774829;69.82;397
10/06/2026;31656194;865176666659906;0.49;420
10/06/2026;31656281;594050720843564;3.86;397
10/06/2026;31656999;839440589911039;4.34;397
10/06/2026;31657479;933409204275878;0.39;420
10/06/2026;31657818;721650159230696;4.77;202|213|409|410|412|424
10/06/2026;31657942;741231329384585;4.28;202|213|250|409|410|412|424
10/06/2026;31657943;420757746755313;89.7;202|213|269|393|397|409|410|417|424
10/06/2026;31657999;113058034937857;3.52;202|213|409|410|412|424
10/06/2026;31658045;134963457397862;53.67;202|213|393|397|409|410|412|417|424
10/06/2026;31658146;468023230737522;0.7;202|213|409|410|412|424
10/06/2026;31658191;415479787792141;0.39;
10/06/2026;31658410;265819934667841;43.75;393|397|419
10/06/2026;31658723;672246989945672;0.98;420
10/06/2026;31658997;674504829951151;1.31;397
10/06/2026;31659055;627936813086980;76.52;202|213|269|393|397|409|410|417|424
10/06/2026;31659057;288971552851314;0.7;202|213|409|410|412|424
10/06/2026;31659062;131482597475481;0.97;202|213|409|410|412|424
10/06/2026;31659393;778757517831015;0.65;393|416
10/06/2026;31659650;637991979330814;1.01;202|213|409|410|412|424
10/06/2026;31659898;502251971751017;20.03;393
10/06/2026;31660041;884339022067660;0.48;202|213|409|410|424
10/06/2026;31660718;603956324239558;47.79;397
10/06/2026;31661206;147620725849404;11.31;
10/06/2026;31661294;326166259105693;17.92;397
10/06/2026;31661464;569316891647231;0.99;420
10/06/2026;31662912;86378117226206;2.44;202|213|409|410|424
10/06/2026;31663604;528587467217463;0.69;420
10/06/2026;31663700;758661552548269;0.97;202|213|409|410|412|424
10/06/2026;31663728;86684990262320;0.7;202|213|409|410|424
10/06/2026;31664331;941348596240561;5.0;202|213|409|410|412|424
10/06/2026;31664576;285434299768187;39.33;397
10/06/2026;31664654;221818988320092;19.05;
10/06/2026;31664768;242465559290152;13.27;397
10/06/2026;31665061;502414982577860;5.47;202|213|409|410|424
10/06/2026;31665346;928157881123261;3.1;393|416
10/06/2026;31665392;211868439438537;43.22;397
10/06/2026;31665908;993213487378213;1.12;420
10/06/2026;31666704;78269390759627;4.77;202|213|409|410|412|424
10/06/2026;31666848;349224661723215;2.89;397
10/06/2026;31666956;273287370250042;1.01;202|213|409|410|412|424
10/06/2026;31667114;705373183163010;31.27;397|422
10/06/2026;31667344;153632770712682;0.51;202|213|409|410|412|424
10/06/2026;31667449;360827922998086;4.43;393|412|417
10/06/2026;31667729;232248593756592;0.94;202|213|409|410|412|424
10/06/2026;31667755;82125773041212;13.0;202|269|393|409|410|412|417|424
10/06/2026;31667867;334613842867804;0.89;412
10/06/2026;31667878;314199220700189;4.76;393|397|416
10/06/2026;31667980;963820490518649;0.41;
10/06/2026;31668278;162891512341567;3.74;202|213|409|410|424
10/06/2026;31668469;190653645714649;0.7;202|213|409|410|412|424
10/06/2026;31668564;531707749052070;0.97;202|213|409|410|412|424
10/06/2026;31668709;811217341542746;3.5;397
10/06/2026;31668726;230419614154203;1.13;412
10/06/2026;31668739;508936151593571;3.26;397
10/06/2026;31668750;767912821583448;0.51;202|213|409|410|412|424
10/06/2026;31668898;287989195625227;4.81;393|397|416
10/06/2026;31669045;987362956146248;1.67;202|213|409|410|412|424
10/06/2026;31669272;256308844630091;4.28;202|213|250|409|410|412|424
10/06/2026;31669298;755843914660336;4.43;202|213|409|410|424
10/06/2026;31669411;869988591164023;5.74;202|213|409|410|424
10/06/2026;31669628;405792607651986;5.14;393|416
10/06/2026;31670670;8749344005900;36.41;202|213|269|371|372|393|397|409|410|412|417|424
10/06/2026;31670678;213917050736310;62.75;202|269|393|397|409|410|417|424
10/06/2026;31670774;70663613656634;0.48;202|213|409|410|424
10/06/2026;31670960;786758516127132;8.9;412|422
10/06/2026;31671026;13826371775717;0.32;
10/06/2026;31671206;932513285918241;1.59;412
10/06/2026;31671343;322402168178906;50.0;202|213|393|397|409|410|412|417|424
10/06/2026;31671348;983927945397616;4.22;202|213|409|410|424
10/06/2026;31671429;992639728795368;0.94;202|213|409|410|412|424
10/06/2026;31671437;649228415507762;3.73;397
10/06/2026;31671642;110063349662377;4.13;202|213|409|410|412|424
10/06/2026;31671683;248700870636326;50.06;202|213|393|397|409|410|417|424
10/06/2026;31671721;309355485187123;0.39;420
10/06/2026;31671830;773797927568821;0.94;202|213|409|410|412|424
10/06/2026;31671867;950353219898314;0.2;397
10/06/2026;31672116;179739292761218;3.46;202|213|409|410|412|424
10/06/2026;31672368;496285146066299;12.4;397
10/06/2026;31672442;379864673385235;3.17;202|213|269|393|409|410|412|417|424
10/06/2026;31672443;771511618091482;1.67;202|213|409|410|412|424
10/06/2026;31672550;184174887126465;0.05;393|416
10/06/2026;31672868;594573794209623;4.77;202|213|409|410|412|424
10/06/2026;31672958;707245093319853;2.27;397
10/06/2026;31673018;695283930060034;36.41;202|213|269|371|372|393|397|409|410|412|417|424
10/06/2026;31673112;331458123171532;5.85;202|213|269|393|409|410|412|417|424
10/06/2026;31673124;321802128400874;1.98;397
10/06/2026;31673319;491211244668852;1.13;202|213|409|410|412|424
10/06/2026;31673696;76737305183354;0.51;202|213|409|410|412|424
10/06/2026;31674529;191471682121265;0.05;412
10/06/2026;31674772;862928810546322;2.72;397
10/06/2026;31674776;40091167569465;0.67;393|397|416
10/06/2026;31674915;369184391815333;0.99;393|416
10/06/2026;31675257;158949267504142;0.78;202|213|409|410|412|424
10/06/2026;31675387;807826073022622;2.9;420
10/06/2026;31675453;438815797254087;2.32;397
10/06/2026;31675587;472747082257099;2.27;412|422
10/06/2026;31675615;14270380939969;3.85;397
10/06/2026;31675616;652878954134033;1.61;202|213|409|410|424
10/06/2026;31675617;889565254252872;1.59;397
10/06/2026;31675667;664690777260128;0.94;202|213|409|410|412|424
10/06/2026;31675688;47421621543090;11.29;393|412|417
10/06/2026;31675699;188585856939275;0.41;
10/06/2026;31675799;496066557720882;1.32;202|213|409|410|412|424
10/06/2026;31676444;809975105281137;2.27;397
10/06/2026;31676478;765772365369600;1.69;420
10/06/2026;31676483;251370136193621;0.52;420
10/06/2026;31676586;615662088654458;0.9;393|397|416
10/06/2026;31676672;796482547146457;3.2;420
10/06/2026;31676766;332202938908110;0.41;
10/06/2026;31676982;20113110333385;2.27;397
10/06/2026;31677056;756789875370484;3.72;393|397|420
10/06/2026;31677434;945452430125792;4.77;202|213|409|410|412|424
10/06/2026;31677602;284536274458441;0.55;397
10/06/2026;31677725;880343739508124;1.98;412
10/06/2026;31677955;365154078282472;0.38;
10/06/2026;31678031;132762134959521;4.74;393|419|420
10/06/2026;31678095;999797280116534;2.27;397
10/06/2026;31678735;570062821140827;3.1;393|397|416
10/06/2026;31679064;277180505917084;12.6;397
10/06/2026;31679349;651501360778556;1.59;397
10/06/2026;31679417;290240095832621;0.41;
10/06/2026;31679423;445546429813716;5.36;393|412|417
10/06/2026;31679535;660797979223837;0.89;420
10/06/2026;31679616;52080057544378;3.2;420
10/06/2026;31679647;827774173636802;1.1;393|416
10/06/2026;31679725;149150239969670;3.4;397
10/06/2026;31679810;499911900064442;0.41;
10/06/2026;31679827;827694805235640;1.98;397
10/06/2026;31680060;801349691314336;0.39;420
10/06/2026;31680107;301885309006235;2.27;397
10/06/2026;31680158;923222486820134;3.2;420
10/06/2026;31680196;803058611274366;0.39;420
10/06/2026;31680422;827911988515840;0.21;420
10/06/2026;31680527;462220263800383;1.98;397
10/06/2026;31680580;452034355677237;0.42;
10/06/2026;31680868;268189990055516;0.72;420
10/06/2026;31680879;134294213237906;7.0;393|419|420
10/06/2026;31680890;213776866076702;2.01;393|419|420
10/06/2026;31681457;210872404638732;9.29;393|397|416
10/06/2026;31681555;66748400203600;11.84;393|416
10/06/2026;31681820;842806364045162;0.41;
10/06/2026;31681906;686518716498912;0.2;397
10/06/2026;31682175;73966340479940;3.87;393|416
10/06/2026;31682211;237550659691019;0.3;393|416
10/06/2026;31682240;264434163478545;2.64;397
10/06/2026;31682338;825670905670373;0.25;397
10/06/2026;31682530;995906039617153;0.52;420
10/06/2026;31682696;224445733937463;51.15;397
10/06/2026;31682762;92208049486481;0.72;420
10/06/2026;31682827;100620884278487;3.27;393|397|420
10/06/2026;31682877;896765494544888;2.66;397
10/06/2026;31682881;175131313791300;2.13;397
10/06/2026;31683290;76742897061486;0.32;393|419
10/06/2026;31683679;520879874485658;0.2;420
10/06/2026;31683685;552113827790668;10.6;420
10/06/2026;31683930;447034141464035;0.51;202|213|409|410|412|424
10/06/2026;31683993;318031464105602;22.74;397
10/06/2026;31684369;139418843309882;1.59;397
10/06/2026;31684703;213440367295622;0.95;420
10/06/2026;31684806;928870038338981;11.6;422
10/06/2026;31685029;269850993621086;0.1;420
10/06/2026;31685267;917842987146256;0.82;420
10/06/2026;31685613;781270885044135;1.51;393|416
10/06/2026;31685626;490320349743263;4.23;397
10/06/2026;31685887;973388080956577;0.99;420
10/06/2026;31686197;724171969393360;0.97;202|213|409|410|412|424
10/06/2026;31686221;141763594820354;2.44;202|213|409|410|424
10/06/2026;31686340;393608606480666;1.32;393|416
10/06/2026;31686366;547992034843772;0.78;202|213|409|410|424
10/06/2026;31686496;355590104108070;23.77;397
10/06/2026;31686527;487650039197340;4.28;202|213|250|409|410|412|424
10/06/2026;31686590;954026076542892;5.85;202|213|269|355|393|409|410|412|417|424
10/06/2026;31686677;264082969345337;0.94;202|213|409|410|412|424
10/06/2026;31686908;189219548364863;1.59;397
10/06/2026;31687038;445436604952943;36.41;202|213|269|371|372|393|397|409|410|412|417|424
10/06/2026;31687182;999373961249438;3.11;397
10/06/2026;31687317;738608477919979;0.61;420
10/06/2026;31687379;8207901411182;1.01;202|213|409|410|424
10/06/2026;31687616;577697383125435;0.39;420
10/06/2026;31687749;403189447742123;1.32;202|213|409|410|424
10/06/2026;31687774;554497717050620;0.15;393|416
10/06/2026;31687792;654034622639844;0.96;393|416
10/06/2026;31687833;941326064019779;0.19;397
10/06/2026;31687903;446990356665400;1.04;393|416
10/06/2026;31687947;792638830300015;0.97;202|213|409|410|424
10/06/2026;31688026;357569871142684;2.89;
10/06/2026;31688097;987298479761627;1.32;202|213|409|410|412|424
10/06/2026;31688163;372219384540950;0.16;420
10/06/2026;31688240;978623067096552;1.32;202|213|409|410|412|424
10/06/2026;31688826;373189476856600;1.32;202|213|409|410|412|424
10/06/2026;31688903;863488576529574;1.13;202|213|409|410|412|424
10/06/2026;31688945;53603508604937;0.75;397
10/06/2026;31689284;627322114315978;1.48;202|213|409|410|412|424
10/06/2026;31689449;600910977594393;0.94;202|213|409|410|412|424
10/06/2026;31689502;318194463897376;8.99;202|213|371|372|397|409|410|412|424
10/06/2026;31689667;405600561386929;3.73;393|416
10/06/2026;31689766;571457932885763;0.99;420
10/06/2026;31689788;297974710853965;7.18;202|213|269|355|371|372|393|397|409|410|417|424
10/06/2026;31689973;477927917587607;0.24;412
10/06/2026;31689987;106617554453092;2.05;412
10/06/2026;31690162;424322227722618;1.59;397
10/06/2026;31691281;287765499805711;5.01;412|422
10/06/2026;31691284;803291962053688;2.23;250|412|422
10/06/2026;31692562;872418165599841;2.06;202|269|355|393|409|410|412|417|424
10/06/2026;31692846;162887687380019;0.41;
10/06/2026;31692947;589599135037709;7.18;202|213|371|372|397|409|410|412|424
10/06/2026;31693013;633677859414413;4.23;397
10/06/2026;31693029;836152411163466;2.27;397
10/06/2026;31693125;17007464433884;2.66;397
10/06/2026;31693228;901563393024072;12.61;202|213|269|355|393|409|410|412|417|424
10/06/2026;31693236;382051238069542;1.18;397
10/06/2026;31693388;615960775472890;50.0;202|213|355|393|397|409|410|412|417|424
10/06/2026;31693413;697703592538116;14.72;422
10/06/2026;31693620;764600630227292;21.39;397|420
10/06/2026;31693704;46031240374033;4.13;202|213|269|355|393|409|410|412|417|424
10/06/2026;31693742;62490012384289;1.13;202|213|409|410|412|424
10/06/2026;31693776;440258435166350;0.89;420
10/06/2026;31694026;686528808267008;4.77;202|213|409|410|412|424
10/06/2026;31694093;450623485783848;151.02;
10/06/2026;31694159;185179435469179;10.03;393|397|416
10/06/2026;31694221;524330912211865;30.08;397
10/06/2026;31694274;1837416571946;59.01;393|397|416
10/06/2026;31694516;490897831952090;7.18;202|213|269|355|371|372|393|397|409|410|412|417|424
10/06/2026;31694539;973265780879274;7.82;397
10/06/2026;31694598;655431489706120;0.89;420
10/06/2026;31695024;304757992735799;2.27;397
10/06/2026;31695028;461126834350476;3.49;397
10/06/2026;31695034;623066899965197;36.41;202|213|269|371|372|393|397|409|410|412|417|424
10/06/2026;31695450;713836557282257;51.4;393|397|416
10/06/2026;31695502;976957199400227;0.04;420
10/06/2026;31695579;383381080394441;8.99;202|213|269|355|371|372|393|397|409|410|412|417|424
10/06/2026;31695615;934150673137079;0.51;202|213|409|410|412|424
10/06/2026;31696315;469488580921596;7.69;202|213|269|355|371|372|393|397|409|410|417|424
10/06/2026;31696680;961330730438940;25.41;
10/06/2026;31696819;538733698963653;3.22;420
10/06/2026;31696895;602708866638334;1.7;422
10/06/2026;31697088;331014819014150;9.13;202|213|269|355|371|372|393|397|409|410|412|417|424
10/06/2026;31697138;936020120852730;9.13;202|213|269|355|371|372|393|397|409|410|412|417|424
10/06/2026;31697353;479929817811290;0.51;202|213|409|410|412|424
10/06/2026;31697496;638185757786250;1.32;202|213|409|410|412|424
10/06/2026;31697764;714922400443240;1.55;393|416
10/06/2026;31697968;625931686643489;2.48;412|422
10/06/2026;31698313;761610845178086;0.49;393|416
10/06/2026;31698338;270013518382580;3.33;393|416
10/06/2026;31698586;1955113156306;4.16;393|397|416
10/06/2026;31698768;575198082471351;1.39;393|416
10/06/2026;31698795;202468242327292;772.88;393|419
10/06/2026;31698862;721114499386170;25.33;202|213|269|355|393|409|410|412|417|424
10/06/2026;31698909;420707090586254;36.64;393|397|416
10/06/2026;31698910;599415880480751;1.67;202|213|409|410|412|424
10/06/2026;31699149;292046882563171;0.19;397
10/06/2026;31699355;925769055297299;0.97;397
10/06/2026;31699457;232796051716979;3.55;397
10/06/2026;31699593;208529471680742;0.94;202|213|409|410|412|424
10/06/2026;31699629;458929493389248;1.39;420
10/06/2026;31699701;450537253663479;0.41;
10/06/2026;31699752;880522368288462;0.5;393|416
10/06/2026;31699861;798068745114342;0.97;202|213|409|410|412|424
10/06/2026;31699864;48930419101146;1.32;202|213|409|410|412|424
10/06/2026;31699865;194510096266747;36.41;202|213|269|371|372|393|397|409|410|412|417|424
10/06/2026;31699866;523193399238429;4.28;202|213|250|409|410|412|424
10/06/2026;31699867;978040158028779;0.7;202|213|409|410|412|424
10/06/2026;31699868;37464922527689;13.0;202|269|355|393|409|410|412|417|424
10/06/2026;31699874;727786230301285;0.94;202|213|409|410|412|424
10/06/2026;31699879;506615831464815;0.7;202|213|409|410|412|424
10/06/2026;31699882;16008735505090;0.94;202|213|409|410|412|424
10/06/2026;31699883;919804517912120;0.94;202|213|409|410|412|424
10/06/2026;31699886;827183461696349;2.28;202|213|409|410|412|424
10/06/2026;31699888;626754522846601;4.28;202|213|250|409|410|412|424
10/06/2026;31699889;465551175764543;0.7;202|213|409|410|412|424
10/06/2026;31699890;851414134138688;0.94;202|213|409|410|412|424
10/06/2026;31699898;440711741041901;0.94;202|213|409|410|412|424
10/06/2026;31699901;646312567522532;0.94;202|213|409|410|412|424
10/06/2026;31699902;949553232046769;1.32;202|213|409|410|412|424
10/06/2026;31699903;437064995958224;0.07;202|213|409|410|424
10/06/2026;31699905;79773284991030;2.06;202|269|355|393|409|410|412|417|424
10/06/2026;31699907;859530176342431;1.25;202|213|409|410|424
10/06/2026;31699910;116863328110739;36.41;202|213|269|371|372|393|397|409|410|412|417|424
10/06/2026;31699911;222342560874151;0.95;202|213|409|410|424
10/06/2026;31699913;830138813103883;0.48;202|213|409|410|424
10/06/2026;31699914;41243173005623;49.33;396|397
10/06/2026;31699966;432342116878461;32.16;202|213|269|355|393|397|409|410|412|417|424
10/06/2026;31699967;566503579067660;6.74;202|213|269|355|393|397|409|410|412|417|424
10/06/2026;31699968;625357246152288;6.74;202|213|269|355|393|397|409|410|412|417|424
10/06/2026;31699969;761527292913029;9.99;202|213|269|355|393|409|410|412|417|424
10/06/2026;31699970;810793671679557;11.68;202|213|269|355|393|409|410|412|417|424
10/06/2026;31700003;285212056734094;3.42;422
10/06/2026;31700080;29394050427030;0.78;397
10/06/2026;31700213;773950701710218;3.56;393|416
10/06/2026;31700437;446059288369432;9.13;393|416
10/06/2026;31700445;756747523382942;1.86;393|416
10/06/2026;31700491;964370180249325;0.67;393|397|416
10/06/2026;31701048;453607080997389;0.41;
10/06/2026;31701053;131071515532248;2.84;397
10/06/2026;31701180;368044570875641;25.75;397|412|422
10/06/2026;31701625;89970235846602;4.74;393|419|420
10/06/2026;31701693;494033321342704;29.87;393|416
10/06/2026;31701772;436025637934830;1.27;393|416
10/06/2026;31702151;519448887142550;0.89;420
10/06/2026;31702371;274852371730172;2.27;397
10/06/2026;31702409;880949142463687;6.78;412
10/06/2026;31703020;121452884217326;0.76;397
10/06/2026;31703026;653356016356171;20.92;397
10/06/2026;31703324;703053552585793;2.27;397
10/06/2026;31703580;960451984882405;8.07;202|213|269|355|371|372|393|397|409|410|412|417|424
10/06/2026;31703581;368289179752531;8.55;202|213|371|372|397|409|410|412|424
10/06/2026;31703585;64237022915956;8.66;202|213|269|355|371|372|393|397|409|410|417|424
10/06/2026;31703586;313456519585619;8.99;202|213|269|355|371|372|393|397|409|410|412|417|424
10/06/2026;31703587;711274959933936;1.32;202|213|409|410|412|424
10/06/2026;31703588;743636390679698;36.41;202|213|269|371|372|393|397|409|410|417|424
10/06/2026;31703589;155493468888981;0.7;202|213|409|410|412|424
10/06/2026;31703590;945540486732257;0.51;202|213|409|410|412|424
10/06/2026;31703591;614338923202382;36.41;202|213|269|371|372|393|397|409|410|412|417|424
10/06/2026;31703592;558049391114940;1.32;202|213|409|410|412|424
10/06/2026;31703593;256933024429127;1.32;202|213|409|410|412|424
10/06/2026;31703594;867589781410527;0.97;202|213|409|410|412|424
10/06/2026;31703595;207368543934363;1.13;202|213|409|410|424
10/06/2026;31703596;137986103345097;1.32;202|213|409|410|412|424
10/06/2026;31703598;254311790873998;0.94;202|213|409|410|412|424
10/06/2026;31703599;825370514603113;1.32;202|213|409|410|412|424
10/06/2026;31703600;212689003466555;0.97;202|213|409|410|412|424
10/06/2026;31703601;747821603184507;1.16;202|213|409|410|424
10/06/2026;31703602;663292378758331;0.94;202|213|409|410|412|424
10/06/2026;31703603;611301318269937;0.78;202|213|409|410|412|424
10/06/2026;31703604;58973939120189;0.97;202|213|409|410|412|424
10/06/2026;31703605;255575477202179;0.78;202|213|409|410|412|424
10/06/2026;31703606;614076326090687;1.67;202|213|409|410|412|424
10/06/2026;31703607;416767516130435;0.94;202|213|409|410|412|424
10/06/2026;31703608;85493817289098;0.97;202|213|409|410|424
10/06/2026;31703609;473069478400198;0.94;202|213|409|410|412|424
10/06/2026;31703612;246324009805718;8.07;202|213|269|355|371|372|393|397|409|410|412|417|424
10/06/2026;31703613;251249757844195;8.66;202|213|269|355|371|372|393|397|409|410|417|424
10/06/2026;31703708;631261604973451;8.5;412
10/06/2026;31703780;473991127454472;0.38;397
10/06/2026;31703857;239811411677497;2.06;202|269|355|393|409|410|412|417|424
10/06/2026;31704029;495525577875463;2.27;397
10/06/2026;31704138;632981889496985;1.59;397
10/06/2026;31704215;602995412432252;1.65;412
10/06/2026;31704453;610757701284536;0.48;412
10/06/2026;31705378;825224751956879;3.12;393|397|416
10/06/2026;31705720;560265708616760;1.98;397
10/06/2026;31705817;406265315812950;9.18;393|416
10/06/2026;31705836;833860154912830;1.01;412
10/06/2026;31705847;90374518238732;0.39;393|416
10/06/2026;31705885;668807858268905;0.35;393|397|416
10/06/2026;31705924;745934316215660;0.19;412
10/06/2026;31706141;126070287189151;2.75;397
10/06/2026;31706291;737436326500279;58.37;397
10/06/2026;31706316;364590266664206;6.84;393|416
10/06/2026;31706337;818523818990316;50.86;268|274|393|417
10/06/2026;31706378;607486092160882;0.55;393|417
10/06/2026;31706439;213091155033652;9.04;420
10/06/2026;31706472;565140710323555;58.34;393|416
10/06/2026;31706714;186308771526647;0.7;393|416
10/06/2026;31706745;39434990211754;19.84;397|420
10/06/2026;31706774;645139666216906;0.87;393
10/06/2026;31706785;367572341922445;11.11;393|397|412|417
10/06/2026;31706792;191132373837910;48.03;397
10/06/2026;31706810;649978353407612;0.51;393|416
10/06/2026;31706824;904571189049354;4.9;397
10/06/2026;31706825;794641311184001;0.18;393|416
10/06/2026;31706837;101064267686131;4.09;393|419
10/06/2026;31706845;916222888103105;73.5;393|397|416
10/06/2026;31706892;798232286301262;0.43;412
10/06/2026;31706894;268308270477917;0.38;412
10/06/2026;31706912;708814194898546;0.19;397
10/06/2026;31706929;827135072718478;0.16;412
10/06/2026;31706955;561162460246518;12.48;397|412|422
10/06/2026;31706959;414871859400698;2.83;397
10/06/2026;31706981;265302445194090;24.92;397
10/06/2026;31706990;840052914205542;0.66;420
10/06/2026;31707022;158608871818397;0.59;397
10/06/2026;31707075;297178194942387;0.12;393|416
10/06/2026;31707115;807783655063459;1.07;397
10/06/2026;31707139;705253501135542;1.57;397
10/06/2026;31707148;596902495186292;0.56;397
10/06/2026;31707150;863183211706350;3.94;412
10/06/2026;31707161;697229858211023;2.27;412|422
10/06/2026;31707228;196473696252743;0.32;412
10/06/2026;31707255;331710577087251;0.13;420
10/06/2026;31707260;87570081096634;2.81;397
10/06/2026;31707261;274685290533336;0.41;
10/06/2026;31707262;482229290964723;0.4;397
10/06/2026;31707276;357347896885148;0.28;421
10/06/2026;31707309;611256039343901;0.34;397
10/06/2026;31707327;355958307848882;1.04;412
10/06/2026;31707330;994518186853360;0.65;412
10/06/2026;31707343;459931743918769;0.74;412
10/06/2026;31707349;74500498733503;12.23;397
10/06/2026;31707355;108731437496295;40.46;190|412
10/06/2026;31707363;593499859338524;1.21;412
10/06/2026;31707364;368197690902920;0.33;393|416
10/06/2026;31707373;733655783990032;2.06;397
10/06/2026;31707407;513405755374310;0.21;393
10/06/2026;31707418;2061296625804;0.21;420
10/06/2026;31707461;70372061063706;0.95;
10/06/2026;31707465;838908155754150;8.59;412
10/06/2026;31707497;525583686634833;2.09;397
10/06/2026;31707518;447092053096829;27.5;397
10/06/2026;31707539;122439336585694;1.09;412
10/06/2026;31707540;43580678252427;0.72;412
10/06/2026;31707552;880256051507726;1.09;412
10/06/2026;31707553;514984674575105;0.26;412
10/06/2026;31707573;461628864802084;5.81;
10/06/2026;31707575;393634346309339;0.8;421
10/06/2026;31707591;560377204953487;1.48;412
10/06/2026;31707592;630731543598749;0.46;397
10/06/2026;31707610;689021394845844;0.19;420
10/06/2026;31707613;522992771034155;0.91;393|416
10/06/2026;31707654;924077754466169;0.68;397
10/06/2026;31707704;212437861069037;0.1;393
10/06/2026;31707714;172828706017825;1.32;420
10/06/2026;31707721;577424242588468;0.11;397
10/06/2026;31707722;873133977599772;0.51;393|419
10/06/2026;31707725;32004851612182;0.45;393|419
10/06/2026;31707778;700567003895855;4.2;393|412|417
10/06/2026;31707782;677067578284381;0.65;412
10/06/2026;31707785;926310304611785;1.53;412
10/06/2026;31707787;217585147523048;2.89;393|412|417
10/06/2026;31707853;633930241686777;51.54;393|397|417
10/06/2026;31707885;325631885114990;0.51;412
10/06/2026;31707889;51778241482912;20.9;397
10/06/2026;31707891;380088183290202;22.54;368
10/06/2026;31707900;291894297091115;0.89;412
10/06/2026;31707907;973601614421650;0.88;412
10/06/2026;31707933;794562595478522;0.09;412
10/06/2026;31707946;951097449636042;14.09;412
10/06/2026;31707947;407760133987218;0.23;412
10/06/2026;31707975;730056288799924;10.22;412
10/06/2026;31707976;543339745999627;10.22;412
10/06/2026;31707977;972073293335837;10.22;412
10/06/2026;31707978;772749570506181;7.58;412
10/06/2026;31708024;929635321978246;16.04;393|397|419
10/06/2026;31708027;722333617911988;0.18;393
10/06/2026;31708050;832299727485438;0.11;393|416
10/06/2026;31708053;454536014424288;0.19;412
10/06/2026;31708062;570795529611237;0.48;393|416
10/06/2026;31708073;511710929677089;1.36;420
10/06/2026;31708088;171164259277114;2.44;420
10/06/2026;31708104;151799460364844;0.22;412
10/06/2026;31708154;426145256528055;0.19;412
10/06/2026;31708222;551439788321673;1.79;393|416
10/06/2026;31708239;228662814545088;6.9;393|416
10/06/2026;31708257;109043837487652;3.34;422
10/06/2026;31708263;697916924398982;3.12;412
10/06/2026;31708269;11764682491686;0.72;393|412|417
10/06/2026;31708270;443177338743812;0.65;412
10/06/2026;31708282;519752051021932;0.15;
10/06/2026;31708310;941915140510309;0.08;
10/06/2026;31708324;627524431181321;1.0;393|397|416
10/06/2026;31708327;544590363565284;46.1;393|397
10/06/2026;31708332;397121007185098;6.24;397
10/06/2026;31708341;529947285485909;0.57;393|416
10/06/2026;31708358;666989013536700;2.35;422
10/06/2026;31708380;358070205030382;8.04;393|416
10/06/2026;31708407;923045137916727;0.02;420
10/06/2026;31708410;676148106003113;4.36;393|416
10/06/2026;31708411;323333144517173;0.96;393|419
10/06/2026;31708465;203329487600931;1.65;393|419
10/06/2026;31708467;888575731452142;0.27;
10/06/2026;31708476;276256961931609;0.07;
10/06/2026;31708493;254741453201068;0.64;412
10/06/2026;31708502;496492323063162;0.47;412
10/06/2026;31708522;657364384297424;0.26;393|419
10/06/2026;31708527;174646732578278;4.88;393|416
10/06/2026;31708566;17209874127966;6.12;393|412|417
10/06/2026;31708615;33856742342250;38.78;393|397|412|417
10/06/2026;31708651;348330918629308;1.84;422
10/06/2026;31708661;243437864301194;0.07;412
10/06/2026;31708666;720280408003406;0.07;393|416
10/06/2026;31708667;83986229680733;0.47;420
10/06/2026;31708749;968391840455443;0.14;412
10/06/2026;31708764;160880981526326;0.14;412
10/06/2026;31708766;456120046035273;0.92;412
10/06/2026;31708769;205075720870312;0.53;393|416
10/06/2026;31708774;337221110574928;2.84;397
10/06/2026;31708781;287124992924857;5.5;393|397|416
10/06/2026;31708808;618192393980559;0.67;393|397|416
10/06/2026;31708814;754390349868012;2.83;397
10/06/2026;31708838;912910849351524;3.33;393|416|421
10/06/2026;31708839;309576229501004;98.79;393|397|416|421
10/06/2026;31708841;772822211120442;3.55;393|416|421
10/06/2026;31708856;943357158284081;7.37;182
10/06/2026;31708861;640091515821257;0.35;393|397|416
10/06/2026;31708879;173530293819308;1.48;393|416
10/06/2026;31708885;362227394361932;3.4;397
10/06/2026;31708889;713400609301027;1.8;412
10/06/2026;31708897;382956701392823;62.07;40|268|313|336|396|397
10/06/2026;31708935;750961752017353;0.67;393|416
10/06/2026;31708940;407019384613526;0.03;397
10/06/2026;31708947;5927997210766;2.03;393|416
10/06/2026;31708962;406135388434540;0.21;412
10/06/2026;31708963;944651049876679;0.21;412
10/06/2026;31708965;858278569592291;0.07;393|416
10/06/2026;31708966;650256536604948;1.34;393|416
10/06/2026;31708978;210372507531187;0.61;412
10/06/2026;31708987;372727736661244;0.79;393|416
10/06/2026;31709019;212335801867214;35.55;397
10/06/2026;31709041;223721959415867;0.85;412
10/06/2026;31709054;725048850586711;0.85;412
10/06/2026;31709063;499599622569817;40.17;397
10/06/2026;31709077;578508548408862;3.29;420
10/06/2026;31709101;239888194441490;0.74;397
10/06/2026;31709150;497615856941201;0.07;393|416
10/06/2026;31709154;64201373029113;61.75;268|274
10/06/2026;31709172;214525456118747;0.39;393|416
10/06/2026;31709188;617965312767235;0.68;412
10/06/2026;31709191;356909286986924;2.12;420
10/06/2026;31709205;216762464925393;46.25;393|397|416
10/06/2026;31709209;832755179029011;1.12;397
10/06/2026;31709214;773214648954140;0.65;
10/06/2026;31709261;928490729395526;0.85;393|416
10/06/2026;31709280;455891311821971;0.51;393|416
10/06/2026;31709287;836217463517142;39.83;397
10/06/2026;31709295;379765014099138;0.63;393|416
10/06/2026;31709296;175266377009129;2.59;397
10/06/2026;31709300;314898493573467;0.34;393|416
10/06/2026;31709307;855790199023434;1.03;397
10/06/2026;31709341;692882037259495;0.35;393|397|416
10/06/2026;31709343;339856378346790;3.79;393|412|417
10/06/2026;31709355;569946805190653;0.34;393|397|416
10/06/2026;31709366;499914153777053;0.36;412
10/06/2026;31709377;990050175661389;125.18;268|274|393|417
10/06/2026;31709395;410463472791708;12.95;422
10/06/2026;31709401;706781039074562;0.9;393|416
10/06/2026;31709416;141775156941909;0.86;393|416
10/06/2026;31709443;415817354557995;19.82;393|397|412|417
10/06/2026;31709518;439723444906057;0.22;412
10/06/2026;31709525;525957800599154;0.15;412
10/06/2026;31709526;62678977847475;3.77;420
10/06/2026;31709539;124734716747101;0.31;393|416
10/06/2026;31709577;300714383025119;0.11;397
10/06/2026;31709583;355857199469703;2.33;397
10/06/2026;31709601;98814955440450;0.86;393|416
10/06/2026;31709640;619836884206612;0.07;393|416
10/06/2026;31709677;877079467978932;0.35;397
10/06/2026;31709687;184390383759045;0.44;393|417
10/06/2026;31709691;755190649160379;1.22;412
10/06/2026;31709694;174720507257669;2.05;412
10/06/2026;31709697;161525575672686;1.22;412
10/06/2026;31709710;967896415092023;1.68;393|416
10/06/2026;31709711;714295080881597;1.62;412
10/06/2026;31709720;518446069459234;3.31;393|416
10/06/2026;31709724;505499359758285;1.06;412
10/06/2026;31709758;5052967282317;0.55;412
10/06/2026;31709761;675442994700728;1.1;
10/06/2026;31709763;869856285246077;39.18;393|397|412|417
10/06/2026;31709769;16854784647793;2.08;397
10/06/2026;31709789;452750247479587;2.05;393|417
10/06/2026;31709821;903816567794527;0.85;393|416
10/06/2026;31709823;425663769463088;0.96;393|416
10/06/2026;31709825;115103547815592;0.25;393|416
10/06/2026;31709838;503659212598194;0.15;
10/06/2026;31709852;712305283384966;0.58;250|412
10/06/2026;31709906;416942146215270;0.52;393|397|416
10/06/2026;31709922;225280182625887;3.12;393|416
10/06/2026;31709932;808038889991615;1.24;412
10/06/2026;31709952;176717105315271;0.09;397
10/06/2026;31709954;614271885726747;0.52;393|397|416
10/06/2026;31710007;701494795133468;0.41;
10/06/2026;31710043;962943903926416;0.78;393|417
10/06/2026;31710062;932620382581217;0.59;393|416
10/06/2026;31710075;211287780488;2.35;412|422
10/06/2026;31710099;549670516834185;2.51;412|422
10/06/2026;31710112;746249855749382;0.58;250|412
10/06/2026;31710118;21810297713513;0.81;397
10/06/2026;31710121;379661374937209;0.3;393|416
10/06/2026;31710164;181833624590357;67.72;393|397|416
10/06/2026;31710169;317334403329944;0.09;397
10/06/2026;31710182;173959369373991;0.89;412
10/06/2026;31710204;704997643144182;61.08;393|397|416
10/06/2026;31710210;106370932148396;2.77;422
10/06/2026;31710222;186589143847141;7.77;274|412
10/06/2026;31710236;980462026313546;5.51;393|397
10/06/2026;31710251;734603804355203;28.64;393|397|412|417
10/06/2026;31710268;81751379021559;1.59;412
10/06/2026;31710271;500602863182546;1.8;250|412
10/06/2026;31710282;523184783170326;8.04;393|397|416
10/06/2026;31710284;30732616149282;6.67;393|397
10/06/2026;31710287;109358427478692;0.59;412
10/06/2026;31710293;232774306665583;0.72;393|412|417
10/06/2026;31710400;953743811182807;2.66;397
10/06/2026;31710405;625936762825904;2.8;
10/06/2026;31710412;739952932836479;0.66;393|416
10/06/2026;31710417;605128974455926;1.57;397
10/06/2026;31710426;406904854072445;0.32;412
10/06/2026;31710441;681297446574063;0.12;393|416
10/06/2026;31710442;653309805403048;0.51;393|416
10/06/2026;31710444;616933567702483;0.32;397
10/06/2026;31710445;729245526722779;0.56;421
10/06/2026;31710450;995075062457993;3.7;393|416|421
10/06/2026;31710451;124004335883521;2.68;393|416|421
10/06/2026;31710453;535001294930742;7.0;412
10/06/2026;31710456;28492052010134;0.98;412
10/06/2026;31710461;525295738665037;0.82;393|416
10/06/2026;31710492;110423071344721;4.87;397
10/06/2026;31710493;264726752612298;4.87;397
10/06/2026;31710500;22895210113098;4.29;393|397
10/06/2026;31710522;408242515053420;7.57;393|397|412|417
10/06/2026;31710527;656367197464611;0.52;412
10/06/2026;31710529;683216022967250;3.79;393|416
10/06/2026;31710531;211125829214812;0.31;393|416
10/06/2026;31710570;760640087485886;0.08;393|419
10/06/2026;31710575;265287909936292;32.61;393|397|419
10/06/2026;31710623;138745174871176;0.94;412
10/06/2026;31710636;451950671230746;4.16;420
10/06/2026;31710640;181091949983427;1.18;420
10/06/2026;31710648;590729646948312;0.1;393|419
10/06/2026;31710657;911396617301288;0.25;393|416
10/06/2026;31710682;792870251163658;1.92;393|416
10/06/2026;31710683;423895722317144;0.65;420
10/06/2026;31710705;618031267767076;1.97;393|416
10/06/2026;31710725;293646202096765;0.98;397
10/06/2026;31710735;488838493274649;0.4;
10/06/2026;31710737;315597669176728;1.74;393|419
10/06/2026;31710745;606447750109097;26.18;393|397|419
10/06/2026;31710750;376257542132051;3.76;420
10/06/2026;31710766;820478931319031;0.42;
10/06/2026;31710790;880780992791968;0.45;393|416
10/06/2026;31710802;946318886915198;34.28;397
10/06/2026;31710806;453986683358810;34.57;393|397|416
10/06/2026;31710807;595888330712951;6.29;397
10/06/2026;31710808;484940467302650;7.69;393|397
10/06/2026;31710810;141804741734858;2.84;397
10/06/2026;31710811;94473409442633;8.26;397
10/06/2026;31710814;131269876086647;4.25;397
10/06/2026;31710816;277254532559661;2.84;397
10/06/2026;31710818;114990680448784;2.84;397
10/06/2026;31710851;416541887342384;0.3;393|416
10/06/2026;31710879;13909869158257;10.15;393|416|421
10/06/2026;31710908;900195632201853;14.25;393
10/06/2026;31710914;914428456345741;63.08;393|397|416
10/06/2026;31710972;223567723464756;0.48;
10/06/2026;31711004;799670931742501;0.97;393|416
10/06/2026;31711015;635596502699725;2.84;397
10/06/2026;31711026;407412490365875;0.17;
10/06/2026;31711044;189820252598184;39.92;393|397|409|410|412
10/06/2026;31711054;807221141263425;4.63;393|397
10/06/2026;31711112;567988038441996;4.13;397|412
10/06/2026;31711123;754996222097970;0.96;412
10/06/2026;31711124;526986762188711;1.62;412
10/06/2026;31711125;844633683657814;0.01;412
10/06/2026;31711131;863461900355563;0.09;412
10/06/2026;31711136;240832205593037;2.19;412|422
10/06/2026;31711151;325383483833218;1.04;412
10/06/2026;31711161;212745455833091;0.25;
10/06/2026;31711168;15579528490708;2.18;393|416
10/06/2026;31711170;260137485549599;5.96;397
10/06/2026;31711172;259901757103059;0.23;412
10/06/2026;31711175;999904296980850;9.98;393|417
10/06/2026;31711179;314842874891174;0.55;412
10/06/2026;31711190;168005213631140;0.34;393|416
10/06/2026;31711218;350613070052662;25.68;397
10/06/2026;31711238;373319253616097;5.65;393|416
10/06/2026;31711242;867877247675171;0.35;393|397|416
10/06/2026;31711291;238862770585286;1.93;397
10/06/2026;31711298;824243815159378;0.82;393|416
10/06/2026;31711310;199553150843461;0.42;397
10/06/2026;31711378;15552608707111;1.39;412
10/06/2026;31711407;116900553990805;0.71;393|416|421
10/06/2026;31711437;41065510377925;0.52;
10/06/2026;31711438;921907253435032;0.07;393|416
10/06/2026;31711459;603760808230689;0.1;412
10/06/2026;31711460;164136728781782;0.55;393|417
10/06/2026;31711462;489832839078882;0.03;393
10/06/2026;31711464;529389750469027;0.63;393|416
10/06/2026;31711473;541039556405762;8.81;393|416
10/06/2026;31711477;890311207899013;79.67;397
10/06/2026;31711481;272174573559713;7.85;250|412
10/06/2026;31711496;554579580726773;1.39;412
10/06/2026;31711505;538642061102547;1.41;412
10/06/2026;31711515;121422301179037;0.33;393|416
10/06/2026;31711531;933096635143079;11.27;393|412|417
10/06/2026;31711539;20559713532252;0.09;412
10/06/2026;31711550;321386205897218;0.82;420
10/06/2026;31711592;75018614088858;30.63;393|397|419
10/06/2026;31711602;336555834204967;1.78;412
10/06/2026;31711646;959644348560541;2.15;412
10/06/2026;31711647;963766375503380;4.58;422
10/06/2026;31711651;350752222772965;0.52;412
10/06/2026;31711677;124848735948003;1.03;397
10/06/2026;31711713;617111475060824;0.03;393|419
10/06/2026;31711720;105078181781533;0.02;420
10/06/2026;31711724;109603817536636;1.58;393|416
10/06/2026;31711729;553513632933948;0.19;397
10/06/2026;31711730;69854661306304;0.02;397
10/06/2026;31711768;960920048387920;12.71;397|422
10/06/2026;31711771;719498071023595;3.68;412|422
10/06/2026;31711794;970408549803701;2.84;397
10/06/2026;31711811;341358038475034;0.81;412
10/06/2026;31711833;161745569018473;2.36;412
10/06/2026;31711836;339342588907426;4.35;393|397
10/06/2026;31711843;903940601592520;0.08;397
10/06/2026;31711850;373680718042299;0.33;412
10/06/2026;31711868;448479446224253;0.41;
10/06/2026;31711881;302234238047749;4.74;393|419
10/06/2026;31711899;417496702974379;8.52;397
10/06/2026;31711913;997504454272626;5.95;182
10/06/2026;31711921;917561648397396;0.08;393|417
10/06/2026;31711944;161212579970589;2.06;412
10/06/2026;31711953;727289630178416;0.64;397
10/06/2026;31711974;347356438384454;1.59;397
10/06/2026;31711982;876083705430661;0.89;412
10/06/2026;31711990;117955552464930;2.66;393|416
10/06/2026;31712015;606069153617629;2.76;422
10/06/2026;31712018;869807587592027;2.23;393|397|412|417
10/06/2026;31712038;884823223566344;0.52;393|416
10/06/2026;31712074;725483685300837;2.0;397
10/06/2026;31712098;690614709155182;9.33;420
10/06/2026;31712107;613155773612607;36.36;268|274|393|417
10/06/2026;31712143;355307687462709;0.28;412
10/06/2026;31712144;452319698785867;38.78;393|397|412|417
10/06/2026;31712156;563378999164576;1.64;397
10/06/2026;31712157;399993337162585;3.69;393|420
10/06/2026;31712218;124765669868626;139.73;393|397|416
10/06/2026;31712221;331193818685900;0.18;412
10/06/2026;31712224;511004939549705;0.85;412
10/06/2026;31712298;700834960787424;2.58;393|412|417
10/06/2026;31712301;196304092587936;0.82;268|274|412
10/06/2026;31712327;652084644764024;1.59;397
10/06/2026;31712359;751153475609633;0.25;397
10/06/2026;31712378;924400586515036;36.19;268|274|393|397|412|417
10/06/2026;31712380;683345318626008;0.14;393|416
10/06/2026;31712388;98715597254955;0.08;397
10/06/2026;31712392;713398131375958;0.52;420
10/06/2026;31712417;155781723128127;4.04;412
10/06/2026;31712428;464075904640255;0.64;412
10/06/2026;31712444;855861298287583;2.84;397
10/06/2026;31712452;299873296187698;0.12;412
10/06/2026;31712468;242241733546934;0.46;
10/06/2026;31712577;323936501826072;3.72;393|416
10/06/2026;31712589;145375765052915;5.72;393|416
10/06/2026;31712592;312261128955802;0.32;
10/06/2026;31712675;251794262994867;4.22;393|419|420
10/06/2026;31712694;447453672437369;0.92;397
10/06/2026;31712699;511029713927054;0.95;412
10/06/2026;31712713;768514457406660;0.68;397
10/06/2026;31712714;784822773299135;0.73;393|397|416
10/06/2026;31712720;755756235458406;28.66;393|397|416
10/06/2026;31712721;520020885633251;0.18;393|416
10/06/2026;31712760;902517197898861;1.23;393|416
10/06/2026;31712763;155885649813810;2.84;397
10/06/2026;31712768;97265145563421;1.35;393|416
10/06/2026;31712845;970442982766141;0.5;
10/06/2026;31712851;982588167328376;0.04;420
10/06/2026;31712876;909798784695950;0.59;393|416
10/06/2026;31712879;690591834127357;0.17;397
10/06/2026;31712899;209449797737292;0.6;393|417
10/06/2026;31712900;634755235282611;1.22;412
10/06/2026;31712903;421125842029168;0.17;
10/06/2026;31712909;339694765230095;0.09;412
10/06/2026;31712911;931776933788780;4.17;397
10/06/2026;31712912;882164134456053;4.51;397
10/06/2026;31712925;276038563096901;0.39;393
10/06/2026;31712929;682561942922799;0.4;393|416
10/06/2026;31712931;452799179764525;1.04;393|416
10/06/2026;31712974;421506370880153;70.53;393|397|416
10/06/2026;31712993;964391958619217;3.22;412|422
10/06/2026;31713000;345530814364725;4.64;422
10/06/2026;31713009;165425348106040;0.16;
10/06/2026;31713014;56569931880878;4.41;397
10/06/2026;31713043;429377810252494;0.91;393|416
10/06/2026;31713066;568140921356169;2.27;397
10/06/2026;31713081;834288688007274;0.53;412
10/06/2026;31713082;633781040799479;0.18;393|417
10/06/2026;31713089;295565361426266;25.93;397
10/06/2026;31713115;715310652680007;0.93;393|419
10/06/2026;31713144;899966491259308;39.66;393|397|416
10/06/2026;31713167;815956170804937;1.47;412
10/06/2026;31713206;336566536136190;3.02;393|420
10/06/2026;31713207;463761894207182;0.29;393|416
10/06/2026;31713213;159286575856593;0.51;397
10/06/2026;31713218;816712963032509;1.0;393|397|416
10/06/2026;31713220;910023402539898;2.06;393|397|416
10/06/2026;31713225;356181044812167;3.6;250|412
10/06/2026;31713226;989397448267487;61.75;268|274
10/06/2026;31713232;764152934255431;1.15;393|416
10/06/2026;31713248;367398448515726;0.2;412
10/06/2026;31713249;345884858054733;0.92;412
10/06/2026;31713256;190364591354539;10.81;393|412|417
10/06/2026;31713264;504687038237866;10.81;393|412|417
10/06/2026;31713266;953497444083507;0.43;393|412|417
10/06/2026;31713280;280319216857919;1.8;250|412
10/06/2026;31713296;29599944351964;41.08;393|397|419
10/06/2026;31713327;908046091921649;2.84;397
10/06/2026;31713328;287550726404044;2.84;397
10/06/2026;31713357;754986662247200;5.05;412
10/06/2026;31713378;480418191990966;0.11;397
10/06/2026;31713379;10223248945128;4.71;397
10/06/2026;31713394;369715273086938;0.07;393|416
10/06/2026;31713445;865964075742412;0.23;412
10/06/2026;31713448;299329899400605;0.08;397
10/06/2026;31713458;753447026879414;0.25;412
10/06/2026;31713466;37901747724429;35.2;397
10/06/2026;31713469;706776904313238;0.25;
10/06/2026;31713472;272440959941;0.19;393|416
10/06/2026;31713485;382863230040702;0.58;393|416
10/06/2026;31713486;53528884558439;0.47;
10/06/2026;31713500;658418472168288;0.4;412
10/06/2026;31713508;298894717662358;1.35;
10/06/2026;31713509;724371996445702;2.62;422
10/06/2026;31713512;458084541265794;1.04;412
10/06/2026;31713515;420864650729292;0.16;412
10/06/2026;31713516;386644685360690;1.07;412
10/06/2026;31713555;409828590771827;0.05;
10/06/2026;31713569;684246444696828;0.75;397
10/06/2026;31713570;176882769267995;0.34;397
10/06/2026;31713580;515289486244911;1.3;397
10/06/2026;31713611;657331491786256;3.08;393|420
10/06/2026;31713612;792118369013195;1.39;393|416
10/06/2026;31713641;244539710838503;33.69;369|393|397|417
10/06/2026;31713662;906854820748313;0.1;397
10/06/2026;31713690;691515803113552;0.76;393|416
10/06/2026;31713693;726186133957189;0.69;420
10/06/2026;31713696;417160245336157;0.43;393|416
10/06/2026;31713716;64251549938006;5.63;393|397|416
10/06/2026;31713730;901549537918252;0.52;
10/06/2026;31713744;500648447537414;4.23;397
10/06/2026;31713759;268400445942608;69.32;268|274
10/06/2026;31713762;134035810979925;0.89;412
10/06/2026;31713767;945556381623191;0.08;
10/06/2026;31713779;336463268767049;0.32;412
10/06/2026;31713804;181248234420636;0.53;393|416
10/06/2026;31713825;434489945523318;0.32;412
10/06/2026;31713835;939019852528293;0.09;412
10/06/2026;31713839;311328463491371;1.98;412
10/06/2026;31713846;167364843736897;2.96;397
10/06/2026;31713850;305111519264644;0.52;412
10/06/2026;31713854;114918575515933;0.72;412
10/06/2026;31713873;288156129487150;2.27;412
10/06/2026;31713896;890024440713718;0.62;393|416
10/06/2026;31713922;828636554748775;3.55;397
10/06/2026;31713933;56077761909880;0.14;393|416
10/06/2026;31713942;310640284877247;2.08;397
10/06/2026;31713950;348849521174380;2.66;397
10/06/2026;31713958;540155280792153;0.47;412
10/06/2026;31713960;400548560405615;0.19;393|416
10/06/2026;31713973;534641952830594;1.87;393|417
10/06/2026;31714014;60261274514738;0.14;393|416
10/06/2026;31714019;848216738891653;4.53;393|416
10/06/2026;31714041;466097227404955;0.2;397
10/06/2026;31714045;801386019355760;2.84;397
10/06/2026;31714071;156188105266425;0.33;397
10/06/2026;31714105;557233646988748;1.07;412
10/06/2026;31714110;653146210184631;0.88;412
10/06/2026;31714123;781522084174199;6.13;397
11/06/2026;31445779;97783820966901;56.45;393|397|419
11/06/2026;31448258;67059963130908;27.03;368|393|397|419
11/06/2026;31456474;653612342946972;24.87;397
11/06/2026;31458518;313803350345481;165.51;393|397
11/06/2026;31458569;888583184162524;0.05;393|419
11/06/2026;31466356;171033620334876;0.44;
11/06/2026;31471712;499563787589565;3.95;368|393|419
11/06/2026;31474474;639797750893886;2.77;397
11/06/2026;31477616;40329692054974;0.59;397
11/06/2026;31484158;935160933645311;5.89;397
11/06/2026;31485137;395298601636130;0.23;412
11/06/2026;31485728;779763409439614;0.16;397
11/06/2026;31487742;523972727255695;2.15;412
11/06/2026;31488280;492033108219321;27.65;393|397|419
11/06/2026;31489632;406999613387732;0.45;
11/06/2026;31491046;554451006103413;1.53;412
11/06/2026;31491863;456557364163414;0.36;
11/06/2026;31492524;335890637635023;38.97;397
11/06/2026;31494230;401103277968958;0.76;412
11/06/2026;31494886;133192743668384;1.83;420
11/06/2026;31495200;612081754439672;2.95;397
11/06/2026;31496033;679435342843100;31.6;397
11/06/2026;31496443;26517690506569;67.16;397
11/06/2026;31497175;224277655302641;13.32;393|397|419
11/06/2026;31497551;95851821656264;0.24;412
11/06/2026;31498021;104402543189974;49.64;397
11/06/2026;31498632;672206964282494;17.6;397
11/06/2026;31499770;544744011699506;0.91;393
11/06/2026;31502079;966936617924452;75.84;397
11/06/2026;31502587;621456557236782;43.46;397
11/06/2026;31503500;827522630964946;60.34;397
11/06/2026;31505723;548764941982319;50.54;397
11/06/2026;31510359;756944379097695;29.79;368|393|397|419
11/06/2026;31510777;620858243162653;2.06;393|397
11/06/2026;31518390;594446347838278;60.42;397
11/06/2026;31587562;113396696468889;26.71;368|393|397|419
11/06/2026;31599599;128258252124787;7.3;368|393|397|419
11/06/2026;31606087;973415288315978;7.3;368
11/06/2026;31606386;64413068174764;15.65;393|419
11/06/2026;31606434;377555499484635;9.8;369
11/06/2026;31610952;944324845235029;39.23;397
11/06/2026;31613995;432191829388091;0.13;
11/06/2026;31622860;647610239531718;5.28;368
11/06/2026;31627354;577880103240318;395.04;
11/06/2026;31631350;248262637685685;0.68;412
11/06/2026;31633425;204782436376998;1.08;397
11/06/2026;31651481;154523836023774;1.14;397
11/06/2026;31669608;537156160857726;2.27;397
11/06/2026;31671418;551479855533339;10.18;397
11/06/2026;31673067;337312145245282;44.29;393|397
11/06/2026;31676331;396757354223304;12.59;397
11/06/2026;31676688;303628546624901;1.03;393
11/06/2026;31676761;97200235778522;3.41;397
11/06/2026;31682680;992924918764020;63.47;393|397
11/06/2026;31685852;996469748190148;57.52;393|397
11/06/2026;31688056;308047721453173;2.37;412
11/06/2026;31688204;549683160551931;52.15;84|393|397
11/06/2026;31688562;753847481325051;0.37;393
11/06/2026;31689342;951775228647450;12.32;397
11/06/2026;31691487;570878879340152;2.44;393|419
11/06/2026;31691530;692401687920617;0.28;
11/06/2026;31691562;945721268464904;0.23;393|419
11/06/2026;31692089;474724745992732;0.22;397
11/06/2026;31693827;607242776338661;50.43;393
11/06/2026;31693832;904599389460035;0.69;397
11/06/2026;31693886;88642839708285;55.77;393|397|416
11/06/2026;31693922;685403089687345;52.92;84|393|397
11/06/2026;31693932;407755022772027;107.31;393|397
11/06/2026;31693952;707480380705154;5.74;397
11/06/2026;31693983;702090862200836;32.57;393
11/06/2026;31693992;785578620788789;6.8;369|393|412|417
11/06/2026;31694002;487307978593081;24.24;393|397|416
11/06/2026;31694013;492939143479652;33.16;40|336|393|416
11/06/2026;31694024;118879669819245;42.15;393
11/06/2026;31694059;76699374112472;54.51;397
11/06/2026;31694078;604436468023755;59.53;84|393|397
11/06/2026;31694151;8365222360749;27.07;368|397
11/06/2026;31694166;772731300975924;128.7;397
11/06/2026;31694246;649934438298923;52.92;84|393|397
11/06/2026;31694280;337661784563040;55.86;397
11/06/2026;31694306;6740950076924;18.32;397
11/06/2026;31694355;468465476531600;52.36;393|397
11/06/2026;31695954;199247562891095;1.79;397
11/06/2026;31695994;916408209879034;15.88;397
11/06/2026;31696407;875172317201357;112.95;397
11/06/2026;31696514;867236560960837;0.83;412
11/06/2026;31698837;227737352288507;49.67;368|397|419
11/06/2026;31698906;832199650836256;10.46;397
11/06/2026;31701566;166214064216845;8.59;393|397|416
11/06/2026;31701803;405256022469073;0.37;393|416
11/06/2026;31702128;80777876834399;51.63;202|213|269|355|393|397|409|410|412|417|424
11/06/2026;31702343;465143893858611;0.18;393|417
11/06/2026;31702518;848938091222748;14.02;368|397
11/06/2026;31702670;702373935507350;7.18;202|213|269|355|371|372|393|397|409|410|417|424
11/06/2026;31702777;354577992808533;9.13;202|213|269|355|371|372|393|397|409|410|412|417|424
11/06/2026;31702849;156763251884933;10.08;412
11/06/2026;31703130;710303064765565;10.56;202|213|397|409|410|412|424
11/06/2026;31703362;736562898210301;8.52;202|213|269|355|371|372|393|397|409|410|417|424
11/06/2026;31703437;698691465506420;8.99;202|213|269|355|371|372|397|409|410|412|424
11/06/2026;31703552;60447774677497;12.01;202|213|269|355|397|409|410|412|424
11/06/2026;31704391;836472352539230;8.99;202|213|269|355|371|372|397|409|410|412|424
11/06/2026;31704888;326933793635544;12.59;202|213|269|355|371|372|393|397|409|410|412|417|424
11/06/2026;31707034;737797359983021;0.86;
11/06/2026;31707474;75770862929302;7.69;202|213|269|355|371|372|397|409|410|412|424
11/06/2026;31707856;501065955091848;12.01;202|213|269|355|393|397|409|410|412|417|424
11/06/2026;31707936;817278920929634;3.91;393|412|417
11/06/2026;31708329;742879898598851;7.53;202|213|269|355|393|397|409|410|412|417|424
11/06/2026;31708339;462076544865782;6.74;422
11/06/2026;31709062;408814788031706;7.11;368|393|397|419
11/06/2026;31709243;39407525256664;10.45;202|213|371|372|397|409|410|424
11/06/2026;31709627;344016593458808;15.15;202|269|355|409|410|412|424
11/06/2026;31710254;942017042053164;2.21;412
11/06/2026;31710890;907431140860133;0.68;393
11/06/2026;31711639;939917989338687;1.89;39|40|368|419
11/06/2026;31711896;477012355910603;0.59;412
11/06/2026;31711955;108345532653027;1.15;412
11/06/2026;31712352;666401795415304;1.14;
11/06/2026;31712656;410994232195393;0.84;412
11/06/2026;31713238;407924640897734;0.55;397|412
11/06/2026;31713375;348266430674674;3.07;397
11/06/2026;31713649;52749560033184;2.2;397
11/06/2026;31714043;90832150478539;0.68;412
11/06/2026;31714068;141588128001075;0.84;412
11/06/2026;31714153;470770234483441;2.84;397
11/06/2026;31714166;772784286444156;28.77;397
11/06/2026;31714194;246300817956691;0.54;412
11/06/2026;31714219;808486304445885;1.98;397
11/06/2026;31714234;501676080825466;0.38;
11/06/2026;31714542;438688420704664;3.95;393|416
11/06/2026;31714606;805905838987458;0.89;412
11/06/2026;31714613;670897057488222;0.43;393|416
11/06/2026;31714634;609845592344751;0.2;412
11/06/2026;31714652;622768039832199;0.66;393|417
11/06/2026;31714931;678947028793136;0.86;393|416
11/06/2026;31714943;593846862479986;0.21;393
11/06/2026;31714975;171904107123548;0.53;412
11/06/2026;31714991;908138750212763;18.75;393|397|416
11/06/2026;31714999;169312000829315;0.19;393
11/06/2026;31715032;416365932347613;68.45;268|274|393|417
11/06/2026;31715040;494518039625197;0.11;393|416
11/06/2026;31715058;488444262668383;11.89;
11/06/2026;31715124;178263490267324;0.74;393|416
11/06/2026;31715152;137820151572444;4.37;393|412|417
11/06/2026;31715174;375014798931707;0.09;412
11/06/2026;31715183;876526098046964;19.67;393|397|412|417
11/06/2026;31715199;30617537764525;0.08;
11/06/2026;31715251;889995818805089;7.96;393|397|416
11/06/2026;31715276;511474049447606;43.7;393|397|419|420
11/06/2026;31715283;115702531809500;1.28;412
11/06/2026;31715299;435313436217909;6.67;412|422
11/06/2026;31715300;285321202361664;2.84;397
11/06/2026;31715302;455353861215939;0.85;412
11/06/2026;31715304;278249232273759;0.2;412
11/06/2026;31715341;113193310975301;0.32;393|419
11/06/2026;31715344;695577987658906;0.97;393|416
11/06/2026;31715352;188127333013101;0.9;412
11/06/2026;31715366;527480811239564;20.92;397
11/06/2026;31715384;249983358512894;0.4;412
11/06/2026;31715391;138557586213738;12.78;397
11/06/2026;31715415;772555780989556;1.39;412
11/06/2026;31715438;669708102325367;6.96;393|397|416
11/06/2026;31715442;764254608634189;1.93;397
11/06/2026;31715444;491629039820913;0.22;412
11/06/2026;31715454;86901666772826;0.29;412
11/06/2026;31715458;977228100364959;2.99;412
11/06/2026;31715468;758782030392890;60.44;
11/06/2026;31715470;884477621139473;0.4;412
11/06/2026;31715483;4501973231956;0.33;412
11/06/2026;31715486;628148969078433;5.25;412
11/06/2026;31715499;181337792630185;3.36;393|416
11/06/2026;31715516;407103161489414;2.84;397
11/06/2026;31715530;882506308679712;2.0;397
11/06/2026;31715571;335324843134483;2.74;397
11/06/2026;31715580;802144647011648;0.36;412
11/06/2026;31715582;601713822287752;17.63;393|397|409|410|412
11/06/2026;31715589;959660146111780;2.05;393|416
11/06/2026;31715598;853720056929988;0.19;393|416
11/06/2026;31715637;869050971664579;0.01;397
11/06/2026;31715662;653330004689067;59.66;393
11/06/2026;31715670;585250586858412;2.27;412|422
11/06/2026;31715672;760872459143636;0.18;412
11/06/2026;31715674;881941482669693;4.81;412
11/06/2026;31715685;579807163240971;3.42;393|416|421
11/06/2026;31715710;279268056680405;0.03;397
11/06/2026;31715729;683288228876369;51.46;202|288|355|393|397|409|410|412|417
11/06/2026;31715751;499353461949005;86.86;397
11/06/2026;31715755;989340453829981;0.84;393|397|416
11/06/2026;31715830;235167731003640;6.69;412
11/06/2026;31715832;419680711483651;1.04;393
11/06/2026;31715835;336841055294174;1.76;393|416
11/06/2026;31715848;655493209050859;2.49;393|412|417
11/06/2026;31715852;551143532813488;0.06;412
11/06/2026;31715877;144880341735728;1.07;412
11/06/2026;31715899;751961565948312;31.11;393|397|412|417
11/06/2026;31715903;344079499681137;0.94;393|419
11/06/2026;31715911;806539082674451;14.06;397|412
11/06/2026;31715913;114245971256740;240.59;397
11/06/2026;31715928;689625627818502;110.45;393|397|416|421
11/06/2026;31715936;382215801858085;0.2;412
11/06/2026;31715951;732896375613954;2.09;420
11/06/2026;31715952;870277432683198;14.1;393|419
11/06/2026;31715954;130046506893609;1.43;393|416
11/06/2026;31715962;337102234104829;1.6;397
11/06/2026;31715975;218350819196807;2.06;393|416
11/06/2026;31716040;740904520128367;0.43;412
11/06/2026;31716073;400564720883185;70.22;393|397
11/06/2026;31716109;402677201009372;0.82;393|416
11/06/2026;31716113;198786099347028;2.07;393|416
11/06/2026;31716181;318171452843178;0.66;412
11/06/2026;31716187;480753261983903;4.86;412
11/06/2026;31716190;383206951328252;1.04;412
11/06/2026;31716192;780232608192286;2.14;412
11/06/2026;31716194;640526207459802;0.21;412
11/06/2026;31716200;840972423859604;4.23;393|416
11/06/2026;31716201;765889356999907;0.06;412
11/06/2026;31716203;944750877156871;1.4;412
11/06/2026;31716204;116514560877120;1.0;412
11/06/2026;31716209;458468729866099;0.85;412
11/06/2026;31716229;471142862975766;0.48;393|416
11/06/2026;31716239;743397820080641;128.74;268|274|393|417
11/06/2026;31716259;231076942454843;0.62;393|416
11/06/2026;31716278;658507915730544;2.42;369|397
11/06/2026;31716285;746384765081734;0.21;420
11/06/2026;31716294;937866248661066;65.29;393|397|412|417
11/06/2026;31716311;702250390970687;65.29;393|397|412|417
11/06/2026;31716360;378666164073167;0.83;393|416
11/06/2026;31716364;809591182525737;74.37;393|397|416
11/06/2026;31716367;525512321415677;76.52;393|397|416
11/06/2026;31716368;844570256920307;0.36;
11/06/2026;31716375;460009581361741;0.66;393|416
11/06/2026;31716385;151831971932941;0.04;
11/06/2026;31716394;950015237766212;12.85;393|412|417
11/06/2026;31716399;74419924041529;1.02;397
11/06/2026;31716404;186347052925765;11.7;393|416
11/06/2026;31716407;991759422535718;2.25;412
11/06/2026;31716415;643006201850991;1.82;397
11/06/2026;31716417;693675761976390;76.52;393|397|416
11/06/2026;31716442;469780999435869;0.11;393
11/06/2026;31716444;992802788166015;1.42;412
11/06/2026;31716466;439795310246136;0.07;412
11/06/2026;31716477;221358740580634;0.65;420
11/06/2026;31716478;116866988712242;1.02;393|419
11/06/2026;31716498;970414637300763;0.09;412
11/06/2026;31716508;426505369939476;0.48;412
11/06/2026;31716516;635597948864663;0.82;393|416
11/06/2026;31716530;500690866160076;1.97;
11/06/2026;31716535;413123346136273;28.27;393|397|417
11/06/2026;31716546;898494304792435;3.86;420
11/06/2026;31716550;867942762556814;12.46;393|397|416
11/06/2026;31716558;500445065491882;0.63;393|416
11/06/2026;31716561;317011085239877;45.46;393|397|409|410|412
11/06/2026;31716585;82839044221928;7.98;368
11/06/2026;31716598;763869111836943;0.93;393|419
11/06/2026;31716626;514603945053165;4.01;420
11/06/2026;31716662;146229817862152;0.19;412
11/06/2026;31716682;216630029820286;39.68;397
11/06/2026;31716687;684126156811706;0.26;
11/06/2026;31716697;674041866020849;0.6;393|416
11/06/2026;31716704;589178399682789;0.13;393|416
11/06/2026;31716740;230633361120598;2.51;397|412
11/06/2026;31716743;625506640140692;0.23;420
11/06/2026;31716768;276482902403391;1.09;412
11/06/2026;31716769;503980567883222;0.93;412
11/06/2026;31716783;103846484131960;12.94;397|412
11/06/2026;31716792;873784882457848;0.36;393|416
11/06/2026;31716793;154673232075379;28.5;393|397|416
11/06/2026;31716798;265555695597220;0.47;393|416
11/06/2026;31716799;881161965643343;2.44;250|393|412|417
11/06/2026;31716807;729220528837978;1.02;412
11/06/2026;31716816;751301212315442;12.07;420
11/06/2026;31716845;788426184276834;40.92;268|274
11/06/2026;31716865;727924199554267;0.81;393|416
11/06/2026;31716879;74203604310821;0.58;250|412
11/06/2026;31716887;661341652601496;0.07;393|416
11/06/2026;31716934;234704241897259;2.84;397
11/06/2026;31716957;257182827034868;30.41;393|397|416
11/06/2026;31716974;283133640219003;20.93;369|393|397|412|417
11/06/2026;31716978;99897489312731;0.81;412
11/06/2026;31716986;449226629486053;49.43;393|397|412|417
11/06/2026;31717013;47920429314330;0.13;412
11/06/2026;31717047;17670572651851;1.21;420
11/06/2026;31717101;760645141413312;0.09;412
11/06/2026;31717112;43861043830510;0.22;393|416
11/06/2026;31717129;445343191610872;16.08;393|397|416
11/06/2026;31717150;259951060770620;2.84;397
11/06/2026;31717154;629265184335253;46.69;368|397
11/06/2026;31717160;966356603045468;10.3;393|397|416
11/06/2026;31717236;168511780337783;1.27;412
11/06/2026;31717241;967581339310948;12.12;393|416
11/06/2026;31717244;995429720485376;18.54;397
11/06/2026;31717252;257699100890941;4.37;393
11/06/2026;31717255;511610288090422;9.62;396|397
11/06/2026;31717256;890791715791445;17.46;396|397
11/06/2026;31717266;926857619212282;12.66;393
11/06/2026;31717268;563547419488029;136.29;397
11/06/2026;31717274;518671620379236;26.88;397
11/06/2026;31717277;257711331144996;53.62;397
11/06/2026;31717284;83191608983187;1.88;412
11/06/2026;31717307;56691089027623;2.0;412
11/06/2026;31717309;459532993084351;0.19;412
11/06/2026;31717340;577843838513741;15.5;274|393|417
11/06/2026;31717345;835626452408245;16.38;
11/06/2026;31717359;352746707821756;12.86;397|412
11/06/2026;31717382;825792448016307;0.63;393|416
11/06/2026;31717394;223832599657395;0.88;393|416
11/06/2026;31717414;954973719663553;0.13;420
11/06/2026;31717417;197030630468161;0.8;393|416
11/06/2026;31717478;827526451938797;0.09;412
11/06/2026;31717479;726022747388404;0.11;
11/06/2026;31717531;954180570184464;0.77;412
11/06/2026;31717533;512904807307778;12.35;412|422
11/06/2026;31717539;513987193837039;0.05;
11/06/2026;31717550;316300463021051;2.66;397
11/06/2026;31717582;750319049955441;5.51;397
11/06/2026;31717608;129443704417782;86.0;397
11/06/2026;31717686;317041250007164;0.89;412
11/06/2026;31717687;490644433740839;0.14;412
11/06/2026;31717701;638151520286129;3.58;40|336|393|416
11/06/2026;31717711;884323398139806;9.33;397
11/06/2026;31717713;789378313774601;0.57;393|417
11/06/2026;31717716;327057918207231;0.2;412
11/06/2026;31717737;721571192897475;2.84;397
11/06/2026;31717757;63550236813590;21.32;397|420
11/06/2026;31717770;796817322108448;0.03;393|419
11/06/2026;31717826;946092597827406;0.22;393|416
11/06/2026;31717834;237504819809867;1.33;412
11/06/2026;31717843;381506475864782;0.42;397
11/06/2026;31717854;684646111945282;0.73;393|412|417
11/06/2026;31717892;484132042628134;6.45;393|416
11/06/2026;31717898;655886979015501;1.69;
11/06/2026;31717905;944633863753691;1.73;393|416
11/06/2026;31717911;426962755193400;3.32;397
11/06/2026;31717921;239498594571262;0.3;393|412|417
11/06/2026;31718024;713227712164960;5.06;393|397|412|417
11/06/2026;31718114;932520091566765;0.31;393|419
11/06/2026;31718132;282008307650150;13.5;393|412|417
11/06/2026;31718143;485732133077333;11.33;393|397|416
11/06/2026;31718146;416191966631671;0.67;397
11/06/2026;31718165;232978556353702;9.51;393|412|417
11/06/2026;31718179;858204224641241;9.27;412
11/06/2026;31718210;941944440575846;0.17;
11/06/2026;31718248;57634407783321;0.12;397
11/06/2026;31718275;704521127703427;0.07;393|419
11/06/2026;31718329;377249994679434;0.04;
11/06/2026;31718362;959575068565924;6.46;393|416
11/06/2026;31718381;810860707429181;1.07;412
11/06/2026;31718405;263893535410691;0.21;393
11/06/2026;31718448;878607692814103;0.36;412
11/06/2026;31718453;413014797960153;1.59;412
11/06/2026;31718457;126665486554555;0.94;412
11/06/2026;31718465;114394180713638;1.69;397
11/06/2026;31718482;5038028044207;0.36;412
11/06/2026;31718484;533635173792211;1.07;412
11/06/2026;31718498;70818907522888;2.84;397
11/06/2026;31718512;306404879367296;0.89;412
11/06/2026;31718517;88888754812656;1.12;397|421
11/06/2026;31718522;588892639490368;0.22;412
11/06/2026;31718527;955779971237272;0.47;268|274
11/06/2026;31718604;947014949024520;23.82;268|274
11/06/2026;31718622;884261528752865;5.66;397
11/06/2026;31718624;791243274923461;2.84;397
11/06/2026;31718635;294673873600880;2.72;397
11/06/2026;31718639;445811236859485;0.2;412
11/06/2026;31718678;433487741841001;26.52;393|412|417
11/06/2026;31718683;138738846212216;2.72;397
11/06/2026;31718701;759728083285758;86.32;393|397|419
11/06/2026;31718708;49426180566477;7.86;393|416
11/06/2026;31718711;19653017919385;32.67;393|397|416
11/06/2026;31718722;405750345484960;1.06;393|416
11/06/2026;31718723;503172351583442;17.19;397
11/06/2026;31718730;195154258774093;0.49;
11/06/2026;31718731;152012683465006;0.85;412
11/06/2026;31718745;709325002264748;0.44;412
11/06/2026;31718747;196640533104336;3.35;393|420
11/06/2026;31718755;905455030090946;0.95;412
11/06/2026;31718765;83382954006610;10.74;397
11/06/2026;31718770;441302165772349;1.13;368|393|419
11/06/2026;31718771;204096967485254;21.1;397
11/06/2026;31718794;871393622678054;0.43;412
11/06/2026;31718803;62923956820612;0.33;412
11/06/2026;31718823;660667930904352;28.93;393|397|419
11/06/2026;31718824;333773318505718;38.86;268
11/06/2026;31718834;306382228833668;61.54;393|397|416
11/06/2026;31718839;379428721697938;0.17;420
11/06/2026;31718865;316704759571625;0.22;412
11/06/2026;31718875;379174113360100;0.33;412
11/06/2026;31718924;898131527790660;2.81;397
11/06/2026;31718947;40673330223178;41.57;397
11/06/2026;31718972;84048242454780;1.8;250|412
11/06/2026;31718988;72620916399243;0.57;393|416
11/06/2026;31719001;628778826456437;5.12;393|419
11/06/2026;31719009;24140148462014;0.13;393|416
11/06/2026;31719011;182358268105363;0.09;412
11/06/2026;31719039;270405984236294;0.09;412
11/06/2026;31719048;332954112047835;1.07;412
11/06/2026;31719051;875263827525257;0.78;412
11/06/2026;31719054;244905329478853;41.45;268|274|393|417
11/06/2026;31719184;671268500497966;0.14;393|417
11/06/2026;31719211;247613856080508;0.5;420
11/06/2026;31719252;566984401287278;2.84;397
11/06/2026;31719338;971637445227228;0.89;412
11/06/2026;31719351;475473618958432;0.92;412
11/06/2026;31719458;797709888670681;1.1;412
11/06/2026;31719524;919257424071276;0.92;412
11/06/2026;31719527;405522298207005;0.16;412
11/06/2026;31719533;729873567621116;1.77;412
11/06/2026;31719541;463691178650156;0.57;397|412
11/06/2026;31719550;758226877903622;0.09;412
11/06/2026;31719551;70144520104207;0.89;412
11/06/2026;31719552;795640865006170;1.52;412
11/06/2026;31719560;62257060247162;0.36;412
11/06/2026;31719561;275907462831534;0.35;
11/06/2026;31719563;732473765597204;0.47;412
11/06/2026;31719564;483629874313625;9.32;412
11/06/2026;31719652;168211117231852;2.53;412
11/06/2026;31719665;939987204863393;2.53;412
11/06/2026;31719692;72377466222172;0.21;
11/06/2026;31719696;253413643437005;0.01;393
11/06/2026;31719705;908895117230059;48.8;268|274
11/06/2026;31719708;254968413389570;0.23;
11/06/2026;31719710;805749634167821;0.22;412
11/06/2026;31719722;75973188560589;2.98;397
11/06/2026;31719753;27968008891815;2.53;412
11/06/2026;31719766;160357730769920;0.14;412
11/06/2026;31719770;677535118557919;0.35;397
11/06/2026;31719799;670649302730843;1.79;397|412
11/06/2026;31719812;823070901382754;26.29;190|369|393|397|412|417
11/06/2026;31719831;613562145732840;1.36;412
11/06/2026;31719837;261840510973136;0.06;412
11/06/2026;31719844;92318390701013;0.25;412
11/06/2026;31719856;854169435776399;1.2;412
11/06/2026;31719925;743900839672681;3.44;412
11/06/2026;31719926;109086539186828;44.67;397
11/06/2026;31719936;798125496672695;1.18;412
11/06/2026;31719965;911782637657443;6.32;393|412
11/06/2026;31719966;886323865435677;0.06;412
11/06/2026;31719967;902859029510501;2.53;412
11/06/2026;31719971;460065248514308;0.26;412
11/06/2026;31719972;103665046757829;0.89;412
11/06/2026;31719988;576081989978382;0.04;397
11/06/2026;31719996;644805461523133;118.53;397
11/06/2026;31719997;516226554618664;0.59;393|416
11/06/2026;31720004;437758320743633;7.6;397
11/06/2026;31720007;686343709343944;2.84;397
11/06/2026;31720044;980065382844769;69.43;393|397|416
11/06/2026;31720048;631988772647039;13.21;393
11/06/2026;31720049;919011088933521;0.08;393|416
11/06/2026;31720099;266305936631114;5.5;393|416
11/06/2026;31720134;452592047610978;0.04;
11/06/2026;31720142;434644797869835;2.35;412
11/06/2026;31720158;351305249404928;2.53;412
11/06/2026;31720177;923735848764952;1.2;397
11/06/2026;31720243;942479592405062;8.09;412
11/06/2026;31720253;184556410013701;0.84;412
11/06/2026;31720255;565871521785487;0.96;393|419
11/06/2026;31720259;562511060862302;1.27;412
11/06/2026;31720268;510618017710490;0.92;412
11/06/2026;31720269;823696596669772;0.32;412
11/06/2026;31720277;666943923441218;0.22;412
11/06/2026;31720284;784680780387007;2.36;412
11/06/2026;31720291;444878425283926;8.29;369|393|397|412|417
11/06/2026;31720292;632684453858832;6.79;369|393|397|412|417
11/06/2026;31720296;892374519691118;21.75;393|397|416
11/06/2026;31720401;574002262484808;7.94;397
11/06/2026;31720406;921434582262206;0.4;412
11/06/2026;31720419;313064554711966;11.59;268|274
11/06/2026;31720423;662822957639206;1.6;397
11/06/2026;31720464;882913478450215;2.53;412
11/06/2026;31720468;946229626528518;0.57;397|412
11/06/2026;31720472;369585196804841;1.09;397|412
11/06/2026;31720474;434708222791109;0.26;393|417
11/06/2026;31720476;969903674908082;0.69;397
11/06/2026;31720485;90878655561983;0.44;393|417
11/06/2026;31720487;814943396338772;0.57;412
11/06/2026;31720488;480688950437514;3.98;393|416
11/06/2026;31720489;745273452934730;0.28;412
11/06/2026;31720529;372762842041300;0.35;
11/06/2026;31720535;646239542735793;0.24;412
11/06/2026;31720545;163942849567404;0.37;393|419
11/06/2026;31720558;729713639423194;28.53;393|397|419
11/06/2026;31720564;678545317015413;3.32;397
11/06/2026;31720578;51550287589555;64.38;393|397|412|417
11/06/2026;31720589;623196155962175;2.06;412
11/06/2026;31720597;806880107504670;0.1;397
11/06/2026;31720621;675746131868067;0.11;393|417
11/06/2026;31720628;367507021232154;0.13;412
11/06/2026;31720633;965238745266694;28.43;393|397|416
11/06/2026;31720652;680818084574971;28.93;393|397|419
11/06/2026;31720656;168266976160760;1.93;397
11/06/2026;31720659;924407441633616;1.2;412
11/06/2026;31720674;882288321663860;1.54;393|416
11/06/2026;31720685;200242338670766;0.18;412
11/06/2026;31720694;760705854143947;5.48;
11/06/2026;31720699;632672961509333;2.77;397
11/06/2026;31720704;893379711136517;0.47;412
11/06/2026;31720714;226101072510786;1.69;393|416
11/06/2026;31720715;147372993013027;3.33;412
11/06/2026;31720741;659906777985146;0.4;
11/06/2026;31720754;687869079711766;0.43;393|397
11/06/2026;31720769;344940281750486;32.53;40|336|393|397|416
11/06/2026;31720785;122184042027900;11.43;397
11/06/2026;31720794;149252428847514;0.1;397
11/06/2026;31720808;146501789697716;1.01;397
11/06/2026;31720812;484366666793800;7.34;
11/06/2026;31720821;283999327974085;81.56;397
11/06/2026;31720823;143510041585486;14.25;397
11/06/2026;31720849;240642498521412;100.7;393|397
11/06/2026;31720850;647589874533332;56.64;397
11/06/2026;31720857;717554668613009;0.26;412
11/06/2026;31720903;334435277066684;8.26;393|416
11/06/2026;31720908;94252772926222;2.72;393|412|417
11/06/2026;31720928;333399455698879;0.11;393
11/06/2026;31720940;868585888880458;0.89;412
11/06/2026;31720941;783168796321627;1.84;393|419
11/06/2026;31720964;421667520798370;0.34;412
11/06/2026;31720989;38502468121046;0.89;412
11/06/2026;31721002;648896416046660;0.15;393|417
11/06/2026;31721115;269307751663101;0.11;
11/06/2026;31721134;959785335742563;1.07;412
11/06/2026;31721178;662196252282532;0.53;393|417
11/06/2026;31721196;916086686499606;0.19;412
11/06/2026;31721219;648316393805602;0.89;412
11/06/2026;31721225;769317462654897;1.33;412
11/06/2026;31721230;449759711695119;2.66;412
11/06/2026;31721233;916998581903626;0.2;412
11/06/2026;31721235;13177310587410;0.45;412
11/06/2026;31721246;571598309664153;4.85;412
11/06/2026;31721251;524038501995620;0.36;412
11/06/2026;31721254;625821485976357;0.83;393|416
11/06/2026;31721271;684150360504522;41.99;393|397|419|420
11/06/2026;31721272;108852955731381;0.54;412
11/06/2026;31721276;125861480087937;0.05;
11/06/2026;31721360;784711913553536;63.4;397
11/06/2026;31721388;868554209856059;58.25;268|274
11/06/2026;31721398;598768508126712;1.15;397|412
11/06/2026;31721427;132841519357269;5.24;268|274|393|412|417
11/06/2026;31721437;948358686734317;0.9;393|412|417
11/06/2026;31721444;954985381942776;0.08;
11/06/2026;31721449;17161823825265;3.2;412
11/06/2026;31721453;297354365245239;3.27;393|397|420
11/06/2026;31721491;707170565065119;3.45;412
11/06/2026;31721498;47331451375638;0.24;393|417
11/06/2026;31721520;435679699371824;0.18;412
11/06/2026;31721533;60908566565201;4.06;397
11/06/2026;31721562;853336405962736;0.45;412
11/06/2026;31721586;227431248643446;0.04;
11/06/2026;31721593;525916949958527;0.15;393
11/06/2026;31721606;258891685367260;0.88;412
11/06/2026;31721610;663924650083149;1.23;412
11/06/2026;31721612;80452424557745;1.18;412
11/06/2026;31721613;718419509916783;0.53;412
11/06/2026;31721615;28695237594743;0.32;412
11/06/2026;31721622;562967208303152;0.94;412
11/06/2026;31721640;723026620804800;0.32;412
11/06/2026;31721643;167903016277936;0.36;412
11/06/2026;31721654;700831974428492;1.07;412
11/06/2026;31721693;696930323516555;0.04;
11/06/2026;31721697;692617599989841;0.36;412
11/06/2026;31721709;169673606969190;2.58;412|422
11/06/2026;31721728;973083952579425;1.87;397
11/06/2026;31721733;622877392065857;52.0;393|397
11/06/2026;31721792;513248661449894;0.29;412
11/06/2026;31721801;253593879746602;0.53;412
11/06/2026;31721804;76658790441401;0.41;412
11/06/2026;31721805;358403531448951;0.94;412
11/06/2026;31721808;307488775663077;0.51;397
11/06/2026;31721845;31457572405687;0.54;412
11/06/2026;31721863;32385027326628;20.9;397
11/06/2026;31721864;301048726317728;84.28;397
11/06/2026;31721867;645375872604326;0.89;412
11/06/2026;31721869;781917529712200;51.33;397
11/06/2026;31721894;340543716892271;6.24;397
11/06/2026;31721928;404934471017670;42.04;393|397|419|420
11/06/2026;31721936;129081522721562;42.71;393|397|419|420
11/06/2026;31721953;730140118929561;0.85;412
11/06/2026;31721956;421877389053078;0.93;412
11/06/2026;31721965;965774143856193;10.29;393|397|412|417
11/06/2026;31721978;38309499769101;1.95;412
11/06/2026;31721984;546208071608865;63.4;397
11/06/2026;31721991;385115150062303;0.23;
11/06/2026;31721993;932266150654762;8.16;397
11/06/2026;31721999;320733454028021;0.35;412
11/06/2026;31722003;618969808143124;1.77;412
11/06/2026;31722011;258800909810630;7.79;397
11/06/2026;31722015;993412326358197;0.22;412
11/06/2026;31722017;690003923378613;36.52;268|274|393|417
11/06/2026;31722034;602867217118965;1.17;412
11/06/2026;31722049;710266238087429;2.84;397
11/06/2026;31722080;683737194100121;1.93;397
11/06/2026;31722094;133659078277387;0.17;
11/06/2026;31722104;931032015819900;3.57;393|416|421
11/06/2026;31722118;702331343160324;0.11;
11/06/2026;31722155;661776984279761;1.59;397
11/06/2026;31722162;634830283087516;0.67;397
11/06/2026;31722173;393268747893069;0.17;393|416
11/06/2026;31722196;536675546857464;21.94;393|397|417
11/06/2026;31722233;410546801823311;1.46;393|419
11/06/2026;31722251;653790660148305;3.55;412
11/06/2026;31722252;352893128612419;0.92;412
11/06/2026;31722263;597166696812852;4.46;412
11/06/2026;31722274;147547479345044;0.16;412
11/06/2026;31722293;386772221044523;0.32;412
11/06/2026;31722308;442176063851388;1.14;412
11/06/2026;31722309;920368973172571;4.46;412
11/06/2026;31722314;412481269776245;0.26;412
11/06/2026;31722317;738395574853301;0.26;412
11/06/2026;31722331;263711553324999;0.18;412
11/06/2026;31722342;674754442251989;0.92;412
11/06/2026;31722350;392439946004989;1.1;412
11/06/2026;31722353;36711644996364;0.4;412
11/06/2026;31722362;741365571090010;0.98;412
11/06/2026;31722366;698265582606872;1.98;397
11/06/2026;31722374;282737702163578;6.84;393|397|416
11/06/2026;31722381;521807280971245;1.2;393|397|416
11/06/2026;31722396;131427678595524;2.06;412
11/06/2026;31722409;27055303242828;3.82;393|419
11/06/2026;31722411;284840610012272;2.84;397
11/06/2026;31722421;284777742232253;0.13;412
11/06/2026;31722425;899937640603704;0.57;412
11/06/2026;31722426;902120809813677;0.93;412
11/06/2026;31722427;451915302367125;0.06;
11/06/2026;31722438;107608770546621;0.26;412
11/06/2026;31722447;276079883699720;3.79;393|417
11/06/2026;31722452;107441459602433;0.67;412
11/06/2026;31722453;608430278965055;0.61;397
11/06/2026;31722456;360371931811154;1.5;412
11/06/2026;31722466;34876409755332;0.13;412
11/06/2026;31722491;517707838853589;3.06;397
12/06/2026;31025547;252110163097333;1.15;412
12/06/2026;31143652;393965828531821;124.17;397
12/06/2026;31194637;30560270455709;161.46;397
12/06/2026;31244567;316259241144089;123.3;397
12/06/2026;31246940;203331231025374;117.06;397
12/06/2026;31279705;183841284523890;207.53;397
12/06/2026;31288306;549498194451071;159.62;397
12/06/2026;31322540;558271837865610;86.89;397
12/06/2026;31327741;444238537875091;124.48;397
12/06/2026;31341987;711061088419649;96.89;397
12/06/2026;31342719;175925624794804;0.52;397
12/06/2026;31350198;818440761058552;0.77;397
12/06/2026;31356142;929258258754149;68.43;397
12/06/2026;31356963;158391830269666;92.64;397
12/06/2026;31356969;504545114772313;78.94;397
12/06/2026;31359446;644943602346513;106.23;397
12/06/2026;31364628;770561241332868;106.59;397
12/06/2026;31366535;132577391959814;6.28;397
12/06/2026;31371456;738597953824944;0.05;412
12/06/2026;31371990;345967094568545;0.18;368
12/06/2026;31401204;500671831149390;42.84;397
12/06/2026;31408310;639866844221536;0.04;
12/06/2026;31409733;597525510060030;121.55;397
12/06/2026;31417934;433360368615882;96.08;397
12/06/2026;31421101;573380327167240;0.89;393|416
12/06/2026;31427612;422456013903428;58.59;393|397|416
12/06/2026;31438749;474766318030053;125.04;397
12/06/2026;31447549;213466124668146;0.66;397
12/06/2026;31449404;145104411375170;158.74;397
12/06/2026;31457695;6835742373337;24.16;368|393|397|419
12/06/2026;31457925;356274144793429;13.24;393|416
12/06/2026;31458868;845272074698440;96.88;397
12/06/2026;31459695;642706315477793;0.86;397
12/06/2026;31460268;444190974458630;52.2;393|397|416
12/06/2026;31460435;194246222533917;26.65;393|397|416
12/06/2026;31460861;152080072504448;103.28;397
12/06/2026;31463166;627932506426385;45.91;368
12/06/2026;31464801;211336591653508;30.07;393|416
12/06/2026;31472487;283750714184902;0.23;393|419
12/06/2026;31474394;239206013065849;0.16;420
12/06/2026;31474952;425377529433229;98.73;397
12/06/2026;31476205;651104112612163;40.4;393|397|419
12/06/2026;31479658;624160967902172;46.24;393
12/06/2026;31486090;327664459478537;4.16;393|419
12/06/2026;31487786;483543481887541;0.04;420
12/06/2026;31488923;24293733699796;0.17;397
12/06/2026;31491248;776523746639767;2.71;393|420
12/06/2026;31492319;155967916175446;8.38;
12/06/2026;31493451;972982297954012;15.76;397
12/06/2026;31493453;304917225488738;46.51;397
12/06/2026;31493476;603947750799521;9.57;397
12/06/2026;31494702;470914960743836;3.96;393|419
12/06/2026;31496439;746068881014168;139.44;393|397
12/06/2026;31499583;834564478325155;0.72;420
12/06/2026;31499996;70020182814020;94.23;
12/06/2026;31500045;788744963119652;112.23;397
12/06/2026;31500166;254517861199322;238.24;393|397
12/06/2026;31500320;438251270877987;11.11;397
12/06/2026;31502383;232822034817702;0.09;393
12/06/2026;31503546;933406747760196;91.57;397
12/06/2026;31504134;630058299340683;123.3;397
12/06/2026;31504191;246359524479478;119.09;393|397
12/06/2026;31505052;13766119970007;23.14;397
12/06/2026;31506950;205017785611181;0.14;
12/06/2026;31507973;94821978400989;65.17;397
12/06/2026;31508444;495113559817855;0.55;420
12/06/2026;31509130;665313474668479;0.48;393
12/06/2026;31510099;982987565286072;25.14;368|393|397|419
12/06/2026;31514772;407993474428377;29.78;368|393|397|419
12/06/2026;31517329;165259728230713;32.17;393|419
12/06/2026;31520934;663502550859668;5.94;397
12/06/2026;31521661;91639007326861;3.59;397|412
12/06/2026;31521881;609013184340345;79.56;397
12/06/2026;31523216;86164260896301;2.72;393|416
12/06/2026;31523226;893521982649570;231.41;397
12/06/2026;31526845;783787326270332;44.11;368|393|397|419
12/06/2026;31572200;703765322716841;1.02;393|419
12/06/2026;31597740;945475122148683;0.19;393
12/06/2026;31598443;210420981709825;25.97;393|397|416
12/06/2026;31598448;850490011279050;11.69;397
12/06/2026;31598849;981147489917308;2.32;393|419
12/06/2026;31600631;104490214174275;31.09;397
12/06/2026;31603006;668283426004905;8.15;393|416
12/06/2026;31604901;213239131755160;111.78;397
12/06/2026;31606436;430186519230080;15.81;
12/06/2026;31606950;126466923288225;2.09;
12/06/2026;31606954;815266989585823;10.56;397
12/06/2026;31607670;129590922977937;14.14;397
12/06/2026;31608381;407009515188030;0.03;393|419
12/06/2026;31610812;844330406731383;1.88;397
12/06/2026;31612189;854275902014382;3.57;
12/06/2026;31612794;838196360893244;0.91;
12/06/2026;31613529;363911067940635;0.32;393
12/06/2026;31614387;308084007656612;0.98;393|419
12/06/2026;31614866;143608533207754;1.97;
12/06/2026;31615104;793474752403342;1.04;
12/06/2026;31616584;243129012699009;3.97;393|419
12/06/2026;31616655;104488230198190;2.52;393
12/06/2026;31616686;494845838002467;2.56;393
12/06/2026;31621804;821632878417021;15.25;393|397
12/06/2026;31623493;422020217543636;0.9;393|416
12/06/2026;31623563;81966989054751;20.47;397
12/06/2026;31623686;213445376035428;0.67;
12/06/2026;31623692;332066289913591;22.96;
12/06/2026;31623846;279080763744288;19.04;393|397|416
12/06/2026;31624945;900876183549638;0.31;393|416
12/06/2026;31624961;628299015703732;139.16;
12/06/2026;31625518;705463715640820;0.34;393|416
12/06/2026;31626353;482652738352666;22.24;397
12/06/2026;31633142;729474700225180;27.16;397
12/06/2026;31633304;904816138504029;9.64;
12/06/2026;31634976;419102329177528;14.91;397
12/06/2026;31635823;590569190007542;54.31;397
12/06/2026;31647544;855706304377631;49.44;397
12/06/2026;31655221;762290481229566;4.15;397
12/06/2026;31657120;123262474733518;1.7;397
12/06/2026;31672983;44855714408892;0.02;420
12/06/2026;31673273;506904997002781;24.12;393|397|416
12/06/2026;31675695;415889133323297;0.47;393|416
12/06/2026;31677691;126397582848502;2.51;393|420
12/06/2026;31688345;563968263813436;2.25;393|419
12/06/2026;31689968;439463160976099;75.71;393|397|419
12/06/2026;31691760;628480546994530;3.53;393|416|421
12/06/2026;31692398;774681555432300;0.41;393|419
12/06/2026;31693801;266722338482994;88.81;397
12/06/2026;31693866;689294852088459;41.28;397
12/06/2026;31694086;494933732580844;49.09;393
12/06/2026;31694255;7893361480041;24.36;393
12/06/2026;31694308;862270644636634;2.25;393|416
12/06/2026;31696778;956286454467013;0.27;393|416
12/06/2026;31697799;136201524971367;3.26;397
12/06/2026;31697910;511479005047438;0.01;
12/06/2026;31698395;386764508636796;0.33;397
12/06/2026;31699190;622692850070923;1.93;393|419
12/06/2026;31699452;524327554314678;6.91;397
12/06/2026;31699843;799374763906856;35.96;202|213|269|393|397|409|410|412|417|424
12/06/2026;31700111;675027431883948;35.96;202|213|269|371|372|393|397|409|410|412|417|424
12/06/2026;31700112;621055360382931;0.48;202|213|409|410|412|424
12/06/2026;31700255;957321362710091;0.17;202|213|409|410|424
12/06/2026;31700391;590849241101853;0.52;202|213|409|410|412|424
12/06/2026;31700425;922079895346416;8.38;368|393|419
12/06/2026;31700553;597079911533832;18.01;397
12/06/2026;31700594;236937898552890;3.88;202|213|250|409|410|412|424
12/06/2026;31700670;935144807502843;0.93;202|213|409|410|412|424
12/06/2026;31700787;725659552634869;3.88;202|213|250|409|410|412|424
12/06/2026;31701040;210844675247892;0.97;202|213|409|410|412|424
12/06/2026;31701078;783275594506412;1.32;202|213|409|410|412|424
12/06/2026;31701400;957280935634884;0.7;202|213|409|410|412|424
12/06/2026;31701471;914335963131204;0.48;202|213|409|410|412|424
12/06/2026;31702055;666448821768963;2.08;412|422
12/06/2026;31702129;155680314691604;1.13;202|213|409|410|412|424
12/06/2026;31702370;428796735375352;1.32;202|213|409|410|412|424
12/06/2026;31702650;323664285818732;26.4;397
12/06/2026;31702911;659761575561932;0.25;202|409|410|412
12/06/2026;31703016;285920729291227;0.59;393|416
12/06/2026;31703322;206556381215356;0.25;202|409|410|412
12/06/2026;31703323;538619334134143;0.09;202|409|410|412
12/06/2026;31703817;98947632825017;10.19;393|416|421
12/06/2026;31703898;98036129869996;50.9;202|213|355|393|397|409|410|412|417|424
12/06/2026;31704342;811135824726511;1.13;202|213|409|410|412|424
12/06/2026;31704551;939139401925295;34.01;202|213|269|355|393|397|409|410|417|424
12/06/2026;31705251;909611227955165;0.48;202|213|409|410|412|424
12/06/2026;31705743;496471599066445;1.32;202|213|409|410|412|424
12/06/2026;31707113;838767950186287;49.41;202|213|355|393|397|409|410|412|417|424
12/06/2026;31707544;164996318603690;35.88;202|213|269|371|372|393|397|409|410|417|424
12/06/2026;31707702;309812720221313;4.08;393|416
12/06/2026;31707807;172988740339442;0.7;202|213|409|410|412|424
12/06/2026;31707890;716421711357782;103.13;397
12/06/2026;31707963;355608215410362;4.25;202|213|409|410|424
12/06/2026;31708599;255405569369998;0.7;202|213|409|410|412|424
12/06/2026;31708662;226553326127539;6.56;393|412|417
12/06/2026;31709288;828434533839909;3.62;202|213|409|410|412|424
12/06/2026;31709780;406215374514808;0.59;393|416
12/06/2026;31709826;15649720171648;0.09;202|409|410|412
12/06/2026;31709862;43489464639684;15.43;202|213|269|355|393|409|410|412|417|424
12/06/2026;31709890;609634253657103;8.99;202|213|269|355|371|372|397|409|410|412|424
12/06/2026;31709957;909910179622059;10.46;202|213|269|355|409|410|412|424
12/06/2026;31709973;671839311356256;8.65;202|213|269|355|371|372|393|397|409|410|412|417|424
12/06/2026;31710050;508157339647787;0.25;202|409|410|412
12/06/2026;31710142;489837901367111;2.57;202|213|269|355|393|409|410|412|417|424
12/06/2026;31710199;994721073804789;8.07;202|213|269|355|371|372|397|409|410|412|424
12/06/2026;31710205;527800904332798;61.72;393|397|416
12/06/2026;31710240;347779645831633;0.97;202|213|409|410|412|424
12/06/2026;31710372;96002606428153;51.43;202|213|355|393|397|409|410|412|417|424
12/06/2026;31710953;881899206717932;11.69;393|416
12/06/2026;31711087;600318027937820;7.92;202|213|269|355|371|372|397|409|410|424
12/06/2026;31711512;656192106172467;9.32;202|213|269|355|397|409|410|412|424
12/06/2026;31711603;930753740521838;16.64;202|213|269|355|393|409|410|412|417|424
12/06/2026;31711604;280899102287175;5.83;202|213|269|355|393|409|410|412|417|424
12/06/2026;31711640;859913444208327;66.23;393|397|416
12/06/2026;31711726;931576314104309;7.92;202|213|269|355|371|372|397|409|410|424
12/06/2026;31711727;335606586188270;7.68;202|213|269|355|371|372|397|409|410|412|424
12/06/2026;31711931;975557503503159;0.48;202|213|409|410|412|424
12/06/2026;31712022;393955548651405;11.62;202|213|371|372|397|409|410|412|424
12/06/2026;31712065;987324870240824;3.88;202|213|409|410|424
12/06/2026;31712677;834631404597722;11.45;202|213|409|410|412|424
12/06/2026;31713065;706642191476560;1.32;202|213|409|410|412|424
12/06/2026;31713367;59574482057098;5.35;412
12/06/2026;31713476;320621666690878;49.41;202|213|355|393|397|409|410|412|417|424
12/06/2026;31713995;35254618605967;8.99;202|213|269|355|371|372|397|409|410|412|424
12/06/2026;31714023;790630119598134;12.51;369|393|412|417
12/06/2026;31714078;20227130946284;8.16;202|213|371|372|397|409|410|412|424
12/06/2026;31714144;941014083758814;0.79;202|213|409|410|424
12/06/2026;31714632;114758295700906;2.96;397|412
12/06/2026;31714882;178291851432048;0.57;202|213|409|410|424
12/06/2026;31715004;987818703358285;1.41;202|213|409|410|412|424
12/06/2026;31715691;327124161195204;1.32;202|213|409|410|412|424
12/06/2026;31715711;133476503320668;10.85;202|213|269|355|393|397|409|410|412|417|424
12/06/2026;31715744;958953157005111;0.25;202|409|410|412
12/06/2026;31715923;244192530843361;0.65;412
12/06/2026;31715937;727251681318663;2.03;39|40|393|419
12/06/2026;31715958;342586424574125;7.08;202|213|269|355|397|409|410|412|424
12/06/2026;31716096;109919342328239;10.46;202|213|269|355|409|410|424
12/06/2026;31716344;360078086900374;4.25;202|213|409|410|424
12/06/2026;31716395;283723485038185;1.23;412
12/06/2026;31716401;411149684037734;0.68;202|213|409|410|412|424
12/06/2026;31716542;132102171314606;101.14;202|213|269|355|393|397|409|410|412|417|424
12/06/2026;31716685;74332299932081;7.48;202|213|269|355|371|372|397|409|410|424
12/06/2026;31716797;519402992063065;7.92;202|213|269|355|371|372|393|397|409|410|417|424
12/06/2026;31716882;814626870722443;0.37;
12/06/2026;31717415;157322265742922;4.23;202|213|409|410|412|424
12/06/2026;31717435;700655665425114;0.75;412
12/06/2026;31717741;663797129817833;1.07;202|213|409|410|424
12/06/2026;31717779;657580219300572;0.52;202|213|409|410|412|424
12/06/2026;31717842;260598879072136;0.68;202|213|409|410|412|424
12/06/2026;31717919;120429080487455;1.19;412
12/06/2026;31718032;386612297269857;8.99;202|213|269|355|371|372|397|409|410|412|424
12/06/2026;31718061;977137701996087;9.43;
12/06/2026;31718092;296666737264273;7.68;202|213|269|355|371|372|397|409|410|412|424
12/06/2026;31718128;985034302383509;0.93;412
12/06/2026;31718466;595398489905306;1.11;412
12/06/2026;31718614;360380237418027;8.07;202|213|269|355|371|372|397|409|410|412|424
12/06/2026;31718632;622321583534724;0.56;397
12/06/2026;31718709;718072912560019;13.84;393|416
12/06/2026;31718778;917050663620745;49.2;268|274
12/06/2026;31718830;816207353864179;0.68;202|213|409|410|412|424
12/06/2026;31718920;493234479932381;8.65;202|213|269|355|371|372|397|409|410|412|424
12/06/2026;31719065;901906518711680;9.13;202|213|269|355|371|372|397|409|410|412|424
12/06/2026;31719198;927642345688329;5.26;202|409|410|412
12/06/2026;31719357;717804094737294;0.48;202|213|409|410|412|424
12/06/2026;31719485;894538283435005;7.6;202|213|269|355|371|372|393|397|409|410|412|417|424
12/06/2026;31719582;64803622378781;2.08;412
12/06/2026;31719586;703237119021347;5.68;202|213|269|355|393|409|410|417|424
12/06/2026;31719607;944397184018116;2.84;397|412
12/06/2026;31719735;942072715584675;8.55;202|213|269|355|371|372|393|397|409|410|412|417|424
12/06/2026;31719804;304756690745392;8.07;202|213|269|355|371|372|393|397|409|410|412|417|424
12/06/2026;31720139;597160603606130;38.98;393|397
12/06/2026;31720141;819126677119954;3.51;412
12/06/2026;31720226;162016980807902;0.04;412
12/06/2026;31720295;493391758036676;8.8;369|393|397|412|417
12/06/2026;31720493;112982341827964;9.13;202|213|269|355|371|372|397|409|410|412|424
12/06/2026;31720517;806845226672346;0.7;202|213|409|410|412|424
12/06/2026;31720518;62742360371622;9.13;202|213|269|355|371|372|397|409|410|412|424
12/06/2026;31720574;854784706787906;1.07;202|213|409|410|412|424
12/06/2026;31720668;286334170478220;6.8;202|213|269|355|397|409|410|412|424
12/06/2026;31720751;981740953918527;0.59;420
12/06/2026;31720777;419361740194373;0.7;202|213|409|410|412|424
12/06/2026;31720818;741797163253477;33.57;393|397|416
12/06/2026;31720881;182514107411838;0.45;397
12/06/2026;31720917;479706865176353;8.99;202|213|269|355|371|372|393|397|409|410|412|417|424
12/06/2026;31721214;773516796810618;3.62;202|213|409|410|412|424
12/06/2026;31721236;176738262983257;0.97;202|213|409|410|412|424
12/06/2026;31721355;154828085231499;4.73;202|213|409|410|412|424
12/06/2026;31721426;844611242981626;0.98;397
12/06/2026;31721484;287781257598711;0.49;202|213|409|410|424
12/06/2026;31721623;719125915231796;0.25;202|409|410|412
12/06/2026;31721857;631119743679524;35.96;202|213|269|393|397|409|410|412|417|424
12/06/2026;31721876;9145320324124;0.97;202|213|409|410|412|424
12/06/2026;31722076;336903562766251;66.18;202|213|269|355|393|397|409|410|412|417|424
12/06/2026;31722183;175282942731351;8.65;202|213|269|355|371|372|393|397|409|410|412|417|424
12/06/2026;31722340;272437234316123;61.92;202|213|355|393|397|409|410|417|424
12/06/2026;31722346;72303258650544;0.36;
12/06/2026;31722406;576063348709103;0.29;202|409|410|412
12/06/2026;31722445;824570571363170;0.12;
12/06/2026;31722512;200922365992270;1.14;412
12/06/2026;31722513;365592581120547;22.68;397|412
12/06/2026;31722515;813564355461764;1.84;412|422
12/06/2026;31722526;508540078196176;0.06;412
12/06/2026;31722532;238294134327553;0.42;421
12/06/2026;31722533;716979119072120;0.26;412
12/06/2026;31722544;217834422527645;0.11;
12/06/2026;31722555;973062064864381;0.58;412
12/06/2026;31722562;803816653779257;0.46;412
12/06/2026;31722750;224089400942717;2.81;397
12/06/2026;31722766;15707581847838;0.13;412
12/06/2026;31722875;103249884449040;2.43;412
12/06/2026;31722931;618652838011063;0.06;393|419
12/06/2026;31722956;767963854947646;1.22;397
12/06/2026;31722975;376932291537585;1.1;412
12/06/2026;31722996;428160151624685;8.13;420
12/06/2026;31723015;642008533360877;1.47;397
12/06/2026;31723032;104032604997384;0.96;412
12/06/2026;31723321;924288319205429;0.38;
12/06/2026;31723322;817750170815687;2.53;412
12/06/2026;31723324;532620598409069;0.58;412
12/06/2026;31723339;424448337446977;14.94;393|397|416
12/06/2026;31723341;214781622228243;0.89;412
12/06/2026;31723348;910678868270771;0.41;420
12/06/2026;31723354;253257171874230;1.7;412
12/06/2026;31723373;977419393990016;0.88;202|213|409|410|424
12/06/2026;31723376;53075782686880;0.13;412
12/06/2026;31723393;58743188148020;32.24;393|397|419|420
12/06/2026;31723396;107855382331000;0.75;397
12/06/2026;31723398;933121735836811;32.81;393|397|419|420
12/06/2026;31723412;234686699974587;1.36;412
12/06/2026;31723419;388988842561048;2.53;412
12/06/2026;31723453;553732057527713;4.7;420
12/06/2026;31723488;31923124360116;0.06;412
12/06/2026;31723491;826835726133989;8.55;202|213|269|355|371|372|397|409|410|412|424
12/06/2026;31723509;399696312019825;0.14;393
12/06/2026;31723523;867067911001904;0.9;397
12/06/2026;31723535;224766228120007;2.53;
12/06/2026;31723562;172188045474418;1.54;397
12/06/2026;31723576;75594824837229;36.06;268
12/06/2026;31723580;798963382243892;1.73;412
12/06/2026;31723586;896093395388875;0.21;
12/06/2026;31723599;244385601770920;0.57;397|412
12/06/2026;31723622;877095931690182;2.84;397
12/06/2026;31723641;327047491169487;0.07;393|419
12/06/2026;31723696;181347867326524;0.23;
12/06/2026;31723698;136126566298858;19.27;393|397|412|417
12/06/2026;31723717;86055355866039;53.5;268|274|393|417
12/06/2026;31723720;469357954116406;2.72;393|419
12/06/2026;31723760;798501836522630;0.41;
12/06/2026;31723797;223413307199286;0.26;397|412
12/06/2026;31723807;38648371890570;0.48;
12/06/2026;31723825;992248055009526;0.04;412
12/06/2026;31723834;496797218114199;0.3;393|417
12/06/2026;31723862;397380279273793;4.43;393|419
12/06/2026;31723865;845986304131373;0.06;412
12/06/2026;31723879;583615855914740;0.21;412
12/06/2026;31723881;562109108870328;5.89;397|412
12/06/2026;31723886;707100580936847;70.35;393|397|416
12/06/2026;31723894;309231285896746;0.94;412
12/06/2026;31723921;652128065462238;7.18;202|213|371|372|397|409|410|412|424
12/06/2026;31723922;226757793199819;0.4;412
12/06/2026;31723923;535488599043357;0.89;412
12/06/2026;31723948;830025340289961;0.05;
12/06/2026;31723978;17546467465783;36.57;393|397|419
12/06/2026;31723992;835030627530323;4.81;412
12/06/2026;31723997;278712312070177;2.21;412
12/06/2026;31724009;500808950054838;0.67;412
12/06/2026;31724015;197422567137549;4.13;412
12/06/2026;31724030;8293212377661;3.07;397
12/06/2026;31724038;516186421284791;0.35;412
12/06/2026;31724041;417908919723954;0.26;412
12/06/2026;31724049;772337449158711;0.75;397
12/06/2026;31724055;688530572039369;1.94;393|417
12/06/2026;31724065;911367022572367;0.06;412
12/06/2026;31724084;622033835247520;0.03;
12/06/2026;31724090;270286567256050;0.99;393|419
12/06/2026;31724109;808735998447003;0.24;412
12/06/2026;31724138;116349785093934;3.09;397
12/06/2026;31724150;839244845057565;13.2;393|416
12/06/2026;31724153;89197505889164;1.23;412
12/06/2026;31724162;746670783663144;0.23;
12/06/2026;31724164;669928336572350;0.22;412
12/06/2026;31724181;271334484720369;4.94;268|274|393|412|417
12/06/2026;31724184;808385465523593;0.64;412
12/06/2026;31724190;792501161108754;0.47;412
12/06/2026;31724233;357206374166418;2.79;250|412|422
12/06/2026;31724240;905963799662042;4.01;393|416|421
12/06/2026;31724248;157223600689808;3.19;397
12/06/2026;31724286;135510137529305;0.06;393
12/06/2026;31724298;932501452334792;0.78;397
12/06/2026;31724344;833805015431174;2.18;397
12/06/2026;31724367;483269635075865;11.12;202|213|269|355|393|397|409|410|412|417|424
12/06/2026;31724371;592737602481140;0.23;
12/06/2026;31724381;90585722616404;1.47;397
12/06/2026;31724383;172621214769204;1.98;397
12/06/2026;31724386;510134729072569;0.09;393|416
12/06/2026;31724396;137399700736753;0.26;412
12/06/2026;31724440;139362427714828;0.09;202|409|410|412
12/06/2026;31724465;284645857130496;2.76;412
12/06/2026;31724466;491926008415907;0.06;412
12/06/2026;31724467;712836193364660;0.48;393|417
12/06/2026;31724475;232302207965023;0.4;412
12/06/2026;31724477;438888525953514;13.97;397|412
12/06/2026;31724480;348128534620061;22.66;397|412
12/06/2026;31724519;301942129640070;0.22;412
12/06/2026;31724534;928480475336826;3.42;412
12/06/2026;31724539;544629244470116;16.64;202|213|269|355|393|409|410|412|417|424
12/06/2026;31724598;428810784829000;13.73;397
12/06/2026;31724611;560814749918368;2.31;420
12/06/2026;31724693;654399815787482;0.06;412
12/06/2026;31724705;829068125716376;9.13;202|213|269|355|371|372|393|397|409|410|412|417|424
12/06/2026;31724727;379261908611752;15.71;268|274
12/06/2026;31724729;829509969617667;0.12;412
12/06/2026;31724732;247681093376030;0.23;
12/06/2026;31724754;937236437219789;0.36;412
12/06/2026;31724756;96056296793427;0.36;412
12/06/2026;31724836;910021464218296;1.98;
12/06/2026;31724870;952424734768156;2.15;397
12/06/2026;31724897;689831720509554;148.67;397
12/06/2026;31724927;443063364238902;0.22;412
12/06/2026;31724990;441407248346216;5.05;393|419
12/06/2026;31724991;5521924357171;0.77;393|417
12/06/2026;31724995;71957757125573;0.32;
12/06/2026;31724997;15160204834503;1.8;250|412
12/06/2026;31725032;44067277309230;1.31;397
12/06/2026;31725044;648129199625241;8.97;393|419
12/06/2026;31725052;387614637137893;13.79;268|393|397|416
12/06/2026;31725053;971514613595564;5.6;393|416
12/06/2026;31725055;792933827984857;1.72;397
12/06/2026;31725088;909943985717312;4.98;397
12/06/2026;31725118;40769670346805;2.0;397
12/06/2026;31725121;739973619728971;0.65;412
12/06/2026;31725124;87940164227109;0.22;412
12/06/2026;31725147;678569426609247;3.14;393|397|419
12/06/2026;31725149;492698991055658;0.69;393|419
12/06/2026;31725181;57880661755821;0.06;412
12/06/2026;31725187;889054201486925;0.89;412
12/06/2026;31725188;348603502173219;7.12;412
12/06/2026;31725189;245707162265219;1.78;412
12/06/2026;31725196;479971161134982;22.92;393|416
12/06/2026;31725199;726693901071666;44.73;393|397
12/06/2026;31725296;449418877166860;1.41;397
12/06/2026;31725298;952543220603152;0.3;393
12/06/2026;31725313;189250563562180;59.52;393|397|417
12/06/2026;31725318;367303885643290;1.52;412
12/06/2026;31725329;564098507185922;0.92;412
12/06/2026;31725332;986176023699757;0.47;412
12/06/2026;31725337;77520810045881;1.23;412
12/06/2026;31725362;826353577841683;0.26;412
12/06/2026;31725363;850944685210333;3.44;412
12/06/2026;31725382;615178184668066;0.26;412
12/06/2026;31725386;594506366243215;0.22;412
12/06/2026;31725387;951998899824215;0.53;393|397|417
12/06/2026;31725396;333367993779762;3.27;393|416|421
12/06/2026;31725458;43480442994389;0.16;412
12/06/2026;31725464;18926615213365;8.65;202|213|269|355|371|372|393|397|409|410|412|417|424
12/06/2026;31725468;634708974421400;0.75;397
12/06/2026;31725475;672801207790152;0.01;
12/06/2026;31725481;830567369102753;0.18;412
12/06/2026;31725525;812919023410714;0.39;
12/06/2026;31725533;900689230914853;7.48;202|213|269|355|371|372|397|409|410|424
12/06/2026;31725564;333194720851661;8.99;202|213|269|355|371|372|397|409|410|412|424
12/06/2026;31725572;130101116968897;4.65;268|397|412
12/06/2026;31725581;898043700644975;0.13;412
12/06/2026;31725598;722713201014881;0.32;412
12/06/2026;31725601;136744714039648;0.79;412
12/06/2026;31725607;752397286080964;0.24;412
12/06/2026;31725629;10658540971409;0.06;412
12/06/2026;31725666;339922190549871;2.0;397
12/06/2026;31725707;271409081985825;55.01;393|397|416
12/06/2026;31725710;801427504966276;0.2;397
12/06/2026;31725734;578441485421404;20.02;397
12/06/2026;31725738;192133143307098;59.54;393|397|416
12/06/2026;31725750;464129559703174;0.32;412
12/06/2026;31725753;466502645147950;35.03;397
12/06/2026;31725758;498654185126128;12.17;397
12/06/2026;31725777;682778572619752;2.2;
12/06/2026;31725783;880523973874112;1.7;422
12/06/2026;31725811;750419859032247;3.07;397
12/06/2026;31725813;494166450696018;5.27;393|416
12/06/2026;31725815;466929523705191;2.53;397|412
12/06/2026;31725824;830729600407609;2.82;397
12/06/2026;31725828;568152718883481;0.48;397
12/06/2026;31725832;924648562116328;33.98;397
12/06/2026;31725850;581758706442347;1.02;412
12/06/2026;31725877;770727125881757;1.85;393|412|417|422
12/06/2026;31725879;241160065146317;1.45;420
12/06/2026;31725889;288890715725945;1.17;422
12/06/2026;31725912;929488642352386;2.37;412|422
12/06/2026;31725985;253928796250961;0.57;397|412
12/06/2026;31726024;519051367082545;0.41;
12/06/2026;31726042;861804493110007;0.34;412
12/06/2026;31726046;294551047158568;4.54;393|416
12/06/2026;31726047;968978072313605;9.43;393|416
12/06/2026;31726052;314305476357752;39.12;182|397
12/06/2026;31726057;898110964297038;0.98;412
12/06/2026;31726073;933852864627208;29.13;268|274|393|417
12/06/2026;31726077;859440859557912;2.18;397|412
12/06/2026;31726081;265915402195237;4.12;397
12/06/2026;31726087;31008628379865;44.11;393|397|416
12/06/2026;31726101;843388399505689;0.22;412
12/06/2026;31726109;989807047870109;1.06;412
12/06/2026;31726111;86795728699753;0.99;412
12/06/2026;31726116;431569871332339;1.41;409|410|412
12/06/2026;31726117;325207322420907;0.1;412
12/06/2026;31726125;310446139234489;3.95;268|412
12/06/2026;31726152;951962504471974;0.71;412
12/06/2026;31726162;744243655125315;2.84;397
12/06/2026;31726173;444662888084782;0.52;412
12/06/2026;31726179;601735351409650;9.51;397
12/06/2026;31726207;666215436377687;1.9;412
12/06/2026;31726208;187611991868184;0.24;412
12/06/2026;31726237;571303809354082;0.92;412
12/06/2026;31726245;983374851506477;0.12;412
12/06/2026;31726256;27595372269717;1.53;412
12/06/2026;31726260;829948616349581;1.53;412
12/06/2026;31726262;798212374105528;0.88;412
12/06/2026;31726275;613919529857433;0.22;412
12/06/2026;31726281;592342534993105;0.29;397
12/06/2026;31726284;926107469777462;0.29;412
12/06/2026;31726292;679830161501091;0.13;412
12/06/2026;31726297;757308356016030;1.23;397
12/06/2026;31726308;716089397573203;0.22;412
12/06/2026;31726328;31401139370879;0.16;420
12/06/2026;31726333;492413195190958;0.26;412
12/06/2026;31726339;485361757379645;1.73;412
12/06/2026;31726362;86636115298907;0.27;
12/06/2026;31726424;914884500473757;0.22;
12/06/2026;31726427;571513112526268;1.04;393
12/06/2026;31726435;676654015755634;1.93;397
12/06/2026;31726454;171985513516741;3.72;393|419|420
12/06/2026;31726520;677127809846642;0.5;182
12/06/2026;31726525;834257501588840;0.05;
12/06/2026;31726542;14642189361866;2.84;397
12/06/2026;31726552;633728530614820;0.19;
12/06/2026;31726580;388133592368625;2.25;412
12/06/2026;31726581;194194807621547;0.42;421
12/06/2026;31726592;212867831122205;0.2;
12/06/2026;31726608;986619983004993;6.73;412
12/06/2026;31726616;73381320928074;0.41;412
12/06/2026;31726618;121114823482548;75.89;393|397|416
12/06/2026;31726620;151940644338290;2.4;412
12/06/2026;31726622;922458761527084;0.89;412
12/06/2026;31726625;596285649203003;3.0;412
12/06/2026;31726636;361437208295355;1.75;412
12/06/2026;31726647;845490432424969;0.01;421
12/06/2026;31726655;701869075055964;1.96;412
12/06/2026;31726656;93831797585309;1.26;412
12/06/2026;31726659;382325582989366;0.54;393|417
12/06/2026;31726660;194533618658082;0.06;412
12/06/2026;31726661;601008506741543;0.45;412
12/06/2026;31726664;860312291887390;1.08;412
12/06/2026;31726667;499669550459331;3.55;412
12/06/2026;31726673;551730169251214;0.22;412
12/06/2026;31726675;539597375765655;2.78;412
12/06/2026;31726676;41179493535924;0.07;
12/06/2026;31726686;863112136626824;0.3;412
12/06/2026;31726688;636769465630137;0.72;397
12/06/2026;31726693;40333514781920;1.45;412
12/06/2026;31726695;258064059654913;0.41;412
12/06/2026;31726705;639788292113276;2.84;397
12/06/2026;31726708;641925390909856;0.54;412
12/06/2026;31726749;6853652177751;34.6;182|397
12/06/2026;31726791;158656591144832;3.51;397
12/06/2026;31726804;303305126133638;3.55;412
12/06/2026;31726805;94245297667029;3.55;412
12/06/2026;31726813;556723971314874;0.36;412
12/06/2026;31726818;813618924884341;1.96;393|397|416
12/06/2026;31726839;815298382508060;0.13;412
12/06/2026;31726841;658619052869361;0.11;
12/06/2026;31726844;685901657843827;13.34;202|288|355|393|409|410|412|417
12/06/2026;31726850;864335858126923;0.68;412
12/06/2026;31726854;491377790090383;0.22;412
12/06/2026;31726867;502075947475405;0.3;
12/06/2026;31726872;940068145986141;19.27;393|397|412|417
12/06/2026;31726888;862582384562403;0.17;412
12/06/2026;31726908;269448693558187;2.89;393|412|417
12/06/2026;31726910;46963831367634;1.62;412
12/06/2026;31726917;168839427002713;0.2;412
12/06/2026;31726925;937636516158371;12.7;412
12/06/2026;31726932;472084388940251;0.57;412
12/06/2026;31726935;965298920791968;0.41;412
12/06/2026;31726936;938099586511038;33.51;397
12/06/2026;31726937;867195219625348;0.81;412
12/06/2026;31726979;890003475849319;0.44;
12/06/2026;31726982;135353220457795;0.24;412
12/06/2026;31726984;364227841846493;41.03;393|397|417
12/06/2026;31726985;539085415424771;38.8;393|397|417
12/06/2026;31726988;304225904320809;0.58;412
12/06/2026;31727000;338222397442683;0.17;412
12/06/2026;31727009;257445094717171;0.34;412
12/06/2026;31727056;663503705965342;0.78;397
12/06/2026;31727088;208421732929693;2.17;412
12/06/2026;31727143;976942952758391;0.13;412
12/06/2026;31727147;947193524079014;3.61;397
12/06/2026;31727148;614041312361428;0.34;412
12/06/2026;31727163;449353170370168;0.16;412
12/06/2026;31727181;728209944825440;2.84;397
12/06/2026;31727209;356788032409775;2.72;412
12/06/2026;31727215;841617218502081;0.41;412
12/06/2026;31727216;868074994619755;0.71;397
12/06/2026;31727227;967279367631073;0.73;421
12/06/2026;31727234;832882029993502;0.38;397
12/06/2026;31727239;50260615437610;0.4;
12/06/2026;31727274;783560341562880;0.06;412
12/06/2026;31727276;309004831274580;0.22;412
12/06/2026;31727284;747112405920202;14.11;393|409|410|412
12/06/2026;31727290;97252097661043;1.5;393|419
12/06/2026;31727308;336615748418460;18.49;397|420
12/06/2026;31727311;451402594482206;0.3;393|417
12/06/2026;31727329;38696172207145;1.18;412
12/06/2026;31727333;1738551133162;2.21;412
12/06/2026;31727342;803187954647225;0.02;412
12/06/2026;31727348;399586638292701;0.06;
12/06/2026;31727367;52066117972850;69.31;
12/06/2026;31727375;223281141050407;2.24;397
12/06/2026;31727382;970516554937137;1.56;412|422
12/06/2026;31727404;416572702388719;0.18;412
12/06/2026;31727418;368731266280321;39.68;202|269|355|393|397|409|410|412|417|424
12/06/2026;31727423;906115037044437;1.87;397
12/06/2026;31727478;900643225904115;0.28;
12/06/2026;31727500;430686673410282;0.13;412
12/06/2026;31727501;647377132236252;0.41;412
12/06/2026;31727504;554131359021136;0.29;412
12/06/2026;31727506;202431487215067;1.52;412
12/06/2026;31727508;946152245373392;0.05;
12/06/2026;31727513;519427207160668;0.88;412
12/06/2026;31727554;609926277661100;0.58;412
12/06/2026;31727580;505118583538065;0.07;393|419
12/06/2026;31727588;109250252641335;51.27;393|397|416|421
12/06/2026;31727657;837711801488046;3.92;397
12/06/2026;31727689;253552005123843;0.13;412
12/06/2026;31727691;730582714417240;0.94;412
12/06/2026;31727703;899715137790072;1.32;422
12/06/2026;31727710;113853889403706;20.56;397
12/06/2026;31727718;848613157585239;0.22;412
12/06/2026;31727721;508750119484249;1.53;412
12/06/2026;31727724;84872441963345;0.13;412
12/06/2026;31727743;516685837101678;0.53;397
12/06/2026;31727746;842845828978705;2.84;397
12/06/2026;31727749;981507006884577;0.27;
12/06/2026;31727765;357524026240910;0.34;
12/06/2026;31727766;224221176219436;2.72;397
12/06/2026;31727768;503765018087489;1.12;412
12/06/2026;31727851;306671312317445;0.22;412
12/06/2026;31727886;358409689909174;0.85;412
12/06/2026;31727890;680632994077509;0.13;412
12/06/2026;31727901;316484610090218;2.84;397
12/06/2026;31727932;389391913631345;1.02;412
12/06/2026;31727934;831571179343775;4.29;412
12/06/2026;31727938;880527036684295;0.76;412
12/06/2026;31727941;476110130687800;1.36;412
12/06/2026;31727942;916478019601391;0.83;412
12/06/2026;31727943;147030195309641;25.65;393|412|417
12/06/2026;31727944;799969377429139;0.76;412
12/06/2026;31727946;835928124396896;3.14;397|412
12/06/2026;31727947;590860509526802;2.21;412
12/06/2026;31727964;360546412197063;42.04;393|397|419|420
12/06/2026;31727970;472425265088386;1.98;397
12/06/2026;31727975;667246338341060;32.84;
12/06/2026;31727982;362938189958063;2.17;412
12/06/2026;31727986;115251433243616;0.17;412
12/06/2026;31728026;728332354972918;2.84;397
12/06/2026;31728104;364674305472249;0.54;393|397
12/06/2026;31728111;584932400832237;0.13;412
12/06/2026;31728114;388435069147318;0.13;412
12/06/2026;31728119;681395499012773;0.22;412
12/06/2026;31728122;189479172964153;0.12;412
12/06/2026;31728131;820724553332002;0.34;412
12/06/2026;31728180;661782061905716;0.34;412
12/06/2026;31728181;370362720841797;0.42;421
12/06/2026;31728184;685652131623436;0.79;412
12/06/2026;31728202;272096847259385;0.26;412
12/06/2026;31728204;629932370869283;3.46;412
12/06/2026;31728219;248581471523633;2.66;412
12/06/2026;31728279;468737253244251;59.65;393|397|416
12/06/2026;31728298;118495493009765;0.49;412
12/06/2026;31728306;688967210449695;0.12;412
12/06/2026;31728307;986656955219097;0.65;412
12/06/2026;31728309;272358553674830;0.57;412
12/06/2026;31728317;882154901446941;0.76;412
12/06/2026;31728322;131733229565740;15.42;393|397|412|417
12/06/2026;31728328;554248211213154;8.47;412
12/06/2026;31728330;935616369023906;0.28;412
12/06/2026;31728331;717477968457561;4.05;397
12/06/2026;31728340;274700700400146;0.26;412
12/06/2026;31728343;76081511070450;0.35;412
12/06/2026;31728362;145041764064266;153.53;393|397|416|421
12/06/2026;31728377;225904061981755;2.32;397
12/06/2026;31728391;22284889760834;2.43;412
12/06/2026;31728399;8309581104861;1.14;412
12/06/2026;31728407;26107088227930;0.65;412
12/06/2026;31728422;176337233248500;0.22;
12/06/2026;31728448;391653637809065;15.67;393|397|412|417
12/06/2026;31728467;182521551441512;37.15;268|274
12/06/2026;31728498;337636596712195;3.52;397|409|410|412
12/06/2026;31728511;231329632631315;0.78;397
12/06/2026;31728513;467313198445439;2.05;412
12/06/2026;31728517;904325181727616;3.72;393|419|420
12/06/2026;31728523;377908523464876;0.4;
12/06/2026;31728540;791163885666279;0.22;412
12/06/2026;31728546;136237330320385;0.85;412
12/06/2026;31728547;817559239423483;0.22;412
12/06/2026;31728548;740476996514852;0.13;412
12/06/2026;31728550;18970962985496;0.39;412
12/06/2026;31728553;493253975514004;3.61;397
12/06/2026;31728556;783652396397561;2.0;393|412|417
12/06/2026;31728562;759155152371566;7.39;393|416
12/06/2026;31728570;485798363842290;0.21;393|416
12/06/2026;31728574;87376859721298;3.73;393|419|420
12/06/2026;31728588;152457646050868;12.54;393|397
12/06/2026;31728617;906027593057033;0.68;412
12/06/2026;31728633;91144695320365;0.04;412
12/06/2026;31728654;782718802273704;0.06;412
12/06/2026;31728663;474169137146307;1.46;412
12/06/2026;31728665;184086587049900;2.84;397
12/06/2026;31728678;256894746592957;60.11;393|397|416
12/06/2026;31728680;25482256696334;35.58;393|397
12/06/2026;31728703;997089886732537;0.22;
12/06/2026;31728728;867328520408813;0.13;412
12/06/2026;31728734;216279156866636;1.4;397
12/06/2026;31728784;586255586355956;0.72;412
12/06/2026;31728806;640723363144571;0.49;397
12/06/2026;31728820;549676126315860;0.18;412
12/06/2026;31728827;12411782774576;1.53;412
12/06/2026;31728830;897076305942939;0.18;412
12/06/2026;31728831;778639338085504;0.85;412
12/06/2026;31728847;597397010409967;77.97;393|397|416
12/06/2026;31728896;992568736360783;25.14;393|397|412|417
12/06/2026;31728899;89474387838500;34.57;182|397
12/06/2026;31728911;219177462459007;0.14;412
12/06/2026;31728922;106494343702240;0.18;412
12/06/2026;31728924;590381818838906;0.14;
12/06/2026;31728960;285410798488143;0.75;412
12/06/2026;31728971;357428601631796;0.13;412
12/06/2026;31728972;172840724793427;0.22;412
12/06/2026;31728973;514820483590978;0.57;412
12/06/2026;31728974;590658006772312;0.13;412
12/06/2026;31728975;831359456301726;0.85;412
12/06/2026;31728979;125074132075040;0.13;412
12/06/2026;31728985;394267154269051;0.07;393|417
12/06/2026;31728990;625722956069207;2.42;393|420
12/06/2026;31729016;636172946339989;0.66;397
12/06/2026;31729031;857886405918984;0.06;412
12/06/2026;31729032;775798074998793;0.92;412
12/06/2026;31729037;530493050739119;3.43;412
12/06/2026;31729039;418259712471871;2.84;397|412
12/06/2026;31729051;261149961104518;0.34;412
12/06/2026;31729058;463193961847210;0.06;412
12/06/2026;31729061;583489862762601;0.3;
12/06/2026;31729063;780446801234049;8.86;412
12/06/2026;31729068;948713026134519;1.14;412
12/06/2026;31729072;938427665763114;0.65;393|419
12/06/2026;31729093;389533215713326;0.63;397
12/06/2026;31729101;508596605232990;0.68;412
12/06/2026;31729102;511839150256303;2.98;393|412|417
12/06/2026;31729118;617486863735317;4.77;393|412|417
12/06/2026;31729129;462147696157999;2.71;412
12/06/2026;31729138;461607598871651;2.98;393|412|417
12/06/2026;31729153;511528202991389;4.02;397
12/06/2026;31729159;612202195951976;1.46;412
12/06/2026;31729170;807679660459957;1.59;397
12/06/2026;31729174;760447699117989;0.88;412
12/06/2026;31729177;477278242458014;2.84;397
13/06/2026;31724368;517173417795911;1.65;420
13/06/2026;31724407;619542313481713;0.74;397
13/06/2026;31725698;871023798012228;3.57;412
13/06/2026;31726820;771359555107939;1.6;412
13/06/2026;31727662;574664212636860;0.32;397|412
13/06/2026;31728199;562227771719631;0.27;
13/06/2026;31728394;483844334405710;0.14;412
13/06/2026;31728551;328094268713031;1.1;412
13/06/2026;31728554;88513237034602;0.96;412
13/06/2026;31729189;747400249188558;0.14;412
13/06/2026;31729201;921433150789575;0.92;412
13/06/2026;31729203;396105766396770;3.01;393|420
13/06/2026;31729211;400857321101389;0.26;412
13/06/2026;31729213;442679203053973;0.18;
13/06/2026;31729220;704388760974016;2.69;412
13/06/2026;31729228;725992058665550;0.46;
13/06/2026;31729235;3086283595160;0.22;412
13/06/2026;31729236;334873308843304;0.22;412
13/06/2026;31729256;965058074242395;0.59;412
13/06/2026;31729283;48576752931487;2.84;397
13/06/2026;31729293;111004095309349;0.41;412
13/06/2026;31729346;182994039143956;0.92;412
13/06/2026;31729359;395921201615516;0.92;412
13/06/2026;31729414;935472332452952;0.32;412
13/06/2026;31729486;172610912419064;0.85;
13/06/2026;31729505;594994244690721;0.59;412
13/06/2026;31729514;738459332085937;1.07;412
13/06/2026;31729554;51205450354188;1.66;397
13/06/2026;31729565;404119447765719;2.53;397
13/06/2026;31729576;664613189370292;11.19;393|416
13/06/2026;31729581;201868663553084;1.64;397
13/06/2026;31729619;71706891271803;0.48;412
13/06/2026;31729628;249204565036911;10.16;397
13/06/2026;31729670;800951230049545;2.17;412
13/06/2026;31729906;994667505769109;0.18;412
13/06/2026;31729909;93205227850065;1.93;420
13/06/2026;31729919;850189496939030;0.32;412
13/06/2026;31729923;140477936292043;1.58;412
13/06/2026;31729943;812581232338576;0.2;393|417
13/06/2026;31729948;98629519292075;0.22;397
13/06/2026;31729963;554176912544065;0.24;393|417
13/06/2026;31729972;625041093946078;0.24;393|417
13/06/2026;31729993;258729182465767;0.35;412
13/06/2026;31729996;315908975622825;0.06;412
13/06/2026;31729999;869080664508910;0.83;412
13/06/2026;31730004;432019165348540;0.54;412
13/06/2026;31730021;59992129196048;1.12;393|417
13/06/2026;31730033;877664054179215;0.58;393|412|417
13/06/2026;31730059;419866828576014;1.8;250|412
13/06/2026;31730062;864217201486784;1.96;412
13/06/2026;31730079;228576502700078;0.15;412
13/06/2026;31730080;94463089314735;0.32;412
13/06/2026;31730081;143191777315047;0.79;397
13/06/2026;31730085;743571956400645;8.12;393|397
13/06/2026;31730091;488133806642665;0.32;412
13/06/2026;31730113;491344324438080;10.48;393|397|416|421
13/06/2026;31730137;636396226687204;0.89;412
13/06/2026;31730139;552642652979568;0.4;412
13/06/2026;31730179;479402561521616;5.96;397|412
13/06/2026;31730190;893233640824847;0.16;420
13/06/2026;31730196;731572713012906;0.16;412
13/06/2026;31730231;677757025340989;1.05;393|416
13/06/2026;31730232;699329234483411;0.86;393|417
13/06/2026;31730234;731197796775309;1.54;412
13/06/2026;31730235;995276715213207;0.4;412
13/06/2026;31730255;363814044768186;0.93;393
13/06/2026;31730262;255592280338017;0.31;
13/06/2026;31730268;611689475162722;0.46;
13/06/2026;31730275;779678904904688;0.11;397
13/06/2026;31730285;953852904988620;0.75;397
13/06/2026;31730302;706050319961177;2.53;420
13/06/2026;31730311;240853113224826;0.13;393|419
13/06/2026;31730324;134057243390590;3.89;412
13/06/2026;31730342;180098802618457;3.36;393|397|416|421
13/06/2026;31730345;731633396258181;2.39;397|412
13/06/2026;31730347;366318285114402;0.26;412
13/06/2026;31730348;865125158589070;29.44;393|397|419
13/06/2026;31730367;749229226334502;0.17;
13/06/2026;31730368;756640817572242;2.84;397
13/06/2026;31730381;747217518030336;37.23;393|397|416
13/06/2026;31730392;722999616901967;0.12;393
13/06/2026;31730416;747314949843286;0.52;393|419
13/06/2026;31730423;286936749110694;0.22;
13/06/2026;31730435;670436668977740;2.53;393|416
13/06/2026;31730437;70499415121778;0.9;393|412|417
13/06/2026;31730439;574638682871357;0.9;393|412|417
13/06/2026;31730449;259201175164793;0.63;412
13/06/2026;31730456;476673168742852;0.07;
13/06/2026;31730461;234677598605167;1.2;393|416|421
13/06/2026;31730492;899619921528769;8.28;412
13/06/2026;31730506;987621120249160;0.81;393|416
13/06/2026;31730509;566656123518044;2.67;412
13/06/2026;31730522;964186961229532;0.93;393|412|417
13/06/2026;31730555;744279789727553;1.08;412
13/06/2026;31730562;483008576599971;53.85;268|274
13/06/2026;31730565;87465766426694;0.46;
13/06/2026;31730577;720409896168686;0.35;412
13/06/2026;31730582;43624324731046;0.57;412
13/06/2026;31730590;243127193542727;1.27;393|419
13/06/2026;31730592;299794015404724;0.75;397
13/06/2026;31730593;576808795506925;0.06;412
13/06/2026;31730615;496234979356952;7.61;412
13/06/2026;31730620;126988177519560;2.67;397
13/06/2026;31730629;635726579285279;0.84;412
13/06/2026;31730635;632832935821401;0.53;393|416
13/06/2026;31730662;463075198021273;0.29;397
13/06/2026;31730667;546367028686521;0.32;412
13/06/2026;31730668;672045555901106;2.84;397
13/06/2026;31730674;900547715708063;1.66;412
13/06/2026;31730675;479876669071831;1.51;393|412|417
13/06/2026;31730705;695534341152533;0.64;412
13/06/2026;31730715;196168076085453;1.77;397|412
13/06/2026;31730718;903421714125728;3.21;397
13/06/2026;31730756;475216915805426;0.53;412
13/06/2026;31730762;723343752233655;1.7;397
13/06/2026;31730764;96174051607282;14.25;397
13/06/2026;31730765;40514807111201;2.84;397
13/06/2026;31730766;968612983156807;0.75;397
13/06/2026;31730782;602622355748158;0.33;393
13/06/2026;31730787;687089221192528;112.17;393|397|416|421
13/06/2026;31730796;43646801212445;8.43;397
13/06/2026;31730798;398433882519881;0.78;397
13/06/2026;31730815;95496234018030;0.15;412
13/06/2026;31730819;233612191869383;0.55;412
13/06/2026;31730823;231348050754473;22.9;393|397|412|417
13/06/2026;31730825;823753115442286;0.05;397
13/06/2026;31730830;531249780469625;2.84;397
13/06/2026;31730846;701024894557187;0.72;393|419
13/06/2026;31730851;193557826237375;0.27;
13/06/2026;31730873;835596789819690;0.05;412
13/06/2026;31730889;306567005527191;2.84;397
13/06/2026;31730903;391060155429526;8.52;397
13/06/2026;31730924;678017306022534;2.84;397
13/06/2026;31730928;543262475818508;1.62;412
13/06/2026;31730934;572832615660542;0.07;393|417
13/06/2026;31730943;219568698306270;25.14;397|412
13/06/2026;31730946;709040255792779;0.69;412
13/06/2026;31730947;611874572693241;4.37;393|412|417
13/06/2026;31730957;144411177961484;2.84;397
13/06/2026;31730962;368995107390976;2.51;421
13/06/2026;31730976;29885001212892;1.79;420
13/06/2026;31730992;981879874652541;1.6;412
13/06/2026;31731010;508543322380215;2.84;397|412
13/06/2026;31731012;812145837646662;2.84;397
13/06/2026;31731042;836957504115565;0.28;
13/06/2026;31731043;475364537926292;0.21;
13/06/2026;31731046;276375802713053;1.02;412
13/06/2026;31731059;80779417894439;0.13;412
13/06/2026;31731062;189830571642447;8.52;397
13/06/2026;31731068;718134262338155;1.08;393|417
13/06/2026;31731069;375580721766819;1.42;412
13/06/2026;31731080;221956914941732;0.17;412
13/06/2026;31731081;560830279108406;1.82;412
13/06/2026;31731088;352747814673387;0.44;
13/06/2026;31731098;495797881232433;36.49;393|397|419
13/06/2026;31731120;761149071646951;0.13;412
13/06/2026;31731123;556524529841317;0.62;412
13/06/2026;31731148;870016916718603;4.29;397
13/06/2026;31731149;693644401689127;0.53;393|419
13/06/2026;31731154;789848286430746;1.11;412
13/06/2026;31731165;852776683594662;0.36;412
13/06/2026;31731167;168132828061441;38.81;393|397|416
13/06/2026;31731169;548407015677979;0.71;397
13/06/2026;31731171;959258271151118;0.63;412
13/06/2026;31731175;267625198842543;0.47;393|412|417
13/06/2026;31731181;256756509499080;0.91;420
13/06/2026;31731203;125833557049757;1.67;412
13/06/2026;31731217;516583652278967;0.85;268|409|410|412
13/06/2026;31731223;872673410565835;2.84;393|397|412|417
13/06/2026;31731226;981552834872776;2.26;412|422
13/06/2026;31731240;849699582739530;1.07;393|416
13/06/2026;31731252;436236928574497;0.65;393|419
13/06/2026;31731258;13579528922715;1.17;397
13/06/2026;31731262;290056442894164;2.84;397|412
13/06/2026;31731270;810371066365686;2.84;397
13/06/2026;31731275;531811789673043;1.54;412
13/06/2026;31731278;290190816328773;0.16;412
13/06/2026;31731281;922924900118982;0.94;412
13/06/2026;31731297;123254726336545;0.85;393|416
13/06/2026;31731306;692842063625936;0.12;393|416
13/06/2026;31731311;868743158995982;0.12;412
13/06/2026;31731314;163834688216451;13.37;268|397
13/06/2026;31731325;833077679223720;0.96;412
13/06/2026;31731336;996988909696615;0.16;412
13/06/2026;31731359;332481222644654;0.35;412
13/06/2026;31731373;95874097081598;5.26;397
13/06/2026;31731375;67200457479792;0.92;412
13/06/2026;31731376;889895707918753;0.21;412
13/06/2026;31731377;277887170670405;0.13;412
13/06/2026;31731386;34519297946031;0.92;393|419
13/06/2026;31731392;639802515821361;0.54;393|417
13/06/2026;31731396;636155613835502;2.84;397
13/06/2026;31731415;981251035316474;1.53;412
13/06/2026;31731425;500144314844380;29.24;393|397|417
13/06/2026;31731449;635456278024749;0.06;412
13/06/2026;31731465;160192782785505;114.35;268|274
13/06/2026;31731469;744514272294938;2.53;412
13/06/2026;31731476;97130016824959;0.15;397
13/06/2026;31731507;153380227458577;2.84;397
13/06/2026;31731510;771984420780162;10.78;397
13/06/2026;31731518;48815412501045;7.6;397
13/06/2026;31731526;836106193911512;1.56;397
13/06/2026;31731546;178097560198696;1.14;412
13/06/2026;31731548;459510945252318;0.83;412
13/06/2026;31731574;654003607562922;16.37;393|417
13/06/2026;31731587;346204214161695;4.92;397
13/06/2026;31731590;573857022389823;0.82;397
13/06/2026;31731620;786521679814842;0.14;397
13/06/2026;31731645;510156886082514;0.31;393|419
13/06/2026;31731658;926335467095275;3.13;393|416
13/06/2026;31731673;169642008473539;57.46;397
13/06/2026;31731675;387937674756755;0.44;397
13/06/2026;31731679;508581485243937;4.13;412
13/06/2026;31731698;133399943011844;0.9;412
13/06/2026;31731702;449373411311280;0.75;397
13/06/2026;31731706;966951809975244;1.5;393|419
13/06/2026;31731710;885263720473657;18.09;397|422
13/06/2026;31731712;170796794712024;2.84;397
13/06/2026;31731731;61258795002438;3.19;412
13/06/2026;31731737;976758210093480;3.73;397
13/06/2026;31731741;943603810887135;0.73;412
13/06/2026;31731779;395639625286900;3.94;397
13/06/2026;31731795;710906871964997;0.35;397|412
13/06/2026;31731798;336142606682100;1.96;412
13/06/2026;31731799;678800302097250;1.7;397
13/06/2026;31731801;652118473572692;0.13;412
13/06/2026;31731820;151142611827747;3.81;393|397
13/06/2026;31731841;44865270726635;0.19;397
13/06/2026;31731842;130172573424662;2.98;393|420
13/06/2026;31731855;181535260623489;14.42;397|412
13/06/2026;31731874;881989488531313;11.48;393
13/06/2026;31731911;861436808749901;2.84;397
13/06/2026;31731920;173185958125625;7.51;397
13/06/2026;31731930;278517325795190;2.06;412
13/06/2026;31731934;473369098646590;0.12;393|416
13/06/2026;31731942;668072775737667;0.23;412
13/06/2026;31731954;197836649733132;2.06;412
13/06/2026;31731965;169758953324764;2.08;412
13/06/2026;31731981;790620224750931;79.19;393|397|416|421
13/06/2026;31732018;302606840539276;1.43;412
13/06/2026;31732038;124751064073877;79.16;393|397|416|421
13/06/2026;31732058;942828430847391;0.04;393|416
13/06/2026;31732063;360292086666613;0.24;397
13/06/2026;31732067;25744927513148;0.43;
13/06/2026;31732069;924101404211411;30.37;393|397|417
13/06/2026;31732070;63625300381091;0.02;412
13/06/2026;31732074;690667411585170;2.15;412
13/06/2026;31732102;968217581627248;0.06;412
13/06/2026;31732110;605783887630846;2.84;397
13/06/2026;31732113;983840658018029;0.26;393|416
13/06/2026;31732115;904016044963772;2.53;393|419
13/06/2026;31732121;736718639040761;0.43;
13/06/2026;31732133;721878643898421;3.38;397
13/06/2026;31732138;564494436541812;2.84;397
13/06/2026;31732149;177553699947147;0.16;
13/06/2026;31732157;677172289563073;0.58;250|412
13/06/2026;31732159;812436859466372;1.68;412
13/06/2026;31732177;973216508577695;0.02;
13/06/2026;31732187;927385224599220;0.29;393|416
13/06/2026;31732236;570306668938862;0.32;412
13/06/2026;31732367;767150635165527;5.56;397
13/06/2026;31732387;878188337154380;0.3;
13/06/2026;31732397;366856357868374;16.53;420
13/06/2026;31732398;257500270422203;3.45;412
13/06/2026;31732402;507642181942075;5.62;393|412|417
13/06/2026;31732406;69203540929498;0.26;
13/06/2026;31732449;817416417821914;1.51;393|416
13/06/2026;31732458;802798687577503;0.41;412
13/06/2026;31732460;909703163859275;0.3;
13/06/2026;31732461;606876162053873;0.16;393|412|417
13/06/2026;31732462;114446288070880;0.44;393|417
13/06/2026;31732477;407962188102418;0.22;412
13/06/2026;31732500;386191937395116;0.11;
13/06/2026;31732502;735851207293241;1.46;412
13/06/2026;31732508;969105550392872;29.4;393|397|419
13/06/2026;31732518;590979729295469;30.65;393|397|419
13/06/2026;31732519;621131632162115;0.57;397
13/06/2026;31732520;315559666046380;1.59;397
13/06/2026;31732531;639511092090028;0.32;412
13/06/2026;31732532;221427964445591;16.16;393|397|416
13/06/2026;31732539;577247496605009;0.28;412
13/06/2026;31732542;257070811082303;0.34;412
13/06/2026;31732548;280229688714079;0.34;412
13/06/2026;31732571;410228188768511;1.43;397
13/06/2026;31732572;593763606639048;5.56;397
13/06/2026;31732589;770233640452359;0.22;412
13/06/2026;31732593;947757069781723;0.46;393
13/06/2026;31732595;310083958998125;0.34;412
13/06/2026;31732602;323947415934121;0.07;393|417
13/06/2026;31732625;338388389172141;0.26;412
13/06/2026;31732632;821970590929132;0.51;393
13/06/2026;31732663;929877455583311;1.66;420
13/06/2026;31732681;270261456340613;2.05;420
13/06/2026;31732685;207368795950697;0.65;393|419
13/06/2026;31732695;681496134397591;0.12;393
13/06/2026;31732739;845631388052681;0.06;397
13/06/2026;31732765;94551549450704;2.27;397
13/06/2026;31732771;733418541113999;1.08;412
13/06/2026;31732782;935661319818438;0.57;397
13/06/2026;31732791;979790709984764;0.82;420
13/06/2026;31732826;328614209505961;0.14;420
13/06/2026;31732843;409674443129871;2.21;412
13/06/2026;31732846;322818475509750;1.7;397
13/06/2026;31732847;473187672132448;3.56;412|422
13/06/2026;31732882;9531335152985;0.78;397
13/06/2026;31732916;165475303818965;45.13;393|397|412|417
13/06/2026;31732919;505363972153779;3.73;397
13/06/2026;31732923;666865319567611;0.23;
13/06/2026;31732935;972792673578824;0.46;268|412
13/06/2026;31732951;878382277719498;0.55;412
14/06/2026;31357714;378033225853050;18.69;397
14/06/2026;31450355;803072716865860;0.51;412
14/06/2026;31463937;42275615652124;0.46;393|419
14/06/2026;31465978;678136794976256;4.25;393|419
14/06/2026;31473372;838215167706024;0.01;393|419
14/06/2026;31475247;811739460936719;3.91;412
14/06/2026;31506967;693613505949363;3.91;412
14/06/2026;31627086;649352419421453;29.45;393|397|419
14/06/2026;31691925;411810573323896;0.52;412
14/06/2026;31708538;742011577104222;0.11;412
14/06/2026;31729671;457131614313984;0.25;412
14/06/2026;31731515;701109039354923;1.43;412
14/06/2026;31732764;593734530323038;0.25;412
14/06/2026;31732915;376814663505737;2.17;393|412|417
14/06/2026;31732961;728729349404679;0.28;412
14/06/2026;31732980;558009418326338;0.32;412
14/06/2026;31732994;35674590580961;3.44;393|397|416|421
14/06/2026;31733014;292634144821231;0.63;393|419
14/06/2026;31733020;403356359959965;1.41;397
14/06/2026;31733022;184826236907266;74.48;393|397|412|417
14/06/2026;31733029;394402724434156;0.09;
14/06/2026;31733172;187381028401033;7.6;397
14/06/2026;31733183;142553433065099;0.17;412
14/06/2026;31733189;190122601816302;0.89;412
14/06/2026;31733259;332476477267369;12.85;412
14/06/2026;31733260;481625956190421;0.32;393|419
14/06/2026;31733273;758842409044450;0.3;412
14/06/2026;31733274;903119339303534;1.22;412
14/06/2026;31733278;319000961082546;0.11;
14/06/2026;31733281;605237217529592;2.84;397
14/06/2026;31733296;955021466789431;0.93;397
14/06/2026;31733306;607635159536011;0.33;412
14/06/2026;31733327;171692835254534;0.01;420
14/06/2026;31733560;890023100265042;1.67;397
14/06/2026;31733579;17683472604565;0.5;420
14/06/2026;31733580;702949230883128;51.33;397
14/06/2026;31733605;338519213829688;0.65;393|419
14/06/2026;31733607;524380346946003;26.39;397
14/06/2026;31733616;863020926524211;2.8;412
14/06/2026;31733638;617832356688047;2.76;393|416
14/06/2026;31733672;743191966867450;0.46;412
14/06/2026;31733710;441072619668004;3.22;397
14/06/2026;31733716;205344427425783;0.02;393|416
14/06/2026;31733720;261130268242916;91.99;393|397|416
14/06/2026;31733765;801389455711375;0.7;397
14/06/2026;31733781;610479332209281;1.07;412
14/06/2026;31733795;899717523293152;0.57;397
14/06/2026;31733802;34406958331460;0.55;393|417
14/06/2026;31733806;249283665249445;0.45;393|419
14/06/2026;31733814;24173390268679;0.07;393|417
14/06/2026;31733821;791270343703692;4.47;397|412
14/06/2026;31733822;350724453463933;3.22;397|421
14/06/2026;31733824;615987234257595;0.29;393|416
14/06/2026;31733829;604242290849930;0.26;
14/06/2026;31733853;140118860215726;0.34;397
14/06/2026;31733868;247480076058514;0.34;412
14/06/2026;31733880;169789550057644;1.07;393|416
14/06/2026;31733886;429980371898032;8.29;393|397|420
14/06/2026;31733901;310526696267118;0.28;412
14/06/2026;31733905;731216040497559;0.35;397
14/06/2026;31733906;319194464621085;2.84;397
14/06/2026;31733920;571856496557851;0.13;412
14/06/2026;31733922;866000174447784;0.17;393|419
14/06/2026;31733923;282778364085104;0.32;397
14/06/2026;31733935;213368278497847;0.62;412
14/06/2026;31733937;647897872569491;0.45;412
14/06/2026;31733944;408075538770464;0.05;393
14/06/2026;31733946;394626445233385;4.45;393|419
14/06/2026;31733970;344218332764041;0.66;393
14/06/2026;31733991;554130732399028;2.06;412
14/06/2026;31734005;728524033029354;0.67;420
14/06/2026;31734013;445916225686592;0.35;393|419
14/06/2026;31734018;187383413371502;0.99;393|419
14/06/2026;31734038;39352950678291;1.24;412
14/06/2026;31734056;603132611792056;2.84;397
14/06/2026;31734058;530014966105308;2.84;397
14/06/2026;31734073;606214121254891;0.26;412
14/06/2026;31734075;428922948301678;0.26;412
14/06/2026;31734079;427630245463896;1.48;393|419
14/06/2026;31734091;470824840290102;3.09;397
14/06/2026;31734114;580833440527111;0.24;393|417
14/06/2026;31734118;199322565037780;0.24;393|417
14/06/2026;31734126;841730120690870;2.84;268|397|412
14/06/2026;31734127;39273407105933;0.93;412
14/06/2026;31734134;515948989122439;0.6;412
14/06/2026;31734138;552691648881341;0.22;412
14/06/2026;31734148;583115254952869;0.94;393|419
14/06/2026;31734153;186716493176251;11.26;393|416
14/06/2026;31734174;574469169349253;0.32;412
14/06/2026;31734180;932817828118380;0.57;412
14/06/2026;31734183;695822522082085;8.22;393|416
14/06/2026;31734190;368039833713644;0.8;412
14/06/2026;31734198;193715234379677;0.14;412
14/06/2026;31734205;167372036797623;91.15;393|397|416|421
14/06/2026;31734213;720193783966946;75.89;393|397|416
14/06/2026;31734234;652823832114371;0.25;393|419
14/06/2026;31734235;811629364994419;3.32;393|416
14/06/2026;31734240;150962958569378;0.03;393|419
14/06/2026;31734278;669935651343194;0.61;420
14/06/2026;31734295;931172862638713;1.55;397
14/06/2026;31734308;602413859890245;0.1;393|417
14/06/2026;31734315;176748003408843;1.79;393|419
14/06/2026;31734326;794141506578823;9.43;397
14/06/2026;31734333;63328689483954;0.08;393
14/06/2026;31734349;397986974717193;1.15;412
14/06/2026;31734385;128425696910256;0.27;393|416
14/06/2026;31734394;764839261577241;32.68;393|397
14/06/2026;31734497;715283193342373;1.15;412
14/06/2026;31734499;692756634862519;0.36;
14/06/2026;31734501;179517063362355;2.17;412
14/06/2026;31734508;762400785115280;1.05;412
14/06/2026;31734516;875299274934500;1.15;412
14/06/2026;31734531;75137034775887;0.72;420
14/06/2026;31734550;81701923707555;4.9;393|412|417|422
14/06/2026;31734582;769959208270194;1.38;420
14/06/2026;31734601;33304721664628;79.09;393|397|416|421
14/06/2026;31734602;364787694453399;7.76;369|393|412|417
14/06/2026;31734621;34129919101188;3.44;393|397|420
14/06/2026;31734622;771768687760066;156.14;268|274
14/06/2026;31734640;84083832557580;0.3;393
14/06/2026;31734655;705261561646165;0.09;412
14/06/2026;31734661;743660424896237;5.16;397|412
14/06/2026;31734666;956265374404124;0.73;
14/06/2026;31734673;975206274885792;2.84;397
14/06/2026;31734723;972600404238275;1.16;393|397|416
14/06/2026;31734750;501940093849721;0.29;412
14/06/2026;31734769;632004154648489;2.11;421
14/06/2026;31734770;642894071378311;0.44;
14/06/2026;31734774;816055895737032;18.6;393|397|412|417
14/06/2026;31734775;792520554101964;2.1;420
14/06/2026;31734789;256343895937372;0.06;412
14/06/2026;31734798;420864343683511;1.1;412
14/06/2026;31734803;599595752174472;3.55;397
14/06/2026;31734820;761422572841362;2.84;397|412
14/06/2026;31734825;776756477298049;2.8;397
14/06/2026;31734829;612915549128350;2.27;397
14/06/2026;31734832;94281761892573;2.84;397
14/06/2026;31734847;432103230931438;2.91;397
14/06/2026;31734851;268317177376548;8.52;397
14/06/2026;31734861;295809533186033;0.75;397
14/06/2026;31734862;566003855068544;0.1;397
14/06/2026;31734869;95354890126862;2.58;397
14/06/2026;31734879;354779478059764;0.78;397
14/06/2026;31734882;360005655944050;2.84;397
14/06/2026;31734883;746256359801894;1.25;412
14/06/2026;31734884;13722598421372;0.35;397
14/06/2026;31734885;374700757577770;2.66;397
14/06/2026;31734889;909837276905009;1.98;397
14/06/2026;31734891;305382149079742;1.39;397
14/06/2026;31734896;977491647246490;9.96;397
14/06/2026;31734902;932075385145553;3.49;397
14/06/2026;31734911;945582268828955;2.84;397
14/06/2026;31734931;433389548423604;1.33;412
14/06/2026;31734962;553447002968603;53.95;368
14/06/2026;31734964;575811496479695;37.63;393|397|416
14/06/2026;31734972;334477000568034;1.85;268|412
14/06/2026;31734994;263684922111415;1.05;422
14/06/2026;31734998;216329403785341;0.93;412
14/06/2026;31734999;547645939121244;0.7;412
14/06/2026;31735001;362724647556825;0.24;412
14/06/2026;31735004;424939615100531;2.41;250|393|412|417
14/06/2026;31735007;360687112241208;1.17;412
14/06/2026;31735014;348864297080411;6.77;421
14/06/2026;31735021;871465306441985;1.15;412
14/06/2026;31735029;781960197855391;2.98;393|412|417
14/06/2026;31735037;721607666033672;0.34;412
14/06/2026;31735042;227954992853798;64.54;393|397|416
14/06/2026;31735043;117404567645522;0.01;
14/06/2026;31735047;33957415843754;5.81;393|416
14/06/2026;31735051;22699082077034;3.51;393|397|416|421
14/06/2026;31735072;139004180840247;1.2;393|416|421
14/06/2026;31735073;769255653667986;91.21;393|397|416|421
14/06/2026;31735079;58291130960872;0.16;421
14/06/2026;31735081;883516867089283;4.5;393|416
14/06/2026;31735110;572486204951958;0.33;397
14/06/2026;31735117;778917542204568;79.19;393|397|416|421
14/06/2026;31735147;232143760990864;2.54;421
14/06/2026;31735168;245326369407470;0.12;393|419
14/06/2026;31735188;454684304222234;0.07;
14/06/2026;31735222;283584183241637;0.49;393
14/06/2026;31735236;398558333598009;2.18;393|419
14/06/2026;31735237;214942397305127;0.3;
14/06/2026;31735257;731883692756086;0.68;393|419
14/06/2026;31735261;709588358542052;0.17;
14/06/2026;31735275;146289816218868;0.3;
14/06/2026;31735328;989847520218461;0.37;412
14/06/2026;31735338;389481754948044;0.33;393|419
14/06/2026;31735341;85207174564954;2.17;420
14/06/2026;31735347;903581328355059;2.12;393|419
14/06/2026;31735386;377151035689383;1.48;393|419
14/06/2026;31735395;465631686674487;0.14;393
14/06/2026;31735401;598777576733969;0.61;393|419
14/06/2026;31735437;957901109173994;41.46;393|397|419
14/06/2026;31735451;926484807187032;0.47;412
14/06/2026;31735459;446727839131883;1.59;412
14/06/2026;31735476;634342882174831;0.3;412
14/06/2026;31735500;836209412481624;75.36;393|397|416
14/06/2026;31735501;815822677359894;1.12;412
14/06/2026;31735503;509743365156022;0.48;393|416
14/06/2026;31735518;55000986409466;0.25;412
14/06/2026;31735519;997848989042942;1.46;412
14/06/2026;31735525;192628316371785;1.15;412
14/06/2026;31735534;585683671288814;0.6;393|416
14/06/2026;31735545;87022274741972;73.12;393|397|416
14/06/2026;31735555;262539080075367;10.21;412
14/06/2026;31735565;312917368191142;0.17;393|417
14/06/2026;31735572;860175845951831;0.9;393|412|417
14/06/2026;31735578;10124986768291;1.51;393|416
14/06/2026;31735585;864707282482490;1.21;412
14/06/2026;31735587;654884148771691;3.79;412
14/06/2026;31735593;151134527689489;1.37;412
14/06/2026;31735596;526402652185589;2.8;412
14/06/2026;31735598;473707704883107;1.07;397|412
14/06/2026;31735601;906543191032522;2.26;412|422
14/06/2026;31735622;937128769928903;1.26;393|419
14/06/2026;31735663;890425813243338;7.73;420
14/06/2026;31735665;206703687430426;3.71;393|419
14/06/2026;31735706;932266984697384;3.72;393|419|420
14/06/2026;31735711;930993553133296;39.3;393|397|419
14/06/2026;31735717;519043222233638;2.86;420
14/06/2026;31735766;387135405672787;70.35;393|397|416
14/06/2026;31735803;668277804396497;0.22;
14/06/2026;31735805;324667440904513;0.05;
14/06/2026;31735809;824197180586499;0.27;420
14/06/2026;31735819;407081382323979;1.26;420
14/06/2026;31735832;718451633686658;2.22;412
14/06/2026;31735833;269290055927272;11.31;393|416
14/06/2026;31735864;267702061523270;2.01;420
14/06/2026;31735889;978641356621831;40.0;393|397|419
14/06/2026;31735896;634696291194771;0.69;393|419
14/06/2026;31735920;820615215275936;0.83;393|419
14/06/2026;31735975;530146067292407;0.09;
14/06/2026;31735979;246962677926166;0.22;
14/06/2026;31736013;604430138832090;1.07;412
14/06/2026;31736015;483533877958464;1.16;393|416|421
14/06/2026;31736035;126693576140817;1.12;420
14/06/2026;31736086;223214932137709;0.22;
14/06/2026;31736090;832456517130274;0.51;
14/06/2026;31736123;314920646153279;2.42;420
14/06/2026;31736212;677455811529514;3.06;393|397|420
14/06/2026;31736236;853743013198745;0.44;
14/06/2026;31736239;221447806539369;0.11;397
14/06/2026;31736258;627975827501811;74.59;393|397|416
14/06/2026;31736273;80412803456628;2.58;397
14/06/2026;31736294;667539805665906;0.05;
14/06/2026;31736317;980682698637000;0.25;393|419
14/06/2026;31736340;3389197247605;0.84;393|397
14/06/2026;31736349;842249685970600;0.33;420
14/06/2026;31736381;555275862673186;0.29;397
14/06/2026;31736385;598203944534367;0.39;393
14/06/2026;31736386;47322289971491;1.15;393|416
14/06/2026;31736413;48701478960832;7.98;393|416
14/06/2026;31736414;41164230416158;0.02;
14/06/2026;31736418;618020956824993;0.34;
14/06/2026;31736419;276843525214135;0.12;412
14/06/2026;31736462;261163597516917;0.01;420
14/06/2026;31736464;214357115752980;0.58;412
14/06/2026;31736467;593467105469593;2.66;397
14/06/2026;31736480;594958515875809;0.04;412
14/06/2026;31736509;351439457963267;1.41;397
14/06/2026;31736511;137524682170414;1.99;412|422
14/06/2026;31736515;24072290437115;0.62;412
14/06/2026;31736519;576764503484967;0.34;412
14/06/2026;31736560;601011996327791;25.13;393|397|419
14/06/2026;31736596;322142059749952;4.26;397
14/06/2026;31736605;916472451558732;21.58;393|397|419
14/06/2026;31736613;215795289315625;0.57;412
14/06/2026;31736614;919357847565260;0.36;412
14/06/2026;31736618;71866603309201;0.75;397
14/06/2026;31736630;148205700987826;0.13;412
14/06/2026;31736632;206756729371661;0.19;412
14/06/2026;31736637;48401350012765;0.22;397
14/06/2026;31736641;387670235288401;2.12;412
14/06/2026;31736644;536420875654904;2.8;412
14/06/2026;31736647;824716855593946;0.94;412
14/06/2026;31736661;42715696555711;0.41;412
14/06/2026;31736666;995952013742727;0.75;397
14/06/2026;31736694;972890591214738;2.66;420
14/06/2026;31736701;379632860462941;0.05;
14/06/2026;31736725;966943509683468;2.72;397
14/06/2026;31736745;875749297022694;1476.11;
14/06/2026;31736748;890973103124610;34.94;397|420
14/06/2026;31736749;586195729046848;0.06;
14/06/2026;31736752;523178352979040;0.51;397|412
14/06/2026;31736753;268869467400444;40.09;393|397|417
14/06/2026;31736759;789381079262647;4.77;412
14/06/2026;31736763;645127623699529;0.34;412
14/06/2026;31736764;749036970684336;0.7;412
14/06/2026;31736765;957795871827115;0.13;412
14/06/2026;31736769;243524734801700;0.02;
14/06/2026;31736772;807543700376714;0.73;421
14/06/2026;31736773;584788423895715;1.38;393
14/06/2026;31736775;825715230348729;0.14;
14/06/2026;31736792;392460645498610;5.38;393|416
14/06/2026;31736795;483006991819248;0.29;393|397
14/06/2026;31736800;370255585424779;0.01;393
14/06/2026;31736825;752426791104430;0.93;412|422
14/06/2026;31736829;576442651064313;41.28;393|397|419
14/06/2026;31736886;106609867695991;0.16;393|419
14/06/2026;31736996;469746837608997;0.97;412
14/06/2026;31736997;805732224917011;1.93;412
14/06/2026;31737004;366873083420905;0.34;412
14/06/2026;31737012;877564447340649;0.51;412
14/06/2026;31737032;952363364653987;0.25;393|416
14/06/2026;31737036;354453906840458;0.12;393|417
14/06/2026;31737043;602614493566612;0.22;412
14/06/2026;31737049;476443056972317;1.68;412
14/06/2026;31737053;946144891769657;0.32;412
14/06/2026;31737074;190036566443485;0.23;
14/06/2026;31737098;252363173418740;0.67;393
14/06/2026;31737099;631484555289938;0.23;412
14/06/2026;31737100;368929912526305;0.9;412
14/06/2026;31737111;629444861505507;0.38;
14/06/2026;31737130;564169765967475;0.3;393
14/06/2026;31737136;897697669479747;0.61;420
14/06/2026;31737153;361375949912074;0.42;
14/06/2026;31737155;623722325038285;0.35;420
14/06/2026;31737199;319642166972853;0.35;
14/06/2026;31737223;431111979021650;8.9;393|419
14/06/2026;31737229;51500042039435;0.02;393|419
14/06/2026;31737240;584077683172848;0.39;412
14/06/2026;31737250;460978429286784;0.76;412
14/06/2026;31737269;230102696830221;0.68;393|416
14/06/2026;31737291;168767212077443;0.29;393|416
14/06/2026;31737303;110328847537499;1.22;393
14/06/2026;31737305;922308165366575;0.78;397
14/06/2026;31737315;62145744710745;0.83;397
14/06/2026;31737317;928257240903078;2.84;397
14/06/2026;31737319;365576811512319;2.19;397|412
14/06/2026;31737326;389364116302149;0.25;412
14/06/2026;31737330;800867532458311;0.12;393|416
14/06/2026;31737337;579714230642604;0.93;412
14/06/2026;31737339;183555096731291;0.87;397
14/06/2026;31737360;758329527598809;0.23;
14/06/2026;31737403;849510172912996;0.72;412
14/06/2026;31737407;679793487398708;3.67;393|419
14/06/2026;31737429;257510531585484;0.16;
14/06/2026;31737433;296615920813351;0.32;393|419
14/06/2026;31737448;733730636615202;2.71;393|419
14/06/2026;31737459;6150258012335;0.32;
14/06/2026;31737461;947768223778202;5.84;393|416
14/06/2026;31737472;659434639945100;0.51;393|419
14/06/2026;31737474;76637205707762;0.03;
14/06/2026;31737478;286177134890219;0.41;420
14/06/2026;31737494;609022931306577;0.28;
14/06/2026;31737502;413600049571356;18.7;397|420
14/06/2026;31737518;536432311303140;2.84;397
14/06/2026;31737519;360422831074339;2.27;397
14/06/2026;31737529;20439455281163;0.59;412
14/06/2026;31737540;636718967490147;0.34;412
14/06/2026;31737547;639738442415584;1.32;
14/06/2026;31737555;80437422549021;60.56;393|397|416|421
14/06/2026;31737572;356323551175115;1.62;412
14/06/2026;31737626;524502637161524;41.99;393|397|419|420
14/06/2026;31737653;205222626191965;0.41;420
14/06/2026;31737655;63152599480579;0.13;393|419
14/06/2026;31737669;448701676655122;0.78;420
14/06/2026;31737670;643056878140779;3.21;393|397|420
14/06/2026;31737673;661721513680109;0.38;
14/06/2026;31737692;422405928212144;2.46;397|412
14/06/2026;31737701;338662816256787;0.29;412
14/06/2026;31737710;841249182963421;0.06;
14/06/2026;31737714;317452745834240;2.0;393|412|417
14/06/2026;31737728;537830505094179;0.16;412
14/06/2026;31737731;119334757746871;0.34;393|416
14/06/2026;31737732;589368991537255;0.15;421
14/06/2026;31737770;14162224938363;0.34;412
14/06/2026;31737785;807841358832787;0.47;412
14/06/2026;31737791;640463906386776;0.02;
14/06/2026;31737797;239477489580310;0.87;412
14/06/2026;31737815;641537706048332;0.63;420
14/06/2026;31737845;472459016321789;0.42;393|419
14/06/2026;31737874;896031006785953;2.65;397|412
14/06/2026;31737886;299453427541052;0.15;397
14/06/2026;31737904;667043691468003;29.42;274
14/06/2026;31737915;449201221267307;0.93;412
14/06/2026;31737918;402336492638978;0.94;412
14/06/2026;31737919;379184514537769;1.25;
14/06/2026;31737937;773482790180105;0.11;
14/06/2026;31737971;895799247616894;0.55;420
14/06/2026;31737972;361524151199783;0.27;
14/06/2026;31737995;579198973419338;0.42;412
14/06/2026;31738027;474354997872334;4.15;393|419
14/06/2026;31738045;487258527558398;0.05;
14/06/2026;31738064;258524267506058;0.44;
14/06/2026;31738066;41166062672127;4.37;393|412|417
14/06/2026;31738071;373069137082018;1.31;412
14/06/2026;31738076;102833127647000;2.53;412
14/06/2026;31738080;336105836292559;0.41;412
14/06/2026;31738081;1594499340516;0.17;412
14/06/2026;31738093;399666357688668;0.48;393|416
14/06/2026;31738097;587820147565312;0.35;393
14/06/2026;31738101;514096262717786;4.1;393|416
14/06/2026;31738115;397218494229393;0.43;393
14/06/2026;31738118;144838968821254;0.78;412
14/06/2026;31738127;47642171688742;0.05;
14/06/2026;31738131;248640554225042;0.46;
14/06/2026;31738243;469925057810475;0.75;397
14/06/2026;31738259;768751542834025;2.84;397|412
14/06/2026;31738269;854236710480012;2.84;397
14/06/2026;31738273;621641846753597;1.57;397
14/06/2026;31738287;263501911309135;0.03;393
14/06/2026;31738371;376970872352785;0.02;
14/06/2026;31738380;687095607244438;74.27;393|397|412|417
14/06/2026;31738401;249059202021714;1.69;397
14/06/2026;31738404;451746790443474;2.27;397
14/06/2026;31738427;588296848981431;0.78;412
14/06/2026;31738460;73788340688013;4.42;412
14/06/2026;31738541;499213970216042;0.47;397
14/06/2026;31738558;242002277127125;1.12;420
14/06/2026;31738562;597385590916278;0.22;412
14/06/2026;31738692;314532860382301;0.23;412
14/06/2026;31738695;460836150159913;1.04;412
14/06/2026;31738698;837842518146608;1.04;412
14/06/2026;31738750;477738361354233;0.1;393|417
14/06/2026;31738752;918796654833174;1.64;393|419
14/06/2026;31738767;36034368712070;1.51;393|419
14/06/2026;31738782;693748064256354;0.08;393|416
14/06/2026;31738788;1076472048006;0.15;397
14/06/2026;31738800;339615650490866;50.38;393|397|416
14/06/2026;31738802;945734985354740;3.06;397
14/06/2026;31738811;686520475283385;0.34;420
14/06/2026;31738813;139658287691487;2.2;393|419
14/06/2026;31738871;359769128071820;41.17;393|397|419
14/06/2026;31738878;919109954174122;2.58;250|412
14/06/2026;31738882;668222347533260;0.48;397
14/06/2026;31738883;506044631321559;41.39;397|422
14/06/2026;31738901;292788369333283;1.18;412
14/06/2026;31738905;311867990090574;2.96;393|397|416|421
14/06/2026;31738931;300452416300779;3.41;393|419
14/06/2026;31738934;19113648934940;0.4;
14/06/2026;31738936;172577189940614;0.28;393
14/06/2026;31738941;688767891201326;2.97;393|416
14/06/2026;31738985;457176418542108;0.09;420
14/06/2026;31738996;162966513348968;29.0;393|397|419
14/06/2026;31739002;12688462051700;0.2;393|416
14/06/2026;31739046;605713831299415;3.39;397
14/06/2026;31739053;418682460741002;1.33;268|412
14/06/2026;31739055;661831136970622;0.13;412
14/06/2026;31739062;759318717478429;0.28;412
14/06/2026;31739063;211967686852242;0.16;397
14/06/2026;31739066;398869255492632;0.59;397
14/06/2026;31739069;411273576141631;0.77;412
14/06/2026;31739072;809953116731310;7.48;393|412|417
14/06/2026;31739081;234994012814709;4.01;393|416|421
14/06/2026;31739083;424316627872495;29.46;393|397|419
14/06/2026;31739137;957983361885331;0.14;
14/06/2026;31739157;16643568292419;0.75;412
14/06/2026;31739163;36747819814495;6.13;397
14/06/2026;31739165;804733492183427;2.07;397
14/06/2026;31739171;88467144813077;0.29;393|416
14/06/2026;31739175;939458956392704;1.96;412
14/06/2026;31739178;422135302684913;0.21;412
14/06/2026;31739190;782840608831756;0.89;412
14/06/2026;31739209;328977365450679;1.94;393|417
14/06/2026;31739223;825240429687877;0.53;393|419
14/06/2026;31739231;239103968799275;0.03;393
14/06/2026;31739236;631422762356514;0.73;420
14/06/2026;31739264;254010849300604;0.41;420
14/06/2026;31739286;531091529856408;0.24;397
14/06/2026;31739290;314000468830234;0.41;412
14/06/2026;31739291;374284336195064;0.94;397
14/06/2026;31739293;498905387744361;1.85;397
14/06/2026;31739299;401220977259671;0.75;397
14/06/2026;31739307;47158492101590;2.93;397
14/06/2026;31739324;946538395003681;2.72;397
14/06/2026;31739332;567609160704316;4.43;397
14/06/2026;31739357;843013883110138;0.43;
14/06/2026;31739403;620468057684503;2.84;397
14/06/2026;31739408;127826492873358;1.85;397
14/06/2026;31739414;631153459792478;0.29;397
14/06/2026;31739420;517110380545462;0.63;412
14/06/2026;31739428;692972113504199;1.24;412
14/06/2026;31739431;512851137110642;1.4;421
14/06/2026;31739432;312946826974317;0.01;421
14/06/2026;31739434;626552352440330;0.79;397
14/06/2026;31739436;455784745606614;0.84;412
14/06/2026;31739454;61128629402391;0.67;412
14/06/2026;31739461;577381369741934;0.34;412
14/06/2026;31739462;396271239502341;0.76;412
14/06/2026;31739511;959268763940699;0.18;393|419
14/06/2026;31739527;527563489341189;3.66;393|416
14/06/2026;31739544;901058303291012;2.13;420
14/06/2026;31739551;451743581334929;0.03;
14/06/2026;31739558;125424354217494;0.92;393|419|420
14/06/2026;31739572;215812520024930;0.02;
14/06/2026;31739586;996586003033130;1.24;393|416
14/06/2026;31739612;214353687356479;0.55;420
14/06/2026;31739635;723139554338389;1.35;393|416|421
14/06/2026;31739647;725791965825597;3.01;393|416
14/06/2026;31739747;632738950340229;0.74;393|416
14/06/2026;31739749;481690312568406;3.19;420
14/06/2026;31739779;907317344475105;0.41;420
14/06/2026;31739784;752246900263039;0.29;393|416
14/06/2026;31739801;65421410529983;0.93;412
14/06/2026;31739807;546241326818141;0.26;412
14/06/2026;31739809;432537576370013;2.72;397
14/06/2026;31739818;320591309195777;0.93;412
14/06/2026;31739821;843356680052228;1.25;412
14/06/2026;31739825;168241612610393;1.88;397
14/06/2026;31739827;138928076739447;0.15;397
14/06/2026;31739830;58253063778093;0.49;393|416
14/06/2026;31739831;673592041424250;0.32;412
14/06/2026;31739837;30251458004087;1.16;393|416|421
14/06/2026;31739839;5074871019769;0.18;412
14/06/2026;31739863;443495933340586;1.95;393|419
14/06/2026;31739892;373945320668807;0.17;393|419
14/06/2026;31739921;339180282604504;0.76;393
14/06/2026;31739942;573532199186004;0.21;
14/06/2026;31739977;856048955286698;2.15;369|412
14/06/2026;31739984;918798835714470;0.45;
14/06/2026;31739986;448058972235767;0.13;412
14/06/2026;31739987;585456298325830;2.84;397
14/06/2026;31739999;549166817667637;4.24;397
14/06/2026;31740003;270961872541412;1.94;393|417
14/06/2026;31740004;61883594690557;0.15;412
14/06/2026;31740010;528220048160044;0.22;412
14/06/2026;31740015;638582799891702;0.19;
14/06/2026;31740020;155624395293956;0.07;
14/06/2026;31740048;682116964625580;4.09;393|419
14/06/2026;31740100;134576048218327;2.58;397
14/06/2026;31740105;228753183450425;0.01;
14/06/2026;31740128;7373133096617;2.84;397
14/06/2026;31740131;718525402456971;0.31;
14/06/2026;31740190;148188302212561;0.57;397|412
14/06/2026;31740199;288327733656996;71.41;393|397
14/06/2026;31740208;87777704990350;2.84;397
14/06/2026;31740230;989754717149763;0.06;
14/06/2026;31740232;435670236152322;0.38;393|416
14/06/2026;31740234;868983289157327;0.03;412
14/06/2026;31740240;567876013496627;0.01;393
14/06/2026;31740274;187847638838788;1.85;397
14/06/2026;31740311;418133104630004;0.97;412
14/06/2026;31740336;369209032928148;1.18;397
14/06/2026;31740343;210465018239943;3.88;393|416
14/06/2026;31740344;208712713499466;1.42;40|268|409|410|412
14/06/2026;31740357;176779545980432;3.53;393|416|421
14/06/2026;31740366;368747353019362;0.3;393
14/06/2026;31740388;392247763419609;5.63;397
14/06/2026;31740425;812387767519539;27.04;393|397|416
14/06/2026;31740427;474087909028715;0.05;393
14/06/2026;31740440;567411156881673;0.18;412
14/06/2026;31740441;894116539567844;0.41;
14/06/2026;31740444;925700576389255;2.73;420
14/06/2026;31740458;351694637640755;0.34;412
14/06/2026;31740466;673810053488445;0.24;412
14/06/2026;31740476;689095426378163;0.52;393
14/06/2026;31740490;912665931856188;0.61;393|416
14/06/2026;31740492;686991523896305;2.2;393|416
14/06/2026;31740503;297142975140856;0.23;
14/06/2026;31740504;553415554779632;21.38;393|397|420
14/06/2026;31740536;683901832029210;69.57;393|397|416|421
14/06/2026;31740537;348211236741804;0.22;412
14/06/2026;31740553;585704064201078;40.23;393|397|419
14/06/2026;31740578;625567804692456;0.34;412
14/06/2026;31740580;197592515464785;0.07;
14/06/2026;31740585;272662652683781;0.05;
14/06/2026;31740588;281278073825405;40.0;393|397|419
14/06/2026;31740598;75837006582558;39.29;393|397|419
14/06/2026;31740601;116426428176701;3.05;412
14/06/2026;31740621;481105065291126;0.94;412
14/06/2026;31740632;751119317048068;0.48;412
14/06/2026;31740659;724574811531266;2.59;393|419
14/06/2026;31740686;511682095007362;41.54;393|397|419
14/06/2026;31740704;196154708813819;0.01;
14/06/2026;31740705;194271048647654;0.75;397
14/06/2026;31740720;725204536514766;0.75;397
14/06/2026;31740735;969589364037629;0.13;412
14/06/2026;31740755;388025727783005;0.32;412
14/06/2026;31740756;219365863614952;1.96;397
14/06/2026;31740764;528872037737732;40.85;393|397
14/06/2026;31740799;7970052596282;0.37;
14/06/2026;31740819;37474855309143;0.22;
14/06/2026;31740825;220141987244818;7.69;393|397|420
14/06/2026;31740857;763974455408617;6.24;397
14/06/2026;31740871;267460054538932;1.03;393|419
14/06/2026;31740897;225939957861691;20.78;393|397
14/06/2026;31740907;950599309654333;0.43;412
14/06/2026;31740919;282775547981214;0.2;412
14/06/2026;31740922;577166024687057;0.28;412
14/06/2026;31740937;101174341036675;0.95;412
14/06/2026;31740948;586962479563212;0.51;393|419
14/06/2026;31740949;909209071191984;0.25;412
14/06/2026;31740979;33485665416651;0.13;412
14/06/2026;31740986;493770268102519;1.91;397
14/06/2026;31740990;489899460148801;0.73;421
14/06/2026;31740993;124583714145493;1.81;250|412
14/06/2026;31740994;680846974616759;1.81;250|412
14/06/2026;31740997;124437278348158;30.22;393|397|419
14/06/2026;31741001;797611131198241;1.95;421
14/06/2026;31741004;613591754278162;0.89;412
14/06/2026;31741007;618522510769306;37.63;393|397
14/06/2026;31741008;987382948941894;0.13;412
14/06/2026;31741011;899963062140001;28.85;393|397|419
14/06/2026;31741015;841455904812626;3.88;397
15/06/2026;31180577;303898069766091;20.65;397
15/06/2026;31396575;677297743433786;23.3;393|397|416
15/06/2026;31409170;699979365705166;22.1;393|397|416
15/06/2026;31409325;962203119641781;0.11;393|416
15/06/2026;31415784;237312199652957;58.52;393|397|416
15/06/2026;31420802;444652836249114;1.11;397
15/06/2026;31448007;391484596357963;6.23;393|397|416
15/06/2026;31460266;209248881635992;0.5;
15/06/2026;31463133;400328670410773;64.07;393|397|416
15/06/2026;31465013;86083314850831;16.47;393|416
15/06/2026;31466874;349002507425181;1.71;393|416
15/06/2026;31467619;118340146717911;10.56;393|416
15/06/2026;31471840;836995060942040;1.02;393|416
15/06/2026;31476665;411985432745739;3.93;393|416
15/06/2026;31479539;285680168740872;3.54;397|412
15/06/2026;31479772;15848706988869;1.49;393|416
15/06/2026;31479909;258003641970757;0.46;412
15/06/2026;31482246;799264212732562;1.86;397
15/06/2026;31483157;646927142363500;3.24;397|412
15/06/2026;31483457;5798031415733;0.9;393|412|417
15/06/2026;31483536;495964095495138;4.53;393|416
15/06/2026;31485218;490795586691574;39.84;393|397|416
15/06/2026;31486998;491440245712437;21.53;393|397|416
15/06/2026;31490824;691204850118149;0.12;397
15/06/2026;31508680;108673039878534;23.1;393|397|416
15/06/2026;31510942;817113912194803;1.27;397
15/06/2026;31520910;996941784539744;22.34;397
15/06/2026;31521827;383643534520631;16.84;393|397|416
15/06/2026;31523212;972333527091477;132.2;397
15/06/2026;31534222;252873695668035;0.91;412
15/06/2026;31581380;411347521751432;2.78;397|412
15/06/2026;31598434;393687304765631;49.93;393|397|416
15/06/2026;31599198;897907419526973;7.61;397
15/06/2026;31599583;195458396409445;5.82;397
15/06/2026;31604066;575110069645572;31.28;393|397|416
15/06/2026;31604668;399172250512604;9.79;393|416
15/06/2026;31605943;120697782424449;13.38;412
15/06/2026;31606906;7270518161086;0.45;
15/06/2026;31609606;606819828832689;17.06;397
15/06/2026;31610070;759173447727911;18.01;412
15/06/2026;31610123;159428650437421;112.61;397
15/06/2026;31612171;10734781598872;5.89;397|412
15/06/2026;31613424;816895183762732;0.74;397|412
15/06/2026;31613757;228639053581861;0.26;397
15/06/2026;31614928;697213049808009;0.39;397|412
15/06/2026;31621472;639715797906990;5.33;393
15/06/2026;31622514;496495279016418;1.87;412
15/06/2026;31624760;473402421063983;1.65;393|416
15/06/2026;31626118;551748408601911;57.58;393|397|419
15/06/2026;31627032;16690200552885;3.54;412
15/06/2026;31628349;793579441666641;2.76;393|416
15/06/2026;31630725;692228433986199;0.83;412
15/06/2026;31633092;844541262032754;66.26;393|397|416
15/06/2026;31650976;526736056153022;0.72;412
15/06/2026;31652549;424315783562898;0.24;
15/06/2026;31654944;139099269577939;0.32;412
15/06/2026;31657780;219567992253359;0.13;412
15/06/2026;31659829;320216884476519;0.31;412
15/06/2026;31661205;926306308223524;1.21;412
15/06/2026;31662596;52197313161083;1.37;412
15/06/2026;31665584;176929175706268;1.21;412
15/06/2026;31666732;62078525040439;0.4;412
15/06/2026;31667770;432997630962480;0.25;412
15/06/2026;31668361;714325734505504;0.13;
15/06/2026;31668956;587211866772912;0.36;412
15/06/2026;31669667;330942575042308;0.95;412
15/06/2026;31670295;281349961441058;0.21;412
15/06/2026;31671734;145633787919762;1.89;393|397|412|417
15/06/2026;31675393;117111781764281;0.04;412
15/06/2026;31675525;401386779288506;0.28;
15/06/2026;31675632;357832147899764;0.28;
15/06/2026;31675651;90798882126059;3.46;412
15/06/2026;31675746;161221128457201;0.48;412
15/06/2026;31675934;95184226122699;1.96;412
15/06/2026;31676467;919887068358632;2.72;397|412
15/06/2026;31677065;445475476846589;1.6;412
15/06/2026;31677517;590311158994868;3.48;397|412
15/06/2026;31677694;450901203581930;0.28;
15/06/2026;31677953;346505710245925;1.83;397
15/06/2026;31679003;582569513327761;0.58;397|412
15/06/2026;31681559;691839438991589;1.86;397|412
15/06/2026;31681869;955254857867683;0.24;
15/06/2026;31682650;273827065138362;0.15;
15/06/2026;31682683;591678509178849;5.89;397|412
15/06/2026;31685142;242911440419388;1.4;412
15/06/2026;31686275;249505886295753;5.89;397|412
15/06/2026;31688860;595102154482654;1.01;412
15/06/2026;31694232;124320855055577;57.88;396|397
15/06/2026;31695095;441535162172643;5.29;393|416
15/06/2026;31695171;816996690062725;0.4;393|416
15/06/2026;31695558;36401441630810;9.95;397
15/06/2026;31701457;475923794723277;59.46;393|397|417
15/06/2026;31703385;391128302780593;182.56;397
15/06/2026;31704549;6007228137840;0.12;393|416
15/06/2026;31705237;737517744212874;0.23;397
15/06/2026;31705352;258050862162140;0.56;412
15/06/2026;31706689;985182974198770;0.71;397
15/06/2026;31707633;797512997775240;0.29;412
15/06/2026;31707875;967711357969362;0.22;412
15/06/2026;31709885;396870480938361;3.18;397
15/06/2026;31710074;294429345769569;0.12;412
15/06/2026;31710756;518041773114699;6.08;182|393|419
15/06/2026;31712590;509848343146540;0.93;
15/06/2026;31713006;229874548459434;0.22;412
15/06/2026;31714947;233110601672714;0.73;420
15/06/2026;31715127;248082426744586;2.39;412
15/06/2026;31715719;712789575038510;1.18;412
15/06/2026;31716869;760155120695798;11.66;393|397|412|417
15/06/2026;31718088;5508533562183;0.45;
15/06/2026;31720329;606463579216255;0.25;
15/06/2026;31720610;918284955039068;50.83;393|397
15/06/2026;31720688;570284536485677;0.86;393
15/06/2026;31720706;932625387734721;0.12;412
15/06/2026;31720790;174960645345078;10.89;268|412
15/06/2026;31720817;915344650939881;2.52;397
15/06/2026;31721763;74920857496652;0.24;
15/06/2026;31721774;314092113319197;0.24;
15/06/2026;31721793;973736198443968;5.33;397|412
15/06/2026;31722415;638933342296706;0.38;412
15/06/2026;31723027;664587867048748;0.08;
15/06/2026;31723436;939832998554033;5.75;393|412|417
15/06/2026;31723505;427279079330888;0.51;412
15/06/2026;31723945;60940464157257;0.39;412
15/06/2026;31723949;178619738483094;0.9;412
15/06/2026;31724036;120528650548625;0.29;412
15/06/2026;31724746;738573417040141;0.29;412
15/06/2026;31724851;973335562204773;4.52;412
15/06/2026;31724926;547344454210137;0.22;412
15/06/2026;31724932;506840373110199;0.68;412
15/06/2026;31724934;943860825835195;0.22;412
15/06/2026;31725096;130944619860525;5.35;369
15/06/2026;31725119;312206697657877;0.26;397|412
15/06/2026;31725123;839014237846129;0.65;412
15/06/2026;31725125;891242663004976;1.8;397|412
15/06/2026;31725127;779640559530060;0.68;412
15/06/2026;31725128;615320390052106;0.65;412
15/06/2026;31725131;381737715886792;0.42;412
15/06/2026;31725139;921553938458233;0.12;412
15/06/2026;31725890;509179683477998;0.75;412
15/06/2026;31726224;640596129647989;0.68;412
15/06/2026;31726228;419325486798158;0.22;412
15/06/2026;31726232;547382336936498;1.53;412
15/06/2026;31726239;273075242194084;0.22;412
15/06/2026;31726241;209016497968570;0.51;412
15/06/2026;31726247;473792238751697;1.33;412
15/06/2026;31726248;401273187518903;1.53;412
15/06/2026;31726249;529290974799510;0.57;397
15/06/2026;31726251;859205607528920;1.53;412
15/06/2026;31726252;677641873181202;0.22;412
15/06/2026;31726253;993285232703932;0.13;412
15/06/2026;31726254;626874465095812;0.68;412
15/06/2026;31726255;129089057109951;0.13;412
15/06/2026;31726257;383412319610196;0.22;412
15/06/2026;31726258;601882633124754;0.13;412
15/06/2026;31726267;227248810484357;0.13;412
15/06/2026;31726276;82661395966756;0.68;412
15/06/2026;31726283;353145212749060;0.13;393|417
15/06/2026;31726287;873227773289062;0.88;412
15/06/2026;31726300;65933876761958;0.68;412
15/06/2026;31726852;241826566946454;0.88;412
15/06/2026;31727162;323854511631070;1.01;
15/06/2026;31727313;361822225520881;11.29;393|416|421
15/06/2026;31728390;140229478137051;7.3;369|393|397|412|417
15/06/2026;31729631;573893302270164;0.16;
15/06/2026;31730282;947323670961263;0.82;412
15/06/2026;31731968;128318607602859;0.34;420
15/06/2026;31732062;519106051794389;0.83;412
15/06/2026;31732694;365094396165787;4.77;393|412|417
15/06/2026;31733185;307542566743992;9.95;
15/06/2026;31733513;647177367188887;0.17;412
15/06/2026;31734670;246832895394559;1.45;397
15/06/2026;31734846;426172599105021;2.54;397
15/06/2026;31735952;547964169352154;0.16;
15/06/2026;31736488;789191456428381;0.12;
15/06/2026;31736507;368436614058531;0.25;412
15/06/2026;31736625;620337410996560;2.73;412
15/06/2026;31737164;85670959523860;0.01;
15/06/2026;31737516;227893417715476;0.4;
15/06/2026;31738402;362726628234805;1.3;397
15/06/2026;31738570;487461426724531;0.22;412
15/06/2026;31739540;55320353682143;19.14;397
15/06/2026;31739978;678309977724004;4.18;397|412
15/06/2026;31740333;243900332080603;2.15;393|412|417
15/06/2026;31740359;227231945317529;0.13;412
15/06/2026;31740428;902067970062459;0.13;412
15/06/2026;31740456;433448118991058;0.22;412
15/06/2026;31741036;645009560712959;0.24;412
15/06/2026;31741056;473040281287402;2.33;420
15/06/2026;31741095;856608200602241;1.8;250|412
15/06/2026;31741119;446462041207444;25.94;393|397|419
15/06/2026;31741144;686511910524543;0.46;412
15/06/2026;31741160;448403820758778;26.32;393|397|419
15/06/2026;31741168;725705419602704;0.37;
15/06/2026;31741190;132546287378535;1.33;412
15/06/2026;31741199;13462139741640;3.06;397
15/06/2026;31741204;838940807374952;8.39;
15/06/2026;31741235;210458466398045;3.03;397|412
15/06/2026;31741239;42870323721392;12.78;412
15/06/2026;31741366;689521908423774;2.84;397
15/06/2026;31741376;221745804968264;48.34;274|393|397|412|417
15/06/2026;31741382;134630705821675;4.9;393|416|421
15/06/2026;31741385;355858468862484;3.14;397|412
15/06/2026;31741387;262271910520895;0.88;412
15/06/2026;31741393;221417351978295;1.14;412
15/06/2026;31741412;267643083499881;0.33;412
15/06/2026;31741436;595626599840991;0.16;
15/06/2026;31741440;39556444979588;0.62;412
15/06/2026;31741441;336063270664789;4.74;397
15/06/2026;31741446;610577446307480;2.53;397
15/06/2026;31741447;264268585493363;0.78;397
15/06/2026;31741454;289752599825697;2.84;397
15/06/2026;31741458;846345970650770;3.35;393|419
15/06/2026;31741666;479037122181912;1.55;420
15/06/2026;31741673;863649948327505;1.07;397
15/06/2026;31741695;694186772520845;3.51;393|416|421
15/06/2026;31741696;601431248165257;0.01;421
15/06/2026;31741705;605697411811817;0.01;
15/06/2026;31741724;132267921166326;0.11;
15/06/2026;31741735;567871653157233;0.3;412
15/06/2026;31741736;365665314723530;2.84;397
15/06/2026;31741778;890821660120137;2.94;397|412|422
15/06/2026;31741788;562161818098683;29.46;393|397|419
15/06/2026;31741791;119447394885929;0.79;393|416
15/06/2026;31741796;877179746929072;29.44;393|397|419
15/06/2026;31741822;421573002587400;0.3;
15/06/2026;31741825;52234287563946;0.03;412
15/06/2026;31741851;256340533105742;0.06;397
15/06/2026;31741862;987142865638053;3.06;397|421
15/06/2026;31741865;219318813976550;2.41;250|412
15/06/2026;31741871;264080641073615;0.22;412
15/06/2026;31741922;685676678186290;5.41;393|416
15/06/2026;31741938;279423859906479;0.37;393|419
15/06/2026;31741952;683420519649635;0.01;
15/06/2026;31741969;8221075383941;0.53;412
15/06/2026;31741972;115601776176839;17.36;393|397|412|417
15/06/2026;31741977;107331823831384;0.44;412
15/06/2026;31741992;874870641668946;3.26;397
15/06/2026;31742016;583498596132736;2.93;420
15/06/2026;31742030;175303412763201;0.24;
15/06/2026;31742057;311182989674659;1.07;412
15/06/2026;31742131;331327099493077;2.28;397|412
15/06/2026;31742139;924700078107286;0.47;393|412|417
15/06/2026;31742143;611840313471767;2.28;397|412
15/06/2026;31742161;699388253067102;2.48;393|397
15/06/2026;31742169;817535377850309;0.16;412
15/06/2026;31742212;510789645477438;84.92;397
15/06/2026;31742256;658678894429492;0.61;397
15/06/2026;31742272;208425351904937;0.81;420
15/06/2026;31742274;207611800442182;1.2;397
15/06/2026;31742275;539991308083563;2.7;393|416|421
15/06/2026;31742276;399896903933566;28.96;397
15/06/2026;31742296;16425316603840;0.35;
15/06/2026;31742298;550852493856920;0.36;412
15/06/2026;31742307;750023796731045;18.7;268|274
15/06/2026;31742320;451784015581557;0.22;
15/06/2026;31742323;380030729191289;56.6;393|397|416
15/06/2026;31742333;117624390246836;11.33;268|412
15/06/2026;31742336;843575321772793;0.23;397
15/06/2026;31742338;764676530252004;2.43;
15/06/2026;31742340;860410731653681;0.84;393
15/06/2026;31742354;683550879825162;3.95;412
15/06/2026;31742358;908054810506148;3.85;412
15/06/2026;31742359;251647220311878;7.37;397
15/06/2026;31742360;437032206470299;2.66;412
15/06/2026;31742376;530942968010340;0.32;412
15/06/2026;31742398;302409322274007;6.33;40|393|397|409|410|412|417
15/06/2026;31742400;786876030102489;0.92;412
15/06/2026;31742423;811258866890553;1.3;412
15/06/2026;31742468;496042367512691;0.3;
15/06/2026;31742490;646879189268179;0.14;
15/06/2026;31742498;768885392040199;43.25;268|274
15/06/2026;31742522;775743578288381;0.34;421
15/06/2026;31742529;293026542671232;1.84;393|419
15/06/2026;31742537;859763740179044;0.15;393
15/06/2026;31742546;206519562172157;0.08;
15/06/2026;31742547;534435782793402;0.17;
15/06/2026;31742559;489890456717779;0.22;
15/06/2026;31742575;165126559806229;0.23;268|409|410|412
15/06/2026;31742581;173392984395116;0.32;412
15/06/2026;31742586;445110926198266;1.45;412
15/06/2026;31742594;897146322495419;0.19;393
15/06/2026;31742602;894503674424310;0.72;420
15/06/2026;31742603;957489540821490;0.08;
15/06/2026;31742606;215155720830069;2.09;420
15/06/2026;31742628;961115369610977;46.36;397|412|422
15/06/2026;31742649;168965761216416;0.34;412
15/06/2026;31742662;430734421596111;0.01;
15/06/2026;31742663;433977720862600;0.25;412
15/06/2026;31742670;295528750976100;0.41;420
15/06/2026;31742688;287758289021602;0.25;412
15/06/2026;31742736;25348839423724;77.21;393|397|416|421
15/06/2026;31742737;977149785156881;0.34;397
15/06/2026;31742741;685743957861154;0.26;412
15/06/2026;31742768;480287745731745;1.33;412
15/06/2026;31742773;553713897766870;4.22;397
15/06/2026;31742797;831289773336847;2.53;412
15/06/2026;31742804;877632628305599;0.2;397
15/06/2026;31742805;770524324471700;5.69;412
15/06/2026;31742810;679543164054067;2.14;397|412|422
15/06/2026;31742823;27978412969996;0.9;393|412|417
15/06/2026;31742824;641565172743435;2.84;397
15/06/2026;31742830;574113243277529;0.2;
15/06/2026;31742832;401157332867144;2.84;397
15/06/2026;31742838;353007170817779;5.64;397|412
15/06/2026;31742840;105757050655712;19.97;393|397|416
15/06/2026;31742841;613538256265216;2.84;397
15/06/2026;31742847;764070350175367;0.06;397
15/06/2026;31742848;995819714729282;60.91;393|397|416
15/06/2026;31742873;618260516406782;2.84;397
15/06/2026;31742880;570577869697526;2.27;397
15/06/2026;31742891;768410154239351;2.16;397
15/06/2026;31742893;843614587152558;2.84;397
15/06/2026;31742894;240858491834655;2.84;397
15/06/2026;31742909;309399125964215;0.26;412
15/06/2026;31742914;336842398088266;1.31;397
15/06/2026;31742919;739863447885722;0.17;412
15/06/2026;31742948;232020081950370;41.54;393|397|419
15/06/2026;31742962;451080157936502;20.79;397
15/06/2026;31743005;91938621046477;0.08;
15/06/2026;31743020;695138895255884;0.82;412
15/06/2026;31743024;502701834971030;22.11;393|397|417
15/06/2026;31743040;163080216894978;0.36;412
15/06/2026;31743042;773580223751712;0.42;393|416
15/06/2026;31743044;71062276522570;40.17;393|397|419
15/06/2026;31743045;899479749161048;2.71;412
15/06/2026;31743060;478805191881620;0.4;412
15/06/2026;31743063;769708642187290;0.32;393
15/06/2026;31743085;822348136126626;74.39;393|397|416
15/06/2026;31743097;824596018136070;6.07;397
15/06/2026;31743102;794959266053691;3.34;412
15/06/2026;31743109;410720245296267;9.64;393|397|416
15/06/2026;31743110;565341157564687;64.97;393|397|416
15/06/2026;31743117;449952375111887;0.63;412
15/06/2026;31743120;976473544331046;1.28;412
15/06/2026;31743127;743479218884012;2.78;412
15/06/2026;31743129;949077317230151;72.68;393|397|416
15/06/2026;31743140;780683569381235;0.61;412
15/06/2026;31743141;873049685904465;0.22;412
15/06/2026;31743153;830850667788172;0.17;
15/06/2026;31743155;793083180918550;0.16;412
15/06/2026;31743170;659011839121770;4.66;397
15/06/2026;31743180;749797151150966;91.2;393|397|416|421
15/06/2026;31743186;535911897936624;9.54;412
15/06/2026;31743192;313030430175311;4.08;40|268|393|397|409|410|412|417
15/06/2026;31743193;432901695118511;1.94;397
15/06/2026;31743229;950720584786076;0.54;412
15/06/2026;31743250;521221771904066;0.26;412
15/06/2026;31743280;659173886603115;2.84;397
15/06/2026;31743301;756752395537574;1.25;412
15/06/2026;31743320;972416625080206;0.56;412
15/06/2026;31743328;395242186790435;2.71;412
15/06/2026;31743346;9554844861005;0.22;412
15/06/2026;31743376;337650481022374;0.93;412
15/06/2026;31743387;430711122929421;3.04;412
15/06/2026;31743391;403866423542686;18.89;393|397|416
15/06/2026;31743400;421241977380397;0.06;412
15/06/2026;31743415;571261733696442;0.94;412
15/06/2026;31743419;195966171361121;0.65;412
15/06/2026;31743420;829240354311386;0.26;
15/06/2026;31743471;107162248478118;0.06;412
15/06/2026;31743525;99920251938081;0.9;412
15/06/2026;31743531;606905464019261;16.93;393|397|412|417
15/06/2026;31743550;162062417538386;0.22;
15/06/2026;31743560;13897445175612;6.03;202|213|409|410|424
15/06/2026;31743562;208723797585522;1.06;397
15/06/2026;31743564;218076541857852;2.6;
15/06/2026;31743565;19839497324470;3.09;397|412
15/06/2026;31743568;901701916929677;10.35;202|213|250|269|355|393|409|410|412|417|424
15/06/2026;31743569;464796113647323;0.43;
15/06/2026;31743578;217297520494245;32.0;393|397|419|420
15/06/2026;31743592;665148546493529;13.1;202|213|269|355|393|409|410|412|417|424
15/06/2026;31743615;292516211838785;0.26;412
15/06/2026;31743621;813054027370134;0.39;412
15/06/2026;31743624;745590184190901;1.92;397|412
15/06/2026;31743628;518545681169765;2.77;393|416
15/06/2026;31743647;186341291122324;7.41;393
15/06/2026;31743648;539703954111487;2.87;393|419
15/06/2026;31743680;935547592352212;4.11;393|416
15/06/2026;31743694;172731561944383;1.17;412
15/06/2026;31743768;684896213357138;0.44;412
15/06/2026;31743770;279115945263568;0.47;412
15/06/2026;31743773;581473802792795;0.6;412
15/06/2026;31743782;696849930508732;3.45;412
15/06/2026;31743835;940635179682730;39.3;393|397|419
15/06/2026;31743857;410338698007537;3.61;393|419
15/06/2026;31743858;320150110012186;1.3;412
15/06/2026;31743882;45775732859593;0.14;
15/06/2026;31743948;794201243115454;0.29;412
15/06/2026;31743984;657252272733576;1.65;412
15/06/2026;31743985;850531139019772;2.78;412
15/06/2026;31743993;398184873455964;2.43;393|417
15/06/2026;31744007;247430790534631;1.08;397|412
15/06/2026;31744017;692835801055581;39.71;393|397
15/06/2026;31744019;180528430291958;2.03;
15/06/2026;31744039;481094520738698;0.3;
15/06/2026;31744041;579772508762953;0.13;
15/06/2026;31744049;582262145980348;2.84;397
15/06/2026;31744111;718373293594227;0.58;412
15/06/2026;31744127;801143061442974;1.03;393|419
15/06/2026;31744168;151269032938710;0.12;
15/06/2026;31744170;559570672006741;23.77;397
15/06/2026;31744225;997051741709129;1.21;412
15/06/2026;31744240;247424856371536;3.71;397
15/06/2026;31744257;580587742621853;0.12;
15/06/2026;31744287;178370407104780;0.34;412
15/06/2026;31744299;600758960462219;0.58;397
15/06/2026;31744300;991280498496696;4.44;393|416
15/06/2026;31744303;597912299209062;0.01;393|416
15/06/2026;31744327;491039794059384;2.56;397
15/06/2026;31744340;313037521727584;0.58;397
15/06/2026;31744341;679783906173133;0.59;393|416
15/06/2026;31744349;452047484455657;2.56;397
15/06/2026;31744354;429468734048218;2.84;397
15/06/2026;31744356;325616422211372;0.01;393|416
15/06/2026;31744372;520383800971857;0.26;412
15/06/2026;31744373;789060101892378;0.22;412
15/06/2026;31744382;150460322924722;0.26;412
15/06/2026;31744400;566025029459596;0.14;
15/06/2026;31744405;23976855638998;2.62;397
15/06/2026;31744407;33328524729964;0.42;397
15/06/2026;31744411;210296631904608;0.01;393|416
15/06/2026;31744418;300574573198913;0.1;393|416
15/06/2026;31744421;666786336110184;0.85;393|416
15/06/2026;31744427;302764801149213;0.24;393|416
15/06/2026;31744431;188748681110012;0.26;397
15/06/2026;31744435;242908137292015;2.62;397
15/06/2026;31744460;551898169297660;66.13;393|397|416
15/06/2026;31744467;510019902968260;2.15;393|416
15/06/2026;31744476;816034156816806;0.14;
15/06/2026;31744484;410824232174584;0.01;393|416
15/06/2026;31744488;240843664516571;2.84;397
15/06/2026;31744495;564778736689384;0.44;393|416
15/06/2026;31744498;338486885989358;0.2;
15/06/2026;31744511;249179648950827;17.41;397
15/06/2026;31744517;865116557540025;0.14;
15/06/2026;31744526;342227889201069;0.01;393|416
15/06/2026;31744527;377641355286494;0.68;393|416
15/06/2026;31744533;572584289202128;2.84;397
15/06/2026;31744535;211609252349892;0.14;
15/06/2026;31744557;544373496852289;0.92;412
15/06/2026;31744581;434145360372140;0.01;393|416
15/06/2026;31744587;77953293015643;2.53;412
15/06/2026;31744610;516416335680898;2.96;397
15/06/2026;31744617;75248417679533;0.14;
15/06/2026;31744621;965499297496687;2.15;393|416
15/06/2026;31744629;722077948703193;0.14;
15/06/2026;31744642;610922362122113;0.06;393|416
15/06/2026;31744643;56892863507276;0.22;393|416
15/06/2026;31744654;59733690227839;1.12;393|416
15/06/2026;31744665;265314972528191;2.27;397
15/06/2026;31744678;523014022221890;0.16;412
15/06/2026;31744679;10779618296985;2.79;412
15/06/2026;31744711;207725339633940;19.83;393|397|412|417
15/06/2026;31744713;713594854377918;0.26;412
15/06/2026;31744733;959236943018843;0.64;397|412
15/06/2026;31744734;291960821288527;1.12;412
15/06/2026;31744747;829393013195137;1.91;397
15/06/2026;31744750;71867762209214;14.55;368|393|397|419|420
15/06/2026;31744755;549476472212143;2.71;393|416|421
15/06/2026;31744765;558319878676503;0.71;393
15/06/2026;31744787;610221876004006;2.58;397
15/06/2026;31744788;377010498262238;0.48;412
15/06/2026;31744793;646748385027417;0.23;
15/06/2026;31744803;687714847249197;0.32;412
15/06/2026;31744829;695219872694792;2.53;412
15/06/2026;31744831;644064628037505;0.11;
15/06/2026;31744856;320909863351046;0.94;412
15/06/2026;31744860;919126304039774;2.16;393|420
15/06/2026;31744861;674153616117725;0.61;393|417
15/06/2026;31744865;460386723149465;1.02;412
15/06/2026;31744867;594468987361665;0.19;412
15/06/2026;31744875;682459202138623;12.26;268|412
15/06/2026;31744885;251580046037596;32.05;393|397|417
15/06/2026;31744896;280623427556692;18.66;393|397|412|417
15/06/2026;31744900;874565878768009;0.24;393|417
15/06/2026;31744902;11056194162788;40.65;397
15/06/2026;31744905;528429715248388;2.84;397
15/06/2026;31744915;917934618930264;2.14;397
15/06/2026;31744919;578250381427380;2.06;412
15/06/2026;31744945;458724549628010;0.34;412
15/06/2026;31745024;834154214384866;0.92;412
15/06/2026;31745087;505962094718460;0.74;
15/06/2026;31745142;524698531562653;0.39;412
15/06/2026;31745153;720070835323081;2.46;397
15/06/2026;31745184;721188935831718;4.98;397
15/06/2026;31745262;503551723441769;0.18;412
15/06/2026;31745266;878139248108652;3.57;412
15/06/2026;31745271;862880495369016;1.23;412
15/06/2026;31745273;971763462026948;2.45;393|420
15/06/2026;31745276;51928690284140;5.32;397|412
15/06/2026;31745282;913705128257540;2.84;397
15/06/2026;31745284;91153883673282;0.08;397
15/06/2026;31745327;775061240144672;0.39;412
15/06/2026;31745396;765570347677533;0.12;393|416
15/06/2026;31745421;592862890500779;1.7;421
15/06/2026;31745432;765688591351101;0.26;393
15/06/2026;31745455;343369952812863;0.55;412
15/06/2026;31745462;977328920648053;1.12;393|419
15/06/2026;31745472;536744607174493;0.8;412
15/06/2026;31745509;599551674025719;1.21;412
15/06/2026;31745609;881337417465835;0.18;397
15/06/2026;31745633;570268168408817;0.34;412
15/06/2026;31745649;136927257358049;0.3;412
15/06/2026;31745659;769070778548668;1.44;393|419|420
15/06/2026;31745660;292623322224726;42.09;393|397|419|420
15/06/2026;31745671;668418942817931;1.48;393|419
15/06/2026;31745675;520791074423613;2.01;420
15/06/2026;31745677;797244326368475;1.07;412
15/06/2026;31745686;150251092574621;0.35;393|416
15/06/2026;31745696;805933884828800;1.48;393|419
15/06/2026;31745697;317714967845628;1.01;420
15/06/2026;31745705;958853003788535;0.07;393|419
15/06/2026;31745708;349055387739887;0.61;393|419
15/06/2026;31745741;173949736898462;0.39;
15/06/2026;31745746;284822037347759;3.33;393|397|420
15/06/2026;31745779;703252057043250;0.06;393|419
15/06/2026;31745781;425575342252153;0.4;393
15/06/2026;31745783;11924325064661;2.86;420
15/06/2026;31745790;651530548861351;0.21;412
15/06/2026;31745843;583718659702116;0.92;412
15/06/2026;31745846;990984916051968;0.92;412
15/06/2026;31745848;501076742306154;1.37;412
15/06/2026;31745850;30517373706854;0.22;412
15/06/2026;31745858;605064523740512;1.28;412
15/06/2026;31745860;339654988176444;0.01;420
15/06/2026;31745872;874857347376409;4.83;397|412
15/06/2026;31745884;357630840290439;0.26;412
15/06/2026;31745889;205816343994338;6.98;412
15/06/2026;31745913;673127898963665;3.02;397
15/06/2026;31745949;678558087963990;2.87;412
15/06/2026;31745951;425338220376549;1.65;412
15/06/2026;31745956;243046677144049;0.92;412
15/06/2026;31746026;8276462575778;0.39;
15/06/2026;31746027;173095905940956;0.22;412
15/06/2026;31746055;54277976362946;2.58;412|422
15/06/2026;31746063;940501890238193;0.18;412
15/06/2026;31746102;17889022777523;1.76;397|412
15/06/2026;31746108;950073016024703;2.67;250|412|422
15/06/2026;31746113;770192370644490;1.54;412
15/06/2026;31746121;259473186485872;2.4;412
15/06/2026;31746125;323970649814831;0.45;412
15/06/2026;31746135;552647204371867;0.06;
15/06/2026;31746137;938356402677636;5.01;412
15/06/2026;31746138;981926352756430;84.57;393|397|416
15/06/2026;31746144;433911602811979;2.32;412
15/06/2026;31746152;162341347463061;35.17;397
15/06/2026;31746154;396992125027960;2.21;412
15/06/2026;31746166;371071614006985;1.96;412
15/06/2026;31746167;738728022972274;0.47;393|417
15/06/2026;31746168;316972352409354;1.5;412
15/06/2026;31746172;265440992800471;0.83;412
15/06/2026;31746178;61840874806402;0.94;412
15/06/2026;31746179;922957585225261;0.14;412
15/06/2026;31746182;353311419782254;1.62;412
15/06/2026;31746189;198357299777729;0.94;412
15/06/2026;31746192;811306342018703;0.25;412
15/06/2026;31746203;414032412325019;0.42;412
15/06/2026;31746210;589050478694751;0.55;412
15/06/2026;31746216;481023846237894;0.07;393|417
15/06/2026;31746221;179797495273165;0.57;412
15/06/2026;31746222;534244561752200;0.15;
15/06/2026;31746226;436381154652178;0.06;
15/06/2026;31746227;678131943649444;1.8;250|412
15/06/2026;31746231;20073860603816;4.82;
15/06/2026;31746232;712096330860792;0.52;412
15/06/2026;31746236;468070915510068;0.03;420
15/06/2026;31746242;11831250515955;2.28;412
15/06/2026;31746247;839677168075516;0.09;412
15/06/2026;31746249;98998287539695;0.65;412
15/06/2026;31746252;704025890054529;0.17;393|417
15/06/2026;31746253;607080840677960;0.88;412
15/06/2026;31746255;386315468654086;2.81;397
15/06/2026;31746263;300292243457059;0.67;393|417
15/06/2026;31746265;106313870002722;7.52;369|393|417
15/06/2026;31746267;932424978895681;0.16;393|416
15/06/2026;31746274;993568706497180;2.15;412
15/06/2026;31746284;345132684412888;0.22;412
15/06/2026;31746286;896094543921625;0.89;412
15/06/2026;31746359;113293164892533;0.13;412
15/06/2026;31746365;983603533687247;0.07;
15/06/2026;31746368;408595579861005;18.66;
15/06/2026;31746380;498343887172809;0.21;
15/06/2026;31746403;288337182905462;0.17;412
15/06/2026;31746454;8832519767552;0.79;393|412|417
15/06/2026;31746465;33980899438406;6.53;393|416
15/06/2026;31746475;184226409942231;34.75;397
15/06/2026;31746483;357746839084359;0.05;
15/06/2026;31746488;648811101679300;0.75;393
15/06/2026;31746493;676969617552376;17.47;393|397|412|417
15/06/2026;31746520;278293641643027;3.53;393|416
15/06/2026;31746531;497566001899522;0.58;250|412
15/06/2026;31746533;874285099786921;0.58;250|412
15/06/2026;31746540;274176701727585;0.35;412
15/06/2026;31746546;973651515523745;13.59;397
15/06/2026;31746550;599479655705352;1.37;412
15/06/2026;31746554;57068581155058;1.78;412
15/06/2026;31746557;164744249947843;1.58;421
15/06/2026;31746560;408224735721260;29.35;393|397|419|420
15/06/2026;31746605;886749750140041;2.76;412
15/06/2026;31746613;140473809805465;19.15;397
15/06/2026;31746626;217592886331078;0.99;412
15/06/2026;31746656;179332702436600;3.49;412
15/06/2026;31746663;38925902114302;39.12;393|397|409|410|412
15/06/2026;31746666;786344249501695;0.24;393|417
15/06/2026;31746696;671479437937214;0.23;
15/06/2026;31746697;290249760185377;0.24;412
15/06/2026;31746734;61907331395340;0.82;412
15/06/2026;31746735;767843139100615;0.22;412
15/06/2026;31746740;985929832860454;2.15;268|393|409|410|412|417
15/06/2026;31746741;177292150684595;1.15;393|416
15/06/2026;31746748;252515764172184;0.32;397
15/06/2026;31746753;430312973696824;0.67;412
15/06/2026;31746770;429235060176652;0.4;393|416
15/06/2026;31746774;612164403791252;0.38;
15/06/2026;31746805;750239635308204;1.58;412
15/06/2026;31746812;44044984046327;0.2;412
15/06/2026;31746815;131327973616428;4.29;412
15/06/2026;31746817;57357971155598;9.07;412
15/06/2026;31746822;358402904104386;0.32;412
15/06/2026;31746827;282004436878443;2.33;412
15/06/2026;31746830;162167946084457;28.86;397|412
15/06/2026;31746837;900166314730879;6.3;412
15/06/2026;31746854;350529230755808;0.13;412
15/06/2026;31746879;290727808932847;0.26;412
15/06/2026;31746909;858143718484102;0.12;
15/06/2026;31746919;738601702471412;0.16;412
15/06/2026;31746963;400425778840630;0.23;
15/06/2026;31746979;762691946025275;0.13;412
15/06/2026;31746992;130740361490761;4.43;393|416
15/06/2026;31746999;291523186466194;0.43;412
15/06/2026;31747009;675450441187348;0.24;412
15/06/2026;31747013;838561409463890;0.24;412
15/06/2026;31747045;565084411400093;11.02;397
15/06/2026;31747049;689735240203619;0.79;393|416
15/06/2026;31747072;901446070447487;1.84;412
15/06/2026;31747080;168507901504665;1.92;412
15/06/2026;31747082;480938424088375;4.69;393|416
15/06/2026;31747087;399975620286768;0.35;
15/06/2026;31747088;832107752906589;0.83;412
15/06/2026;31747091;437539037509936;0.94;412
15/06/2026;31747094;291450349323188;3.88;412
15/06/2026;31747108;185104402213079;0.55;412
15/06/2026;31747113;999624969579944;2.17;412
15/06/2026;31747125;464523228577575;2.06;412
15/06/2026;31747165;307683141852392;3.2;412
15/06/2026;31747173;822733287412648;1.15;393|416
15/06/2026;31747200;982997911686012;1.57;420
15/06/2026;31747224;207278167424943;0.45;397
15/06/2026;31747227;681661719476458;0.26;
15/06/2026;31747238;588710646925120;2.84;397
15/06/2026;31747243;418221986306054;4.31;393|416
15/06/2026;31747286;552408619507242;0.11;
15/06/2026;31747309;952755202038830;2.64;393|419
15/06/2026;31747313;9512750640129;2.84;397
15/06/2026;31747366;567231371881356;0.29;412
15/06/2026;31747373;200312526790341;0.51;420
15/06/2026;31747393;174494128607465;0.11;
15/06/2026;31747402;771255011365951;3.45;412
15/06/2026;31747415;159347873192053;2.72;397
15/06/2026;31747440;911524501723785;1.96;412
15/06/2026;31747448;498565466572202;9.92;393|397|416
15/06/2026;31747454;142362548881109;1.71;412
15/06/2026;31747456;534907217825349;130.19;393|397
15/06/2026;31747460;398652387166066;0.36;412
15/06/2026;31747471;631596195591671;0.41;412
15/06/2026;31747472;631947033980085;7.37;397
15/06/2026;31747477;238398485813520;45.74;393|397
15/06/2026;31747514;495863409925110;0.06;412
15/06/2026;31747523;14437813420609;2.01;397
15/06/2026;31747554;321059192195798;2.08;412|422
15/06/2026;31747566;438623265152963;69.39;393|397|416
15/06/2026;31747568;350660789066459;0.12;
15/06/2026;31747584;707089252696036;2.92;420
15/06/2026;31747622;79400710544177;0.39;393
15/06/2026;31747638;685297663315763;49.52;393|397
15/06/2026;31747806;169714173275443;0.41;412
15/06/2026;31747807;795966260710232;0.23;
15/06/2026;31747827;924317961459883;2.84;397
15/06/2026;31747854;192580058391547;0.2;393|419
15/06/2026;31747890;991029706129813;1.37;412
15/06/2026;31747898;775629706335755;0.22;393|417
15/06/2026;31747911;62512523538843;1.77;412
15/06/2026;31747918;817070011766601;7.6;393|412|417
15/06/2026;31747927;654067267548972;2.84;397
15/06/2026;31747981;684179875479868;2.84;397
15/06/2026;31748023;559480046252408;0.16;412
15/06/2026;31748025;780011485516944;1.72;412
15/06/2026;31748043;820769072860181;168.42;268|274|393|417
15/06/2026;31748046;915229565251529;4.27;393|419|420
15/06/2026;31748057;463252678276983;0.04;393
15/06/2026;31748061;170424372369379;4.08;393|419
15/06/2026;31748062;69151654660348;0.01;
15/06/2026;31748072;619765082593794;61.24;393
15/06/2026;31748115;307125703113798;1.65;412
15/06/2026;31748124;338619923903682;2.84;397
15/06/2026;31748133;929890151484537;1.7;397
15/06/2026;31748136;371771415914029;0.58;250|412
15/06/2026;31748147;778925068519987;1.54;268|274|412
15/06/2026;31748185;923700107553609;3.2;412
15/06/2026;31748188;704199769562149;18.86;
15/06/2026;31748202;924842509975089;0.22;412
15/06/2026;31748206;690865376417628;0.1;393|419
15/06/2026;31748208;17861794533148;8.09;412
15/06/2026;31748210;648336568380451;3.79;412
15/06/2026;31748215;995844610072872;4.13;412
15/06/2026;31748229;327202173393407;1.12;412
15/06/2026;31748231;353050203753898;0.38;412
15/06/2026;31748234;119671469198511;0.57;397
15/06/2026;31748235;178417549559997;5.48;393|412|417
15/06/2026;31748236;516449594927654;2.13;397
15/06/2026;31748237;947036390812550;0.88;412
15/06/2026;31748243;395277545500657;0.3;412
15/06/2026;31748296;254870663432069;6.17;393|397|412
15/06/2026;31748313;239623786904552;1.47;412
15/06/2026;31748317;417493785680059;4.03;393|416
15/06/2026;31748318;43218441484209;10.87;
15/06/2026;31748319;321322049428600;35.83;397
15/06/2026;31748323;442245525364515;12.7;
15/06/2026;31748559;785962718165704;0.42;393
15/06/2026;31748567;105920163111480;0.1;
15/06/2026;31748568;44106341742962;4.17;393|416
15/06/2026;31748586;369705055663528;17.47;393|397|412|417
15/06/2026;31748587;358659495226041;1.11;412
15/06/2026;31748590;1423136921689;0.29;412
15/06/2026;31748606;904416269653357;0.16;412
15/06/2026;31748609;406476028001854;0.16;412
15/06/2026;31748626;531960895763920;0.24;412
15/06/2026;31748627;901571523573269;11.57;412
15/06/2026;31748631;521370146013140;26.98;393|397|417
15/06/2026;31748632;255126682070169;0.32;412
15/06/2026;31748635;700688007648557;0.3;393|417
15/06/2026;31748640;698046731481261;0.16;412
15/06/2026;31748647;46580468401873;2.35;412
15/06/2026;31748651;344409043187301;0.13;412
15/06/2026;31748659;538792216877727;0.39;412
15/06/2026;31748669;733123563658163;0.58;250|412
15/06/2026;31748691;872205331157972;0.24;412
15/06/2026;31748693;991090453225907;0.89;412
15/06/2026;31748696;199537985422169;0.13;412
15/06/2026;31748704;872721213835989;0.06;412
15/06/2026;31748709;973487871115321;9.94;397|412
15/06/2026;31748748;315658856962226;2.39;412
15/06/2026;31748778;279841597389394;0.3;412
15/06/2026;31748786;233438362581469;0.88;412
15/06/2026;31748800;815398827999312;1.73;393|416
15/06/2026;31748802;830015007459657;8.12;397
15/06/2026;31748810;499121268841506;0.84;412
15/06/2026;31748824;198078015478063;1.89;412|422
15/06/2026;31748829;274929538235462;47.79;397
15/06/2026;31748857;361098465291200;1.97;412
15/06/2026;31748863;652860912111715;1.73;412
15/06/2026;31748865;676366190280900;4.55;412
15/06/2026;31748870;253490076409959;1.31;412
15/06/2026;31748871;966545062408096;2.66;412
15/06/2026;31748872;409489398282653;0.55;393|417
15/06/2026;31748873;842751642561805;2.43;412
15/06/2026;31748880;194703617879847;0.37;412
15/06/2026;31748885;40716710966216;1.23;412
15/06/2026;31748887;925602084176312;0.57;412
15/06/2026;31748903;622435430627593;0.94;412
15/06/2026;31748907;336681809159135;2.76;412
15/06/2026;31748918;361408478340755;9.9;393|397|416
15/06/2026;31748927;335884371787960;2.78;412
15/06/2026;31748936;39840119688578;1.5;412
15/06/2026;31748943;816725024748106;7.43;
15/06/2026;31748944;997689870024636;1.51;412
15/06/2026;31748962;473085166556599;0.94;412
15/06/2026;31748989;32920976188092;0.16;
15/06/2026;31749014;278691860597337;1.43;412
15/06/2026;31749018;522263343160014;0.32;412
15/06/2026;31749022;964862301867317;2.4;412|422
15/06/2026;31749025;70184467821533;1.76;412
15/06/2026;31749043;622945510856202;0.41;412
15/06/2026;31749044;980642583920306;0.23;397
15/06/2026;31749046;650677819141833;0.15;393|416
15/06/2026;31749056;162840736680033;0.58;412
15/06/2026;31749060;363621911402478;0.93;412
15/06/2026;31749061;341704806918730;0.04;412
15/06/2026;31749078;615979314956810;0.58;412
15/06/2026;31749082;742146060107076;1.2;393|416|421
15/06/2026;31749085;250676126327062;0.49;393|416
15/06/2026;31749092;427746035716765;112.12;393|397|416|421
15/06/2026;31749136;100164678291471;0.88;412
15/06/2026;31749144;729251103152435;2.4;397
15/06/2026;31749173;791749774307669;9.63;412
15/06/2026;31749174;765823186126011;0.2;
15/06/2026;31749186;525378697440491;0.53;412
15/06/2026;31749187;91412599066388;0.23;
15/06/2026;31749236;150050712633219;0.12;393|419
15/06/2026;31749243;17182710439816;0.67;412
15/06/2026;31749288;858466767799259;0.39;
15/06/2026;31749312;46991950712317;3.15;420
15/06/2026;31749334;528038017852249;1.73;393|419
15/06/2026;31749335;906870845235755;0.97;412
15/06/2026;31749340;870519743845495;0.99;393|419
15/06/2026;31749362;908497307490543;42.66;393|397|419|420
15/06/2026;31749406;869631166527120;40.07;393|397|419
15/06/2026;31749410;474054503747993;0.4;397
15/06/2026;31749413;545124777166360;29.23;393|397|419
15/06/2026;31749420;969268619593274;41.99;393|397|419|420
15/06/2026;31749445;998422913312850;0.18;393|419
15/06/2026;31749482;736412767353162;0.09;397
15/06/2026;31749537;651683173082569;2.36;420
15/06/2026;31749538;109275601997401;0.67;397
15/06/2026;31749545;289267963908894;9.21;393|419
15/06/2026;31749553;219693587729702;17.9;393|397|416
15/06/2026;31749569;237968948867806;0.09;
15/06/2026;31749573;324121979292308;1.61;412
15/06/2026;31749586;926956654248162;25.28;409|410|412
15/06/2026;31749591;711227337558827;32.07;393|397|417
15/06/2026;31749594;374011891103846;0.13;412
15/06/2026;31749600;589761044715989;0.01;420
15/06/2026;31749615;859866240500823;0.24;393|416
15/06/2026;31749617;133011955738025;0.93;412
15/06/2026;31749627;721091296894279;1.68;412
15/06/2026;31749640;33492897100547;6.95;422
15/06/2026;31749642;97118051287748;0.63;397
15/06/2026;31749646;353070804027830;4.37;393|412|417
15/06/2026;31749649;906810295018484;1.46;412
15/06/2026;31749657;525860175723920;0.63;412
15/06/2026;31749661;430362298080586;4.27;393|419|420
15/06/2026;31749693;194451986129849;2.39;412
15/06/2026;31749708;911180811534379;0.15;420
15/06/2026;31749720;424856556721363;0.03;
15/06/2026;31749724;909684299212033;0.47;412
15/06/2026;31749732;14628255532962;0.26;
15/06/2026;31749735;29832828985780;3.06;397|420
15/06/2026;31749737;127840085720169;0.12;
15/06/2026;31749739;457416900104528;0.1;
15/06/2026;31749752;704255096979455;1.19;393
15/06/2026;31749771;432584577583044;1.44;397
15/06/2026;31749774;732579615895699;6.05;393|416
15/06/2026;31749775;607708545899167;1.34;412
15/06/2026;31749776;772415436186364;0.54;412
15/06/2026;31749783;643021931104595;2.05;397
15/06/2026;31749784;39679852417043;2.84;397
15/06/2026;31749785;839583194595910;0.48;397
15/06/2026;31749792;481643467831382;2.84;397
15/06/2026;31749808;857089239999447;2.84;397
15/06/2026;31749809;95978316188692;0.44;397|412
15/06/2026;31749814;490349609255405;1.67;397
15/06/2026;31749816;918378547205922;3.67;412
15/06/2026;31749826;329571291044087;0.48;397
15/06/2026;31749830;604828082600528;0.43;393|416
15/06/2026;31749842;741108242057232;3.13;397
15/06/2026;31749960;627614767063535;0.16;412
15/06/2026;31749968;167305737967018;0.92;412
15/06/2026;31749969;580089553517524;0.22;412
15/06/2026;31749975;693035456221117;7.18;393|416
15/06/2026;31749977;100195788023643;0.06;397
15/06/2026;31749978;659318626983508;0.43;397
15/06/2026;31749997;675056830569276;0.05;
15/06/2026;31749999;572571651651099;0.14;412
15/06/2026;31750003;552422342421241;1.7;412
15/06/2026;31750004;49189606338253;33.92;393|397
15/06/2026;31750017;912298326840432;0.24;393|416
15/06/2026;31750019;773905831252293;0.05;
15/06/2026;31750027;842524372845524;1.65;393|419|420
15/06/2026;31750043;360972609143470;1.42;397
15/06/2026;31750056;20525377566729;0.05;
15/06/2026;31750060;814922639576124;1.68;250|412
15/06/2026;31750069;224506583715802;2.09;397
15/06/2026;31750072;877271096083855;1.8;250|412
15/06/2026;31750076;741290601887888;7.3;368
15/06/2026;31750081;656158554204192;0.33;412
15/06/2026;31750084;18261975576807;0.25;412
15/06/2026;31750103;583329515975390;0.24;393|417
15/06/2026;31750109;708377151691881;3.54;393|397|416|421
15/06/2026;31750114;357155360283841;2.46;397
15/06/2026;31750120;359595539126029;0.76;412
15/06/2026;31750125;192261427797006;0.18;393
15/06/2026;31750137;569480953996486;0.02;
15/06/2026;31750144;714979506515256;1.5;412
15/06/2026;31750150;28419260105988;35.42;393|397|412|417
15/06/2026;31750155;777433639392089;0.89;412
15/06/2026;31750176;530815364364911;1.16;412
15/06/2026;31750187;633612415939395;0.13;412
15/06/2026;31750190;719668928845442;15.68;393|397
15/06/2026;31750204;5983232695641;0.26;412
15/06/2026;31750238;264592907025098;0.05;393|417
15/06/2026;31750241;476028709052299;5.07;397
15/06/2026;31750244;531600874505198;0.15;393|419
15/06/2026;31750253;914915107728605;0.05;
15/06/2026;31750303;400589635287642;1.57;397
15/06/2026;31750320;505232572987722;1.52;393|412|417
15/06/2026;31750341;160410476052359;0.51;397
15/06/2026;31750350;878019405208887;0.05;
15/06/2026;31750401;467970644305456;1.43;412
15/06/2026;31750402;940614783986843;2.73;397|412
15/06/2026;31750405;461274277328123;0.89;412
16/06/2026;31388484;302263721372996;1.3;397
16/06/2026;31392263;749987568565024;93.06;397
16/06/2026;31399068;98357980415933;0.25;397
16/06/2026;31409751;316885641798579;17.42;369|393|397|417
16/06/2026;31419186;667278505035713;1.01;393|397
16/06/2026;31420871;407637432137649;17.81;397
16/06/2026;31440322;583258363668401;27.0;397
16/06/2026;31441296;44897977078110;1.7;397
16/06/2026;31458817;94667494083017;3.9;
16/06/2026;31464479;87632459780932;0.53;397
16/06/2026;31466024;108035192159457;23.15;397
16/06/2026;31467066;171870266156580;0.19;393
16/06/2026;31467362;538857008728997;0.39;393
16/06/2026;31474852;946178541146755;11.84;
16/06/2026;31479587;452783038400901;0.4;393
16/06/2026;31484441;10813612334609;1.85;
16/06/2026;31485425;583491298725407;13.51;397
16/06/2026;31492179;160963752352239;0.54;393
16/06/2026;31493425;348279833910538;35.41;397
16/06/2026;31493912;782458929604443;42.07;397
16/06/2026;31494595;354841621913943;51.94;393|397
16/06/2026;31496124;899286706079185;9.9;393|397|416
16/06/2026;31496256;29472900338971;109.63;397
16/06/2026;31496488;56324815118418;24.97;397
16/06/2026;31499479;297753355127542;0.12;
16/06/2026;31499600;222302566970782;2.09;
16/06/2026;31500222;557830393292880;0.07;393|419
16/06/2026;31501484;243216405674358;4.77;
16/06/2026;31503158;823356458337487;0.57;397
16/06/2026;31503342;31311813858411;0.75;393|419
16/06/2026;31503412;649697692322403;1.89;393|416
16/06/2026;31504058;323125954356860;26.77;369|393|397|412|417
16/06/2026;31506735;227811096531757;0.15;393
16/06/2026;31506881;679609197451158;1.77;393|419
16/06/2026;31507088;195782027329236;2.73;
16/06/2026;31508146;55495493049527;0.16;393
16/06/2026;31509003;461258897300560;31.46;393|397|416
16/06/2026;31514815;917637053968258;41.8;393|397
16/06/2026;31515989;208495969596407;14.76;393
16/06/2026;31516849;176879615477334;1.05;397
16/06/2026;31521501;960922103346083;1.87;
16/06/2026;31527090;81632668422005;0.02;393|419
16/06/2026;31529705;330471505479862;0.56;393|419
16/06/2026;31539797;432970309922793;0.07;393|419
16/06/2026;31543110;173942828303052;41.97;393|397
16/06/2026;31546600;341801603660593;12.41;397
16/06/2026;31547658;559618999537040;0.72;420
16/06/2026;31549788;449570998911414;0.23;397
16/06/2026;31579709;213651464432577;1.46;
16/06/2026;31594655;511122062489344;0.07;393|419
16/06/2026;31597102;22203505664748;71.94;393|397|416
16/06/2026;31597168;285349330593462;0.68;393|419
16/06/2026;31597182;601410817621212;3.83;393|419
16/06/2026;31598148;452261305797339;45.72;393|397
16/06/2026;31598430;496610499180288;0.03;393|419
16/06/2026;31598657;195837117616503;0.1;393|419
16/06/2026;31598757;792931846723052;0.75;393|419
16/06/2026;31598855;61929740379607;0.01;420
16/06/2026;31599710;899235275942689;0.28;393
16/06/2026;31600503;109650811690590;60.81;369|393
16/06/2026;31600526;333066713006452;53.53;393|397
16/06/2026;31600577;14445712269061;0.92;393|419|420
16/06/2026;31601818;279167369090750;0.16;393|419
16/06/2026;31602029;941656086994926;1.89;420
16/06/2026;31602088;569546414246242;22.25;393
16/06/2026;31602474;550926103336538;4.27;393|419|420
16/06/2026;31602884;857931721960075;75.36;393|397|416
16/06/2026;31603983;398664874296906;2.82;397
16/06/2026;31604898;294287889037254;4.29;393|419
16/06/2026;31605100;33399981768651;0.15;393|419
16/06/2026;31606443;794724963701342;3.76;397
16/06/2026;31608159;575388034798635;3.35;
16/06/2026;31608234;167688146795986;0.07;420
16/06/2026;31608360;646995458210880;0.14;393
16/06/2026;31608477;824691634111885;30.21;393|397|419
16/06/2026;31609862;82332560506953;0.68;393|419
16/06/2026;31610122;446287442439701;3.19;397|420
16/06/2026;31610637;340983230999220;1.18;420
16/06/2026;31610847;338977957819805;0.38;420
16/06/2026;31610976;205470435496329;42.67;393|397|419|420
16/06/2026;31611922;14260900296549;0.06;393|419
16/06/2026;31612129;187440862473124;0.37;393|419
16/06/2026;31612604;144963743490870;0.15;393|419
16/06/2026;31613074;286718866741274;1.71;393|419
16/06/2026;31614882;673919235020668;0.15;393|419
16/06/2026;31614890;545822062437795;20.97;393|397
16/06/2026;31615506;505652468366985;2.09;420
16/06/2026;31615519;333819029512951;0.16;420
16/06/2026;31615524;588586706331985;42.78;393|397|419|420
16/06/2026;31615725;545875092879973;0.47;393|419
16/06/2026;31615770;88275903405429;1.06;393|419
16/06/2026;31616750;240074399183592;0.15;393|419
16/06/2026;31616811;164525453298121;0.15;393|419
16/06/2026;31616814;240103538937784;0.01;420
16/06/2026;31616851;653121997127189;0.01;420
16/06/2026;31616852;9364945074012;0.15;393|419
16/06/2026;31616856;226962341147017;2.21;393|419
16/06/2026;31616924;802359158418010;0.69;420
16/06/2026;31618423;872009671661201;1.1;393|419
16/06/2026;31618442;290370374693684;0.26;
16/06/2026;31618580;226088037168325;0.72;420
16/06/2026;31618887;508947524582194;1.85;420
16/06/2026;31618903;410729049359097;0.34;420
16/06/2026;31619125;563460506345106;2.32;420
16/06/2026;31619387;611069858955179;0.24;393|419
16/06/2026;31619577;951477889702693;0.08;393|419
16/06/2026;31619769;28896785787734;0.75;393
16/06/2026;31619834;294472011332537;32.63;393|397|419|420
16/06/2026;31620171;845091430310494;2.73;420
16/06/2026;31620560;872985966983487;1.06;393|419
16/06/2026;31621594;597699399964381;0.37;393|419
16/06/2026;31623282;95855546113108;0.27;393|419
16/06/2026;31623702;798885853468452;21.87;397
16/06/2026;31623931;676536242634653;0.35;393|419
16/06/2026;31625344;634078465516992;0.88;
16/06/2026;31625457;912580578827296;0.26;
16/06/2026;31625967;521504249331703;0.2;393|419
16/06/2026;31626996;46072723169107;0.09;393|416
16/06/2026;31627402;29074870239694;0.2;393|419
16/06/2026;31627410;103551096768338;0.82;393|419
16/06/2026;31628181;538947375128336;2.65;397
16/06/2026;31628347;499808901224507;33.95;393|397|416
16/06/2026;31630930;375195928962705;0.16;393|419
16/06/2026;31631003;288208887166320;2.25;393|419
16/06/2026;31632360;209245663238902;0.11;393|419
16/06/2026;31632486;614264969711315;1.1;393|419
16/06/2026;31634038;847368216817899;1.04;420
16/06/2026;31635357;435825349905058;0.11;420
16/06/2026;31635376;715127730715815;0.43;393|419
16/06/2026;31635459;950325749803499;4.78;393|419
16/06/2026;31636121;768747656433855;41.38;393|397|419
16/06/2026;31650218;505548542090395;0.37;397
16/06/2026;31651129;831031893109292;0.02;393|419
16/06/2026;31652650;760546853583961;32.27;393|397|419
16/06/2026;31652734;66799984607276;0.72;420
16/06/2026;31653864;882499918206406;0.37;393
16/06/2026;31654131;324706111732678;1.38;412
16/06/2026;31655051;507247432869957;0.08;393|419
16/06/2026;31655181;475482110500531;0.34;420
16/06/2026;31655776;841428060992556;2.74;393|416
16/06/2026;31656487;681694222271702;1.96;393|419
16/06/2026;31656490;865538698351535;0.75;393|419
16/06/2026;31657871;218800081787440;0.07;393|419
16/06/2026;31658507;515697965043217;25.86;393|397|419
16/06/2026;31658508;664533826333877;0.18;393|419
16/06/2026;31660087;856767475189250;0.51;397
16/06/2026;31663187;960478557331077;0.37;393
16/06/2026;31663203;309206438583643;0.35;393|419
16/06/2026;31664014;123670699854467;2.37;393|397|420
16/06/2026;31664114;415305867052556;1.84;
16/06/2026;31664153;863176040636298;1.26;397
16/06/2026;31664258;101681212376692;0.15;393|419
16/06/2026;31664398;820193769469546;25.9;393|397|419
16/06/2026;31664457;126033385065097;1.4;393|419
16/06/2026;31664729;601821043014932;2.71;393|419
16/06/2026;31665275;946685379559176;0.15;393|419
16/06/2026;31665285;484764126105468;41.95;393|397|419
16/06/2026;31665656;249540888729121;0.07;393|419
16/06/2026;31665658;165531733267059;0.16;393|419
16/06/2026;31666989;4405348231968;0.1;393|419
16/06/2026;31667809;494483130876485;0.02;393|419
16/06/2026;31667889;689129768996829;5.01;393|419
16/06/2026;31672064;797695427145422;0.45;393|419
16/06/2026;31672076;108703500799068;0.02;393|419
16/06/2026;31672090;14271026491862;0.16;393|419
16/06/2026;31672331;555827993683109;0.83;393|419
16/06/2026;31673136;31800661311587;1.53;393|419
16/06/2026;31673350;11022444099161;0.12;393|419
16/06/2026;31675057;253040270792155;1.46;393|419
16/06/2026;31675532;339347638866127;0.3;
16/06/2026;31676034;552870088608908;0.78;393|419
16/06/2026;31676062;887045522925012;2.25;393|419
16/06/2026;31676714;701725799960250;41.69;393|397|419
16/06/2026;31677010;259575183934368;0.15;393|419
16/06/2026;31677075;725191820717094;0.15;393|419
16/06/2026;31677139;356382659477543;41.11;393|397|419
16/06/2026;31677198;229167193609168;1.48;393|419
16/06/2026;31677366;780902470344097;1.93;393|419
16/06/2026;31677644;196612409144353;0.23;397
16/06/2026;31677709;280708293509929;0.27;393
16/06/2026;31678102;835852082844859;0.57;393|419
16/06/2026;31678286;165614955613022;3.01;397
16/06/2026;31679315;469247032737004;0.75;393|419
16/06/2026;31680905;788782180747428;41.4;393|397|419
16/06/2026;31680925;183540902411501;1.4;393|419
16/06/2026;31680945;192980584315878;0.15;393|419
16/06/2026;31680963;939040156596211;0.03;393
16/06/2026;31680998;586079894359859;0.13;393
16/06/2026;31681598;923912913564723;0.32;393|419
16/06/2026;31682038;902977287250738;0.14;393
16/06/2026;31682186;205584193846211;10.29;397
16/06/2026;31682437;696062787040846;41.0;393|397|419
16/06/2026;31682527;356858453122481;1.1;393|419
16/06/2026;31682585;207591702511982;0.1;393|419
16/06/2026;31682689;327581834525081;8.19;393|416
16/06/2026;31682735;482219390710659;0.88;
16/06/2026;31682843;150687888455413;12.24;393|397
16/06/2026;31683493;298523359824384;30.56;393|397|419
16/06/2026;31683505;757066813166124;41.57;393|397|419
16/06/2026;31683570;66378747994332;0.7;393|419
16/06/2026;31683637;741740356792045;0.47;397
16/06/2026;31684331;188733681667157;30.87;393|397|419
16/06/2026;31684469;542372075372647;0.37;393|419
16/06/2026;31684477;966738289720531;0.15;393|419
16/06/2026;31684510;15508563412918;1.42;393|419
16/06/2026;31684670;553048851617282;1.17;397
16/06/2026;31684718;225734185449828;0.75;393|419
16/06/2026;31684872;179391644538475;0.13;393
16/06/2026;31685022;207761315222284;0.06;393|419
16/06/2026;31685490;662414639035870;0.23;393|419
16/06/2026;31685597;321266649370953;0.07;397
16/06/2026;31686787;617029875920543;1.1;393|419
16/06/2026;31687152;974957039639317;1.19;393|416
16/06/2026;31687281;602598511338933;0.31;393
16/06/2026;31687839;583239341480105;1.06;393|419
16/06/2026;31688459;592362713657249;0.15;393|419
16/06/2026;31688465;497879915050619;0.46;393|419
16/06/2026;31688880;870825176022282;0.15;
16/06/2026;31689713;162551987207271;41.04;393|397|419
16/06/2026;31689759;273714637267095;0.31;393
16/06/2026;31689801;850573011216001;0.04;393|419
16/06/2026;31691514;241387577325446;1.5;
16/06/2026;31692582;408097343311998;0.27;
16/06/2026;31692822;552619010127550;0.57;
16/06/2026;31693141;415254725090239;0.6;393|419
16/06/2026;31693816;266534591258974;0.6;420
16/06/2026;31693828;505976259650826;28.25;393|397|416
16/06/2026;31694179;616345757270878;46.1;40|369|393|397|412|417
16/06/2026;31694191;667067791707068;23.6;393
16/06/2026;31694208;736880450015502;9.29;393
16/06/2026;31694212;436450646470091;37.84;393
16/06/2026;31694537;154913272965406;0.46;
16/06/2026;31694614;367303479495551;1.42;393|419
16/06/2026;31695552;464519219272560;1.69;368
16/06/2026;31696217;81280212987689;0.31;393|419
16/06/2026;31696343;143601674772878;0.26;
16/06/2026;31696637;887876065720547;30.29;393|397|419
16/06/2026;31696689;187330127479581;0.69;393|419
16/06/2026;31696697;393487271212283;0.1;393|419
16/06/2026;31697299;474664791297662;2.77;368
16/06/2026;31697425;833708743719838;1.1;393|419
16/06/2026;31698389;232046326858640;0.74;393
16/06/2026;31698770;338511581634529;71.44;397
16/06/2026;31699196;454727948498771;4.09;
16/06/2026;31699201;494371678613925;6.87;368|393|419
16/06/2026;31699211;670677864048437;1.02;397
16/06/2026;31699635;306831414535819;0.45;393|419
16/06/2026;31699938;469568882413574;0.57;393
16/06/2026;31700095;688477376674904;0.84;393|419
16/06/2026;31700511;991473869640455;0.1;393|419
16/06/2026;31700888;925224293296669;1.93;397
16/06/2026;31700988;586127289088577;3.74;
16/06/2026;31701100;84657717676252;0.15;393|419
16/06/2026;31701194;263761638054007;43.1;393|397
16/06/2026;31701886;775819685560764;26.13;393|397|419
16/06/2026;31702082;492485090595148;5.94;397
16/06/2026;31702349;440035908373192;3.09;397
16/06/2026;31702655;964735988258896;71.81;397
16/06/2026;31703648;688545248584618;0.79;393|419
16/06/2026;31704265;131895903915308;26.37;393|397|419
16/06/2026;31704271;21762336222184;0.52;393|419
16/06/2026;31704367;448959322556870;0.16;393|419
16/06/2026;31704578;373687958183859;1.17;393|419
16/06/2026;31704634;420278439346218;2.66;397
16/06/2026;31704681;472034752674753;0.16;393
16/06/2026;31704769;135075915986684;1.06;393|419
16/06/2026;31705096;685170653125435;0.22;
16/06/2026;31705203;396179486208918;0.49;397
16/06/2026;31706784;935369223918764;46.55;397
16/06/2026;31707132;151614336865893;1.06;393|419
16/06/2026;31707197;636214900012228;0.78;393|419
16/06/2026;31707666;986647713800091;0.33;397
16/06/2026;31708025;873167113746418;25.88;393|397|416
16/06/2026;31708452;849878432333250;0.48;
16/06/2026;31708485;958789646728465;0.1;
16/06/2026;31710537;547638507424677;0.11;393|419
16/06/2026;31710573;811092105606687;0.1;393|419
16/06/2026;31710574;540991681881876;0.12;393|419
16/06/2026;31710577;72928035361598;0.15;393|419
16/06/2026;31710587;210827250567928;0.37;393|419
16/06/2026;31710901;838667280164373;0.12;
16/06/2026;31710952;827334264988048;48.42;396|397
16/06/2026;31711624;879883331608357;25.59;393|397
16/06/2026;31712160;80309776055528;1.49;393|419
16/06/2026;31712472;29877141646894;0.1;393|419
16/06/2026;31712819;841025730731869;1.92;412
16/06/2026;31713489;1285581509501;4.97;
16/06/2026;31713871;944748834213738;30.87;393|397|419
16/06/2026;31713874;598351414276328;0.15;393|419
16/06/2026;31713968;989838260266149;0.39;397
16/06/2026;31714602;287802120719297;0.52;393|419
16/06/2026;31714962;311398214358190;0.06;393|419
16/06/2026;31715856;873439278101719;0.09;393|419
16/06/2026;31716956;303958930145299;13.96;368|397
16/06/2026;31716972;811207250475132;47.03;
16/06/2026;31717663;414307938312135;1.6;393|419
16/06/2026;31717994;882920341619096;0.1;393|416
16/06/2026;31718829;799749458467023;0.51;393
16/06/2026;31718968;314556468620392;1.1;393|419
16/06/2026;31719384;671102027640409;0.04;393
16/06/2026;31719828;259334207772923;0.03;
16/06/2026;31721653;364595368759081;0.37;393|419
16/06/2026;31721768;62358048395846;0.28;393|419
16/06/2026;31721770;286459591912996;0.48;393
16/06/2026;31721872;237477956633533;25.14;393|397|419
16/06/2026;31722923;600994542259844;0.11;393|419
16/06/2026;31723647;450545739465612;0.48;393
16/06/2026;31723659;578917372181867;0.06;393|419
16/06/2026;31723736;823723468448301;0.52;393|419
16/06/2026;31724146;539854158617877;30.78;397
16/06/2026;31724635;545522931898528;71.94;393|397|416
16/06/2026;31724639;569615640102383;63.52;393|397
16/06/2026;31725162;473465029929447;0.08;393
16/06/2026;31725366;239005424181649;16.64;202|213|269|355|393|409|410|412|417|424
16/06/2026;31725388;201651492525819;0.25;202|409|410|412
16/06/2026;31726021;560490940279485;75.86;202|213|269|393|397|409|410|417|424
16/06/2026;31726131;336077250748014;52.15;393|397|416
16/06/2026;31726830;941591594490043;1.77;202|213|409|410|412|424
16/06/2026;31727010;974777697656402;0.15;393|419
16/06/2026;31727042;492539561425071;6.2;202|213|269|355|371|372|393|397|409|410|412|417|424
16/06/2026;31727353;345011962394913;93.48;202|213|269|355|393|397|409|410|412|417|424
16/06/2026;31727407;47042370419178;0.7;202|213|409|410|412|424
16/06/2026;31727466;15846365037046;0.72;393|419
16/06/2026;31727470;698949041259490;1.07;202|213|409|410|412|424
16/06/2026;31727488;64385189448971;7.68;202|213|269|355|371|372|393|397|409|410|412|417|424
16/06/2026;31727736;23717943789221;1.32;202|213|409|410|412|424
16/06/2026;31727755;865693311181;7.68;202|213|269|355|371|372|393|397|409|410|412|417|424
16/06/2026;31727790;352372455208645;36.41;202|213|269|371|372|393|397|409|410|412|417|424
16/06/2026;31728222;251213624784847;2.88;393|419
16/06/2026;31728288;294464928675682;2.55;412
16/06/2026;31728446;182044635615116;0.4;393
16/06/2026;31728483;353688126560015;10.85;202|213|269|355|393|397|409|410|412|417|424
16/06/2026;31728527;172287812184194;0.52;202|213|409|410|412|424
16/06/2026;31728575;214558764281248;0.48;393
16/06/2026;31728961;107886683336277;3.62;202|213|409|410|412|424
16/06/2026;31728962;72984286256725;1.32;202|213|409|410|412|424
16/06/2026;31729111;565056228930184;0.4;397
16/06/2026;31729131;783196297253532;7.92;202|213|269|355|371|372|393|397|409|410|417|424
16/06/2026;31729558;903695045960775;0.79;202|213|409|410|424
16/06/2026;31729992;339950421819942;0.34;202|213|409|410|424
16/06/2026;31730067;394206133081750;1.55;412
16/06/2026;31730108;291456211456894;0.37;412
16/06/2026;31730355;54210071163078;41.04;393|397|419
16/06/2026;31730442;82417113965669;1.39;393|412|417
16/06/2026;31730503;763786348074234;18.64;412
16/06/2026;31730530;561527153150487;1.42;393|419
16/06/2026;31730680;840823032165757;1.07;202|213|409|410|412|424
16/06/2026;31731162;697026297609756;0.88;412
16/06/2026;31731163;43543750362243;1.2;420
16/06/2026;31731407;746344874987487;0.7;393|419
16/06/2026;31731682;831711465581745;2.4;412
16/06/2026;31732052;349065568104892;1.51;397
16/06/2026;31732089;408215214228856;0.37;393|419
16/06/2026;31732314;402986883159762;0.68;202|213|409|410|412|424
16/06/2026;31732911;108787576290092;0.94;412
16/06/2026;31734558;791617085528110;0.58;393|419
16/06/2026;31735312;434913747166625;0.15;393|419
16/06/2026;31735330;948186585953196;0.07;393|419
16/06/2026;31735434;350649446376106;1.17;393|419
16/06/2026;31735453;214478987730051;41.0;393|397|419
16/06/2026;31735836;363955197085406;1.26;393|416
16/06/2026;31736501;376722748022696;1.46;412
16/06/2026;31736549;168656238206690;1.49;393|419
16/06/2026;31736819;542198171215861;3.75;393|419
16/06/2026;31737084;163327471751127;0.57;393|419
16/06/2026;31737189;272396930968679;1.7;393|419
16/06/2026;31737637;342943501993315;0.31;393
16/06/2026;31738409;203633656245984;1.25;412
16/06/2026;31738446;287358892437658;76.52;393|397|416
16/06/2026;31738453;642964537583956;1.12;393|419
16/06/2026;31739340;561773358171513;1.38;412
16/06/2026;31739631;384515923209281;51.43;202|213|355|393|397|409|410|412|417|424
16/06/2026;31739880;718712278412321;0.57;393
16/06/2026;31739947;638491204541893;0.73;393|419
16/06/2026;31740268;832800235982643;0.15;393|419
16/06/2026;31740615;104020149133122;2.24;
16/06/2026;31740980;998357305680089;1.15;393|416
16/06/2026;31741443;77121857963113;2.59;
16/06/2026;31742032;338620446073938;3.18;
16/06/2026;31742164;672633192343255;0.25;202|409|410|412
16/06/2026;31742299;519875774250767;57.71;268|274
16/06/2026;31742302;682790292816858;0.25;202|409|410|412
16/06/2026;31742344;11140555841340;0.68;202|213|409|410|412|424
16/06/2026;31742502;68285510557546;9.9;202|213|269|355|393|409|410|412|417|424
16/06/2026;31742505;271758970144461;0.88;202|213|409|410|412|424
16/06/2026;31742526;183397240515336;5.99;268|274|393|412|417
16/06/2026;31742593;467116620682221;1.32;202|213|409|410|412|424
16/06/2026;31742626;134272967104088;0.35;421
16/06/2026;31742920;545108497355252;2.71;422
16/06/2026;31743073;531210404877227;1.7;
16/06/2026;31743130;748151661360391;12.28;202|213|269|355|393|409|410|412|417|424
16/06/2026;31743133;675525955295393;7.08;202|213|269|355|393|397|409|410|412|417|424
16/06/2026;31743169;507826380475531;8.07;202|213|269|355|393|409|410|412|417|424
16/06/2026;31743208;890068175077876;33.58;268|274
16/06/2026;31743544;661525495251090;4.28;393|419
16/06/2026;31743625;93044699132898;0.68;202|213|409|410|412|424
16/06/2026;31743881;705240788304944;7.08;202|213|269|355|397|409|410|424
16/06/2026;31744025;310306174361624;0.07;393|417
16/06/2026;31744044;162439971690680;0.7;202|213|409|410|412|424
16/06/2026;31744145;817181546093393;10.46;202|213|269|355|371|372|409|410|424
16/06/2026;31744165;525104793501521;0.7;202|213|409|410|412|424
16/06/2026;31744230;132312109049836;1.21;412
16/06/2026;31744547;888134388866857;7.48;202|213|269|355|371|372|397|409|410|424
16/06/2026;31744716;661401973950708;5.26;202|409|410|412
16/06/2026;31744737;348316431712432;0.31;412
16/06/2026;31744845;631808090198852;1.32;202|213|409|410|412|424
16/06/2026;31744864;684347658828528;36.41;202|213|269|371|372|393|397|409|410|412|417|424
16/06/2026;31744904;709208189421664;8.99;202|213|269|355|371|372|397|409|410|412|424
16/06/2026;31744920;869114640264764;21.34;268|274
16/06/2026;31744977;203109385043922;0.41;412
16/06/2026;31745220;261930999717550;78.6;268|274|393|417
16/06/2026;31745227;582113496345450;1.42;268|274|412
16/06/2026;31745236;951224150059066;0.09;202|409|410|412
16/06/2026;31745346;649068782918595;43.92;202|213|355|393|397|409|410|412|417|424
16/06/2026;31745774;233961187459427;0.43;202|409|410|412
16/06/2026;31745895;935808497262806;0.7;202|213|409|410|412|424
16/06/2026;31746264;458982033414319;0.79;393
16/06/2026;31746496;719032775049196;0.36;412
16/06/2026;31746658;222396462495401;0.25;202|409|410|412
16/06/2026;31746700;300099936068735;0.19;202|213|409|410|424
16/06/2026;31746838;417348935390485;71.43;202|213|269|393|397|409|410|417|424
16/06/2026;31746846;194664858032621;49.41;202|213|355|393|397|409|410|412|417|424
16/06/2026;31746955;169482269464908;45.38;397
16/06/2026;31747259;795996362778963;0.04;
16/06/2026;31747405;409190582207208;1.1;393|419
16/06/2026;31747639;586959994809527;37.64;393|397
16/06/2026;31747906;464704672987564;2.06;202|269|355|393|409|410|412|417|424
16/06/2026;31747925;150787798837372;0.58;
16/06/2026;31747980;904098596909836;1.32;202|213|409|410|412|424
16/06/2026;31748182;721112043925757;0.22;412
16/06/2026;31748281;962529655133313;0.97;202|213|409|410|412|424
16/06/2026;31748285;427423889403460;0.7;202|213|409|410|412|424
16/06/2026;31748570;766069384834699;0.23;397|412
16/06/2026;31748729;460227920246556;82.52;268|274
16/06/2026;31748818;625658552889143;0.92;412
16/06/2026;31748946;568977250457793;0.08;
16/06/2026;31748994;240961433589362;3.36;202|213|269|355|393|397|409|410|412|417|424
16/06/2026;31749041;112717318291195;0.68;412
16/06/2026;31749051;429707950362792;1.32;202|213|409|410|412|424
16/06/2026;31749053;481107858207003;0.68;202|213|409|410|412|424
16/06/2026;31749654;56982011468357;0.35;397|412
16/06/2026;31749656;30660995694126;1.28;397
16/06/2026;31749667;984509672668268;1.06;412
16/06/2026;31750009;560664880865102;47.73;268|274|393|397|412|417
16/06/2026;31750063;213537812233373;0.68;202|213|409|410|412|424
16/06/2026;31750075;186844794095828;18.88;393|397|416
16/06/2026;31750258;902965507473082;58.25;268|274
16/06/2026;31750331;702996976116243;2.17;412
16/06/2026;31750346;860350834212374;4.9;393|412|417
16/06/2026;31750374;109161992652330;2.84;397
16/06/2026;31750383;276638753833717;0.36;412
16/06/2026;31750390;722480446111705;2.84;397
16/06/2026;31750391;278811258471112;0.3;
16/06/2026;31750414;650556475228814;0.5;393|416
16/06/2026;31750418;29310305799180;35.17;393|397|417
16/06/2026;31750420;28810627725427;1.59;412
16/06/2026;31750423;70213246375987;0.6;412
16/06/2026;31750426;618833411398119;9.65;397|412
16/06/2026;31750428;438509002395889;0.06;412
16/06/2026;31750443;564820320834984;1.32;202|213|409|410|412|424
16/06/2026;31750464;412844940566497;36.41;202|213|269|371|372|393|397|409|410|412|417|424
16/06/2026;31750484;327796205883565;112.04;393|397|416|421
16/06/2026;31750485;140307964023789;2.19;420
16/06/2026;31750489;703575217686580;0.25;202|409|410|412
16/06/2026;31750490;564475579307874;1.38;420
16/06/2026;31750492;185066587722674;2.29;412
16/06/2026;31750498;861030809905845;0.82;412
16/06/2026;31750500;799871021008489;0.85;412
16/06/2026;31750506;243583985341814;0.02;393|416
16/06/2026;31750510;46182225268261;2.92;40|393|412|417
16/06/2026;31750520;130706938126845;36.41;202|213|269|371|372|393|397|409|410|412|417|424
16/06/2026;31750552;576943603403679;0.47;393|416
16/06/2026;31750569;320841536217707;2.53;412
16/06/2026;31750571;246292069206314;0.89;412
16/06/2026;31750579;128077375941832;0.34;420
16/06/2026;31750590;68058327674545;2.4;412
16/06/2026;31750637;712571961960551;0.58;412
16/06/2026;31750684;69270385833330;1.14;412
16/06/2026;31750689;420146649118549;55.25;268|274|393|397|412|417
16/06/2026;31750702;442968067883947;83.38;393|397|416
16/06/2026;31750704;366696761620503;83.38;393|397|416
16/06/2026;31750713;239830761710274;2.84;268|397|412
16/06/2026;31750742;165310946878458;0.69;412
16/06/2026;31750773;754433658542799;0.52;393|419
16/06/2026;31750780;708219964449986;0.44;397|412
16/06/2026;31750800;445074839600994;1.98;397
16/06/2026;31750809;362243972573253;0.38;393
16/06/2026;31750815;215011610643762;0.16;421
16/06/2026;31750816;715827938692671;1.47;274|393|417
16/06/2026;31751116;1550791530093;1.8;250|412
16/06/2026;31751119;371183972559090;0.26;412
16/06/2026;31751164;63134316232543;0.34;412
16/06/2026;31751168;939949664778078;1.98;397
16/06/2026;31751170;661645385146135;0.25;412
16/06/2026;31751177;591494548491945;0.19;412
16/06/2026;31751190;678539435503311;0.19;412
16/06/2026;31751233;25731187439815;76.61;396|397
16/06/2026;31751259;712094205626028;0.36;412
16/06/2026;31751260;630414351097446;2.88;393|397|420
16/06/2026;31751266;334723131114420;2.84;397
16/06/2026;31751270;756478260654045;0.21;393
16/06/2026;31751278;840723807436988;2.84;397
16/06/2026;31751290;332077672430869;0.16;421
16/06/2026;31751304;974536814904341;2.27;397
16/06/2026;31751312;110310426487875;0.05;412
16/06/2026;31751314;971307023320405;0.16;412
16/06/2026;31751324;2257318962849;0.08;397
16/06/2026;31751352;918298277607158;2.84;397
16/06/2026;31751357;381884203949827;1.16;412
16/06/2026;31751363;604936941148199;16.49;412
16/06/2026;31751376;76043080414115;0.49;397
16/06/2026;31751399;440651611637336;1.01;412
16/06/2026;31751406;760561292886575;0.57;397|412
16/06/2026;31751422;223667788457000;0.57;412
16/06/2026;31751423;547473266600811;1.73;412
16/06/2026;31751454;347444285426251;0.78;393|419
16/06/2026;31751459;230521071584482;0.12;412
16/06/2026;31751461;330989562422249;0.58;250|412
16/06/2026;31751467;801695294903154;2.27;397
16/06/2026;31751482;292794924762863;0.34;412
16/06/2026;31751514;762195173322570;28.31;393|397|417
16/06/2026;31751518;199308745762878;0.57;397|412
16/06/2026;31751520;843823032086576;0.38;412
16/06/2026;31751524;295159861115094;0.25;412
16/06/2026;31751527;675742065185968;1.58;397|412
16/06/2026;31751539;472407984801663;1.52;393|412|417
16/06/2026;31751565;557320537089948;2.8;397
16/06/2026;31751590;439303833303713;0.89;412
16/06/2026;31751594;536617896167683;0.05;
16/06/2026;31751597;507545364827754;0.47;393|416
16/06/2026;31751605;306723806845741;0.18;412
16/06/2026;31751638;934581077253381;3.17;412
16/06/2026;31751640;964154681839949;1.04;412
16/06/2026;31751643;906318136961575;2.66;397
16/06/2026;31751683;886509629773800;1.59;412
16/06/2026;31751714;416112443832917;2.84;397
16/06/2026;31751740;525919614875275;10.59;393|397|412|417
16/06/2026;31751747;320505729607749;0.46;393|419
16/06/2026;31751772;292549356793809;4.98;397
16/06/2026;31751779;801968975561407;0.18;412
16/06/2026;31751819;800560775446976;0.36;412
16/06/2026;31751838;147834156697574;0.67;397
16/06/2026;31751841;536366995752297;0.29;412
16/06/2026;31751845;403493877217570;56.91;393|397|417
16/06/2026;31751850;838046330025915;0.89;412
16/06/2026;31751851;75141838648255;0.89;412
16/06/2026;31751860;62778234195543;29.52;393|397|419
16/06/2026;31751883;942915025271078;1.02;397
16/06/2026;31751896;93796435675340;0.3;412
16/06/2026;31751902;155117748964936;3.24;422
16/06/2026;31751910;361386178895241;0.45;412
16/06/2026;31751914;114250829794491;0.08;393
16/06/2026;31751923;281419027761200;0.29;412
16/06/2026;31751924;267400080850268;0.29;412
16/06/2026;31751925;228224150328128;0.58;412
16/06/2026;31751929;828648374545685;1.11;412
16/06/2026;31751931;450474685253155;0.9;412
16/06/2026;31751957;347966048870833;0.18;412
16/06/2026;31751958;990723352811387;0.9;412
16/06/2026;31751961;564729439592140;0.53;393|416
16/06/2026;31751986;193218350282156;6.24;397
16/06/2026;31751992;835796723011579;0.97;202|213|409|410|412|424
16/06/2026;31752001;520426578103880;3.49;397
16/06/2026;31752056;668338255193400;2.8;397
16/06/2026;31752064;946719983092777;0.92;412
16/06/2026;31752072;285040407866622;1.51;412
16/06/2026;31752074;118834283257222;0.1;
16/06/2026;31752090;458589963598044;9.65;397
16/06/2026;31752093;229397247211966;8.0;393|397|416
16/06/2026;31752117;794372208679785;0.35;393|417
16/06/2026;31752126;732474725126206;2.98;393|412|417
16/06/2026;31752129;300003314412139;0.06;412
16/06/2026;31752136;488313131488921;1.29;412
16/06/2026;31752137;950987313325849;0.5;
16/06/2026;31752138;70475052702167;0.13;412
16/06/2026;31752149;156008510126400;0.26;412
16/06/2026;31752151;861154203166012;10.81;
16/06/2026;31752152;200382175395219;1.76;412
16/06/2026;31752168;277496258748353;2.52;393|416|421
16/06/2026;31752175;406864462400413;1.9;412
16/06/2026;31752176;439412877660825;1.9;412
16/06/2026;31752180;495435068557997;0.9;393|412|417
16/06/2026;31752186;221476819804539;0.11;393|419
16/06/2026;31752230;157433833201336;33.13;393|397|417
16/06/2026;31752232;479133544098743;2.68;397
16/06/2026;31752241;922727300156083;0.26;412
16/06/2026;31752244;33696658629576;3.59;397|412
16/06/2026;31752296;515213203904185;5.58;393|416
16/06/2026;31752297;691376099139687;35.42;393|397|412|417
16/06/2026;31752350;327483787067533;6.96;421
16/06/2026;31752354;441151125023933;0.47;393|412|417
16/06/2026;31752361;819918270653808;1.6;393|416
16/06/2026;31752365;895402666630407;0.15;412
16/06/2026;31752378;458704232739526;0.55;393|417
16/06/2026;31752386;239895539701629;41.23;397
16/06/2026;31752395;214616080611295;0.57;397
16/06/2026;31752401;655003725057500;6.46;393|416
16/06/2026;31752402;300756649112904;0.12;393|416
16/06/2026;31752438;208893657546559;0.24;
16/06/2026;31752450;480423624005689;18.19;397|412
16/06/2026;31752460;59292888248014;0.55;412
16/06/2026;31752471;367425352967134;0.6;412
16/06/2026;31752473;542036240189238;130.28;397|412
16/06/2026;31752477;717786631920671;9.07;412
16/06/2026;31752481;175295753102117;0.02;393|417
16/06/2026;31752482;484922350817001;0.22;393|416
16/06/2026;31752487;79374749043614;0.71;412
16/06/2026;31752494;734167215878122;33.2;397|412
16/06/2026;31752495;894530135296853;0.21;397
16/06/2026;31752496;682869577323203;3.24;412
16/06/2026;31752497;19722139206701;1.86;412
16/06/2026;31752498;493330552827953;3.21;412
16/06/2026;31752506;278899045059519;2.66;397
16/06/2026;31752507;179811927898313;80.15;393|397|416
16/06/2026;31752518;181677346958090;0.29;412
16/06/2026;31752520;319907706840741;0.09;397
16/06/2026;31752523;117139844548354;0.07;393|417
16/06/2026;31752536;246040774410425;43.43;397
16/06/2026;31752554;352948089672215;1.92;412
16/06/2026;31752565;727546425622926;0.82;412
16/06/2026;31752586;596424298693588;0.02;
16/06/2026;31752591;197632341343566;3.08;397
16/06/2026;31752605;719135114607352;0.36;412
16/06/2026;31752628;10494454683814;2.27;397
16/06/2026;31752643;897145011124035;58.47;397
16/06/2026;31752649;408469607091562;1.89;397
16/06/2026;31752674;29514741190361;0.13;412
16/06/2026;31752698;101449896183287;0.08;
16/06/2026;31752706;260129902946684;1.73;397
16/06/2026;31752720;543497870548473;3.55;412
16/06/2026;31752776;33165489199985;0.29;412
16/06/2026;31752799;672097872312416;0.12;393|416
16/06/2026;31752812;854698841955972;0.1;393|417
16/06/2026;31752861;651726001099898;1.47;397
16/06/2026;31752863;768004127930451;2.84;397
16/06/2026;31752874;709943278770179;6.51;369|393|417
16/06/2026;31752898;752388763526393;8.99;202|213|269|355|371|372|393|397|409|410|412|417|424
16/06/2026;31752899;674957781777457;8.07;202|213|371|372|397|409|410|412|424
16/06/2026;31752904;288181216987589;8.99;202|213|269|355|371|372|393|397|409|410|412|417|424
16/06/2026;31752905;931617734038730;8.99;202|213|269|355|371|372|393|397|409|410|412|417|424
16/06/2026;31752906;242299313237246;7.21;202|213|269|355|393|409|410|412|417|424
16/06/2026;31752911;21933198022462;0.82;412
16/06/2026;31752959;214682619942161;0.58;412
16/06/2026;31752983;956949460531471;2.74;412
16/06/2026;31753011;42353216043831;0.79;393|419
16/06/2026;31753015;625572442992644;3.17;393|397|420
16/06/2026;31753017;272168162092977;0.44;
16/06/2026;31753024;511733962244715;0.15;
16/06/2026;31753026;405505410623448;1.15;393|419
16/06/2026;31753043;751591914853998;0.43;
16/06/2026;31753048;37768726808117;0.89;412
16/06/2026;31753049;755124390609061;0.82;412
16/06/2026;31753055;548695262910169;0.88;412
16/06/2026;31753060;418431565976889;0.41;412
16/06/2026;31753063;973918861355050;12.99;412
16/06/2026;31753074;272044660183116;0.3;412
16/06/2026;31753077;367074025782247;12.35;393|397|416
16/06/2026;31753078;193160689717026;3.3;393|397|412|417
16/06/2026;31753083;841856111318308;0.54;393
16/06/2026;31753087;955326072793184;0.48;
16/06/2026;31753096;651082090182482;1.21;412
16/06/2026;31753098;466807173046497;0.94;412
16/06/2026;31753122;949190010856607;0.82;412
16/06/2026;31753242;814722381527062;0.94;409|410|412
16/06/2026;31753245;78137915859695;3.92;393|397|416
16/06/2026;31753248;337771671616235;0.05;
16/06/2026;31753282;676014947621856;0.05;
16/06/2026;31753284;635842025338660;0.89;412
16/06/2026;31753294;711838356626023;0.07;420
16/06/2026;31753309;775244760808503;0.03;412
16/06/2026;31753318;832380043322854;1.95;397|412
16/06/2026;31753319;369063034921045;0.53;412
16/06/2026;31753324;367054937238257;0.2;412
16/06/2026;31753335;612734059026433;0.08;393|416
16/06/2026;31753342;898712495888189;0.58;412
16/06/2026;31753346;751322584372923;7.36;393|416|421
16/06/2026;31753361;347460891387850;0.47;412
16/06/2026;31753365;549053168216251;2.04;412|422
16/06/2026;31753371;447445117580250;0.58;412
16/06/2026;31753380;236472392884438;0.58;412
16/06/2026;31753391;346857588539668;1.23;412
16/06/2026;31753403;605870467676635;0.27;
16/06/2026;31753417;701554134101207;0.12;393|416
16/06/2026;31753421;347052355092294;0.27;412
16/06/2026;31753434;265163361414483;1.35;412
16/06/2026;31753443;921952669953923;1.51;412
16/06/2026;31753448;559060466182980;0.36;
16/06/2026;31753452;977545513801123;0.21;
16/06/2026;31753453;950888259940485;33.18;397|412
16/06/2026;31753460;783964599117356;1.88;412
16/06/2026;31753464;609753203227059;0.1;
16/06/2026;31753484;107960566476460;1.07;420
16/06/2026;31753504;485228663765817;62.6;393|397|416|421
16/06/2026;31753509;262652974876860;8.35;421
16/06/2026;31753533;943992987505512;0.35;
16/06/2026;31753542;446025446003924;0.45;412
16/06/2026;31753543;583730200973481;6.27;393|416|421
16/06/2026;31753544;113487747259658;11.03;393|416|421
16/06/2026;31753550;348501977950261;0.19;412
16/06/2026;31753559;190242538356635;0.07;393|419
16/06/2026;31753583;649411395484202;0.12;421
16/06/2026;31753612;547084027529226;4.34;393|419
16/06/2026;31753617;948090508453600;0.45;393
16/06/2026;31753644;327263044111904;0.19;412
16/06/2026;31753666;381571304179885;0.16;412
16/06/2026;31753671;318163171705315;4.25;421
16/06/2026;31753678;28499606127075;0.29;
16/06/2026;31753682;798020742227967;5.06;397|421
16/06/2026;31753715;735572233993819;2.25;412
16/06/2026;31753728;106601443462012;2.84;397
16/06/2026;31753753;669686903002864;1.51;412
16/06/2026;31753754;704686773307853;0.86;397
16/06/2026;31753759;500293889711008;2.66;412
16/06/2026;31753768;365739250183616;7.05;393|416
16/06/2026;31753839;911973091874913;0.03;412
16/06/2026;31753846;632740350514975;0.35;
16/06/2026;31753847;517480483724395;0.75;412
16/06/2026;31753849;520444214930655;2.79;412
16/06/2026;31753852;577011684909384;2.45;397
16/06/2026;31753859;494521581593502;1.38;393|417
16/06/2026;31753881;715372548573797;0.24;412
16/06/2026;31753884;149248872652132;0.95;412
16/06/2026;31753891;342403254995832;1.43;412
16/06/2026;31753892;723613538075723;0.82;412
16/06/2026;31753900;650686781270093;0.41;412
16/06/2026;31753902;639676360515048;2.93;393|416
16/06/2026;31753905;92723898695720;0.88;412
16/06/2026;31753915;169689585959645;6.14;412
16/06/2026;31753916;589961667230441;4.77;393|412|417
16/06/2026;31753957;339064466170582;0.88;397|412
16/06/2026;31753966;517924239813853;2.19;397|412
16/06/2026;31753973;888689480899601;4.77;393|412|417
16/06/2026;31753978;896627991430568;1.46;412
16/06/2026;31753985;936790993358017;0.41;412
16/06/2026;31754052;780587412829383;0.93;412
16/06/2026;31754106;113977501812887;0.65;397
16/06/2026;31754108;874163972406516;0.1;
16/06/2026;31754211;52315512942998;1.12;412
16/06/2026;31754291;14959533264795;0.22;412
16/06/2026;31754294;426504038254530;1.73;412
16/06/2026;31754302;889252792791761;1.51;412
16/06/2026;31754327;780467007274431;2.84;397
16/06/2026;31754367;287026370916330;0.41;393|416
16/06/2026;31754395;196363156279612;0.04;412
16/06/2026;31754415;617540009204054;0.39;412
16/06/2026;31754422;301953626386;0.36;412
16/06/2026;31754425;912160002256509;0.1;397
16/06/2026;31754433;595576076732061;0.24;412
16/06/2026;31754434;383195109295074;0.07;393|417
16/06/2026;31754437;849909909807785;0.84;397
16/06/2026;31754890;538120860002701;0.86;397|412
16/06/2026;31754901;965358968595131;0.15;393|416
16/06/2026;31755215;855085975380162;0.18;412
16/06/2026;31755504;882414101753765;1.01;397
16/06/2026;31755524;506949072599618;2.8;397|412
16/06/2026;31755539;815013972798880;0.18;412
16/06/2026;31755877;175680401364752;0.35;412
16/06/2026;31755879;934656286386146;0.13;412
16/06/2026;31756121;41368884054428;0.57;397|412
16/06/2026;31756152;690066837415172;5.65;397
16/06/2026;31756187;721352151736920;2.08;412
16/06/2026;31756395;727003632462646;0.32;412
16/06/2026;31756403;165659746239505;2.58;412|422
16/06/2026;31756407;482551726053465;2.53;412
16/06/2026;31756546;200400248788184;120.2;393|397|416
16/06/2026;31756570;171744673812060;0.17;397
16/06/2026;31756587;836806975794150;2.43;397
16/06/2026;31756588;994663631232171;0.87;393|416
16/06/2026;31756603;665398920285864;0.17;397
16/06/2026;31756614;526248635400796;2.56;397
16/06/2026;31756637;623211425449006;0.21;
16/06/2026;31756639;482592515473347;0.01;393|416
16/06/2026;31756644;175193953976385;0.87;393|416
16/06/2026;31756662;590820028930506;0.41;393|416
16/06/2026;31756665;692869898116733;69.7;393|397|416
16/06/2026;31756682;21259152433821;0.17;397
16/06/2026;31756695;7210050126644;0.87;393|416
16/06/2026;31756709;780942718335274;0.31;397
16/06/2026;31756722;920388743227205;0.3;
16/06/2026;31756723;435229363668837;2.43;397
16/06/2026;31756729;507308176925211;1.15;393|416
16/06/2026;31756732;542544063591156;3.5;397
16/06/2026;31756748;226064576186534;0.06;
16/06/2026;31756775;794984647950424;0.58;397
16/06/2026;31756785;939809215497441;0.41;393|416
16/06/2026;31756794;640331469761391;0.3;
16/06/2026;31756805;468050554557260;0.75;397
16/06/2026;31756844;688741761836275;14.05;268|412
16/06/2026;31756870;868467821687827;3.67;412
16/06/2026;31756891;42175245148619;0.89;412
16/06/2026;31756897;553729384199229;6.98;412
16/06/2026;31756910;948291042074055;25.85;397
16/06/2026;31756917;915631206642466;0.41;393|419
16/06/2026;31756946;322700922879630;1.88;420
16/06/2026;31756948;872931239212955;2.26;393|417
16/06/2026;31756974;7276101470967;0.11;
16/06/2026;31756975;607771503284268;2.33;
16/06/2026;31756994;624196987525498;2.73;412|422
16/06/2026;31757148;214753502472371;0.7;412
16/06/2026;31757175;265126937171749;1.49;
16/06/2026;31757240;396149868147035;1.85;393|412|417
16/06/2026;31757247;12216436789893;129.82;397
16/06/2026;31757265;739574514157563;0.65;397
16/06/2026;31757325;295656038525066;20.74;393|397|417
16/06/2026;31757337;334298961249585;1.04;412
16/06/2026;31757343;243709587431402;1.59;412
16/06/2026;31757345;900789025550468;4.81;412
16/06/2026;31757347;431065126871439;0.55;412
16/06/2026;31757351;979114111031469;0.09;412
16/06/2026;31757353;205959947813571;26.2;397|412
16/06/2026;31757360;332636806658430;1.82;412
16/06/2026;31757365;926294860864221;1.57;412
16/06/2026;31757366;176591058804214;4.26;412
16/06/2026;31757369;29475703814597;1.92;412
16/06/2026;31757375;177386238202601;2.24;412
16/06/2026;31757379;335611556292732;1.5;412
16/06/2026;31757385;307526916205218;0.48;393|417
16/06/2026;31757388;870253943546799;0.25;412
16/06/2026;31757391;672593848055425;0.41;412
16/06/2026;31757393;350258421675786;2.6;412
16/06/2026;31757399;192024868247892;1.74;412
16/06/2026;31757402;349745643921833;2.73;393|416
16/06/2026;31757404;943572931811884;2.07;412
16/06/2026;31757418;904086076655562;42.07;393|416
16/06/2026;31757420;387482580955989;2.71;393|420
16/06/2026;31757424;721799686930489;0.2;412
16/06/2026;31757426;331455368610788;0.87;393|416
16/06/2026;31757428;402094701508150;1.37;397
16/06/2026;31757430;693479528592223;1.85;412
16/06/2026;31757451;911837255049572;3.55;412
16/06/2026;31757452;270392656195598;1.45;393|416
16/06/2026;31757457;516200564658194;1.92;412
16/06/2026;31757461;896323583748855;0.01;393|416
16/06/2026;31757463;62023767275726;2.56;412
16/06/2026;31757465;622320150175636;1.98;412
16/06/2026;31757470;104622291922788;0.41;412
16/06/2026;31757472;812342678427550;0.4;412
16/06/2026;31757473;157041788529944;8.12;393|397
16/06/2026;31757475;230715085675995;1.62;412
16/06/2026;31757477;64183289012426;2.07;412
16/06/2026;31757493;999237908888920;0.47;393
16/06/2026;31757494;646847278397961;0.93;412
16/06/2026;31757504;805581437347702;0.93;412
16/06/2026;31757510;59714694591993;0.89;412
16/06/2026;31757512;610398935354684;11.23;393|416|421
16/06/2026;31757514;672972460177673;0.29;393
16/06/2026;31757521;12721477872211;0.12;
16/06/2026;31757541;95844043417988;0.18;
16/06/2026;31757587;149724824079922;0.66;412
16/06/2026;31757589;17055421720750;0.34;
16/06/2026;31757597;386766533817354;0.03;412
16/06/2026;31757660;231586092599923;0.11;393|419
16/06/2026;31757724;703733474014377;0.61;393|419
16/06/2026;31757725;691203960221655;0.41;
16/06/2026;31757741;378567979403637;0.18;
16/06/2026;31757743;702082354885755;1.01;420
16/06/2026;31757753;533694761994464;0.63;393|416
16/06/2026;31757758;714561388280478;0.43;412
16/06/2026;31757786;550705500275863;0.01;420
16/06/2026;31757803;586142818097870;0.37;393|419
16/06/2026;31757863;631398794527711;1.51;397
16/06/2026;31757873;712129038736870;0.97;412
16/06/2026;31757875;814841368148096;0.24;393|417
16/06/2026;31757876;630830834998012;0.36;412
16/06/2026;31757896;218714763385495;0.13;412
16/06/2026;31757904;909442038287065;20.74;393|397|417
16/06/2026;31757929;313148418550090;0.41;412
16/06/2026;31757987;670089634146236;14.54;393|397|416
16/06/2026;31758015;303097216982319;0.22;412
16/06/2026;31758025;78458130769127;26.48;393|397|412|417
16/06/2026;31758029;711384315198466;0.26;393|417
16/06/2026;31758034;24998007956908;8.13;420
16/06/2026;31758071;15634100808276;9.07;412
16/06/2026;31758078;487321170974124;0.16;421
16/06/2026;31758100;338094725999524;1.51;393|412|417
16/06/2026;31758106;644022886179460;16.03;393|416
16/06/2026;31758107;609257578649419;4.77;393|412|417
16/06/2026;31758118;757260860261091;0.1;393|416
16/06/2026;31758121;47477180936907;2.78;412
16/06/2026;31758127;828115365936039;2.28;412
16/06/2026;31758131;469601633586786;0.14;412
16/06/2026;31758143;317666217316305;3.37;393|417
16/06/2026;31758145;797874621142568;2.71;412
16/06/2026;31758146;188259195852055;4.29;412
16/06/2026;31758147;745453381119645;0.17;412
16/06/2026;31758160;948247856804597;41.99;393|397|419|420
16/06/2026;31758170;803443150315866;0.05;
16/06/2026;31758216;913588738329784;0.13;412
16/06/2026;31758246;722937718752330;0.89;412
16/06/2026;31758251;403388579300268;0.26;412
16/06/2026;31758270;685633097516827;0.22;412
16/06/2026;31758381;65814109714446;1.51;412
16/06/2026;31758382;579532145464477;2.06;412
16/06/2026;31758383;771249743755455;16.09;393|416
16/06/2026;31758391;827439198612548;1.14;397
16/06/2026;31758395;149526509453829;0.17;
16/06/2026;31758403;228464382532321;0.22;393|416
16/06/2026;31758422;568903084993624;1.54;412
16/06/2026;31758427;898003158741937;2.22;393|397|420
16/06/2026;31758438;877044996985128;1.17;412
16/06/2026;31758456;665139692095543;2.51;412
16/06/2026;31758466;512450870005685;0.18;393
16/06/2026;31758467;809067022905838;0.53;412
16/06/2026;31758469;149459707707788;0.01;
16/06/2026;31758483;257311997253673;0.37;412
16/06/2026;31758510;194440675775556;3.13;397|420
16/06/2026;31758511;342449036782600;2.91;397
16/06/2026;31758512;635605430710903;27.62;393|397
16/06/2026;31758566;173517057288947;8.28;368|393|419
16/06/2026;31758598;929809779982259;0.22;
16/06/2026;31758603;256911069922808;0.23;
16/06/2026;31758608;397465429856199;22.43;397
16/06/2026;31758618;10544598765429;9.7;393|397|417
16/06/2026;31758627;794530936268211;788.3;393|419
16/06/2026;31758645;279319520672511;0.17;412
16/06/2026;31758650;196705503977029;73.29;393|397|416
16/06/2026;31758653;343199317059243;5.71;412
16/06/2026;31758670;146293237280968;1.65;420
16/06/2026;31758674;128330064044877;10.98;422
16/06/2026;31758701;611716094145284;0.75;412
16/06/2026;31758719;901808586522719;0.68;
16/06/2026;31758726;420528215890353;6.36;393|397|416
16/06/2026;31758733;642987906769081;3.95;397
16/06/2026;31758738;574782971962147;0.79;393|412|417
16/06/2026;31758739;291690931906582;0.22;
16/06/2026;31758741;135480402673330;6.36;393|397|416
16/06/2026;31758743;397360221442596;9.65;397
16/06/2026;31758745;276254917343172;1.85;412
16/06/2026;31758747;330314204245537;0.2;397
16/06/2026;31758752;326191663711643;6.13;397
16/06/2026;31758756;372173396656738;0.49;397
16/06/2026;31758765;118806058169323;2.84;397
16/06/2026;31758768;719539873470672;2.66;397
16/06/2026;31758774;271381071128998;1.56;397
16/06/2026;31758780;356969153082142;1.78;268|412
16/06/2026;31758781;634550629989699;55.9;393|397|416
16/06/2026;31758782;308823391489276;6.36;393|397|416
16/06/2026;31758792;283162672193379;87.8;397
16/06/2026;31758804;128221811318443;0.24;412
16/06/2026;31758807;301056205312393;0.13;412
16/06/2026;31758809;67628362501022;0.25;412
16/06/2026;31758814;924424378232796;1.18;412
16/06/2026;31758816;186287394720804;13.49;397|420
16/06/2026;31758822;994735672861618;3.14;393|416
16/06/2026;31758823;814008250132187;2.25;412
16/06/2026;31758828;561203011963368;1.18;412
16/06/2026;31758830;559220584409627;46.96;393|397|416
16/06/2026;31758840;550439637605442;4.13;412
16/06/2026;31758844;954024449024885;1.18;412
16/06/2026;31758858;284998351130969;4.13;412
16/06/2026;31758870;558245701872939;5.89;397
16/06/2026;31758877;634729881771201;0.13;412
16/06/2026;31758879;607366037084245;2.84;397
16/06/2026;31758880;663451064520419;62.81;393|397|416
16/06/2026;31758892;878154091036918;433.1;
16/06/2026;31758893;543041930887829;17.58;393|397|412|417
16/06/2026;31758894;353457184618056;0.01;420
16/06/2026;31758907;797384054764890;40.26;397
16/06/2026;31758913;575698021288703;0.81;397
16/06/2026;31758923;250090379873522;90.39;393|397|416|421
16/06/2026;31758941;789194059960442;105.8;393|397|416
16/06/2026;31758982;288952437701686;1.45;393|416
16/06/2026;31759004;233472446610382;31.79;393|397|417
16/06/2026;31759064;339307712448413;0.93;412
16/06/2026;31759110;723886242189406;0.41;412
16/06/2026;31759111;174029519469498;0.22;393
16/06/2026;31759122;366474768703580;0.46;
16/06/2026;31759126;145760637861646;3.61;393|397|412|417
16/06/2026;31759128;608084715101567;0.09;412
16/06/2026;31759129;443218473956503;2.21;412
16/06/2026;31759146;210089437423175;0.25;412
16/06/2026;31759159;972546288225271;3.78;393|416|421
16/06/2026;31759161;695632956940973;0.25;412
16/06/2026;31759163;520863872590749;3.79;412
16/06/2026;31759172;861468120272758;0.9;412
16/06/2026;31759183;166371694392113;21.71;396|397
16/06/2026;31759187;375561768471852;6.27;368|393|397|419
16/06/2026;31759235;264440623737246;0.26;412
16/06/2026;31759243;437497465090298;2.88;397
16/06/2026;31759248;776102300922364;1.94;412
16/06/2026;31759254;987059067319670;1.12;412
16/06/2026;31759299;152411489227958;0.02;
16/06/2026;31759314;791414079927003;0.63;412
16/06/2026;31759360;879757076985592;15.17;393|397|416
16/06/2026;31759390;717205406450038;0.61;412
16/06/2026;31759391;207443311861514;1.76;412
16/06/2026;31759403;526686823771314;1.69;393|419
16/06/2026;31759420;12894657569029;0.08;412
16/06/2026;31759424;644134706828485;10.98;422
16/06/2026;31759435;144157951336483;42.67;393|397|419|420
16/06/2026;31759449;960627221518798;0.37;393|416
16/06/2026;31759498;455709337762641;13.99;393|397|416
16/06/2026;31759499;726956354685717;7.44;393|416
16/06/2026;31759504;583705088245371;73.09;393|397|416
16/06/2026;31759508;31972870216208;0.29;412
16/06/2026;31759510;243052063412882;1.72;268|412
16/06/2026;31759532;747682421992080;7.44;393|397|416
16/06/2026;31759549;745256400689158;0.29;412
16/06/2026;31759553;254258700871399;47.49;268|274
16/06/2026;31759560;655744350831966;2.72;397|421
16/06/2026;31759569;264135542929801;0.84;412
16/06/2026;31759593;263040656517515;0.3;412
16/06/2026;31759604;271997946726050;0.19;393|419
16/06/2026;31759613;222272306244891;29.31;393|397|419
16/06/2026;31759617;722538798950627;1.25;412
16/06/2026;31759620;22476294034125;2.84;397
16/06/2026;31759639;44183495057050;0.89;412
16/06/2026;31759644;400591835598269;12.69;268|274|393|412|417
16/06/2026;31759665;690614524401410;0.11;
16/06/2026;31759740;786407768369765;170.53;268
16/06/2026;31759742;987064474467914;0.26;
16/06/2026;31759754;579410046646043;5.32;397|412
16/06/2026;31759772;954006164631107;0.67;393|416
16/06/2026;31759786;421372760282372;1.5;412
16/06/2026;31759788;475065129870285;7.52;393|412|417
16/06/2026;31759854;635316736697208;1.93;412
16/06/2026;31759875;185023253119901;1.62;397
16/06/2026;31759940;134738248575959;0.46;
16/06/2026;31759943;835781640050509;0.25;
16/06/2026;31759951;361410480373937;2.58;397
16/06/2026;31760000;3454425292581;4.46;412
16/06/2026;31760068;373340129755573;2.84;397
16/06/2026;31760140;571695192704576;0.13;412
16/06/2026;31760141;546882469975709;0.26;412
16/06/2026;31760147;181183842473393;0.1;393|419
16/06/2026;31760186;528133091171687;0.27;
16/06/2026;31760187;365983310456940;0.05;
16/06/2026;31760190;553514575379467;0.26;412
16/06/2026;31760195;302437711666926;74.79;393|397|416
16/06/2026;31760198;837655842212116;8.93;393|416
16/06/2026;31760201;250558897476916;0.2;393|416
16/06/2026;31760205;901041682856400;2.4;250|393|412|417
16/06/2026;31760212;186853996145818;0.26;412
16/06/2026;31760214;825945152527630;0.72;397
16/06/2026;31760225;42059912878308;28.53;393|397|419
16/06/2026;31760227;615613672574586;0.88;412
16/06/2026;31760238;261852576584266;0.35;393
16/06/2026;31760246;145164011235597;2.53;393|419
16/06/2026;31760261;411273457825444;0.01;421
16/06/2026;31760273;416437852925457;72.12;190|393|397
16/06/2026;31760336;673952042512053;0.42;412
16/06/2026;31760350;104183529953960;0.94;412
16/06/2026;31760366;370442913773480;75.36;393|397|416
16/06/2026;31760376;191770770133580;0.13;412
16/06/2026;31760378;8719304001225;1.07;412
16/06/2026;31760391;637602359402432;0.22;412
16/06/2026;31760411;81899099601193;4.66;250|393|412|417
16/06/2026;31760417;479534712579678;0.13;
16/06/2026;31760418;564903654464804;0.89;412
16/06/2026;31760427;622004023530529;0.38;
16/06/2026;31760429;320473778311266;1.02;412
16/06/2026;31760433;743411315151766;0.59;412
16/06/2026;31760435;499782204550418;0.34;397
16/06/2026;31760439;82233890376981;0.91;412
16/06/2026;31760442;234486014713216;34.7;393|397|416
16/06/2026;31760473;989476214562632;0.29;412
16/06/2026;31760474;711672119357082;0.34;412
16/06/2026;31760516;729513454990962;2.87;397|412
16/06/2026;31760554;632107326007733;0.26;412
16/06/2026;31760566;276554429335220;0.12;393
16/06/2026;31760576;710077434366160;2.8;412
16/06/2026;31760578;476595428949644;0.32;397
16/06/2026;31760584;841683150546193;0.4;412
16/06/2026;31760600;500002476299137;1.5;412
16/06/2026;31760605;798409659454123;0.26;412
16/06/2026;31760607;230991105061927;2.81;397
16/06/2026;31760613;770122078421723;0.89;412
16/06/2026;31760625;244244735025762;0.34;397
16/06/2026;31760645;972525811031819;0.51;412
16/06/2026;31760692;689139117719956;21.47;397
16/06/2026;31760706;368572530748062;0.59;412
16/06/2026;31760752;774601898215921;3.69;420
16/06/2026;31760762;498224589113120;1.07;393|419
16/06/2026;31760809;548582839645896;0.22;393|416
16/06/2026;31760828;362942869511012;0.23;393|416
16/06/2026;31760831;985358118704285;0.53;412
16/06/2026;31760832;812869101676523;2.41;397|412
16/06/2026;31760836;864610250298000;0.35;393
16/06/2026;31760838;221124163747998;0.68;393|416
16/06/2026;31760846;955821206749871;0.21;412
16/06/2026;31760864;615594839459059;0.43;
16/06/2026;31760874;975688097209872;0.06;412
16/06/2026;31760886;614177764607315;0.22;412
16/06/2026;31760908;522748017418476;0.14;
16/06/2026;31760916;529138501486005;0.94;412
16/06/2026;31760925;939918842218502;0.12;412
16/06/2026;31760951;107640391903516;0.02;393|419
16/06/2026;31760959;527077804342871;2.84;397
16/06/2026;31760981;956366460357479;1.77;397|412
16/06/2026;31761024;557446828612793;0.05;
16/06/2026;31761032;77169760135771;0.18;412
16/06/2026;31761050;542870744763045;3.21;397
16/06/2026;31761053;96048610774895;0.25;412
16/06/2026;31761069;782525952046023;4.07;
16/06/2026;31761096;527527266727412;0.24;412
16/06/2026;31761100;343170200830295;0.22;393|416
16/06/2026;31761106;635510468405210;1.59;397
16/06/2026;31761110;460560800100763;17.13;412
16/06/2026;31761114;670620381157739;1.54;412
16/06/2026;31761120;585517718534318;0.78;412
16/06/2026;31761124;824285020090594;0.48;412
16/06/2026;31761126;394537797564001;0.01;393|419
16/06/2026;31761130;213204317115604;1.16;397
16/06/2026;31761140;819907754493296;0.48;412
16/06/2026;31761141;335331602849449;0.03;
16/06/2026;31761158;510721509213409;3.07;397
16/06/2026;31761159;226507685102511;0.26;412
16/06/2026;31761169;489693164190603;0.57;397|412
16/06/2026;31761171;238153580478432;2.84;397
16/06/2026;31761178;931034783994274;3.73;397
16/06/2026;31761179;391923556314871;0.21;268|409|410|412
16/06/2026;31761184;712161397326743;9.72;397
16/06/2026;31761215;201466543327146;6.51;393|412
16/06/2026;31761216;45820752903964;0.13;412
16/06/2026;31761217;697595586047649;0.58;250|412
16/06/2026;31761219;199739236466458;1.19;412
16/06/2026;31761253;28439786750833;4.07;
16/06/2026;31761285;922290661473256;0.38;412
16/06/2026;31761292;249737995674354;0.08;
16/06/2026;31761296;388619589486234;0.36;
16/06/2026;31761302;339447325930072;1.34;397|412
16/06/2026;31761304;146171807326002;0.71;393|417
16/06/2026;31761306;897277523967809;4.37;393|412|417
16/06/2026;31761315;264185956778640;0.59;393|419
16/06/2026;31761324;192276453837606;1.18;412
16/06/2026;31761334;260114508799786;0.83;393|417
16/06/2026;31761337;189881535974459;1.94;397|412
16/06/2026;31761340;655167724194460;0.13;412
16/06/2026;31761361;361891852910717;0.16;420
16/06/2026;31761399;302539623910870;0.81;420
16/06/2026;31761418;471309322569662;0.58;250|412
16/06/2026;31761431;210419141807545;0.39;
16/06/2026;31761433;426965344430180;0.06;412
16/06/2026;31761450;713783380198409;42.17;393|416
16/06/2026;31761453;734504823676088;0.37;393
16/06/2026;31761459;937956660720461;0.12;393|416
16/06/2026;31761474;88374536050156;0.13;393|419
16/06/2026;31761480;265004150274183;0.19;393|419
16/06/2026;31761497;307592817909036;2.27;397
16/06/2026;31761503;616486083537130;1.18;393|419
16/06/2026;31761518;269241711613679;2.25;393|420
16/06/2026;31761546;958478289142982;2.86;369
16/06/2026;31761548;962657295334726;0.23;
16/06/2026;31761579;492313465964444;2.84;397
16/06/2026;31761631;679717931739203;1.05;412
16/06/2026;31761636;18753247708004;1.44;412
16/06/2026;31761637;629679604593920;0.22;412
16/06/2026;31761650;61756324749895;0.65;412
16/06/2026;31761710;56482340772213;2.58;421
16/06/2026;31761738;680512254474264;2.27;412
16/06/2026;31761771;744910606693255;0.43;
16/06/2026;31761793;257754461128354;36.25;393|397
16/06/2026;31761800;122235173768856;2.17;412
16/06/2026;31761802;517796062504710;0.24;412
16/06/2026;31761807;362690914806260;1.43;412
16/06/2026;31761822;771655359645414;0.13;412
16/06/2026;31761845;201305075872693;4.29;397
16/06/2026;31761857;970999058649083;2.73;412
16/06/2026;31761882;277763383473364;0.04;393|416
16/06/2026;31761897;8707158454792;0.81;412
16/06/2026;31761898;963198336251251;2.84;397
17/06/2026;31272326;10311095285541;75.89;393|397|416
17/06/2026;31278873;673942809155693;0.06;393|416
17/06/2026;31328203;180070371696759;1.1;393|416
17/06/2026;31362786;482719717056249;61.86;393|397|416
17/06/2026;31435885;220301212564903;38.12;393|397|417
17/06/2026;31447368;687796820207320;198.73;397
17/06/2026;31473285;111893611005917;15.3;368|393|397|419
17/06/2026;31474709;343769836974368;0.4;412
17/06/2026;31490297;435826943428732;0.38;
17/06/2026;31499859;668395678149694;16.29;397
17/06/2026;31502877;938366204255691;1.17;420
17/06/2026;31506935;34172722976034;2.58;393|419
17/06/2026;31520941;247126213175973;0.74;393
17/06/2026;31597105;917247325635167;0.16;412
17/06/2026;31599012;132876858764553;345.68;397
17/06/2026;31599430;489553819368886;0.67;412
17/06/2026;31600282;972335690045241;2.87;393|412|417
17/06/2026;31600780;270916479342443;5.33;397
17/06/2026;31604663;905894236407473;2.79;397
17/06/2026;31605601;979272834180851;3.72;412
17/06/2026;31607888;360479939371739;0.23;
17/06/2026;31608992;54528032349108;3.78;412
17/06/2026;31618172;719523653989573;2.55;397
17/06/2026;31627562;791760564274553;0.75;412
17/06/2026;31628345;803989781165660;77.97;393|397|417
17/06/2026;31630592;139315273101142;1.97;397
17/06/2026;31632399;982751986764602;0.13;412
17/06/2026;31632472;324662806444156;0.46;412
17/06/2026;31635795;392833444766402;0.78;393|417
17/06/2026;31636279;775339404902458;2.83;397
17/06/2026;31653276;685009774004231;0.54;412
17/06/2026;31653813;702840866572487;1.6;412
17/06/2026;31657386;1448262060517;0.09;
17/06/2026;31657783;200575933661814;5.79;397
17/06/2026;31658435;489732656396018;0.58;393|417
17/06/2026;31659421;446830426156015;0.02;
17/06/2026;31659428;502207248025309;0.01;412
17/06/2026;31659550;240619220538794;3.2;412
17/06/2026;31662008;29758819724380;1.59;412
17/06/2026;31665057;576549410325468;0.77;412
17/06/2026;31665177;421158719750932;2.05;412
17/06/2026;31665619;184332777870499;1.07;412
17/06/2026;31666851;911105027037289;1.31;412
17/06/2026;31669451;65864127597831;0.42;412
17/06/2026;31670253;678485957870170;0.41;397
17/06/2026;31672801;319735668367719;0.47;412
17/06/2026;31676931;558796079701788;0.91;412
17/06/2026;31677624;896825385086162;9.78;393|397|412|417
17/06/2026;31678002;483711583187553;0.22;412
17/06/2026;31680524;462247754112524;0.22;412
17/06/2026;31682978;647397314713926;0.2;
17/06/2026;31691085;31478268944185;0.96;412
17/06/2026;31692670;821670963291916;1.58;412
17/06/2026;31693272;243390317220947;1.87;412
17/06/2026;31694310;299651702487129;7.12;397
17/06/2026;31695930;770155158074959;0.18;412
17/06/2026;31702329;324534308591923;1.26;412
17/06/2026;31702671;964057289078643;2.27;397
17/06/2026;31709078;795137408114259;0.06;
17/06/2026;31711217;345507764565402;7.05;368
17/06/2026;31712413;487303282434368;0.3;412
17/06/2026;31713039;482533042195254;0.35;412
17/06/2026;31716876;280072142358572;22.71;268|274
17/06/2026;31718050;87077686587722;0.66;412
17/06/2026;31718957;690465628716743;0.8;412
17/06/2026;31720691;35749030211301;0.06;412
17/06/2026;31722063;727993791270975;4.86;397
17/06/2026;31730433;31320164044482;1.01;393|417
17/06/2026;31730881;126364727014586;0.31;
17/06/2026;31731959;782037837840034;0.3;412
17/06/2026;31733646;890739114037469;0.89;393
17/06/2026;31741884;196385855607500;5.03;393|412|417|422
17/06/2026;31744739;518149799910701;21.91;268|274
17/06/2026;31744818;943276944138028;10.44;202|213|269|355|393|409|410|412|417|424
17/06/2026;31745218;985314498325043;54.87;268
17/06/2026;31745224;336029329655659;106.19;268
17/06/2026;31746585;237127202360722;7.68;202|213|269|355|371|372|393|397|409|410|412|417|424
17/06/2026;31746587;791411166333015;8.07;202|213|269|355|371|372|397|409|410|412|424
17/06/2026;31746603;652407186247035;10.56;202|213|269|355|397|409|410|412|424
17/06/2026;31747330;499180862113769;11.43;202|213|269|355|393|397|409|410|412|417|424
17/06/2026;31747384;976399487299120;8.65;202|213|269|355|371|372|397|409|410|412|424
17/06/2026;31747406;890108258604658;8.65;202|213|269|355|371|372|397|409|410|412|424
17/06/2026;31748078;844102044702756;0.25;412
17/06/2026;31748710;973227112762977;304.65;268
17/06/2026;31748986;410302199673190;7.68;202|213|269|355|371|372|397|409|410|412|424
17/06/2026;31749031;96501545356695;8.07;202|213|269|355|371|372|397|409|410|412|424
17/06/2026;31749037;206322274811674;8.16;202|213|371|372|397|409|410|412|424
17/06/2026;31749039;456969425364882;8.99;202|213|269|355|371|372|393|397|409|410|412|417|424
17/06/2026;31749497;444515457303789;8.55;202|213|269|355|371|372|393|397|409|410|412|417|424
17/06/2026;31750257;108309019240524;39.87;268
17/06/2026;31750339;317900933253913;8.99;202|213|269|355|371|372|397|409|410|412|424
17/06/2026;31750478;415323164893652;0.57;397
17/06/2026;31751510;328522808839772;0.36;412
17/06/2026;31751556;770634339042174;3.61;397|412
17/06/2026;31751648;474962910866145;137.03;268|274|393|417
17/06/2026;31751696;914696221211526;1.37;412
17/06/2026;31751884;11783486113474;8.16;202|213|371|372|397|409|410|412|424
17/06/2026;31752217;223985687716805;121.36;268|274
17/06/2026;31752644;406674374937947;9.13;202|213|269|355|371|372|397|409|410|412|424
17/06/2026;31752677;275482866900112;0.21;420
17/06/2026;31752783;695807825369003;8.07;202|213|371|372|397|409|410|412|424
17/06/2026;31753255;636229010249711;8.99;202|213|269|355|371|372|397|409|410|412|424
17/06/2026;31753257;115877561790443;45.79;202|213|269|355|397|409|410|412|424
17/06/2026;31753402;911437186571838;0.24;412
17/06/2026;31753418;550265699048762;1.92;412
17/06/2026;31753565;91588243135713;0.95;412
17/06/2026;31753738;972134077140973;8.99;202|213|269|355|371|372|397|409|410|412|424
17/06/2026;31753763;67478631211901;9.13;202|213|269|355|371|372|397|409|410|412|424
17/06/2026;31754059;252315379841305;8.06;202|213|269|355|371|372|397|409|410|424
17/06/2026;31754205;664890167229029;107.05;268
17/06/2026;31754426;705884500339673;0.97;412
17/06/2026;31755510;880667265924005;7.21;202|213|269|355|393|409|410|412|417|424
17/06/2026;31756141;152479324731630;0.21;397
17/06/2026;31756628;281922829474003;8.99;202|213|269|355|371|372|393|397|409|410|412|417|424
17/06/2026;31756855;646992208470088;0.63;420
17/06/2026;31756868;601912519739629;42.1;268
17/06/2026;31756902;24345109093827;34.63;268|274|393|417
17/06/2026;31757153;60613665722052;7.48;202|213|269|355|371|372|393|397|409|410|417|424
17/06/2026;31757858;296814034025810;8.07;202|213|269|355|371|372|397|409|410|412|424
17/06/2026;31758205;362513491687218;3.61;397|412
17/06/2026;31758667;630064849199918;0.4;393|416
17/06/2026;31758906;506000658012701;7.2;268|274|393|417
17/06/2026;31759208;212928341811469;3.32;412
17/06/2026;31759209;951388222893551;3.14;393|397|417|422
17/06/2026;31759358;323200146281230;10.56;202|213|269|355|393|409|410|412|417|424
17/06/2026;31759472;610444763917133;8.65;202|213|269|355|371|372|397|409|410|412|424
17/06/2026;31759481;117528041122046;19.66;202|213|269|355|393|397|409|410|412|417|424
17/06/2026;31759559;353691933584061;7.08;202|213|269|355|393|397|409|410|412|417|424
17/06/2026;31759611;581226239349673;15.15;202|269|355|409|410|412|424
17/06/2026;31759703;296052932366397;4.16;268|274|393|412|417
17/06/2026;31759713;798590904244205;7.68;202|213|269|355|371|372|397|409|410|412|424
17/06/2026;31759745;691235651667715;0.29;412
17/06/2026;31760188;248831378980355;0.06;412
17/06/2026;31760327;209044774570389;0.45;412
17/06/2026;31760440;914173346885222;0.67;412
17/06/2026;31760634;27153345568882;1.33;412
17/06/2026;31760718;262798470001384;5.24;
17/06/2026;31761175;711040931284729;3.62;
17/06/2026;31761563;430226287248293;8.99;202|213|269|355|371|372|397|409|410|412|424
17/06/2026;31761843;295230574292497;1.48;397
17/06/2026;31761859;157001739656623;110.19;268|274|393|417
17/06/2026;31761903;851918184421388;2.25;412
17/06/2026;31761918;944336923439060;2.41;412
17/06/2026;31761919;86332764327155;0.89;412
17/06/2026;31761922;88932740782356;0.12;393|416
17/06/2026;31761933;490885666357814;0.13;412
17/06/2026;31761945;217664057019325;25.58;393|397|419
17/06/2026;31761969;713294699846767;2.84;268|397|412
17/06/2026;31761978;512863407403055;2.84;397
17/06/2026;31761988;386424566581507;0.93;412
17/06/2026;31761989;257050674781467;0.93;412
17/06/2026;31762001;790717803805512;0.57;412
17/06/2026;31762013;860291817155189;8.14;412
17/06/2026;31762027;460041377630932;0.26;412
17/06/2026;31762033;842085520085568;0.09;412
17/06/2026;31762044;134095606643710;0.93;412
17/06/2026;31762046;500397541157743;0.81;393|416
17/06/2026;31762056;536277044878672;0.49;393|419
17/06/2026;31762094;897079185697704;9.44;397
17/06/2026;31762260;605396998747218;0.61;393|419
17/06/2026;31762268;996569374677997;0.94;412
17/06/2026;31762273;625649877712728;15.03;397
17/06/2026;31762279;812266534432184;0.48;
17/06/2026;31762304;247398849440519;0.41;
17/06/2026;31762335;924713605952596;0.38;
17/06/2026;31762344;66628417180253;0.65;393
17/06/2026;31762346;247347140340554;1.27;421
17/06/2026;31762348;577927937457021;11.13;421
17/06/2026;31762357;335409122345168;0.05;
17/06/2026;31762363;844028817628762;0.07;393|416
17/06/2026;31762383;670218516228133;70.62;268|274|393|417
17/06/2026;31762485;516391325329765;1.46;397
17/06/2026;31762487;232690800851553;0.61;397
17/06/2026;31762509;948247213171344;1.63;412
17/06/2026;31762510;832567778512465;0.06;412
17/06/2026;31762511;356139539693484;3.02;412
17/06/2026;31762517;162111617616867;0.32;412
17/06/2026;31762518;712238688428939;0.41;393|419
17/06/2026;31762520;965852180597382;22.52;397
17/06/2026;31762525;219443634595831;0.06;412
17/06/2026;31762526;868797643124990;0.09;412
17/06/2026;31762531;569456583429575;0.34;412
17/06/2026;31762543;491940018629038;0.41;412
17/06/2026;31762546;251639777814115;0.01;420
17/06/2026;31762645;630191689282805;0.35;412
17/06/2026;31763003;669865019541676;2.53;412
17/06/2026;31763004;10312952045469;2.91;412
17/06/2026;31763008;988780746446982;81.6;397
17/06/2026;31763063;645366116553891;0.41;412
17/06/2026;31763067;357838523082155;0.18;412
17/06/2026;31763072;662716644050207;2.17;412
17/06/2026;31763076;701517419254900;1.37;393|416
17/06/2026;31763089;965643164140469;0.92;412
17/06/2026;31763117;697844167588759;2.87;397
17/06/2026;31763161;24805942222584;10.69;397|412
17/06/2026;31763163;552327959562475;3.53;393|397|416|421
17/06/2026;31763166;276499324927663;0.15;412
17/06/2026;31763167;231553789537091;6.98;
17/06/2026;31763169;70683415607883;0.97;412
17/06/2026;31763170;61354629447237;8.07;202|213|269|355|371|372|393|397|409|410|412|417|424
17/06/2026;31763174;533040480911011;11.15;397
17/06/2026;31763189;667731991459491;0.53;412
17/06/2026;31763192;462089450744410;134.23;393|397|416
17/06/2026;31763203;373273579281293;1.65;412
17/06/2026;31763221;980280030099050;2.55;412
17/06/2026;31763252;615972052808287;0.89;412
17/06/2026;31763264;447974329419398;28.29;393|397|416
17/06/2026;31763278;704406142684504;1.21;397|412
17/06/2026;31763280;516260334561821;1.41;397
17/06/2026;31763290;783405884091708;0.16;
17/06/2026;31763294;459106436549652;0.09;412
17/06/2026;31763300;551956230029158;0.61;412
17/06/2026;31763345;603645638028305;1.41;397
17/06/2026;31763347;983257218983974;10.97;202|213|269|355|393|397|409|410|412|417|424
17/06/2026;31763385;569201861956746;1.11;412
17/06/2026;31763403;746615914022931;0.06;412
17/06/2026;31763404;882971768181618;0.32;412
17/06/2026;31763405;846792066616573;0.06;412
17/06/2026;31763421;754994412559073;0.05;
17/06/2026;31763425;367523820378578;0.03;
17/06/2026;31763431;774878143218370;0.33;412
17/06/2026;31763442;142543732446939;1.59;412
17/06/2026;31763443;951946392270589;1.96;412
17/06/2026;31763444;197219175443513;1.03;393|416
17/06/2026;31763446;924407359765353;0.57;412
17/06/2026;31763451;282804128314339;0.07;412
17/06/2026;31763484;959925115727533;2.84;397
17/06/2026;31763486;439399826135316;1.02;412
17/06/2026;31763516;409607402760627;0.26;412
17/06/2026;31763551;803028001381122;0.34;412
17/06/2026;31763561;869996944600623;0.19;412
17/06/2026;31763562;159707058304382;0.26;412
17/06/2026;31763564;877414928165758;2.53;412
17/06/2026;31763607;316131743780271;13.84;393
17/06/2026;31763615;241260194628768;2.53;412
17/06/2026;31763619;463346945122388;0.48;412
17/06/2026;31763623;931986601348359;0.22;412
17/06/2026;31763625;683825904318882;0.03;412
17/06/2026;31763630;908657813257389;11.7;393|397|416
17/06/2026;31763631;172491945665471;3.29;412
17/06/2026;31763640;620110667125377;4.56;393|416|421
17/06/2026;31763641;774483627750003;1.96;412
17/06/2026;31763642;158827339908757;1.71;412
17/06/2026;31763645;964418476789133;112.02;393|397|416|421
17/06/2026;31763648;840985520477716;3.38;412
17/06/2026;31763677;881059306335288;0.26;412
17/06/2026;31763706;330436394416799;10.4;250|268|274|393|412|417
17/06/2026;31763717;736847436499028;1.56;397|412
17/06/2026;31763736;275549114480432;0.23;412
17/06/2026;31763763;232924810233946;0.84;412
17/06/2026;31763770;671566896661758;0.06;393
17/06/2026;31763780;242904494779711;0.22;
17/06/2026;31763788;239975309851482;7.92;202|213|269|355|371|372|397|409|410|424
17/06/2026;31763789;3635352319759;23.11;202|213|269|355|393|409|410|412|417|424
17/06/2026;31763790;917072186624770;31.2;202|213|397|409|410|412|424
17/06/2026;31763791;275755640345205;11.6;202|213|269|355|393|409|410|412|417|424
17/06/2026;31763792;369926958394375;10.49;202|269|355|393|409|410|412|417|424
17/06/2026;31763793;713026257447779;7.38;202|213|269|355|393|409|410|412|417|424
17/06/2026;31763814;197052900610714;7.62;202|213|269|355|371|372|397|409|410|412|424
17/06/2026;31763819;471625811351109;0.03;412
17/06/2026;31763843;46021425424892;1.5;397
17/06/2026;31763885;3057327514096;0.88;397
17/06/2026;31763891;105286564361799;0.06;412
17/06/2026;31763901;595927549033411;0.21;393
17/06/2026;31763903;317541209267856;0.65;412
17/06/2026;31763911;739486134308843;1.65;412
17/06/2026;31763912;989890395234367;1.96;412
17/06/2026;31763915;958523824616653;0.14;
17/06/2026;31763916;961004485677557;10.08;412
17/06/2026;31763917;234169980113286;2.7;412
17/06/2026;31763944;12541795022659;0.24;421
17/06/2026;31763946;175041221407934;0.05;
17/06/2026;31763947;458030764680421;0.05;
17/06/2026;31763965;191796432014998;1.51;412
17/06/2026;31763975;530178728791213;0.47;393
17/06/2026;31763995;200047383454861;24.75;268|274
17/06/2026;31763997;605995433292726;1.07;393|397|416
17/06/2026;31764060;901512186167233;2.53;412
17/06/2026;31764065;163357050152502;55.37;268|274
17/06/2026;31764087;182260030814185;0.17;
17/06/2026;31764143;434885791950160;0.76;412
17/06/2026;31764144;797857785500038;1.02;412
17/06/2026;31764145;865255124052813;3.85;412
17/06/2026;31764147;660832046071120;0.45;412
17/06/2026;31764158;985197640451299;70.24;393|397
17/06/2026;31764162;515801325230304;16.11;202|213|269|355|393|397|409|410|412|417|424
17/06/2026;31764222;202640115996446;1.36;420
17/06/2026;31764224;579476762932476;0.37;
17/06/2026;31764261;102054512247896;0.87;412
17/06/2026;31764280;556521015000761;41.83;397
17/06/2026;31764342;207023453223598;2.43;397
17/06/2026;31764343;485856344323129;2.8;397
17/06/2026;31764361;864288947746553;3.96;393|419
17/06/2026;31764370;846538739684615;0.02;412
17/06/2026;31764411;708665853473345;0.28;
17/06/2026;31764420;559140264954659;1.06;397
17/06/2026;31764442;465021861388370;0.45;412
17/06/2026;31764452;106370256087018;0.54;420
17/06/2026;31764506;694773702269789;3.6;393|416
17/06/2026;31764509;209003743691297;0.13;412
17/06/2026;31764511;129742490501032;36.58;397
17/06/2026;31764523;148783996174904;1.33;412
17/06/2026;31764528;417345581784450;8.55;202|213|269|355|371|372|397|409|410|412|424
17/06/2026;31764531;889283387830651;2.84;397
17/06/2026;31764535;706065732295834;2.86;412|422
17/06/2026;31764536;824436248628375;39.11;393|397|419
17/06/2026;31764539;966932155056739;2.84;397
17/06/2026;31764540;775024989907824;12.31;393|416
17/06/2026;31764541;234415208549551;33.92;393|416
17/06/2026;31764542;877629923286311;9.04;
17/06/2026;31764543;120364380527740;5.86;
17/06/2026;31764544;268660817891347;6.43;393|397|416
17/06/2026;31764546;29005969643703;0.41;
17/06/2026;31764622;365994637700512;0.52;
17/06/2026;31764633;129627058143217;17.31;397
17/06/2026;31764634;4774093590116;2.18;397
17/06/2026;31764635;739776919537316;3.94;397
17/06/2026;31764637;38620786846099;2.72;397
17/06/2026;31764640;894464181014110;3.2;412
17/06/2026;31764642;306291040444408;1.43;182
17/06/2026;31764643;582649967197187;12.9;393|397|416
17/06/2026;31764647;631735581596437;0.28;
17/06/2026;31764649;957795304837731;0.97;412
17/06/2026;31764672;217446128972476;8.55;202|213|269|355|371|372|397|409|410|412|424
17/06/2026;31764680;471136820053603;2.66;397
17/06/2026;31764713;140684790369684;0.42;
17/06/2026;31764722;945872600700948;0.41;412
17/06/2026;31764738;638169814749536;2.8;397
17/06/2026;31764763;235746202849668;0.94;412
17/06/2026;31764765;122130330239811;53.43;393|412|417
17/06/2026;31764766;21159031702641;0.48;393|417
17/06/2026;31764767;897932026575518;0.22;393|417
17/06/2026;31764774;491260259722478;0.63;412
17/06/2026;31764775;803670393577990;1.96;412
17/06/2026;31764779;601518769639046;1.6;412
17/06/2026;31764786;629038072258020;0.06;412
17/06/2026;31764788;988740271131321;1.25;412
17/06/2026;31764789;962509675299289;1.37;412
17/06/2026;31764791;998748104271672;2.21;412
17/06/2026;31764793;36977272092117;2.29;393|417
17/06/2026;31764798;277221882364899;2.26;412|422
17/06/2026;31764806;534264461566501;0.26;
17/06/2026;31764912;46173308810585;0.96;393|419
17/06/2026;31764917;72558035705217;7.68;202|213|269|355|371|372|397|409|410|412|424
17/06/2026;31764918;307670358106128;0.41;
17/06/2026;31765004;595044875169522;3.1;397
17/06/2026;31765015;453798438403113;0.16;412
17/06/2026;31765016;289364199821532;0.16;412
17/06/2026;31765050;294614313006022;0.53;412
17/06/2026;31765052;325570833277492;0.44;393|417
17/06/2026;31765054;487879227171114;2.02;393|417
17/06/2026;31765056;219370855817302;1.71;412
17/06/2026;31765059;153901534867560;1.45;
17/06/2026;31765060;740476450062498;0.67;412
17/06/2026;31765063;527067312290956;0.88;412
17/06/2026;31765066;859413816211726;0.44;393|417
17/06/2026;31765070;334081659626445;0.21;
17/06/2026;31765074;87593339582753;3.66;393|416
17/06/2026;31765090;202164898830763;0.02;
17/06/2026;31765102;261629954127741;0.55;412
17/06/2026;31765103;241506439359904;0.45;412
17/06/2026;31765140;307340660555349;52.86;
17/06/2026;31765157;350772692136090;114.33;268|274
17/06/2026;31765161;42220463646718;0.06;412
17/06/2026;31765163;711813224051511;10.56;202|213|397|409|410|412|424
17/06/2026;31765165;307364678197234;0.37;393|416
17/06/2026;31765182;179272254098531;2.03;412|422
17/06/2026;31765205;228117550259246;7.92;202|213|269|355|371|372|393|397|409|410|417|424
17/06/2026;31765211;999290161523307;7.37;397
17/06/2026;31765237;794231194480264;3.61;397
17/06/2026;31765238;947796965589654;3.32;397
17/06/2026;31765247;579795428029914;0.49;393
17/06/2026;31765256;612885843234403;0.39;
17/06/2026;31765280;453701439914434;0.69;412
17/06/2026;31765288;172722539571213;0.67;412
17/06/2026;31765289;911664293208661;7.39;393|412|417
17/06/2026;31765290;422205582902276;0.76;412
17/06/2026;31765295;538134522040465;1.74;393|419
17/06/2026;31765311;424500872398907;0.24;
17/06/2026;31765332;679395596843482;45.79;202|213|269|355|393|397|409|410|412|417|424
17/06/2026;31765356;601746184786413;7.68;202|213|269|355|371|372|397|409|410|412|424
17/06/2026;31765369;735088596585428;3.73;393|416
17/06/2026;31765378;702345979225306;0.36;412
17/06/2026;31765379;77538650446074;2.17;412
17/06/2026;31765412;427367301372583;0.04;393|419
17/06/2026;31765426;3992349928850;11.29;420
17/06/2026;31765433;389143240923333;10.97;202|213|269|355|393|397|409|410|412|417|424
17/06/2026;31765471;726273720501422;0.13;412
17/06/2026;31765472;755219062608683;0.26;412
17/06/2026;31765478;796356555968966;128.73;268|274|393|417
17/06/2026;31765498;693159142705238;2.84;397
17/06/2026;31765504;95259706692227;0.93;412
17/06/2026;31765527;783948294493831;0.4;393|419
17/06/2026;31765528;183484963237607;2.11;393|419
17/06/2026;31765536;179223929630541;0.59;250|412
17/06/2026;31765539;151383607942397;0.97;393|416
17/06/2026;31765550;807600185156129;1.37;412
17/06/2026;31765552;365133856490423;42.71;393|397|419|420
17/06/2026;31765566;284375542024053;0.07;393|419
17/06/2026;31765570;517787921379163;0.07;393|419
17/06/2026;31765579;419562222513370;1.54;420
17/06/2026;31765588;308624757807324;0.73;412
17/06/2026;31765589;311343679264816;1.72;412
17/06/2026;31765603;471322417012191;1.21;393|417
17/06/2026;31765616;91828704462276;0.82;268|274|412
17/06/2026;31765621;654060228982798;30.24;397
17/06/2026;31765629;598487272905467;0.73;421
17/06/2026;31765668;48430754469032;0.47;393|412|417
17/06/2026;31765683;172253066540719;0.06;412
17/06/2026;31765718;890868582285312;0.26;
17/06/2026;31765719;930973960550125;1.91;397
17/06/2026;31765747;406901109093214;2.21;412
17/06/2026;31765748;170435831398940;1.96;412
17/06/2026;31765753;199968741053251;0.81;412
17/06/2026;31765755;796751042503889;12.04;397
17/06/2026;31765758;65888031251374;0.09;412
17/06/2026;31765778;50027823743231;9.63;397
17/06/2026;31765789;560867877433881;1.54;412
17/06/2026;31765814;658453753439262;8.99;202|213|269|355|371|372|397|409|410|412|424
17/06/2026;31765816;444578122522426;9.44;397
17/06/2026;31765828;76334195034079;2.14;393|416
17/06/2026;31765829;414472101788457;1.57;393|416
17/06/2026;31765862;381964955008469;0.91;397
17/06/2026;31765865;211807680403724;2.93;397
17/06/2026;31765869;178456590858458;11.77;393|416
17/06/2026;31765870;370385027897546;0.07;397
17/06/2026;31765883;195863466913249;0.14;
17/06/2026;31765926;917404147466687;2.53;412
17/06/2026;31765930;78447464606876;0.54;393|416
17/06/2026;31765941;520881974717698;4.07;
17/06/2026;31765956;817661230841752;0.36;412
17/06/2026;31765966;965400181135495;0.26;397|412
17/06/2026;31765969;236374837939742;3.11;393|416
17/06/2026;31765973;358442595104537;2.21;412
17/06/2026;31765974;290660859521916;1.65;412
17/06/2026;31765976;112555116674717;0.57;412
17/06/2026;31765978;639309729334121;0.46;393|416
17/06/2026;31765979;340996607564052;2.09;420
17/06/2026;31766004;278031326968531;9.72;397
17/06/2026;31766011;831288263511438;39.49;397
17/06/2026;31766028;578455673943244;2.77;397
17/06/2026;31766100;241534785213241;0.77;412
17/06/2026;31766121;444564582787743;2.53;393|412|417
17/06/2026;31766123;651135436167674;0.41;393|419
17/06/2026;31766220;295159417962758;0.4;393|417
17/06/2026;31766222;494075769531835;0.55;412
17/06/2026;31766224;918506860347076;3.88;412
17/06/2026;31766225;403009114856331;1.9;412
17/06/2026;31766227;324238379959887;62.41;393|397|416
17/06/2026;31766228;194666819041277;5.92;393|412|417
17/06/2026;31766231;940749599838383;78.83;393|397|416|421
17/06/2026;31766236;865108281562899;0.14;
17/06/2026;31766241;731571785992879;2.84;397
17/06/2026;31766248;717689017851152;0.34;412
17/06/2026;31766250;642642871246067;0.34;412
17/06/2026;31766277;111693614283066;1.06;397
17/06/2026;31766311;573990791290576;0.67;412
17/06/2026;31766313;594746345113312;0.26;412
17/06/2026;31766370;890699418620573;1.43;393|419
17/06/2026;31766388;855683885459122;1.54;393|419
17/06/2026;31766392;134233012187319;3.03;393|420
17/06/2026;31766398;268446767612897;2.11;397
17/06/2026;31766415;267467389892434;0.14;
17/06/2026;31766495;4278017901116;0.24;393|417
17/06/2026;31766503;569710969259944;0.3;
17/06/2026;31766505;245365476968610;1.49;412
17/06/2026;31766506;13284248566681;1.94;393|417
17/06/2026;31766513;281117445544178;3.87;393|416
17/06/2026;31766580;214989451551160;1.02;397
17/06/2026;31766588;902271459941833;0.39;
17/06/2026;31766633;154974054375075;68.14;397
17/06/2026;31766644;372026907033606;0.12;412
17/06/2026;31766661;441839107273900;1.31;412
17/06/2026;31766708;112973695032182;15.44;393|397|416
17/06/2026;31766753;513320686421488;169.52;397
17/06/2026;31766805;714341834462829;2.6;393|420
17/06/2026;31766812;758106544240513;1.16;412
17/06/2026;31766848;765086192411664;0.01;421
17/06/2026;31766854;108538704629417;60.63;268
17/06/2026;31766864;108492771195223;0.51;397
17/06/2026;31766870;45993930891180;0.82;412
17/06/2026;31766876;573740865208002;1.97;412
17/06/2026;31766877;932956231436929;0.85;397|412
17/06/2026;31766880;606384010907208;2.6;393|412|417
17/06/2026;31766882;320640771711039;2.25;412
17/06/2026;31766891;529844270683266;1.47;412
17/06/2026;31766893;577128585797272;1.96;393|412|417
17/06/2026;31766899;572712453138461;0.88;412
17/06/2026;31766901;885719175785937;1.8;250|412
17/06/2026;31766902;847705003219850;2.38;412
17/06/2026;31766903;56579372083152;0.09;412
17/06/2026;31766910;406646985460048;2.78;393|416
17/06/2026;31766918;381770452511503;0.52;393|419
17/06/2026;31766942;917138195036354;2.84;397
17/06/2026;31766972;639239485481207;0.07;
17/06/2026;31766974;456098822706289;1.36;397|412
17/06/2026;31766988;737273586396674;0.18;412
17/06/2026;31767008;438482320700621;6.36;397
17/06/2026;31767044;250956344501436;1.59;397
17/06/2026;31767083;936020294539934;0.12;412
17/06/2026;31767095;329538286109070;2.06;412
17/06/2026;31767098;795902891625977;0.71;397
17/06/2026;31767102;969187316474794;1.52;412
17/06/2026;31767208;932090974874339;3.44;412
17/06/2026;31767211;263948784966568;1.68;397|412
17/06/2026;31767225;923292923728159;1.53;393|412|417
17/06/2026;31767228;54147368022033;0.41;412
17/06/2026;31767230;642648378934749;0.22;393|417
17/06/2026;31767231;170873367529985;1.48;412
17/06/2026;31767232;801750286770621;0.36;412
17/06/2026;31767234;950628474231325;0.9;393|412|417
17/06/2026;31767236;756092880766803;1.1;393
17/06/2026;31767240;242752324213311;3.28;393|416
17/06/2026;31767241;831712955631248;0.14;412
17/06/2026;31767244;181255432653073;8.47;412
17/06/2026;31767247;401703866244955;2.59;393|417
17/06/2026;31767248;611037044098546;4.71;412
17/06/2026;31767250;987032965876946;5.12;393|412|417
17/06/2026;31767273;676216882826675;32.87;393|397|419
17/06/2026;31767317;657175377695812;1.98;397
17/06/2026;31767323;185585582110266;0.39;412
17/06/2026;31767324;549613650616670;173.39;268
17/06/2026;31767363;713642940972285;72.64;393|397|416
17/06/2026;31767365;709050180948958;0.86;397
17/06/2026;31767432;94795523624415;0.67;393
17/06/2026;31767443;359309948165595;0.02;393|419
17/06/2026;31767444;447559161150158;2.56;420
17/06/2026;31767447;420542171640126;2.18;397
17/06/2026;31767448;160705260851777;2.84;397
17/06/2026;31767518;901345396198489;0.3;
17/06/2026;31767519;216298753691669;4.44;393|416
17/06/2026;31767521;40135728897272;2.84;397
17/06/2026;31767546;19630121186021;0.26;
17/06/2026;31767581;481071077008854;0.24;393|417
17/06/2026;31767597;658404036874076;39.27;393|416
17/06/2026;31767599;386934906464344;0.07;393|417
17/06/2026;31767601;791061698611342;4.13;412
17/06/2026;31767616;384078467551391;5.19;412
17/06/2026;31767619;931782625435769;0.45;412
17/06/2026;31767623;216795476645213;0.31;393|419
17/06/2026;31767639;533279613429344;0.11;
17/06/2026;31767660;633585603242601;0.16;
17/06/2026;31767672;641200918789743;21.56;397|409|410
17/06/2026;31767678;220772578277984;39.41;39|40|393|397
17/06/2026;31767723;990510530377066;1.84;412
17/06/2026;31767752;388558051690524;3.23;397|421
17/06/2026;31767781;57751726923430;29.28;393|397|419
17/06/2026;31767791;469810840483612;0.14;
17/06/2026;31767801;763382551770932;0.76;397
17/06/2026;31767840;196097651638369;1.4;420
17/06/2026;31767870;501919926925773;52.0;393|397
17/06/2026;31767894;40481715569414;6.17;393|397|412
17/06/2026;31767895;855531332852247;52.1;393|397|416
17/06/2026;31767897;736307271206352;31.19;268|274|393|417
17/06/2026;31767898;610070090528558;0.4;412
17/06/2026;31767969;93718123976018;0.17;412
17/06/2026;31767976;588445358486852;0.3;
17/06/2026;31767984;81588891089014;0.57;397|412
17/06/2026;31767991;458402908470029;0.94;412
17/06/2026;31768000;219925638823055;3.05;412
17/06/2026;31768026;710400350695014;14.98;393|397|412|417
17/06/2026;31768033;77658519694664;3.62;412
17/06/2026;31768101;699249763997143;4.42;393|416
17/06/2026;31768128;820785502605173;1.86;412
17/06/2026;31768141;397375468248384;17.06;397
17/06/2026;31768188;405264804820055;1.73;412
17/06/2026;31768192;103433675557667;0.64;397
17/06/2026;31768193;379810803815814;0.75;397
17/06/2026;31768225;237030922767870;2.12;412
17/06/2026;31768248;115380614556544;26.33;393|397|419
17/06/2026;31768256;198046667367663;1.38;397
17/06/2026;31768258;6902312858688;0.04;412
17/06/2026;31768300;54145397385399;0.16;412
17/06/2026;31768356;79568260296754;0.74;
17/06/2026;31768357;708977008288638;0.68;
17/06/2026;31768376;744102781361477;2.96;397
17/06/2026;31768395;321212510548581;3.53;
17/06/2026;31768396;521394500038747;0.11;
17/06/2026;31768414;507863097465261;1.5;412
17/06/2026;31768415;641808870250435;0.9;393|416
17/06/2026;31768419;538753894452658;0.65;412
17/06/2026;31768423;734324638584829;0.02;412
17/06/2026;31768424;9288345471715;21.64;393|397|412|417
17/06/2026;31768425;868269395502701;0.14;
17/06/2026;31768445;439831549370414;0.62;393
17/06/2026;31768460;235226287469110;93.34;393|397|416
17/06/2026;31768473;369364493639946;0.16;393|416
17/06/2026;31768485;103115840781611;1.15;397
17/06/2026;31768502;723905855412055;2.84;397
17/06/2026;31768510;143950410941817;5.64;397
17/06/2026;31768512;114073424512531;0.74;
17/06/2026;31768513;982836662145085;5.62;393|412|417
17/06/2026;31768519;639512056555779;0.63;412
17/06/2026;31768536;821106261825935;2.84;397
17/06/2026;31768548;47179406489067;0.13;412
17/06/2026;31768554;669902585377225;0.09;412
17/06/2026;31768564;492015601888470;5.62;393|412|417
17/06/2026;31768575;427069562490293;1.93;397
17/06/2026;31768576;426239173579260;5.7;397
17/06/2026;31768603;999720211121374;18.13;397
17/06/2026;31768614;165288366095981;47.75;393|397|417
17/06/2026;31768631;61578187362802;0.75;397
17/06/2026;31768664;100683551441221;0.94;397
17/06/2026;31768669;798649083418277;1.44;412
17/06/2026;31768673;56971599432408;5.67;397
17/06/2026;31768674;178316475772458;2.84;397
17/06/2026;31768708;907313511969355;33.42;397
17/06/2026;31768782;527543990659432;7.09;412
17/06/2026;31768784;336471802772237;0.94;412
17/06/2026;31768787;654590987567268;2.84;397
17/06/2026;31768798;268870457105486;0.05;
17/06/2026;31768806;647520047136649;1.69;397|412
17/06/2026;31768807;600725890942837;0.54;393|416
17/06/2026;31768823;62787775179554;0.93;40|268|409|410|412
17/06/2026;31768828;663839828465761;1.23;412
17/06/2026;31768869;657826431680966;2.32;397
17/06/2026;31768977;91460415202420;0.28;412
17/06/2026;31768979;912833074758823;0.29;412
17/06/2026;31768986;856688689701710;0.28;412
17/06/2026;31769004;734830882175736;0.52;393|416
17/06/2026;31769007;200513381851043;2.21;412
17/06/2026;31769015;766108243974803;2.0;393|412|417
17/06/2026;31769016;266876503265843;0.24;393|416
17/06/2026;31769057;675322841604364;3.45;412
17/06/2026;31769058;389224352785685;0.65;393|416
17/06/2026;31769065;242409345279590;0.41;
17/06/2026;31769140;398304622874527;2.18;397
17/06/2026;31769211;787650562367349;0.18;397
17/06/2026;31769224;156700334420250;1.33;412
17/06/2026;31769225;149362875241732;0.28;397|412
17/06/2026;31769226;228322405395363;1.06;397
17/06/2026;31769227;986981451837113;2.84;397
17/06/2026;31769249;105432213948714;0.81;409|410|412
17/06/2026;31769255;324232141437884;1.01;412
17/06/2026;31769260;980658019651403;4.61;393|416
17/06/2026;31769264;865559486553430;2.07;397
17/06/2026;31769286;742817050743664;0.89;412
17/06/2026;31769287;503174026734314;0.26;412
17/06/2026;31769302;498121175014160;0.34;412
17/06/2026;31769303;299351063106482;0.32;412
17/06/2026;31769306;370220038518286;0.68;412
17/06/2026;31769323;872690098056556;1.29;
17/06/2026;31769326;185936375366877;1.46;412
17/06/2026;31769349;361445617746637;0.25;412
17/06/2026;31769350;660684275692289;2.84;397
17/06/2026;31769353;325340808590538;2.53;397
17/06/2026;31769381;447388425474262;0.92;412
17/06/2026;31769386;563784846528408;0.12;412
17/06/2026;31769396;167183315098105;0.24;412
17/06/2026;31769409;332485701152721;2.84;397
17/06/2026;31769412;139275813516529;20.05;397
17/06/2026;31769427;823044460517258;2.35;412
17/06/2026;31769428;132142446820385;1.46;412
17/06/2026;31769438;760946204097947;0.12;412
17/06/2026;31769447;280889820929850;0.81;397
17/06/2026;31769449;205493172988530;2.84;397
17/06/2026;31769464;343159267657775;0.92;412
17/06/2026;31769478;47729569514733;2.84;397
17/06/2026;31769522;974950628914360;0.25;397
17/06/2026;31769548;378125842025929;0.16;
17/06/2026;31769577;795918165030860;0.55;412
17/06/2026;31769601;232349060649899;0.24;412
17/06/2026;31769643;102979151764011;0.1;397
17/06/2026;31769645;266585889374229;2.84;397
17/06/2026;31769650;269176021497085;3.03;393|416|421
17/06/2026;31769689;130590564858882;11.84;397
17/06/2026;31769692;221216467741666;5.63;397
17/06/2026;31769710;674712903966953;58.25;268|274
17/06/2026;31769715;222635617181917;0.09;
17/06/2026;31769768;533650343789206;22.55;393|397|416
17/06/2026;31769775;953004585156726;0.55;393|417
17/06/2026;31769852;498968882701160;0.55;393|417
17/06/2026;31769939;796213459851150;0.29;412
17/06/2026;31769942;151729618754587;0.26;
17/06/2026;31769980;12563497152106;0.26;412
17/06/2026;31769992;546566684944802;0.22;412
17/06/2026;31769993;654230123468615;0.88;397
17/06/2026;31769994;148970230319352;4.74;397
17/06/2026;31770037;915286249469171;2.49;412
17/06/2026;31770079;246800738800669;0.21;393|417
17/06/2026;31770089;691216475304290;2.24;412
17/06/2026;31770090;294826647254007;1.37;412
17/06/2026;31770109;926554206905147;0.7;412
17/06/2026;31770123;414799644795523;0.11;397
17/06/2026;31770126;386541061814127;2.53;397
17/06/2026;31770131;756384548882186;3.03;397
17/06/2026;31770146;41571395512722;1.37;412
17/06/2026;31770147;64373877594086;0.93;397
17/06/2026;31770152;117898924619349;6.9;
17/06/2026;31770173;773303339049538;2.55;397
17/06/2026;31770174;142137829758683;34.64;268|274|397
17/06/2026;31770205;798736230140239;4.47;39|40|393
17/06/2026;31770206;773233056051352;0.57;412
17/06/2026;31770220;956690765758971;1.68;412
17/06/2026;31770269;146016207658042;0.19;412
17/06/2026;31770408;278308213905911;0.53;412
17/06/2026;31770418;389193153329189;2.16;397
17/06/2026;31770425;438589591752624;1.23;397
17/06/2026;31770454;145134442816899;1.11;412
17/06/2026;31770463;694544916038111;2.84;268|397|412
17/06/2026;31770501;980800033929713;0.16;412
17/06/2026;31770523;631647760120736;23.62;393|397|412|417
17/06/2026;31770556;74915082762236;0.24;393|417
17/06/2026;31770558;705133640950083;0.4;412
17/06/2026;31770561;779399572706635;0.2;412
17/06/2026;31770563;589900564399284;1.96;412
17/06/2026;31770564;268826511192943;0.76;412
17/06/2026;31770591;514368796251235;0.26;412
17/06/2026;31770597;897563944555035;2.84;397
17/06/2026;31770628;941679296905314;2.84;397|412
17/06/2026;31770638;72871676004317;0.89;412
17/06/2026;31770640;545267137148947;0.02;397
17/06/2026;31770647;508346312347442;0.89;412
17/06/2026;31770713;121676081266211;2.22;412
17/06/2026;31770828;952941968226810;0.91;422
17/06/2026;31770835;959189781331504;0.19;397
17/06/2026;31770837;427651268707711;47.11;268
17/06/2026;31770896;595942871968959;3.33;397
17/06/2026;31770898;572764933448369;6.52;393|416
17/06/2026;31770902;744975009250903;1.11;393
17/06/2026;31770903;730482486123105;6.55;393|412|417
17/06/2026;31770906;568312401795504;0.52;
18/06/2026;31265075;902857599662821;1.22;412
18/06/2026;31291254;601319780076390;118.81;397
18/06/2026;31409159;101458942869182;58.65;393|397|416
18/06/2026;31412943;273765894651001;50.5;397
18/06/2026;31412944;866267744002962;1.04;412
18/06/2026;31412945;187981116879042;1.52;412
18/06/2026;31412947;776226794449029;1.04;
18/06/2026;31412948;804010133980815;3.0;412
18/06/2026;31412949;834380345676657;23.79;397
18/06/2026;31412951;103870135523960;4.32;412
18/06/2026;31412976;909641685202332;5.19;
18/06/2026;31412977;799013122678404;1.06;
18/06/2026;31412978;429392222823499;50.5;397|412
18/06/2026;31412981;964894396195362;1.03;412
18/06/2026;31412985;165772788051559;1.83;
18/06/2026;31412987;623794868126296;4.29;412
18/06/2026;31412989;243568942472701;0.36;412
18/06/2026;31412992;202620353644531;2.56;412
18/06/2026;31412993;956037745981486;1.04;412
18/06/2026;31413023;180181553442942;0.17;412
18/06/2026;31413322;629245407873285;7.31;412
18/06/2026;31413324;755883323353063;1.03;412
18/06/2026;31417178;605452489514400;7.09;368|393|419
18/06/2026;31440038;537425916793318;0.25;393
18/06/2026;31446925;972927309646011;5.47;412
18/06/2026;31448845;600566536123911;14.84;397
18/06/2026;31452659;523117013357410;5.99;
18/06/2026;31464015;346798442404873;0.5;397
18/06/2026;31466923;301081169307086;23.47;
18/06/2026;31495168;67867931729788;0.43;
18/06/2026;31508185;395066848186262;14.21;397
18/06/2026;31537991;124573823760287;57.55;393|397|419
18/06/2026;31545323;38872820860290;21.05;397
18/06/2026;31599183;788539166182288;0.62;397
18/06/2026;31601762;290025409357508;21.07;393|397|417
18/06/2026;31601849;479352718095345;3.06;397
18/06/2026;31603232;461854734575064;0.91;
18/06/2026;31603272;87691625382823;111.06;397
18/06/2026;31603504;312765037867994;75.2;397
18/06/2026;31605956;164755135846137;38.45;393|397|412|417
18/06/2026;31605989;585943422874480;49.34;397
18/06/2026;31606384;619867329780209;9.15;369|397|412
18/06/2026;31606437;410964904220831;39.3;396|397
18/06/2026;31609603;95681898361386;7.72;397
18/06/2026;31609946;438456848073217;122.99;393|397
18/06/2026;31615827;17592047953450;14.95;397
18/06/2026;31616116;835114421148562;26.25;393|397|412|417|422
18/06/2026;31623456;8911073406352;47.88;397
18/06/2026;31624518;540226375269260;29.23;397
18/06/2026;31632634;253856279456818;16.18;397
18/06/2026;31633098;363818881864317;35.45;397
18/06/2026;31633140;81345190084708;2.09;412|422
18/06/2026;31633266;14156340320245;36.29;397
18/06/2026;31633772;451152838327760;2.95;412
18/06/2026;31635897;47371320947795;493.66;397
18/06/2026;31653646;75403620134327;35.89;397
18/06/2026;31657805;303590321021278;26.78;397|422
18/06/2026;31672538;329212801217627;0.25;412
18/06/2026;31676747;926042002317519;0.19;397
18/06/2026;31679847;67726067237183;0.77;412
18/06/2026;31681824;43071574413863;0.34;412
18/06/2026;31685546;761286807095313;33.8;397|412|422
18/06/2026;31686264;733620264407382;1.9;393|412|417
18/06/2026;31686388;736806130230859;0.22;412
18/06/2026;31688582;155587999242375;7.69;397
18/06/2026;31688584;151070839987369;13.52;397
18/06/2026;31693834;105007321800176;0.27;369
18/06/2026;31694608;133238416833676;2.29;422
18/06/2026;31695562;534697725333068;2.56;369|412
18/06/2026;31697028;302738874119920;6.0;412
18/06/2026;31699189;304185949264982;2.77;412
18/06/2026;31704685;710110302280921;0.08;393|419
18/06/2026;31711619;352596279667170;15.15;369|397|412
18/06/2026;31713408;775045274998302;0.53;412
18/06/2026;31717153;674974507419104;27.15;40|313|336|397
18/06/2026;31718055;574170302312450;0.26;
18/06/2026;31718063;630533872376673;26.9;40|369
18/06/2026;31718400;862164070076477;55.75;268
18/06/2026;31719395;251525496994073;0.97;412
18/06/2026;31721929;485315798224750;6.23;412
18/06/2026;31726678;830681389033889;25.59;397|422
18/06/2026;31726801;172268275457734;1.06;397
18/06/2026;31728501;926604737307604;0.25;412
18/06/2026;31742264;500369009968554;127.14;268|274
18/06/2026;31743067;194167075639445;1.05;393
18/06/2026;31743157;610421097283025;49.22;268
18/06/2026;31743950;612956228119646;25.17;397|409|410|412
18/06/2026;31744131;204339679623510;42.26;268
18/06/2026;31744252;706166461135676;8.55;268|412
18/06/2026;31744532;416644771664302;56.53;397
18/06/2026;31745223;503538319665163;25.84;268|274|393|417
18/06/2026;31745225;660643439951631;9.76;268|412
18/06/2026;31746398;347645943926857;108.56;268|274|393|417
18/06/2026;31747299;585035014836315;108.08;397
18/06/2026;31748032;107992775236238;69.61;268|274|393|417
18/06/2026;31748138;630214914887904;44.74;274
18/06/2026;31748194;182459674026057;44.74;274
18/06/2026;31748718;776310477363469;46.47;268
18/06/2026;31750194;352660813568375;0.63;412
18/06/2026;31750488;157308155769069;9.74;268|274
18/06/2026;31751235;852439807272005;21.69;368|393|397|419
18/06/2026;31751244;207772313392502;0.25;397
18/06/2026;31751251;28404630408705;0.08;393
18/06/2026;31752260;511155780898360;0.14;393|417
18/06/2026;31752364;663626143099650;31.64;268|274|393|417
18/06/2026;31752410;526903609275662;0.75;393|417
18/06/2026;31752690;591054044822016;104.74;268|274|393|417
18/06/2026;31752781;894745172118599;0.22;393|412|417
18/06/2026;31752818;344021089328850;59.31;268|274|393|417
18/06/2026;31752895;650970394687289;69.91;393|397
18/06/2026;31752934;605795583364763;0.23;412
18/06/2026;31753688;375789069338524;0.33;
18/06/2026;31753704;231967754556739;0.36;
18/06/2026;31753734;153221619637021;0.45;393|416
18/06/2026;31756745;333714708200244;20.94;268|397|412
18/06/2026;31758570;753859133067118;0.23;412
18/06/2026;31759436;381985045188164;10.82;268|412
18/06/2026;31759545;941858334651154;7.93;268|412
18/06/2026;31759770;864140566287831;70.43;268
18/06/2026;31760801;453048842339205;0.43;268|412
18/06/2026;31760898;330531944045847;0.55;393|417
18/06/2026;31761550;880577154906331;32.45;268
18/06/2026;31762596;564115247269254;1.3;412
18/06/2026;31763253;182926980196795;1.1;268|274|412
18/06/2026;31763352;647588701812451;80.14;397
18/06/2026;31763490;198217560287541;101.23;268
18/06/2026;31763618;426382101497925;2.67;420
18/06/2026;31763646;883757215677068;0.54;393|417
18/06/2026;31764429;730730415460645;52.34;393|397|419
18/06/2026;31764764;905623915178999;0.03;393|417
18/06/2026;31765804;214774069616838;9.62;421
18/06/2026;31766700;331048057571549;0.34;412
18/06/2026;31767042;632819461994170;0.12;412
18/06/2026;31767164;157630552371574;0.97;412
18/06/2026;31767243;825901897528479;0.42;412
18/06/2026;31767717;443726838428575;26.55;268|274|393|417
18/06/2026;31767866;708991055237510;0.39;412
18/06/2026;31768171;857050677542207;0.4;412
18/06/2026;31768190;805249356195998;40.24;397
18/06/2026;31768486;248659588358806;13.02;397|412
18/06/2026;31768567;456465239181553;2.33;412
18/06/2026;31768825;585804520298895;127.9;268
18/06/2026;31768827;568453096295040;0.23;393|412|417
18/06/2026;31769343;709811030127736;7.42;268|274
18/06/2026;31769440;329478708111562;1.38;412
18/06/2026;31769774;755056350823563;4.57;393|420
18/06/2026;31770594;307600935166037;0.57;397
18/06/2026;31770869;178301922465309;0.97;412
18/06/2026;31770904;374130506295225;0.94;412
18/06/2026;31770909;507646904803284;2.21;412
18/06/2026;31770964;803640963947858;1.37;412
18/06/2026;31770987;694670018226284;0.36;412
18/06/2026;31771043;277881102470711;0.26;412
18/06/2026;31771044;314818675157399;1.37;412
18/06/2026;31771074;754050289371289;1.85;397
18/06/2026;31771197;646583874785826;1.25;412
18/06/2026;31771376;912918670673205;0.28;412
18/06/2026;31771383;546764259328251;0.23;
18/06/2026;31771481;473714471040634;0.4;412
18/06/2026;31772002;850302701463697;1.24;412
18/06/2026;31772444;464855943932704;2.17;412
18/06/2026;31773302;258821389620619;2.77;397
18/06/2026;31773533;557885434620329;0.37;412
18/06/2026;31773903;507050712870019;0.86;393|416
18/06/2026;31773904;696416415019059;0.38;397
18/06/2026;31773930;61779380238015;0.48;412
18/06/2026;31773945;480206637220298;0.65;412
18/06/2026;31774158;279138750353909;0.07;393|416
18/06/2026;31774276;98785741158322;0.71;412
18/06/2026;31774286;965800853183658;0.92;412
18/06/2026;31774290;211542195581523;0.1;412
18/06/2026;31774298;257627271878570;0.36;412
18/06/2026;31774299;723614280006052;1.95;412
18/06/2026;31774312;847471118536168;0.1;412
18/06/2026;31774313;198493577993668;0.41;412
18/06/2026;31774315;905729222261543;2.84;397|412
18/06/2026;31774317;934028733168607;0.22;412
18/06/2026;31774321;170540301334203;0.53;393
18/06/2026;31774324;223267671036308;3.01;393|416
18/06/2026;31774327;723542303970598;0.72;421
18/06/2026;31774336;535075118763114;1.67;393|412|417
18/06/2026;31774366;336804593268352;1.87;412
18/06/2026;31774374;541453508727931;0.58;412
18/06/2026;31774390;214599322570488;0.54;412
18/06/2026;31774398;9871614116144;1.18;412
18/06/2026;31774423;992265378808803;4.05;393|419
18/06/2026;31774426;752435560846811;2.1;412|422
18/06/2026;31774435;235171751174374;2.11;412|422
18/06/2026;31774437;346270259735224;0.18;
18/06/2026;31774443;29837781865315;0.78;397
18/06/2026;31774460;424141657819414;30.17;393|397|419
18/06/2026;31774470;857818718672673;0.51;
18/06/2026;31774488;550156024329847;0.26;393
18/06/2026;31774511;512977580790968;2.41;420
18/06/2026;31774521;384569256037674;0.13;393|419
18/06/2026;31774526;621112390794808;0.19;393
18/06/2026;31774546;879616905148444;0.78;420
18/06/2026;31774598;121071675003215;0.46;393|419
18/06/2026;31774709;531016797643867;3.8;393|412
18/06/2026;31774731;755456263058342;2.17;397
18/06/2026;31774742;186645126821944;8.29;397
18/06/2026;31774744;875790281935665;0.36;412
18/06/2026;31774770;840397936956289;0.7;393|416
18/06/2026;31774802;654000825370774;0.06;412
18/06/2026;31774808;433259182236032;0.09;412
18/06/2026;31774811;521990322298526;1.96;412
18/06/2026;31774812;662569210347585;1.96;412
18/06/2026;31774919;690552287240428;2.19;397
18/06/2026;31775079;773872778437202;3.44;412
18/06/2026;31775085;451843464485592;1.23;397
18/06/2026;31775123;407718018985090;29.44;393|397|419
18/06/2026;31775166;504778730541847;17.79;268|274
18/06/2026;31775211;789097604200990;44.74;268|274
18/06/2026;31775214;219750841818971;0.46;393|416
18/06/2026;31775226;354660213094135;0.9;393|412|417
18/06/2026;31775227;827797710166618;0.88;412
18/06/2026;31775228;320934731972349;1.73;412
18/06/2026;31775304;352156436228292;72.0;268
18/06/2026;31775358;992572322823219;0.36;393
18/06/2026;31775361;384087631525016;0.19;397
18/06/2026;31775401;821395552758335;0.64;397
18/06/2026;31775451;578855640344846;0.41;412
18/06/2026;31775457;601853892084988;0.01;
18/06/2026;31775473;179799113952433;1.66;412
18/06/2026;31775481;47139895221159;7.46;393|412|417
18/06/2026;31775482;28344685963166;0.45;412
18/06/2026;31775501;557199954431661;0.34;421
18/06/2026;31775549;207674189215978;1.76;412
18/06/2026;31775552;593254133124058;1.01;412
18/06/2026;31775596;818363190669327;0.24;412
18/06/2026;31775602;238917004987563;0.88;412
18/06/2026;31775672;107271917976689;11.61;412
18/06/2026;31775682;870838660470606;0.11;
18/06/2026;31775693;213862375346297;0.15;
18/06/2026;31775694;276973734872768;0.47;412
18/06/2026;31775696;513387652581406;1.94;412
18/06/2026;31775700;701115680760433;0.4;412
18/06/2026;31775705;185438215024535;0.2;412
18/06/2026;31775708;519326700066972;1.74;393|412|417
18/06/2026;31775710;18597023505591;0.28;412
18/06/2026;31775711;105197332201385;6.95;393|412|417
18/06/2026;31775717;47050557683601;1.8;250|412
18/06/2026;31775718;351710113731537;0.96;412
18/06/2026;31775722;364808431222894;0.36;
18/06/2026;31775752;84362056585863;0.07;397
18/06/2026;31775767;404653766826712;1.99;420
18/06/2026;31775792;908408363015543;1.73;412
18/06/2026;31775796;324096783100348;11.23;420
18/06/2026;31775799;503818922153151;0.51;393|417
18/06/2026;31775801;649695221377732;1.59;397
18/06/2026;31775812;239593582360260;0.16;412
18/06/2026;31775813;523257657927692;39.66;393|397|417
18/06/2026;31775815;731231252029159;0.03;393|416
18/06/2026;31775817;782331989392681;1.17;412
18/06/2026;31775830;275279102913918;5.71;397
18/06/2026;31775831;138725009360282;0.92;397
18/06/2026;31775839;346171853194652;132.05;396|397
18/06/2026;31775853;333768484504370;1.94;412
18/06/2026;31775858;580134473512433;0.68;412
18/06/2026;31775866;111030310262332;1.77;412
18/06/2026;31775867;868585305953878;1.26;412
18/06/2026;31775880;90341277714267;1.33;412
18/06/2026;31775881;991581385770015;0.32;412
18/06/2026;31775886;862560219928048;14.46;268|274|393|417
18/06/2026;31775887;450653058071247;0.41;412
18/06/2026;31775901;496234571787816;75.75;393|397|419
18/06/2026;31775911;560515381535466;0.65;393
18/06/2026;31775923;248890258325866;0.26;412
18/06/2026;31775932;227740169785847;2.6;412
18/06/2026;31775940;729703119990572;1.11;393|417
18/06/2026;31775947;267390639102157;1.07;397
18/06/2026;31775954;546347880862043;193.11;397
18/06/2026;31775960;712829284311101;21.68;369|393|397|412|417
18/06/2026;31775961;795412275781375;16.33;397
18/06/2026;31775993;539283582743151;0.32;412
18/06/2026;31776005;53541194507655;6.33;393
18/06/2026;31776006;793414376367148;2.53;420
18/06/2026;31776015;59803977092209;0.21;393|417
18/06/2026;31776023;298297290954345;4.54;412
18/06/2026;31776024;52932168679768;2.84;397
18/06/2026;31776036;973179236459868;3.2;412
18/06/2026;31776041;575451400558310;0.89;412
18/06/2026;31776065;576778832651677;0.87;393|416
18/06/2026;31776133;583806844310466;0.92;412
18/06/2026;31776143;681851849424650;1.3;393|416
18/06/2026;31776148;207307136825115;70.68;397
18/06/2026;31776151;36124599811139;53.84;39|40|393|397
18/06/2026;31776158;83464681277608;0.48;412
18/06/2026;31776166;675186963674499;0.67;412
18/06/2026;31776168;662788559272098;1.36;
18/06/2026;31776171;945009715468894;0.29;412
18/06/2026;31776172;970159101402253;3.79;393|412|417
18/06/2026;31776173;289275668593963;1.01;412
18/06/2026;31776177;232027045014444;0.45;412
18/06/2026;31776178;962736027906563;1.53;412
18/06/2026;31776183;60486403657736;0.3;412
18/06/2026;31776209;250358959476847;0.81;397
18/06/2026;31776228;972734323911842;0.54;412
18/06/2026;31776235;796036621565662;1.2;393|419
18/06/2026;31776243;293581982053510;2.07;412
18/06/2026;31776397;94868959152376;0.13;412
18/06/2026;31776410;302658034788872;2.84;397
18/06/2026;31776960;279935059184741;1.18;412
18/06/2026;31776965;590702765449989;0.13;412
18/06/2026;31776967;697346786804130;0.22;412
18/06/2026;31777015;893042118555742;1.9;412
18/06/2026;31777016;843450926409548;0.94;412
18/06/2026;31777025;47345476810209;2.22;412
18/06/2026;31777038;594672443297177;0.21;
18/06/2026;31777040;841831730167582;2.43;412
18/06/2026;31777048;307456971421410;0.28;
18/06/2026;31777060;915791112367444;2.84;397
18/06/2026;31777152;608266399992263;0.95;412
18/06/2026;31777153;213120525091211;1.08;393|416
18/06/2026;31777190;970333902482609;1.33;412
18/06/2026;31777191;236116878601746;0.47;412
18/06/2026;31777200;935721925703512;2.84;397
18/06/2026;31777228;96017113206900;30.75;397
18/06/2026;31777295;620503158805411;44.0;397
18/06/2026;31777296;7840694464665;0.87;393|416
18/06/2026;31777315;935419585300167;0.12;412
18/06/2026;31777398;424967714115568;57.16;393|397|417
18/06/2026;31777419;614775906774118;0.25;412
18/06/2026;31777421;488074265847824;0.4;412
18/06/2026;31777429;304962946229465;172.18;397
18/06/2026;31777431;507928138890260;2.32;397
18/06/2026;31777453;847301010679677;19.6;397
18/06/2026;31777472;64852355038613;0.18;397
18/06/2026;31777476;680988294402878;0.29;412
18/06/2026;31777487;770834475440470;7.25;393
18/06/2026;31777505;237641433006094;1.23;397
18/06/2026;31777529;305075394748233;0.68;412
18/06/2026;31777556;455749478439068;3.46;268|412
18/06/2026;31777557;217252670853612;3.61;397
18/06/2026;31777588;577819629981862;50.76;393|397|417
18/06/2026;31777615;729345108413612;0.63;412
18/06/2026;31777624;1698856585497;0.16;
18/06/2026;31777666;831890794389669;25.52;268|397
18/06/2026;31777676;261358081357713;1.11;
18/06/2026;31777677;837257404175093;0.01;393|416
18/06/2026;31777678;994650811082191;0.9;393|412|417
18/06/2026;31777684;135838614944549;0.69;412
18/06/2026;31777686;475362094304416;6.28;397
18/06/2026;31777689;735078335539138;2.84;397
18/06/2026;31777809;828451399200911;0.29;
18/06/2026;31777824;275299700533641;5.5;412
18/06/2026;31777831;22542506767336;1.23;397
18/06/2026;31777837;997886475680687;16.5;397|412
18/06/2026;31777856;536585528176096;0.18;393
18/06/2026;31777867;641332385477276;0.41;412
18/06/2026;31777892;301169788582002;0.06;412
18/06/2026;31777928;209571158754073;0.82;393|417
18/06/2026;31777934;694037470014597;0.34;
18/06/2026;31777940;560037857864020;0.29;412
18/06/2026;31777950;128123077181905;2.72;397
18/06/2026;31777955;612338084825328;4.0;397
18/06/2026;31777957;184517173856305;0.25;412
18/06/2026;31777958;979375325832606;2.84;397
18/06/2026;31777960;918149537584862;1.64;397
18/06/2026;31777963;994536359653749;6.53;
18/06/2026;31777964;869229780096324;6.53;
18/06/2026;31777965;247842737291950;4.39;412
18/06/2026;31777973;33523304181332;2.19;397
18/06/2026;31777980;350079096153300;0.06;412
18/06/2026;31777986;978861652571817;135.16;393|397|416
18/06/2026;31777987;472205265659162;0.63;412
18/06/2026;31777991;72093674017136;9.2;397
18/06/2026;31777999;177294285060352;1.33;397
18/06/2026;31778006;934810900877052;0.26;412
18/06/2026;31778007;126328889820928;0.16;412
18/06/2026;31778015;487613970486856;5.31;397
18/06/2026;31778016;79578850704443;4.72;397
18/06/2026;31778024;556003163570907;0.43;
18/06/2026;31778029;513933650116200;0.12;412
18/06/2026;31778030;471779109458107;3.98;397|412
18/06/2026;31778050;85219157566638;6.13;397
18/06/2026;31778061;184047357818832;0.93;397
18/06/2026;31778073;868233420798310;1.11;412
18/06/2026;31778090;447565686473938;1.11;412
18/06/2026;31778091;365641877199247;0.69;412
18/06/2026;31778093;573093857569675;2.37;397
18/06/2026;31778095;343300360552939;4.27;412
18/06/2026;31778107;399619827845229;106.06;268|274|393|417
18/06/2026;31778114;244969829968174;1.75;412
18/06/2026;31778127;833966219957659;0.16;412
18/06/2026;31778135;975928883359282;0.26;412
18/06/2026;31778155;114320410971643;0.16;412
18/06/2026;31778170;463380632424474;2.38;397
18/06/2026;31778187;205570317650770;0.57;412
18/06/2026;31778189;215450712611539;2.84;397
18/06/2026;31778209;71358495770828;2.84;397
18/06/2026;31778269;472098097411111;0.16;412
18/06/2026;31778277;123767510864967;0.34;
18/06/2026;31778283;815671907910917;7.88;397
18/06/2026;31778299;300758072551624;4.74;397|412
18/06/2026;31778303;819202456995773;1.02;397
18/06/2026;31778307;247433436672211;23.78;397|422
18/06/2026;31778317;263105768810081;2.74;393|412|417
18/06/2026;31778324;273401367911152;11.18;412
18/06/2026;31778328;928759317241752;0.25;412
18/06/2026;31778358;655526977559927;0.58;250|412
18/06/2026;31778377;56156109421280;0.89;412
18/06/2026;31778385;534297985021684;0.23;412
18/06/2026;31778386;653989114823348;29.62;397|420
18/06/2026;31778477;426300687031546;0.92;412
18/06/2026;31778478;310589933947288;0.19;412
18/06/2026;31778756;161669575544948;0.22;412
18/06/2026;31778757;478993880506606;0.74;
18/06/2026;31778759;963859580604134;0.74;
18/06/2026;31778771;225859635106237;17.41;397
18/06/2026;31778784;506388719210033;13.51;268|397
18/06/2026;31778787;636347975032279;66.67;268|274|393|412|417
18/06/2026;31778827;427683985424948;0.05;412
18/06/2026;31778835;7432416670848;12.26;420
18/06/2026;31778837;441894757365663;29.01;397
18/06/2026;31778946;492321445339330;0.42;
18/06/2026;31778949;570208058287906;0.26;412
18/06/2026;31779052;6349662074219;1.47;397
18/06/2026;31779053;593962380639442;1.23;397
18/06/2026;31779166;645057457251032;0.12;412
18/06/2026;31779168;612188463884048;0.83;397|412
18/06/2026;31779176;729379047603890;45.87;397|421
18/06/2026;31779178;970611421735910;2.98;
18/06/2026;31779188;852673472773733;0.74;
18/06/2026;31779190;399076721490108;0.4;
18/06/2026;31779193;199861467886284;37.96;268|274
18/06/2026;31779195;578172710271240;0.31;393|416
18/06/2026;31779197;262929740156981;0.14;412
18/06/2026;31779198;348385066372904;1.05;412
18/06/2026;31779207;334551203055809;1.35;412
18/06/2026;31779307;351443096411722;0.2;393|417
18/06/2026;31779337;623670341197615;0.16;412
18/06/2026;31779346;62144926066724;1.76;412
18/06/2026;31779361;232962948471144;0.04;393
18/06/2026;31779378;631806658775438;0.28;
18/06/2026;31779382;472901762705777;0.01;393|419
18/06/2026;31779385;211710533698877;2.64;420
18/06/2026;31779405;861597157019597;0.41;393|416
18/06/2026;31779407;421767779508425;0.43;412
18/06/2026;31779416;337626473567055;0.75;412
18/06/2026;31779423;934359889040687;0.22;
18/06/2026;31779427;117976573345412;2.0;397
18/06/2026;31779433;428351633548593;0.14;
18/06/2026;31779450;853359263325294;9.95;397
18/06/2026;31779464;866945488016264;1.18;397
18/06/2026;31779588;700762814045463;0.74;
18/06/2026;31779607;918411748577977;2.84;397|412
18/06/2026;31779724;725880908454040;9.52;393|419
18/06/2026;31779734;821493063346237;0.25;412
18/06/2026;31779762;573978340249419;1.01;420
18/06/2026;31779765;634448555422924;0.75;397
18/06/2026;31779880;901228977055351;4.45;393|419
18/06/2026;31779883;456073719864843;0.53;393
18/06/2026;31780002;384042628793908;4.84;
18/06/2026;31780010;230413299268908;0.23;397
18/06/2026;31780013;4624983180419;1.23;412
18/06/2026;31780015;182825435769787;2.12;397
18/06/2026;31780049;64730388003885;1.35;393|416|421
18/06/2026;31780050;867019112895872;1.53;412
18/06/2026;31780053;824517931081966;0.09;412
18/06/2026;31780054;401654566504976;0.18;412
18/06/2026;31780056;608013602410593;0.06;412
18/06/2026;31780058;44335249954576;0.78;412
18/06/2026;31780060;946692256052063;1.11;412
18/06/2026;31780064;193394300804994;58.57;397|422
18/06/2026;31780068;386546784896936;2.0;393|412|417
18/06/2026;31780084;802369087573577;1.5;412
18/06/2026;31780094;826799409760106;0.07;393|417
18/06/2026;31780101;667855716501531;1.9;412
18/06/2026;31780106;315146918549328;1.96;412
18/06/2026;31780120;957866620668586;10.35;397
18/06/2026;31780239;501069500450723;0.65;397
18/06/2026;31780258;162104431285987;0.09;412
18/06/2026;31780280;262319002405804;2.07;412
18/06/2026;31780282;677691064704484;2.4;421
18/06/2026;31780288;136047569076713;5.16;393|412|417
18/06/2026;31780308;249016341800011;0.56;
18/06/2026;31780339;115524731337307;1.17;397
18/06/2026;31780351;412083935128628;0.38;397
18/06/2026;31780397;416396071855607;0.22;412
18/06/2026;31780399;796806396691987;2.84;397
18/06/2026;31780401;942355076627950;2.84;397
18/06/2026;31780402;400268943238543;0.41;
18/06/2026;31780413;150237726508469;0.12;
18/06/2026;31780433;186120159913091;2.31;412|422
18/06/2026;31780445;505884966006368;1.88;412
18/06/2026;31780449;34155620489545;0.13;412
18/06/2026;31780482;153467907640959;0.62;422
18/06/2026;31780545;338562313343141;0.13;412
18/06/2026;31780551;652462157028211;50.03;393|397|416
18/06/2026;31780567;774791373695826;1.51;393|412|417
18/06/2026;31780576;669841631077866;0.45;412
18/06/2026;31780587;690098050518971;0.25;412
18/06/2026;31780589;119614096236775;1.36;412
18/06/2026;31780707;184634839441868;4.57;393|416|421
18/06/2026;31780712;884838870642724;0.5;393
18/06/2026;31780714;388625746575595;0.89;412
18/06/2026;31780765;796308326736834;0.73;420
18/06/2026;31780767;502928080150212;0.05;
18/06/2026;31780774;128630978313819;0.37;
18/06/2026;31780790;566692506580862;2.84;397
18/06/2026;31780927;351988738875266;0.7;397
18/06/2026;31780997;722385232966967;0.4;
18/06/2026;31781015;296144851946965;0.24;412
18/06/2026;31781020;947289661915524;0.06;412
18/06/2026;31781026;464487961912305;46.27;268|274
18/06/2026;31781028;492621618208061;1.73;412
18/06/2026;31781051;18434481282643;0.16;421
18/06/2026;31781059;740125239719939;0.25;393|419
18/06/2026;31781060;692841811111870;0.34;412
18/06/2026;31781081;529172766095086;1.73;412
18/06/2026;31781093;856390414858818;0.08;412
18/06/2026;31781096;363863324930186;0.13;412
18/06/2026;31781108;277835294677115;0.41;393|419
18/06/2026;31781133;964012950559263;0.13;393|419
18/06/2026;31781147;907078427269994;0.1;
18/06/2026;31781170;218254937709158;1.23;397
18/06/2026;31781171;203492394678748;0.21;
18/06/2026;31781237;201984304983475;78.43;397
18/06/2026;31781275;370284934544488;1.67;412
18/06/2026;31781276;839592785374246;0.61;412
18/06/2026;31781277;529407687752101;3.79;412
18/06/2026;31781285;949447159530316;100.34;393|397|416
18/06/2026;31781291;831340828965353;0.65;393|416
18/06/2026;31781382;495771114744924;0.02;
18/06/2026;31781398;320081109162611;4.19;420
18/06/2026;31781399;615100726218383;0.33;412
18/06/2026;31781402;806475604584114;1.17;412
18/06/2026;31781493;757786128943750;1.77;412
18/06/2026;31781578;576963077291400;0.34;412
18/06/2026;31781631;47241491905296;0.13;412
18/06/2026;31781701;9362055185746;0.25;412
18/06/2026;31781718;528490897486247;0.74;412
18/06/2026;31781722;335250985713376;1.46;412
18/06/2026;31781724;677939689948154;1.78;412
18/06/2026;31781727;560067417179676;1.77;412
18/06/2026;31781728;715847595508274;1.05;412
18/06/2026;31781729;162553989034392;64.06;393|397|416
18/06/2026;31781739;890745524546950;0.85;412
18/06/2026;31781848;720694314200984;0.48;412
18/06/2026;31781866;86245387156967;2.98;393|412|417
18/06/2026;31781914;809409248120435;0.47;393|419
18/06/2026;31781945;753618068033812;0.32;
18/06/2026;31781959;228192910418491;2.84;397
18/06/2026;31782007;345111472928924;0.02;393|416
18/06/2026;31782009;605612770232239;54.46;393|397
18/06/2026;31782064;932360147370088;17.66;
18/06/2026;31782100;444207122710244;0.83;412
18/06/2026;31782147;743717991694163;0.41;412
18/06/2026;31782166;516285343995653;0.13;412
18/06/2026;31782178;979627760492054;0.13;393|419
18/06/2026;31782219;510497778934431;0.17;
18/06/2026;31782283;575794127267777;2.53;397|412
18/06/2026;31782317;830760802996176;0.26;412
18/06/2026;31782322;891945072577498;1.23;420
18/06/2026;31782335;249628589471495;0.74;412
18/06/2026;31782337;274300576153382;0.4;412
18/06/2026;31782343;224379898253644;0.03;393|417
18/06/2026;31782346;984995941828529;1.29;412
18/06/2026;31782382;2640161356457;0.3;
18/06/2026;31782402;880771893368403;0.42;393|419
18/06/2026;31782434;745225764434976;0.19;393
18/06/2026;31782455;538722167157717;2.84;397
18/06/2026;31782486;225688781100537;70.34;397
18/06/2026;31782525;913914890532980;21.74;268|274
18/06/2026;31782528;346836243400575;0.07;
18/06/2026;31782583;500499294015007;67.76;393|397|417
18/06/2026;31782590;239478385254665;0.75;412
18/06/2026;31782619;269457953069;0.03;393
18/06/2026;31782676;212529805675712;0.4;422
18/06/2026;31782731;499480089889065;1.99;397
18/06/2026;31782732;980839654403194;1.59;393|397|417
18/06/2026;31782736;337579376206616;3.45;412
18/06/2026;31782737;778689348317318;1.8;250|412
18/06/2026;31782738;569779843643326;0.57;412
18/06/2026;31782882;733971851098287;0.45;412
18/06/2026;31782907;831790471188974;0.12;393|419
18/06/2026;31782935;756151598673662;105.81;268|274|393|417
18/06/2026;31783020;233385218142684;0.43;412
18/06/2026;31783022;232269430114522;2.53;393|416|421
18/06/2026;31783042;397718500279083;0.79;412
18/06/2026;31783057;577689553813824;0.73;393|417
18/06/2026;31783059;838813433259351;0.01;393|419
18/06/2026;31783105;195872772177050;0.26;412
18/06/2026;31783140;116656193033829;0.34;
18/06/2026;31783146;231243532070231;8.47;412
18/06/2026;31783150;202717035145690;3.37;393|417
18/06/2026;31783151;753118869396334;2.19;397|412
18/06/2026;31783152;802544564192210;0.94;412
18/06/2026;31783166;880348840262562;1.16;412
18/06/2026;31783180;465683560214341;0.77;421
18/06/2026;31783184;143136541794095;0.88;397
18/06/2026;31783189;632983182064916;0.89;412
18/06/2026;31783192;37653902079572;0.41;412
18/06/2026;31783207;895276420596410;0.41;412
18/06/2026;31783216;937693164085676;29.53;397
18/06/2026;31783217;975633366565192;0.42;
18/06/2026;31783239;675191015995304;0.19;
18/06/2026;31783257;409205353314753;2.79;412
18/06/2026;31783259;591341391064071;0.38;
18/06/2026;31783267;385199367481831;0.22;412
18/06/2026;31783320;431105831751109;3.94;397
18/06/2026;31783400;166372802184857;47.91;397
18/06/2026;31783421;155712497627490;0.64;393|419
18/06/2026;31783451;475018854893327;0.53;397
18/06/2026;31783511;539988407960087;0.79;412
18/06/2026;31783544;318821745931269;0.49;421
18/06/2026;31783552;562894526705990;1.59;393|397|417
18/06/2026;31783642;988613089822059;1.31;397
18/06/2026;31783663;32658831621518;0.41;393|419
18/06/2026;31783669;426327116708944;0.31;393|419
18/06/2026;31783691;448193806378771;0.1;397
18/06/2026;31783712;974471945491466;0.18;
18/06/2026;31783741;427342879866281;49.17;393|397|419
18/06/2026;31783742;875853518123882;54.94;393|397|419
18/06/2026;31783758;674287894597747;3.83;393|416|421
18/06/2026;31783769;546322626654812;0.23;
18/06/2026;31783793;854308300813710;2.21;412
18/06/2026;31783841;158595324902368;0.07;
18/06/2026;31783868;551474962446308;2.17;421
18/06/2026;31783876;398185093782219;0.43;393
18/06/2026;31783879;486655093630654;0.4;393
18/06/2026;31783912;949826443548645;0.57;393
18/06/2026;31783946;540937818965610;0.82;421
18/06/2026;31783954;461877358486930;0.75;397
18/06/2026;31783955;611756811903723;5.87;397|412
18/06/2026;31783988;787987758537689;0.11;
18/06/2026;31783991;199497056507468;83.84;397
18/06/2026;31783992;846685547382919;1.87;397
18/06/2026;31784002;849737286358336;1.3;412
18/06/2026;31784005;517213908490965;0.89;412
18/06/2026;31784010;239050827605275;0.43;393
18/06/2026;31784047;153908794082850;0.26;412
18/06/2026;31784098;276329536725137;0.32;397
18/06/2026;31784110;38246706921902;0.34;412
18/06/2026;31784160;344394342067049;0.13;412
18/06/2026;31784164;296899321389913;2.27;397
18/06/2026;31784276;712243683200999;26.22;268|412
18/06/2026;31784332;481815427722346;0.35;412
18/06/2026;31784342;600025392842338;1.19;397
18/06/2026;31784412;809215124550991;0.89;412
18/06/2026;31784458;235290274284660;0.07;393|419
18/06/2026;31784465;373217843585712;1.96;397
18/06/2026;31784470;77632164070297;0.26;
18/06/2026;31784508;145560746349755;0.05;
18/06/2026;31784529;8129992044950;0.05;
18/06/2026;31784534;886603853991880;0.32;412
18/06/2026;31784579;201172700806645;10.35;393|397|409|410
18/06/2026;31784581;189044629301764;0.26;412
18/06/2026;31784589;325295342929757;3.36;397
18/06/2026;31784634;851755344266982;0.58;412
18/06/2026;31784650;910699428890086;1.37;397|412
18/06/2026;31784651;417185124211694;1.64;397|420
18/06/2026;31784684;568717196062628;2.73;393|397
18/06/2026;31784722;710018961699527;0.49;393|419
18/06/2026;31784724;67554103647606;0.54;412
18/06/2026;31784725;358434997792634;0.58;412
18/06/2026;31784726;708795164401185;8.14;369|393|417
18/06/2026;31784727;491987214358364;0.26;412
18/06/2026;31784833;985814032162722;0.89;412
18/06/2026;31784834;352797427441957;0.22;412
18/06/2026;31784837;639726327897330;1.18;397|412
18/06/2026;31784838;434776192135900;0.75;397
18/06/2026;31784854;779794879037365;0.93;412
18/06/2026;31784880;298527252347841;0.2;393|419
18/06/2026;31784886;257330076273995;0.17;
18/06/2026;31785010;646954788894691;0.32;397
18/06/2026;31785011;161439679338595;138.54;268|274
18/06/2026;31785020;195543580699155;0.06;412
18/06/2026;31785034;31669731035911;0.29;
18/06/2026;31785053;873787199781337;0.71;412
18/06/2026;31785060;590273407104882;0.26;
18/06/2026;31785068;798635201936102;2.08;420
18/06/2026;31785074;538527930446499;0.67;412
18/06/2026;31785082;892667624687718;0.32;412
18/06/2026;31785122;845248118423522;1.98;397
18/06/2026;31785123;507730710098037;0.21;
18/06/2026;31785124;901081441596744;0.26;
18/06/2026;31785154;620287913810565;0.12;393|416
18/06/2026;31785156;708960625531962;0.26;412
18/06/2026;31785159;656664083130709;1.17;412
18/06/2026;31785175;828834179171793;2.58;250|393|412|417
18/06/2026;31785185;627652629739489;2.84;397
18/06/2026;31785201;1269511650719;2.84;397
18/06/2026;31785206;672224810765740;0.26;412
18/06/2026;31785212;109709639404981;2.84;397
18/06/2026;31785257;469794804382719;1.15;412
18/06/2026;31785310;352332368631404;0.26;412
18/06/2026;31785322;898587308363686;49.37;393|397
18/06/2026;31785323;411271447257625;124.8;393|397
18/06/2026;31785333;426120234470580;0.13;412
18/06/2026;31785339;143869721555580;1.52;397
18/06/2026;31785349;90027822827165;0.13;412
18/06/2026;31785356;975365614351511;0.86;397
18/06/2026;31785370;986841397525986;0.26;412
18/06/2026;31785384;850253480817107;0.89;412
18/06/2026;31785390;248106606846424;0.26;412
18/06/2026;31785445;462211926639611;1.61;397
18/06/2026;31785450;903860978283739;2.48;412|422
18/06/2026;31785456;490352506185932;3.02;397|412
18/06/2026;31785460;287934632459720;1.91;268|412
18/06/2026;31785476;856444676800589;0.56;393|417
18/06/2026;31785493;512309734631607;0.32;412
18/06/2026;31785499;870896849544530;2.66;397
18/06/2026;31785533;846297346028902;2.53;412
19/06/2026;31291812;218960617716380;0.08;393|416
19/06/2026;31414834;71840978884616;0.4;
19/06/2026;31441621;378310108642111;32.3;397
19/06/2026;31466025;604454623108772;6.66;397
19/06/2026;31469909;645700674135004;3.3;397
19/06/2026;31478357;13027568938495;8.78;397
19/06/2026;31485180;112277232665548;6.44;397
19/06/2026;31494627;475077719417619;4.71;
19/06/2026;31503843;781803094654371;1.84;397
19/06/2026;31509828;674659994625693;5.67;397
19/06/2026;31510092;260074209919801;1.83;397
19/06/2026;31523453;61477489794540;19.7;397
19/06/2026;31586124;871069024961854;1.0;420
19/06/2026;31596678;110158815097833;4.55;397
19/06/2026;31599615;928464639230275;0.43;393
19/06/2026;31599730;672778894239427;8.0;397
19/06/2026;31600119;717531273587410;1.13;393|397
19/06/2026;31604123;387739415815076;1.8;420
19/06/2026;31606768;324883338989559;0.21;
19/06/2026;31606772;946577921714967;31.8;368
19/06/2026;31608200;972433955224416;28.48;190|368|397
19/06/2026;31610178;876278778345625;1.51;397
19/06/2026;31610257;309856875088615;13.27;397
19/06/2026;31610315;618551421140019;3.24;
19/06/2026;31611620;564919965072110;4.35;393
19/06/2026;31612919;641312598109216;46.59;393|397
19/06/2026;31614960;710950464283604;2.15;420
19/06/2026;31615410;221976075819907;3.04;393|416
19/06/2026;31617602;342373541163682;17.91;397
19/06/2026;31619656;215101137231918;17.1;397
19/06/2026;31619965;134820146430674;0.17;
19/06/2026;31620646;176707080991403;11.12;420
19/06/2026;31623386;120629670626851;12.36;368
19/06/2026;31623718;809853925933888;2.03;420
19/06/2026;31624429;197539417002988;4.65;397
19/06/2026;31625613;590591047872520;26.11;397
19/06/2026;31625709;756245228030920;0.41;397
19/06/2026;31628344;844995808387071;0.65;393
19/06/2026;31631333;169542538927732;0.73;420
19/06/2026;31633011;867702886347170;0.3;393
19/06/2026;31634695;903939976748755;0.28;397
19/06/2026;31647546;854389438514846;10.61;397
19/06/2026;31647863;294962871384266;13.55;393|397
19/06/2026;31647901;168138261245628;0.21;397
19/06/2026;31651569;742136618272777;0.29;420
19/06/2026;31653030;729574853083394;0.75;393
19/06/2026;31657618;397516034380246;31.67;368
19/06/2026;31657619;93431154039618;0.48;393
19/06/2026;31660108;990992204675053;0.39;420
19/06/2026;31662783;245274717561901;4.46;393
19/06/2026;31663449;977850788049505;0.4;412
19/06/2026;31668168;449659174696648;4.08;397
19/06/2026;31669537;47853065524105;36.14;397
19/06/2026;31669626;335991985028213;12.07;397
19/06/2026;31670722;488933611344573;0.16;420
19/06/2026;31674288;75715356633563;0.22;393
19/06/2026;31676466;284552533232048;1.75;420
19/06/2026;31676880;533661516520670;8.13;420
19/06/2026;31677052;705656431596740;0.34;393
19/06/2026;31677376;127025805172151;0.91;393
19/06/2026;31683206;311787178353332;12.03;393|397|412|417
19/06/2026;31687902;44433697236211;1.59;393|397|417
19/06/2026;31688555;88967540054432;1.18;412
19/06/2026;31689228;663204425578591;29.66;397|420
19/06/2026;31693879;314691487547708;30.95;368|393|397|419
19/06/2026;31695597;371226449024191;3.06;397
19/06/2026;31700562;110834973116056;0.1;
19/06/2026;31703276;799872286241499;32.32;397
19/06/2026;31706827;313077668636012;0.36;393
19/06/2026;31707681;241967535539979;0.08;393
19/06/2026;31707724;186660278059203;0.39;412
19/06/2026;31708674;850982909295884;0.01;420
19/06/2026;31708687;775749422362447;0.83;412
19/06/2026;31709183;282475530920615;0.48;412
19/06/2026;31710538;587227779683617;0.48;412
19/06/2026;31710541;244630105652625;0.36;412
19/06/2026;31710543;299945088986858;0.53;412
19/06/2026;31710544;919622574466732;1.26;412
19/06/2026;31710547;367075345698274;1.67;412
19/06/2026;31710580;976538123638588;0.39;412
19/06/2026;31710582;395357436227755;1.22;412
19/06/2026;31710599;873161202290819;0.12;412
19/06/2026;31710604;64324259799234;0.12;412
19/06/2026;31710964;123225480455421;0.1;
19/06/2026;31711453;656522654192315;1.5;412
19/06/2026;31711454;701002762754617;0.76;412
19/06/2026;31711562;638561038145625;0.39;412
19/06/2026;31711712;604169326454235;0.12;412
19/06/2026;31711838;894122812046504;2.42;397
19/06/2026;31712047;12998577360906;1.14;412
19/06/2026;31712167;234965009130278;0.32;412
19/06/2026;31713046;631332238676032;0.67;412
19/06/2026;31713052;896930328653248;0.25;412
19/06/2026;31713420;715417117628644;0.32;412
19/06/2026;31715142;775451850394812;0.59;412
19/06/2026;31715505;525469865767437;0.24;412
19/06/2026;31715510;567199567049643;0.17;412
19/06/2026;31715808;640421471476613;0.66;412
19/06/2026;31715931;619217975331227;0.17;368
19/06/2026;31716118;614414107417018;0.24;412
19/06/2026;31717204;520208541054642;0.9;412
19/06/2026;31717208;475392198524417;0.28;412
19/06/2026;31718172;680392357708897;0.44;393|417
19/06/2026;31718423;353218695825182;2.17;412
19/06/2026;31718761;938097950961173;0.3;412
19/06/2026;31719072;172511261907079;1.12;412
19/06/2026;31719846;670487920968871;0.94;412
19/06/2026;31720977;73191895133423;1.81;412
19/06/2026;31722276;566516976518534;0.7;412
19/06/2026;31723035;87205505138194;0.68;420
19/06/2026;31723657;332729850162876;0.6;412
19/06/2026;31723799;153883297131492;1.36;412
19/06/2026;31724485;95453380162191;2.61;397
19/06/2026;31724536;323079404351863;0.47;412
19/06/2026;31724626;805834617215288;4.22;420
19/06/2026;31725345;220795469471528;1.04;397
19/06/2026;31726217;502316964784554;1.6;397
19/06/2026;31726394;964747388105290;0.32;412
19/06/2026;31726418;49543742123551;0.25;412
19/06/2026;31726438;825753230915554;0.39;412
19/06/2026;31727784;210378958452483;0.25;412
19/06/2026;31728220;380214308481453;3.61;412
19/06/2026;31729241;505651263362201;0.21;412
19/06/2026;31731086;917701969032884;2.17;412
19/06/2026;31731483;674449906733622;1.02;412
19/06/2026;31731704;5260506165239;1.99;250|412
19/06/2026;31732656;384100071348065;13.81;397
19/06/2026;31732808;371928220060033;0.32;412
19/06/2026;31733698;432974242148427;1.01;412
19/06/2026;31734242;469460755284066;0.21;412
19/06/2026;31734386;501571906118829;1.99;250|412
19/06/2026;31734400;568563033071546;1.0;412
19/06/2026;31734509;128655503532688;0.21;412
19/06/2026;31735410;680431166821305;0.48;412
19/06/2026;31735467;99806683897158;2.34;412
19/06/2026;31736056;197248781031620;0.7;412
19/06/2026;31736687;464006516365940;0.21;412
19/06/2026;31737112;12554162206147;0.83;412
19/06/2026;31737966;909466710510893;0.14;412
19/06/2026;31738111;408876633472095;0.59;412
19/06/2026;31738153;56570991518255;0.21;412
19/06/2026;31738461;258576726792267;0.41;412
19/06/2026;31739235;338764564957107;0.14;412
19/06/2026;31739457;253754670407217;0.7;412
19/06/2026;31739996;80754269559915;3.0;393|397
19/06/2026;31741452;111261340122511;3.43;393|397|420
19/06/2026;31742595;804106455085066;1.0;393
19/06/2026;31743989;392801269479283;0.37;412
19/06/2026;31746567;785577560325776;0.57;412
19/06/2026;31746870;610580991939054;3.53;412
19/06/2026;31747086;97392447598766;4.66;250|393|412|417
19/06/2026;31747511;160521049897400;0.43;393
19/06/2026;31752594;793303935711854;50.17;202|213|355|393|397|409|410|412|417|424
19/06/2026;31752859;518360286747555;0.88;202|213|409|410|412|424
19/06/2026;31752872;863469765703778;0.48;412
19/06/2026;31752967;587563723109900;0.49;202|213|409|410|424
19/06/2026;31753086;251798918092613;3.45;412
19/06/2026;31753273;945037386997919;36.41;202|213|269|371|372|393|397|409|410|412|417|424
19/06/2026;31754328;798216748777394;0.52;202|409|410|412
19/06/2026;31754378;904826388297416;0.3;202|213|409|410|424
19/06/2026;31756781;599933904453288;51.69;202|213|355|393|397|409|410|412|417|424
19/06/2026;31757383;711303766883627;1.0;393
19/06/2026;31757909;650122433661277;0.68;202|213|409|410|412|424
19/06/2026;31758003;748016763908228;3.67;412|422
19/06/2026;31758129;827270324913245;0.48;412
19/06/2026;31758335;104582801151971;2.57;202|213|269|355|393|409|410|412|417|424
19/06/2026;31758449;71649307220269;0.63;412
19/06/2026;31759226;453878788955434;1.46;421
19/06/2026;31759298;307343496322838;85.29;202|213|269|393|397|409|410|417|424
19/06/2026;31759356;665778116275821;36.41;202|213|269|371|372|393|397|409|410|412|417|424
19/06/2026;31759748;866773377370462;0.97;202|213|409|410|412|424
19/06/2026;31759810;424137350003425;0.52;202|213|409|410|412|424
19/06/2026;31760217;911481161820135;36.41;202|213|269|371|372|393|397|409|410|412|417|424
19/06/2026;31760259;997216591284825;0.3;202|213|409|410|424
19/06/2026;31760769;333965429906430;36.41;202|213|269|371|372|393|397|409|410|412|417|424
19/06/2026;31760906;521328933988075;3.88;202|213|409|410|412|424
19/06/2026;31761252;515653567112239;1.32;202|213|409|410|412|424
19/06/2026;31761561;630210981111214;93.48;202|213|269|355|393|397|409|410|412|417|424
19/06/2026;31761562;491615848107705;0.52;202|409|410|412
19/06/2026;31763602;967669414911173;2.57;202|213|409|410|412|424
19/06/2026;31763668;622694261466094;8.18;202|213|409|410|412|424
19/06/2026;31764109;6073447400161;1.32;202|213|409|410|412|424
19/06/2026;31764282;174615005750844;0.68;202|213|409|410|412|424
19/06/2026;31764302;631668374408801;8.83;412
19/06/2026;31764477;871041343493197;0.52;202|213|409|410|412|424
19/06/2026;31764964;592005223072064;38.28;202|213|269|355|393|397|409|410|412|417|424
19/06/2026;31765234;162484387156843;0.79;202|213|409|410|424
19/06/2026;31765235;83284802009575;0.68;202|213|409|410|412|424
19/06/2026;31765600;12648002560761;1.07;202|213|409|410|412|424
19/06/2026;31765695;928927277691539;0.46;202|213|409|410|424
19/06/2026;31765939;180063701567443;8.16;202|213|269|355|371|372|397|409|410|412|424
19/06/2026;31766029;179708003965684;4.23;202|213|409|410|412|424
19/06/2026;31766203;80928248359960;0.68;202|213|409|410|412|424
19/06/2026;31766240;349575396928721;16.11;202|213|269|355|397|409|410|424
19/06/2026;31766297;266278017984832;8.99;202|213|269|355|371|372|393|397|409|410|412|417|424
19/06/2026;31766579;205093474236077;6.8;202|213|269|355|397|409|410|412|424
19/06/2026;31766634;742109366819115;0.09;202|409|410|412
19/06/2026;31766754;324815441634701;10.77;202|213|269|355|393|397|409|410|412|417|424
19/06/2026;31767691;533865021750751;11.71;202|213|250|269|355|393|409|410|412|417|424
19/06/2026;31767725;161145717367966;36.41;202|213|269|371|372|393|397|409|410|412|417|424
19/06/2026;31767999;874870971354804;0.25;412
19/06/2026;31768027;734127086384925;0.09;202|409|410|412
19/06/2026;31768326;330911107662808;9.13;202|213|269|355|371|372|397|409|410|412|424
19/06/2026;31768375;886988791758078;0.39;202|213|409|410|424
19/06/2026;31768427;704742307826576;1.47;412
19/06/2026;31768448;980396333629297;0.52;202|213|409|410|412|424
19/06/2026;31768501;548696487356807;8.07;202|213|269|355|371|372|397|409|410|412|424
19/06/2026;31768557;572908959239255;9.13;202|213|269|355|371|372|397|409|410|412|424
19/06/2026;31768609;542894545246565;0.25;202|409|410|412
19/06/2026;31768639;297318957150340;0.44;202|213|409|410|424
19/06/2026;31768785;120736157093621;10.25;202|213|269|355|393|409|410|417|424
19/06/2026;31768786;81655003050748;0.48;202|213|409|410|412|424
19/06/2026;31768867;627426470172622;9.13;202|213|269|355|371|372|397|409|410|412|424
19/06/2026;31769139;574778868664022;1.32;202|213|409|410|412|424
19/06/2026;31769194;528807105297204;1.12;202|213|409|410|412|424
19/06/2026;31769263;911962249661320;1.32;202|213|409|410|412|424
19/06/2026;31769669;287341717898226;8.65;202|213|269|355|371|372|397|409|410|412|424
19/06/2026;31770096;243107681591259;0.17;202|213|409|410|424
19/06/2026;31770168;642158077800708;9.13;202|213|269|355|371|372|397|409|410|412|424
19/06/2026;31770219;896978997940519;54.67;393|397|417
19/06/2026;31770414;606999288593269;8.06;202|213|269|355|371|372|397|409|410|424
19/06/2026;31773524;259542437226082;0.36;412
19/06/2026;31774389;960351034452916;2.39;412
19/06/2026;31775262;772466819764214;4.23;202|213|409|410|412|424
19/06/2026;31775314;13634723562158;4.18;202|213|409|410|424
19/06/2026;31775797;718667394869289;1.44;420
19/06/2026;31775800;386851076369469;36.41;202|213|269|371|372|393|397|409|410|412|417|424
19/06/2026;31776001;14532666170587;9.13;202|213|269|355|371|372|397|409|410|412|424
19/06/2026;31776246;826344578965516;7.68;202|213|269|355|371|372|397|409|410|412|424
19/06/2026;31777454;46607557709876;1.4;202|213|409|410|424
19/06/2026;31777625;157883482442516;6.82;202|213|269|355|393|409|410|412|417|424
19/06/2026;31777688;261935191336557;8.65;202|213|269|355|371|372|393|397|409|410|412|417|424
19/06/2026;31777772;583575660063777;0.88;202|213|409|410|424
19/06/2026;31777795;920245166533271;7.68;202|213|269|355|371|372|393|397|409|410|412|417|424
19/06/2026;31777796;861958546059425;36.41;202|213|269|371|372|393|397|409|410|412|417|424
19/06/2026;31777948;747695156834409;0.39;202|213|409|410|424
19/06/2026;31778144;385421593759265;0.29;202|409|410|412
19/06/2026;31779050;386492885555932;62.75;202|269|393|397|409|410|417|424
19/06/2026;31779051;271053224998868;1.1;202|409|410|412
19/06/2026;31779470;894038653887213;8.28;202|213|269|355|393|409|410|412|417|424
19/06/2026;31779471;864402281857491;2.64;202|213|269|355|393|409|410|412|417|424
19/06/2026;31779472;712068549188279;3.04;202|213|269|355|393|409|410|412|417|422|424
19/06/2026;31779473;309138453912346;2.53;202|409|410|412
19/06/2026;31779764;543810551342042;0.88;202|213|409|410|424
19/06/2026;31780132;714224828741708;34.01;202|213|269|355|393|397|409|410|412|417|424
19/06/2026;31780321;936608386581076;36.41;202|213|269|371|372|393|397|409|410|412|417|424
19/06/2026;31780350;208507884181101;2.06;202|269|355|393|409|410|412|417|424
19/06/2026;31780428;117796608941478;17.57;39|40|368|419
19/06/2026;31781273;591474447883656;1.96;412
19/06/2026;31781314;340944171447093;52.31;202|288|355|393|397|409|410|412|417
19/06/2026;31782010;159139163281627;3.62;202|213|409|410|412|424
19/06/2026;31782041;839294720986483;4.78;
19/06/2026;31782054;917303645888429;1.32;202|213|409|410|412|424
19/06/2026;31782487;103314187450202;0.09;202|409|410|412
19/06/2026;31782675;398092417921548;4.73;202|213|409|410|412|424
19/06/2026;31782939;401922886088176;1.32;202|213|409|410|412|424
19/06/2026;31782981;480018402310521;38.28;202|213|269|355|393|397|409|410|412|417|424
19/06/2026;31783302;669646161052606;75.86;202|213|269|393|397|409|410|417|424
19/06/2026;31784063;346087784059495;0.13;412
19/06/2026;31784510;889596229785834;0.09;393
19/06/2026;31785009;636956002363873;0.44;397
19/06/2026;31785111;854859097221352;0.75;393|417
19/06/2026;31785186;539129941038618;2.59;397|412
19/06/2026;31785252;542086199505935;1.76;393|419
19/06/2026;31785492;733520802313932;0.32;393|419
19/06/2026;31785557;271244586575170;0.06;412
19/06/2026;31785566;620366379556480;2.0;412
19/06/2026;31785568;904384035358868;2.78;412
19/06/2026;31785604;578559873569429;0.06;412
19/06/2026;31785615;892618857185762;19.65;397
19/06/2026;31785620;739381860264766;0.36;393|416
19/06/2026;31785621;226842514111653;0.26;412
19/06/2026;31785634;557112495438106;3.52;412|422
19/06/2026;31785647;842188343708506;1.22;412
19/06/2026;31785665;644612882635495;0.26;412
19/06/2026;31785668;434616112243567;0.12;
19/06/2026;31785671;729930493645024;0.26;412
19/06/2026;31785676;818094375315048;0.7;412
19/06/2026;31785715;845485762434633;0.15;
19/06/2026;31785717;833015622392087;0.21;
19/06/2026;31785748;66021472395219;2.84;397
19/06/2026;31785814;14097445410522;2.84;397
19/06/2026;31785903;386397276344229;1.46;397
19/06/2026;31785906;610128829040072;5.02;397
19/06/2026;31786034;193368485970987;11.75;420
19/06/2026;31786055;385957095353433;0.78;397
19/06/2026;31786064;613451410301504;0.13;412
19/06/2026;31786069;460745549273266;2.21;412
19/06/2026;31786093;188215381119496;1.09;397
19/06/2026;31786218;443100687149017;0.67;393|417
19/06/2026;31786232;317427051458387;0.29;393|416
19/06/2026;31786233;181569087291052;4.85;412
19/06/2026;31786504;753899134978842;0.78;397
19/06/2026;31786508;22650231006356;0.21;420
19/06/2026;31786515;408377646792260;2.84;397
19/06/2026;31786536;869597359959363;2.53;412
19/06/2026;31786539;357613607539503;3.52;412
19/06/2026;31786541;13320894077786;2.53;412
19/06/2026;31786558;822694025827365;0.06;412
19/06/2026;31786572;170528454284794;0.41;412
19/06/2026;31786583;905424568426642;1.31;412
19/06/2026;31786599;109835821868859;48.81;393|397
19/06/2026;31786601;864611120971539;31.41;393|397|416
19/06/2026;31786633;778967488351715;1.97;412
19/06/2026;31786664;800291793577265;0.37;
19/06/2026;31786675;232701098539304;8.34;
19/06/2026;31786679;795987358921729;1.33;412
19/06/2026;31786691;272902323598424;2.17;412
19/06/2026;31786738;397974621623093;1.61;412
19/06/2026;31786739;604891229316159;2.96;397|412
19/06/2026;31786770;643852467360164;2.79;412
19/06/2026;31786785;506805182777630;0.22;393|419
19/06/2026;31786864;834014708764695;0.1;393|416
19/06/2026;31786869;453499463371316;4.52;412
19/06/2026;31786873;324170743029794;3.88;412
19/06/2026;31786882;281940803543197;0.54;412
19/06/2026;31786883;418044177580802;0.68;412
19/06/2026;31786912;682885471360284;2.84;397
19/06/2026;31786926;766626277845138;1.87;412
19/06/2026;31786949;92766955021564;0.16;412
19/06/2026;31786954;454249771084016;3.9;412
19/06/2026;31786962;653530424467337;0.25;412
19/06/2026;31787000;303867807945062;0.4;412
19/06/2026;31787026;138965206767865;1.18;412
19/06/2026;31787027;332071101541525;3.57;39|40|393
19/06/2026;31787055;736907229623653;2.84;397
19/06/2026;31787067;410978451854683;0.34;412
19/06/2026;31787109;332779863501131;0.26;412
19/06/2026;31787111;911298386455565;0.14;412
19/06/2026;31787112;410830626435217;0.26;412
19/06/2026;31787157;279368794572669;26.73;268|274
19/06/2026;31787162;126801170454536;113.27;397
19/06/2026;31787167;388763035221447;47.35;393|397|417
19/06/2026;31787181;807710697000126;1.14;397
19/06/2026;31787183;606393655053018;0.58;412
19/06/2026;31787186;516266756376689;1.0;
19/06/2026;31787188;807302524317870;1.02;412
19/06/2026;31787189;714177643806567;0.69;412
19/06/2026;31787196;829565702462780;1.87;412
19/06/2026;31787200;271234931566760;0.65;397
19/06/2026;31787201;234108698892652;0.46;412
19/06/2026;31787212;354477051272077;0.53;412
19/06/2026;31787219;804136138656670;1.02;412
19/06/2026;31787263;875360114365743;5.08;412
19/06/2026;31787291;23275691201270;7.8;397
19/06/2026;31787292;232904186243826;1.83;397|412
19/06/2026;31787306;991366947237846;11.96;397|412
19/06/2026;31787320;361630336564706;0.14;393|419
19/06/2026;31787335;606286906050833;0.28;412
19/06/2026;31787341;355459661024132;0.05;393|419
19/06/2026;31787347;949272922513285;0.62;412
19/06/2026;31787370;209573709602580;0.96;412
19/06/2026;31787374;853770726483371;0.18;412
19/06/2026;31787394;235498672519583;0.05;
19/06/2026;31787397;831061172931240;29.3;412
19/06/2026;31787408;792135874835946;0.65;393|417
19/06/2026;31787433;187336226213245;0.92;412
19/06/2026;31787481;444635214048665;2.84;397
19/06/2026;31787496;208680054350345;0.54;412
19/06/2026;31787512;626045850861536;0.12;393|416
19/06/2026;31787526;989422470451815;0.69;412
19/06/2026;31787535;931811916294808;0.25;412
19/06/2026;31787551;574851784902972;44.28;393|397|416
19/06/2026;31787596;192997477193669;0.26;412
19/06/2026;31787612;769340109697072;0.34;412
19/06/2026;31787613;187312968106894;9.48;412
19/06/2026;31787618;383431041874706;0.05;
19/06/2026;31787631;448214733314787;3.06;397
19/06/2026;31787638;852133697514744;1.64;397
19/06/2026;31787656;596026253814603;20.17;268|274
19/06/2026;31787673;582533459469367;9.09;202|213|269|355|393|397|409|410|412|417|424
19/06/2026;31787689;175430232844836;7.6;202|213|269|355|371|372|393|397|409|410|412|417|424
19/06/2026;31787702;222678839729152;7.38;202|213|269|355|393|409|410|412|417|424
19/06/2026;31787719;941869982785160;0.22;412
19/06/2026;31787724;357091209355134;1.92;412
19/06/2026;31787757;651866607982316;1.51;397
19/06/2026;31787771;44113107740450;9.05;202|213|269|355|393|397|409|410|412|417|424
19/06/2026;31787773;691639831875615;2.46;202|213|409|410|412|424
19/06/2026;31787780;527023585248604;0.61;393|417
19/06/2026;31787783;344987514754851;2.84;397
19/06/2026;31787786;469798883280422;0.04;393|417
19/06/2026;31787797;581266874043482;17.36;397
19/06/2026;31787798;647700176927222;1.58;397
19/06/2026;31787802;578849675198431;4.98;397
19/06/2026;31787804;868701134235747;37.85;397
19/06/2026;31787810;649930751839709;4.39;397
19/06/2026;31787811;211479740493018;3.67;397
19/06/2026;31787813;294420835305265;0.52;397
19/06/2026;31787814;542942104292462;9.03;397
19/06/2026;31787821;694613430726784;3.14;397
19/06/2026;31787824;92657589026440;4.62;397
19/06/2026;31787843;718929355504031;1.43;412
19/06/2026;31787845;38606453026157;0.16;393|417
19/06/2026;31787850;864637089633733;0.22;412
19/06/2026;31787853;931880709084896;18.99;397|420
19/06/2026;31787865;526610373361780;0.37;393|419
19/06/2026;31787883;668501520088338;3.7;397
19/06/2026;31787891;613804591399927;3.61;412
19/06/2026;31787897;12429434807975;0.46;412
19/06/2026;31787902;377236356817809;0.05;
19/06/2026;31787920;744755671631953;0.24;397
19/06/2026;31787933;476272203498209;0.44;412
19/06/2026;31787937;530160065965289;1.87;397
19/06/2026;31787949;482620410832398;0.02;393|416
19/06/2026;31787950;599599206090377;2.09;412
19/06/2026;31787967;527336650794827;19.33;369|393|397|417
19/06/2026;31787972;69240072102323;5.52;412
19/06/2026;31787975;247878551613480;7.66;268|274
19/06/2026;31788000;222310648530695;0.25;412
19/06/2026;31788002;118386353030465;3.09;420
19/06/2026;31788027;508108138571419;0.79;397
19/06/2026;31788035;844355037686603;2.84;397
19/06/2026;31788060;671044629874267;53.16;397
19/06/2026;31788066;253130735807067;1.48;397
19/06/2026;31788068;776906294708893;0.35;412
19/06/2026;31788073;592219327506309;0.13;412
19/06/2026;31788076;368182681179353;5.41;412
19/06/2026;31788096;744622272919776;0.28;412
19/06/2026;31788100;558223269326573;0.35;393
19/06/2026;31788128;963432462544706;11.81;
19/06/2026;31788162;623624030925385;0.13;412
19/06/2026;31788163;697750407191356;1.67;412
19/06/2026;31788170;895968909100906;0.2;
19/06/2026;31788177;208959063469222;0.21;
19/06/2026;31788180;86569868616926;2.06;397
19/06/2026;31788221;576342182013241;0.48;393
19/06/2026;31788250;239843819348512;0.3;393|417
19/06/2026;31788265;612525933155706;0.89;412
19/06/2026;31788276;980447297430753;0.41;412
19/06/2026;31788277;964540216796985;3.17;397
19/06/2026;31788317;699990316201999;23.7;393|397|416
19/06/2026;31788330;918695303817002;20.45;39|40|368
19/06/2026;31788337;149192293668302;3.2;412
19/06/2026;31788342;682173990467922;0.16;412
19/06/2026;31788350;765331857772185;1.98;412
19/06/2026;31788358;820405064589342;5.73;268|412
19/06/2026;31788387;56408886041647;0.24;
19/06/2026;31788390;211870684604741;1.29;412
19/06/2026;31788408;642412130560459;0.89;412
19/06/2026;31788415;384609224635870;0.15;397
19/06/2026;31788453;713568289824258;0.66;412
19/06/2026;31788484;8357727676038;51.36;397
19/06/2026;31788493;825051564550314;0.26;412
19/06/2026;31788494;368820879209608;2.84;397
19/06/2026;31788502;140916348222075;0.39;
19/06/2026;31788508;827859012470123;4.76;397
19/06/2026;31788518;295176836758198;2.32;397
19/06/2026;31788522;901240639485775;0.1;412
19/06/2026;31788546;419045544069773;19.27;393|397|412|417
19/06/2026;31788566;696610959976456;0.18;412
19/06/2026;31788569;396405678917963;5.29;393|412|417
19/06/2026;31788571;479888190847931;4.74;397
19/06/2026;31788582;876792654467623;0.89;412
19/06/2026;31788588;922490226234309;0.24;397
19/06/2026;31788600;445438414507490;3.44;412
19/06/2026;31788611;694167038731782;12.18;
19/06/2026;31788629;895511742562101;0.19;412
19/06/2026;31788636;34615496408916;2.83;397
19/06/2026;31788637;439334203633826;35.42;393|397|412|417
19/06/2026;31788641;464291362033962;0.97;412
19/06/2026;31788659;296242890772398;1.07;397
19/06/2026;31788788;613388913666236;7.58;397
19/06/2026;31788828;601802946465208;0.26;412
19/06/2026;31788830;680465722362163;3.68;412
19/06/2026;31788931;158302299498331;0.22;412
19/06/2026;31788946;107513167362870;0.32;412
19/06/2026;31789023;903466589894360;0.2;412
19/06/2026;31789033;701291764826139;51.84;250|393|397|412|417
19/06/2026;31789044;815993603331574;0.12;412
19/06/2026;31789051;208135093006417;0.74;
19/06/2026;31789053;419789381758786;0.54;393|416
19/06/2026;31789057;760579244677133;0.33;412
19/06/2026;31789092;187731026001203;0.06;412
19/06/2026;31789117;177200991384736;0.06;412
19/06/2026;31789138;545225920679707;0.74;
19/06/2026;31789147;595467822918365;7.79;397
19/06/2026;31789156;625461493181553;0.58;250|412
19/06/2026;31789162;176580408115267;0.06;412
19/06/2026;31789170;772850899919410;4.74;397
19/06/2026;31789209;961946249002226;8.12;
19/06/2026;31789227;549206012806997;0.86;397
19/06/2026;31789254;907072869677613;0.72;412
19/06/2026;31789263;916622689252626;4.38;397
19/06/2026;31789288;151042351240733;0.29;412
19/06/2026;31789346;345309396691279;0.82;412
19/06/2026;31789349;905853815882986;0.06;412
19/06/2026;31789352;288828513701642;2.06;397
19/06/2026;31789355;418367398896273;173.85;268|274|393|417
19/06/2026;31789397;400106246376304;0.47;412
19/06/2026;31789399;402526719661170;0.55;393
19/06/2026;31789401;99731289347511;0.25;412
19/06/2026;31789451;580645270480858;22.25;397
19/06/2026;31789452;90115915896428;2.31;412
19/06/2026;31789454;998891311477300;1.95;412
19/06/2026;31789456;17382068591484;3.03;412
19/06/2026;31789461;727163762496189;4.58;420
19/06/2026;31789479;281138099219195;19.38;397
19/06/2026;31789482;286806221940281;0.83;412
19/06/2026;31789490;762632095445409;0.39;393|417
19/06/2026;31789508;44757429899777;2.36;397|412
19/06/2026;31789511;12368193861993;0.06;393|419
19/06/2026;31789515;401240470370263;0.38;
19/06/2026;31789526;861440292811236;0.01;412
19/06/2026;31789530;543903552897806;0.62;
19/06/2026;31789532;64143356901760;2.27;421
19/06/2026;31789536;726024747784804;0.27;412
19/06/2026;31789541;517559985466025;1.71;250|412
19/06/2026;31789544;812498314876517;0.22;412
19/06/2026;31789553;307219803446604;0.21;412
19/06/2026;31789562;185853673494876;0.22;412
19/06/2026;31789581;948235441690726;0.4;412
19/06/2026;31789594;450971295570136;0.56;412
19/06/2026;31789596;288999733343560;0.42;
19/06/2026;31789597;795519016608288;5.21;393|397|416
19/06/2026;31789599;4251102080756;0.26;412
19/06/2026;31789609;207475769000159;0.59;412
19/06/2026;31789612;526323480965212;1.07;412
19/06/2026;31789615;617310890570746;21.24;393|397|417
19/06/2026;31789626;391800413673782;0.11;
19/06/2026;31789638;604930253805962;0.12;
19/06/2026;31789642;922618586322580;1.53;412
19/06/2026;31789646;501304577023710;0.82;412
19/06/2026;31789655;576473798087407;0.4;393|416
19/06/2026;31789677;784589614113278;2.2;
19/06/2026;31789691;545347738385823;0.06;412
19/06/2026;31789695;292664936583607;0.97;412
19/06/2026;31789701;607844413411282;1.51;412
19/06/2026;31789725;650878551334623;0.34;412
19/06/2026;31789739;161907177106514;7.37;397
19/06/2026;31789771;251745105782053;36.75;268|274
19/06/2026;31789776;866315353012583;1.17;412
19/06/2026;31789814;938578302459811;0.2;412
19/06/2026;31789828;723729688218465;0.4;412
19/06/2026;31789836;452684650321510;6.98;412
19/06/2026;31789838;30574906564062;0.32;182
19/06/2026;31789845;173087068770849;0.25;412
19/06/2026;31789849;33837025740440;0.26;412
19/06/2026;31789868;422091172747801;0.58;412
19/06/2026;31789876;350068287279710;0.26;412
19/06/2026;31789877;392445076668829;1.43;397
19/06/2026;31789889;718502475729746;0.06;412
19/06/2026;31789894;338919698782392;2.84;397
19/06/2026;31789901;703342182753823;1.81;412
19/06/2026;31789925;438314082342155;0.22;412
19/06/2026;31789935;274706315997433;1.87;412
19/06/2026;31789938;800173700106850;2.0;397
19/06/2026;31789942;664011733262178;3.91;412
19/06/2026;31789965;563034527716103;0.22;412
19/06/2026;31789983;500622501382523;1.93;412
19/06/2026;31790028;774073358779048;1.95;412
19/06/2026;31790040;591434268401792;11.61;412
19/06/2026;31790048;987348741989875;0.28;
19/06/2026;31790094;483472799301996;5.9;412
19/06/2026;31790124;479340318165265;0.04;412
19/06/2026;31790126;749378692462947;145.48;268|274
19/06/2026;31790139;912287834864276;0.57;412
19/06/2026;31790153;220402905022574;0.87;397
19/06/2026;31790164;864561136744734;78.12;268|274|393|417
19/06/2026;31790171;66526837982145;0.06;412
19/06/2026;31790173;823253189247738;0.21;412
19/06/2026;31790179;549300842153705;0.26;
19/06/2026;31790229;940698793311438;9.59;397|412
19/06/2026;31790249;114692764030878;3.98;397
19/06/2026;31790251;280416509721551;0.15;393|419
19/06/2026;31790260;855164789258296;0.19;393|419
19/06/2026;31790276;759103949101620;36.77;268|274
19/06/2026;31790282;30294216842587;115.82;268
19/06/2026;31790302;153955885971126;23.32;397
19/06/2026;31790305;696898761569593;0.12;393|416
19/06/2026;31790316;465247254297786;82.43;
19/06/2026;31790318;99945854869674;0.25;393|417
19/06/2026;31790340;321320125074921;13.17;421
19/06/2026;31790367;637292286929576;0.05;
19/06/2026;31790368;531305717386123;0.26;393|419
19/06/2026;31790372;163022797631683;30.12;397|412
19/06/2026;31790395;287092080347989;6.02;412
19/06/2026;31790396;443893086832406;0.06;412
19/06/2026;31790416;662253724618121;0.34;412
19/06/2026;31790433;859586472078052;0.22;412
19/06/2026;31790439;335718869977392;1.26;397
19/06/2026;31790441;941762137917496;0.34;412
19/06/2026;31790442;750667885741319;12.78;397
19/06/2026;31790443;408745365740186;0.93;412
19/06/2026;31790464;961420721049220;84.33;268|274
19/06/2026;31790517;121969093317371;0.13;412
19/06/2026;31790540;829209443313388;0.26;412
19/06/2026;31790547;737636459028130;0.38;
19/06/2026;31790593;722235213776397;4.52;420
19/06/2026;31790610;47059576571431;43.41;397
19/06/2026;31790628;29965662166104;0.1;
19/06/2026;31790701;966531459213994;0.06;412
19/06/2026;31790718;616384010757641;0.02;
19/06/2026;31790725;364425328731624;0.3;393|416
19/06/2026;31790783;121576090372015;0.31;397
19/06/2026;31790784;149353479238311;1.57;412
19/06/2026;31790786;18841553097906;1.24;412
19/06/2026;31790794;197570796318881;1.59;397
19/06/2026;31790844;224489269149702;0.71;412
19/06/2026;31790926;537878619073302;0.78;412
19/06/2026;31790936;802373658332262;10.79;393|416
19/06/2026;31790993;354264453240576;1.46;412
19/06/2026;31790994;133250845093855;4.42;39|40|393
19/06/2026;31791331;655725240767533;0.26;412
19/06/2026;31791343;214268928807147;0.53;393|416
19/06/2026;31791347;830092418154710;0.34;412
19/06/2026;31791551;728869390033732;0.22;412
19/06/2026;31791557;617811179291481;1.02;412
19/06/2026;31791582;808537714089300;1.01;412
19/06/2026;31791591;153259500093334;1.85;412
19/06/2026;31791594;271588391609902;1.95;412
19/06/2026;31791606;311147201575805;30.54;397
19/06/2026;31791638;359123217309536;0.27;393
19/06/2026;31791874;94360572601403;0.05;
19/06/2026;31791876;961127374804640;0.91;412
19/06/2026;31791894;702344304938220;69.87;268|274|393|417
19/06/2026;31791895;584612983114412;0.43;
19/06/2026;31791929;928849649327852;0.19;412
19/06/2026;31791940;151753240516667;0.43;397
19/06/2026;31791943;711637442350491;61.45;268|274|393|397|412|417
19/06/2026;31791949;663377035882328;2.84;397
19/06/2026;31791966;621086297851391;0.5;412
19/06/2026;31791979;354311644214358;12.13;397|420
19/06/2026;31791997;980172295441636;29.74;397
19/06/2026;31792000;940342951653702;3.0;
19/06/2026;31792012;19352126886110;0.93;412
19/06/2026;31792027;966960916884814;1.47;412
19/06/2026;31792034;100804113506520;0.01;420
19/06/2026;31792038;115002055102975;1.43;412
19/06/2026;31792044;715709358069801;2.84;397|412
19/06/2026;31792045;405721087930625;0.87;420
19/06/2026;31792046;815363982160966;14.12;397
19/06/2026;31792053;22126877061881;0.24;412
19/06/2026;31792064;878818747954570;0.23;
19/06/2026;31792065;274046475009440;0.06;412
19/06/2026;31792078;354304622668420;0.31;393
19/06/2026;31792095;456810019488357;1.46;412
19/06/2026;31792108;819098181966119;1.03;397
19/06/2026;31792115;823150490812028;1.32;397
19/06/2026;31792139;280926589082536;17.4;369|397|412
19/06/2026;31792159;181435630705822;0.32;412
19/06/2026;31792192;389991867318455;0.57;412
19/06/2026;31792211;759529064869140;1.31;412
19/06/2026;31792218;900960337269256;2.36;412
19/06/2026;31792223;111165264500057;18.87;397
19/06/2026;31792225;67726242561513;0.05;412
19/06/2026;31792239;180051149870036;0.17;202|213|409|410|424
19/06/2026;31792240;966282616784143;1.0;
19/06/2026;31792253;330754847774538;0.82;412
19/06/2026;31792255;871880153147774;1.66;412
19/06/2026;31792267;673522579695284;0.67;393
19/06/2026;31792276;555063761235243;0.22;412
19/06/2026;31792280;690904511567308;0.52;393|419
19/06/2026;31792282;45647435219089;0.54;393|419
19/06/2026;31792290;668914244519024;0.36;412
19/06/2026;31792309;468625840121639;0.92;412
19/06/2026;31792310;23921050000721;0.92;412
19/06/2026;31792315;287699247342379;0.9;412
19/06/2026;31792376;402084624083061;0.24;393|417
19/06/2026;31792381;894102219561548;0.3;393|417
19/06/2026;31792386;962798730867988;0.25;412
19/06/2026;31792506;405002699575530;0.06;412
19/06/2026;31792518;571353572308586;63.53;393
19/06/2026;31792520;224877623244128;6.26;
19/06/2026;31792536;429747340816313;20.99;393|397|412|417
19/06/2026;31792559;309008728794280;156.66;393|397|412|417
19/06/2026;31792569;580612131305069;0.92;412
19/06/2026;31792570;102930247201444;0.13;412
19/06/2026;31792574;928292256665540;63.33;268|274|393|412|417
19/06/2026;31792588;108465163877479;0.26;412
19/06/2026;31792605;20857214857806;0.9;412
19/06/2026;31792611;969114624934534;1.02;412
19/06/2026;31792620;444547436695939;0.14;
19/06/2026;31792621;158037246147664;0.62;393|419
19/06/2026;31792653;198459045336854;0.22;412
19/06/2026;31792658;426802232682815;0.06;412
19/06/2026;31792679;78505177822875;0.22;393|416
19/06/2026;31792706;855692766375409;1.84;412
19/06/2026;31792710;251901411755573;0.36;393|416
19/06/2026;31792720;790179014191405;0.37;
19/06/2026;31792734;904854108183086;32.53;40|382|393|397|417
19/06/2026;31792739;743138651299424;0.65;393|416
19/06/2026;31792759;646475909203642;1.24;397
19/06/2026;31792766;415089089808463;0.91;412
19/06/2026;31792792;981439013373101;0.32;412
19/06/2026;31792795;15526209500141;8.63;397
19/06/2026;31792799;138188281045398;52.0;393|397
19/06/2026;31792824;125022473919546;2.84;397
19/06/2026;31792841;213749182895971;7.88;397
19/06/2026;31792842;455677000700186;0.14;397
19/06/2026;31792848;946591278605323;0.5;
19/06/2026;31792851;898987689486034;66.67;397
19/06/2026;31792872;837692480489889;70.02;393|397|416
19/06/2026;31792873;779150746246726;2.67;397|412
19/06/2026;31792890;39659092220098;0.58;250|412
19/06/2026;31792909;459059709966861;0.89;412
19/06/2026;31792910;56571587600523;0.93;412
19/06/2026;31792914;324418139775026;0.68;393|419
19/06/2026;31792918;947545590401578;0.93;412
19/06/2026;31792919;645857132896355;0.93;412
19/06/2026;31792926;530157872339976;1.24;
19/06/2026;31792956;409392013336260;4.09;412
19/06/2026;31792973;277088757903216;0.18;412
19/06/2026;31792977;80243711466599;0.75;412
19/06/2026;31793001;475315998087254;2.8;397
19/06/2026;31793016;552770648110153;0.32;412
19/06/2026;31793031;875296896081153;0.3;393|417
19/06/2026;31793037;765931401908034;0.04;393|419
19/06/2026;31793065;402758842133672;0.26;412
19/06/2026;31793066;556940441162611;1.51;412
19/06/2026;31793072;159992943603959;0.22;412
19/06/2026;31793078;841457520310514;0.82;397
19/06/2026;31793086;855152608699738;18.49;393|397|412|417
19/06/2026;31793088;657955967157804;0.25;420
19/06/2026;31793096;863295400772668;5.73;
19/06/2026;31793097;900400715655914;0.3;393|417
19/06/2026;31793100;620434863241083;0.36;412
19/06/2026;31793101;807410118842497;0.51;412
19/06/2026;31793113;799415030176781;0.68;393|419
19/06/2026;31793167;388483239283771;9.37;268|397
19/06/2026;31793171;969441520126200;0.13;412
19/06/2026;31793180;357951387741652;1.84;397|412
19/06/2026;31793192;696746450065892;0.68;393|419
19/06/2026;31793196;926996677406710;1.39;397
19/06/2026;31793197;999140738089228;0.5;393|419
19/06/2026;31793199;616748417239213;0.29;412
19/06/2026;31793216;150020420712179;0.24;393|417
19/06/2026;31793217;564781868812130;0.16;412
19/06/2026;31793220;686340795817132;0.26;412
19/06/2026;31793222;214035327651398;27.88;393|397|417
19/06/2026;31793223;546543162480535;0.59;412
19/06/2026;31793255;84715648438203;0.16;412
19/06/2026;31793258;419195636916290;0.24;393|417
19/06/2026;31793263;986869460169030;4.28;421
19/06/2026;31793264;357560946231718;23.16;40|393|397|412|417
19/06/2026;31793284;744817394266153;2.84;397
19/06/2026;31793285;66574178215746;0.13;412
19/06/2026;31793289;193821735061488;0.34;393|419
19/06/2026;31793295;66802177751068;0.35;412
20/06/2026;31786672;879267297495954;6.14;412
20/06/2026;31787974;786441293818948;0.83;421
20/06/2026;31789736;267791612702295;0.96;412
20/06/2026;31790060;397551134489940;0.11;412
20/06/2026;31790167;148206831263399;0.85;412
20/06/2026;31790279;929491938346641;0.26;397|412
20/06/2026;31792077;40000749101446;2.07;393|412|417
20/06/2026;31792080;233392489817642;1.66;412
20/06/2026;31792613;854068630825665;0.28;412
20/06/2026;31792826;877131274387453;1.66;412
20/06/2026;31792831;248316637970863;5.2;393|397
20/06/2026;31792989;459510176401684;0.28;412
20/06/2026;31793329;321708351130656;5.5;422
20/06/2026;31793333;283078971214302;29.54;397|421
20/06/2026;31793335;826531779824102;0.05;397
20/06/2026;31793342;376418154960211;11.46;397
20/06/2026;31793360;659001398838095;35.59;397
20/06/2026;31793363;898959360786276;5.15;369|412|422
20/06/2026;31793373;445612136963620;0.31;397
20/06/2026;31793384;37193380809499;0.52;393|416
20/06/2026;31793387;919569671734506;1.84;412|422
20/06/2026;31793390;231171797166093;0.37;412
20/06/2026;31793417;903783441341196;0.04;
20/06/2026;31793467;78269444597607;0.11;
20/06/2026;31793474;840465126957867;0.18;
20/06/2026;31793501;308245056843099;0.31;393|419
20/06/2026;31793616;702522091405745;64.04;268|274
20/06/2026;31793632;574669758037849;0.34;412
20/06/2026;31793634;786751529003736;0.09;
20/06/2026;31793743;668290068072764;1.95;412|422
20/06/2026;31793744;805529823272522;0.44;
20/06/2026;31793766;685593007849995;0.06;412
20/06/2026;31793769;281992321987435;0.06;412
20/06/2026;31793794;255233081537614;13.96;368|397
20/06/2026;31793800;261952982471071;0.22;412
20/06/2026;31794052;703236799924002;0.06;393|416
20/06/2026;31794068;320120204471458;1.65;421
20/06/2026;31794070;282042954571341;0.3;412
20/06/2026;31794091;918461712435475;0.94;412
20/06/2026;31794094;455375183341679;28.73;40|382|393|397|412|417
20/06/2026;31794096;524936090022485;25.93;397
20/06/2026;31794109;538927714273007;0.26;412
20/06/2026;31794133;482595761267776;0.9;412
20/06/2026;31794146;209776556954674;0.38;397|412
20/06/2026;31794158;730369904076091;0.2;397
20/06/2026;31794198;44623360843959;1.11;412
20/06/2026;31794204;895532435445319;0.3;412
20/06/2026;31794208;755601361938857;0.48;
20/06/2026;31794230;827898428434956;3.02;412
20/06/2026;31794232;141989759284810;128.95;268|274
20/06/2026;31794233;691671995434155;0.13;412
20/06/2026;31794249;610220019731966;0.23;
20/06/2026;31794254;894789419319787;0.98;412
20/06/2026;31794259;128283888749164;1.12;412
20/06/2026;31794261;983675866357721;0.18;393
20/06/2026;31794303;707354311013130;0.92;412
20/06/2026;31794323;400073352006621;1.23;412
20/06/2026;31794326;408505056710786;6.5;397
20/06/2026;31794339;990242207809571;0.32;412
20/06/2026;31794341;681595667584839;1.46;412
20/06/2026;31794347;474494620212599;1.03;412|422
20/06/2026;31794381;398174296539019;12.54;397
20/06/2026;31794388;657273109919434;1.51;412
20/06/2026;31794390;939379826031348;0.31;393|412|417
20/06/2026;31794398;995021601514083;9.65;397|412
20/06/2026;31794400;34591078661718;59.27;268|274|393|417
20/06/2026;31794433;724336486282201;2.22;393|416
20/06/2026;31794439;511118744687162;27.95;397
20/06/2026;31794450;141696189492481;0.38;412
20/06/2026;31794457;465661761870471;0.97;412
20/06/2026;31794461;731800131876471;0.12;
20/06/2026;31794489;118811273056446;0.89;412
20/06/2026;31794518;713499851797532;0.51;
20/06/2026;31794519;684002459813414;0.22;412
20/06/2026;31794525;457444885792461;1.13;412
20/06/2026;31794538;960512864499014;1.58;412
20/06/2026;31794555;498083302195533;34.54;397
20/06/2026;31794578;259402125997156;1.07;412
20/06/2026;31794614;111217999620863;0.34;412
20/06/2026;31794636;860942064735702;0.25;412
20/06/2026;31794665;518610304859592;4.01;397
20/06/2026;31794666;241430493692639;0.25;412
20/06/2026;31794675;884511370484926;0.4;393|416
20/06/2026;31794677;434741688761562;0.34;420
20/06/2026;31794699;893654675091653;1.17;393|417
20/06/2026;31794723;631640336334307;0.24;412
20/06/2026;31794730;585819757049573;3.71;
20/06/2026;31794741;868325726822121;29.3;393|397|419
20/06/2026;31794746;488236426651561;30.22;393|397|419
20/06/2026;31794748;99673409390191;28.5;393|397|419
20/06/2026;31794752;680215941341663;0.02;412
20/06/2026;31794788;154917012961142;1.36;412
20/06/2026;31794793;267608009271507;1.37;397
20/06/2026;31794795;311345512943239;0.67;412
20/06/2026;31794846;437349808444205;0.47;393
20/06/2026;31794851;184776382741375;12.69;397
20/06/2026;31794862;710902310514238;0.76;412
20/06/2026;31794876;243534724493317;0.02;412
20/06/2026;31794888;590840788678366;0.06;
20/06/2026;31794893;571872242210619;0.05;
20/06/2026;31794898;378647341420324;4.65;250|412
20/06/2026;31794903;838936418168879;0.04;412
20/06/2026;31794907;316189216530440;8.52;397
20/06/2026;31794908;579388801765135;0.26;
20/06/2026;31794950;264096197834506;0.14;397
20/06/2026;31794958;979682042583123;2.85;393|397|416|421
20/06/2026;31794976;192287976113403;1.25;412
20/06/2026;31794978;290436625090416;2.14;420
20/06/2026;31794980;102839119621187;1.23;393|412|417
20/06/2026;31794982;76840359214819;2.18;420
20/06/2026;31794985;676476639720988;3.78;397
20/06/2026;31794999;128380910929551;4.26;397
20/06/2026;31795004;264474853944762;0.01;420
20/06/2026;31795015;222169678233;0.59;393|416
20/06/2026;31795016;904916161575989;10.8;397
20/06/2026;31795037;788137285326458;1.67;397
20/06/2026;31795068;129542417687814;0.72;393
20/06/2026;31795100;212366656607199;0.23;
20/06/2026;31795101;279884765842588;0.13;412
20/06/2026;31795102;100662910027278;0.26;412
20/06/2026;31795103;800939472104182;1.52;412
20/06/2026;31795110;847447120111432;0.89;412
20/06/2026;31795113;492223928148353;0.35;412
20/06/2026;31795120;469583042514495;0.26;393
20/06/2026;31795122;616462256458516;0.13;412
20/06/2026;31795129;689948909438916;0.94;412
20/06/2026;31795131;635762964309417;0.17;393|419
20/06/2026;31795146;40138688429665;0.02;
20/06/2026;31795147;19171134587399;0.01;
20/06/2026;31795179;403599057596401;7.6;397
20/06/2026;31795189;697882820764058;0.16;393|419
20/06/2026;31795192;468015793097341;1.3;397
20/06/2026;31795196;677761143483913;0.2;393|419
20/06/2026;31795214;430607247809109;23.54;268|274
20/06/2026;31795232;670825041861216;5.53;40|393|397|409|410|417
20/06/2026;31795239;90680144233674;2.74;397
20/06/2026;31795252;732417737756364;0.27;393
20/06/2026;31795282;792800499053523;2.32;397
20/06/2026;31795291;509047588315170;0.23;412
20/06/2026;31795292;863294599539217;0.41;412
20/06/2026;31795293;615552473641142;0.06;412
20/06/2026;31795294;219766503903407;2.84;397
20/06/2026;31795316;237829646420110;1.7;412
20/06/2026;31795320;961589112140569;0.06;412
20/06/2026;31795329;197699085950726;0.21;
20/06/2026;31795333;508424156172947;0.27;393|416
20/06/2026;31795344;909186481409540;0.45;
20/06/2026;31795353;337957718547541;2.84;397
20/06/2026;31795363;314613267672214;7.24;393|412
20/06/2026;31795366;658485310143521;0.33;412
20/06/2026;31795369;375756437719095;27.54;397
20/06/2026;31795371;780760536071011;17.41;397
20/06/2026;31795383;402339219954583;0.89;412
20/06/2026;31795408;635274083844254;0.58;250|412
20/06/2026;31795436;855236262983366;0.16;420
20/06/2026;31795451;90853006511681;0.24;397
20/06/2026;31795496;392440490603298;18.6;393|397|412|417
20/06/2026;31795516;975498189797011;0.29;412
20/06/2026;31795517;465906105002660;0.29;412
20/06/2026;31795525;399308098951748;1.85;412
20/06/2026;31795538;833429991397795;0.1;397
20/06/2026;31795563;407493406175689;5.75;397
20/06/2026;31795581;327963511465278;2.25;412
20/06/2026;31795584;578996947077270;2.32;397|412
20/06/2026;31795601;845782897003506;0.26;412
20/06/2026;31795628;664670829192414;0.09;393
20/06/2026;31795647;518694168820894;0.53;412
20/06/2026;31795659;410762494027829;0.47;397
20/06/2026;31795660;122422299449615;2.84;397
20/06/2026;31795669;144035804507160;0.58;412
20/06/2026;31795671;536509658363204;0.61;397
20/06/2026;31795691;799234455522416;0.13;412
20/06/2026;31795694;447828974521835;2.84;397
20/06/2026;31795698;371580558286048;0.59;250|268|274|412
20/06/2026;31795705;863099135534174;2.84;397
20/06/2026;31795706;724189575357076;2.84;397
20/06/2026;31795716;187229220871308;0.54;393|417
20/06/2026;31795726;697364299683767;0.1;412
20/06/2026;31795736;14423022697096;1.62;397
20/06/2026;31795751;860275282328913;0.33;
20/06/2026;31795753;830245178190596;1.59;420
20/06/2026;31795776;287475971462048;0.34;412
20/06/2026;31795815;754899359372341;0.63;397
20/06/2026;31795816;648886872738101;0.28;393|417
20/06/2026;31795821;952977598775834;0.05;
20/06/2026;31795841;757929967842603;1.22;397
20/06/2026;31795844;566686288199888;0.31;393|419
20/06/2026;31795851;736934908795236;0.05;
20/06/2026;31795852;442004254610170;0.33;
20/06/2026;31795854;192227340718140;2.93;397
20/06/2026;31795855;167900451923357;25.65;393|397|417
20/06/2026;31795859;604378740392871;29.06;393|397
20/06/2026;31795873;558106585498857;2.84;397
20/06/2026;31795893;535837737490815;0.01;420
20/06/2026;31795920;593268031418924;0.5;412
20/06/2026;31795925;364271115734471;17.66;397
20/06/2026;31795932;225906269080922;2.0;421
20/06/2026;31795933;434186940870557;0.06;412
20/06/2026;31795957;290030399296300;27.65;368|393|419
20/06/2026;31795961;666258929281142;2.53;397|412
20/06/2026;31795968;894805324489081;5.52;412
20/06/2026;31795982;821527301039083;0.24;
20/06/2026;31795989;421531552338793;0.46;393
20/06/2026;31795994;395783778046856;6.5;412
20/06/2026;31796037;100419418538122;0.27;393|416
20/06/2026;31796047;875182771663841;0.12;393|416
20/06/2026;31796048;530884667813063;1.29;412
20/06/2026;31796050;180646631205347;2.17;412
20/06/2026;31796076;266656686475052;2.17;412
20/06/2026;31796106;534235804070043;0.43;393|419
20/06/2026;31796121;824669825523884;0.58;397
20/06/2026;31796132;64166115488564;1.61;393|416
20/06/2026;31796137;725203918044116;0.36;412
20/06/2026;31796156;615066755057454;1.78;420
20/06/2026;31796159;468702102257657;2.22;420
20/06/2026;31796174;191475090313668;2.84;397|412
20/06/2026;31796184;234566678632152;0.75;397
20/06/2026;31796185;487028039354473;0.16;412
20/06/2026;31796199;163782213819163;0.34;
20/06/2026;31796245;231355752227249;33.2;397|412
20/06/2026;31796257;802873827113943;0.34;412
20/06/2026;31796283;164758706020010;2.84;397
20/06/2026;31796305;441591308922613;0.65;397
20/06/2026;31796404;232228027232086;0.93;412
20/06/2026;31796407;863096321521393;2.17;412
20/06/2026;31796414;581413016553567;1.19;412
20/06/2026;31796435;250931581035135;0.06;
20/06/2026;31796473;47834748632763;0.71;397
20/06/2026;31796480;904494618451060;0.29;412
20/06/2026;31796493;225076132905005;0.38;393
20/06/2026;31796497;986485295444572;0.22;412
20/06/2026;31796504;737754103238640;0.23;412
20/06/2026;31796542;906820423547955;0.94;412
20/06/2026;31796546;845866544591725;2.06;412
20/06/2026;31796560;160842945512036;1.67;412
20/06/2026;31796593;204597706183810;4.7;412|422
20/06/2026;31796648;47078918224299;0.14;420
20/06/2026;31796659;657093214196928;0.39;393
20/06/2026;31796662;148283831244370;2.84;397
20/06/2026;31796670;561793446238229;0.32;412
20/06/2026;31796675;754959145410443;0.4;412
20/06/2026;31796676;28314243357729;1.4;421
20/06/2026;31796687;308786729705273;0.93;412
20/06/2026;31796749;783053537802604;0.56;
20/06/2026;31796765;705184889380260;0.82;412
20/06/2026;31796785;12156127564567;29.3;393|397|419
20/06/2026;31796813;764513748008875;0.24;393|417
20/06/2026;31796814;659745847919934;0.13;412
20/06/2026;31796836;696745124915281;0.24;412
20/06/2026;31796845;109926373065954;1.99;397
20/06/2026;31796850;386727726147492;0.71;412
20/06/2026;31796859;44152261166090;2.84;397
20/06/2026;31796860;894034084514534;3.54;412
20/06/2026;31796861;919439822923705;2.84;397
20/06/2026;31796889;414399005726658;0.32;397
20/06/2026;31796890;787936828755083;0.32;397
20/06/2026;31796902;425636874711378;0.61;420
20/06/2026;31796918;246281999611419;0.34;412
20/06/2026;31796921;279021931956739;2.07;397
20/06/2026;31796922;642656552954366;78.43;397
20/06/2026;31796969;901936745259164;0.04;393|417
20/06/2026;31796970;330866579247236;4.8;393|416|421
20/06/2026;31796989;887298440692628;0.26;
20/06/2026;31797004;731164341509256;0.32;412
20/06/2026;31797010;845981085609000;0.9;412
20/06/2026;31797031;695318488236037;0.36;
20/06/2026;31797059;71517338066390;1.68;412
20/06/2026;31797089;396196083703104;0.11;
20/06/2026;31797095;859669175048523;0.84;397|412
20/06/2026;31797112;616670949065604;1.51;397
20/06/2026;31797114;67855431916961;1.02;412
20/06/2026;31797121;981641961704664;0.18;412
20/06/2026;31797140;298802404712220;0.29;412
20/06/2026;31797158;267347253244021;0.06;412
20/06/2026;31797168;460857504539007;1.89;412
20/06/2026;31797171;961561407415788;5.71;397
20/06/2026;31797187;637937354957491;39.68;397
20/06/2026;31797227;849839119160906;2.94;412
20/06/2026;31797229;825497968164873;0.17;412
20/06/2026;31797230;329129636819991;1.61;412|422
20/06/2026;31797240;917655419945753;2.68;397
20/06/2026;31797250;640523390378058;0.01;393|419
21/06/2026;31792664;30762065768548;0.83;412
21/06/2026;31793497;126222164724203;3.15;397|421
21/06/2026;31794655;323279904849952;1.3;412
21/06/2026;31795735;429132014128710;0.41;412
21/06/2026;31795870;162732709873236;0.06;412
21/06/2026;31796170;299800085605284;0.38;
21/06/2026;31796183;184362756454396;21.43;397
21/06/2026;31796190;765891641154993;0.65;393|416
21/06/2026;31796234;345205707215996;0.03;412
21/06/2026;31796620;973279306064704;1.25;412
21/06/2026;31796621;751194233413157;1.25;412
21/06/2026;31796823;425976106245364;1.98;412
21/06/2026;31797262;696108309822962;3.09;268|409|410|412
21/06/2026;31797272;155945207727397;0.36;412
21/06/2026;31797287;205386637293545;0.41;420
21/06/2026;31797322;264882983049444;0.22;412
21/06/2026;31797330;868546531220152;1.26;420
21/06/2026;31797364;396351283054089;1.42;
21/06/2026;31797369;560446381522983;1.13;420
21/06/2026;31797384;959455417391169;1.37;421
21/06/2026;31797405;874837315040510;0.01;412
21/06/2026;31797412;859159353519965;0.25;
21/06/2026;31797430;909161379329070;1.8;420
21/06/2026;31797479;632829167517132;0.53;412
21/06/2026;31797561;25263350287761;0.32;393
21/06/2026;31797629;846539759675256;39.59;393|397|417
21/06/2026;31797655;895754129767050;49.93;397|420
21/06/2026;31797657;625406462579040;0.84;412
21/06/2026;31797667;958479728212502;3.23;412
21/06/2026;31797674;197737230427452;0.26;412
21/06/2026;31797703;625748231287123;1.47;397
21/06/2026;31797705;888214328875087;2.4;
21/06/2026;31797916;137710787239954;2.84;397|412
21/06/2026;31797967;295704519882637;0.32;412
21/06/2026;31797980;629773175067816;0.1;
21/06/2026;31798006;269606584664911;0.06;412
21/06/2026;31798029;27954807984866;0.1;393|416
21/06/2026;31798039;286365816726214;0.31;
21/06/2026;31798050;476157120454450;0.52;393|419
21/06/2026;31798055;592646555050060;1.69;268|412
21/06/2026;31798058;554547478839900;0.02;412
21/06/2026;31798061;574790174285804;0.52;412
21/06/2026;31798079;19858510309035;45.33;268|274
21/06/2026;31798097;71408092913581;0.78;412
21/06/2026;31798105;433544370861488;1.29;412
21/06/2026;31798123;267959877202693;1.07;412
21/06/2026;31798125;587242872319775;0.77;412
21/06/2026;31798129;188765203936254;0.13;412
21/06/2026;31798146;432355590780961;0.04;393|416
21/06/2026;31798161;258507873665684;0.11;
21/06/2026;31798187;337371986881334;0.79;397
21/06/2026;31798196;607736641703891;0.01;
21/06/2026;31798217;286543007956040;0.62;393|419
21/06/2026;31798232;541050797704038;0.13;393|419
21/06/2026;31798243;55104553612732;0.02;421
21/06/2026;31798262;178951688079307;1.49;397
21/06/2026;31798267;944239939582940;4.36;268|412
21/06/2026;31798303;933338890891511;2.04;420
21/06/2026;31798305;89805239203164;56.54;393|397|419
21/06/2026;31798335;510837600135005;18.6;393|397|412|417
21/06/2026;31798351;218373439364239;18.6;393|397|412|417
21/06/2026;31798359;321423149198220;0.5;420
21/06/2026;31798380;706993544408685;0.93;412
21/06/2026;31798407;692129128352289;172.38;268|274|393|417
21/06/2026;31798416;183473775018974;0.38;393
21/06/2026;31798420;437129433223460;0.78;412
21/06/2026;31798427;840747277207179;0.25;412
21/06/2026;31798464;267152677284011;2.0;397
21/06/2026;31798469;570353520795044;0.9;393|416
21/06/2026;31798473;839482573460026;2.84;397
21/06/2026;31798480;883638972907834;9.06;268
21/06/2026;31798494;274657956413226;0.28;412
21/06/2026;31798502;586602163687904;1.53;412
21/06/2026;31798503;889148203045835;2.09;397
21/06/2026;31798518;428574855332667;5.15;420
21/06/2026;31798525;294726027266483;0.03;182
21/06/2026;31798531;132737353408729;1.26;420
21/06/2026;31798535;400468361780452;0.41;420
21/06/2026;31798536;794424259684461;0.36;
21/06/2026;31798563;827026389255252;2.42;
21/06/2026;31798566;574809453852320;0.19;412
21/06/2026;31798569;308296550027420;0.56;412
21/06/2026;31798576;100077303600257;0.06;
21/06/2026;31798639;540899256278576;63.42;268|274|393|412|417
21/06/2026;31798647;924514938488148;10.59;393|397|412|417
21/06/2026;31798679;85298929421832;0.38;393
21/06/2026;31798688;68693236619265;0.05;393|419
21/06/2026;31798716;553882355779283;2.84;397
21/06/2026;31798722;117427000326475;1.56;397
21/06/2026;31798723;218591320759828;0.58;397
21/06/2026;31798730;524107498552411;0.34;412
21/06/2026;31798739;826176110171849;0.23;
21/06/2026;31798842;960688565641742;0.19;393
21/06/2026;31798846;254620610165210;0.31;
21/06/2026;31798879;373073124052991;0.12;393|419
21/06/2026;31798896;76670537652900;3.06;397|420
21/06/2026;31798923;285574461990027;1.15;412
21/06/2026;31798928;880910054152008;0.22;412
21/06/2026;31798975;551836703193661;0.14;412
21/06/2026;31798977;241053880749521;19.64;397
21/06/2026;31798978;696200507860217;3.51;397
21/06/2026;31799001;518685599614298;1.36;412
21/06/2026;31799002;610198556296847;1.26;397|412
21/06/2026;31799010;169275758987277;1.36;412
21/06/2026;31799016;939863034061693;1.19;397
21/06/2026;31799024;684278270572187;0.32;
21/06/2026;31799053;667971012289825;0.05;
21/06/2026;31799058;594292804611837;1.7;397
21/06/2026;31799069;236363017268076;2.84;397
21/06/2026;31799075;948327952556613;0.02;
21/06/2026;31799121;873727863918865;0.56;393|419
21/06/2026;31799131;684187366092942;1.9;397
21/06/2026;31799162;534980065374903;0.17;412
21/06/2026;31799180;647315677670733;0.17;412
21/06/2026;31799181;845276747990975;0.21;
21/06/2026;31799188;495736274245260;0.01;393
21/06/2026;31799193;604053260386490;0.58;412
21/06/2026;31799203;936018422048318;0.67;397
21/06/2026;31799204;222028883163180;0.39;393
21/06/2026;31799215;774199472087519;0.87;397
21/06/2026;31799226;654988782760789;0.12;393|416
21/06/2026;31799233;860269101553939;1.9;
21/06/2026;31799234;662273660770891;0.22;393|416
21/06/2026;31799242;230751499626830;1.18;412
21/06/2026;31799247;588661396251630;0.16;421
21/06/2026;31799256;674983237621045;1.68;412
21/06/2026;31799259;693939922961706;0.28;393|419
21/06/2026;31799270;521549953937815;0.23;
21/06/2026;31799293;993287273915825;0.24;393|417
21/06/2026;31799313;428668366911768;0.01;393|419
21/06/2026;31799315;259820662474308;0.51;
21/06/2026;31799337;684127150301251;0.59;393|419
21/06/2026;31799339;79706885468649;3.41;420
21/06/2026;31799354;136241848355696;0.19;412
21/06/2026;31799356;608509013592965;0.04;393|419
21/06/2026;31799362;87103654348876;0.4;412
21/06/2026;31799376;73362860759220;2.27;420
21/06/2026;31799392;342308715029079;2.53;420
21/06/2026;31799395;24811035426323;1.5;412
21/06/2026;31799409;7481974246226;0.21;393|417
21/06/2026;31799410;171178239485086;0.02;
21/06/2026;31799423;156163970668133;0.19;393
21/06/2026;31799425;147466720330011;0.41;420
21/06/2026;31799427;388310540081951;0.62;393|419
21/06/2026;31799472;328350875799330;0.17;412
21/06/2026;31799515;340674521117172;0.5;420
21/06/2026;31799526;143884548167040;0.05;
21/06/2026;31799569;525341753222486;0.55;393|416
21/06/2026;31799571;313688558452072;0.22;
21/06/2026;31799577;952118994879700;55.44;397|420
21/06/2026;31799589;376911273066820;0.37;
21/06/2026;31799593;117836832951265;0.31;
21/06/2026;31799599;769804583323965;0.1;
21/06/2026;31799680;652895164109725;7.11;268|274
21/06/2026;31799684;564152243621270;0.05;397
21/06/2026;31799750;140862697125915;1.81;393|412|417
21/06/2026;31799787;533592642373457;1.15;412
21/06/2026;31799824;453653256867414;0.33;
21/06/2026;31799834;378200245020643;2.84;397
21/06/2026;31799849;776519627814733;0.26;412
21/06/2026;31799850;44421646123252;1.31;412
21/06/2026;31799876;568237930765403;1.26;412
21/06/2026;31799878;993863056647992;0.77;393|412|417
21/06/2026;31799882;30688925177649;0.23;412
21/06/2026;31799883;722974039928537;0.13;393|416
21/06/2026;31799886;660463611504576;1.2;412
21/06/2026;31799904;320377389493028;0.83;412
21/06/2026;31799907;385793413267195;2.06;397
21/06/2026;31799909;519432031424353;0.11;
21/06/2026;31799937;915954991292826;4.06;397
21/06/2026;31799938;71723114832294;4.74;397
21/06/2026;31799939;984615162979578;1.07;412
21/06/2026;31799947;579951140599619;0.07;
21/06/2026;31799948;275212123121515;2.84;397
21/06/2026;31799952;23360569796622;1.35;412
21/06/2026;31799957;967084207653343;1.65;421
21/06/2026;31799993;690561430436288;1.18;393|419
21/06/2026;31800020;975513651046449;0.36;
21/06/2026;31800028;687421690800476;3.62;397
21/06/2026;31800059;486393845707112;37.07;393|397
21/06/2026;31800061;542790608250137;0.4;393
21/06/2026;31800063;92172101621837;0.78;420
21/06/2026;31800085;315958607904403;1.78;420
21/06/2026;31800093;79296449283518;0.41;420
21/06/2026;31800118;848217254354161;2.84;397
21/06/2026;31800129;809908156005538;0.73;421
21/06/2026;31800136;916641642371859;0.4;412
21/06/2026;31800140;753927736913253;0.3;412
21/06/2026;31800167;354842735805562;0.86;412
21/06/2026;31800168;395194505589581;2.53;397
21/06/2026;31800180;811490332313002;2.84;397
21/06/2026;31800194;591881808554762;1.43;412
21/06/2026;31800203;25696624129078;0.69;
21/06/2026;31800204;926314696067061;0.29;412
21/06/2026;31800233;861615626008785;1.33;397
21/06/2026;31800262;629765279840022;0.01;393|419
21/06/2026;31800263;368917990811570;1.2;393|416
21/06/2026;31800268;858724522599035;0.34;412
21/06/2026;31800278;257730157270182;0.9;412
21/06/2026;31800288;44006530071900;0.41;412
21/06/2026;31800309;193655460481382;0.45;
21/06/2026;31800311;112505316179735;0.04;393
21/06/2026;31800350;530386194035557;0.36;412
21/06/2026;31800372;221798779785237;0.56;420
21/06/2026;31800412;251513034814362;0.17;412
21/06/2026;31800470;169697050506625;2.55;412|422
21/06/2026;31800485;259778643605184;0.22;412
21/06/2026;31800503;879306853753760;0.33;412
21/06/2026;31800510;461576948983505;0.45;412
21/06/2026;31800524;760620852583344;0.23;
21/06/2026;31800550;281457571913363;0.26;412
21/06/2026;31800556;931090670534202;1.72;412
21/06/2026;31800568;860348901797358;0.24;393|419
21/06/2026;31800574;871912380711737;1.11;412
21/06/2026;31800586;929239738145795;0.23;
21/06/2026;31800596;568961189672449;0.9;393|412|417
21/06/2026;31800603;287586982488020;0.05;
21/06/2026;31800606;924301026705678;0.36;393|416
21/06/2026;31800617;923642183027631;0.42;393|419
21/06/2026;31800620;685683586355865;0.29;
21/06/2026;31800634;114681245653423;0.25;397
21/06/2026;31800636;52009413464460;0.26;412
21/06/2026;31800679;758174334427303;1.26;412
21/06/2026;31800683;326159345853083;0.22;412
21/06/2026;31800697;213210680566345;0.14;412
21/06/2026;31800707;642275692702841;0.93;412
21/06/2026;31800708;174892253230611;2.18;397|412
21/06/2026;31800713;634372974141383;64.85;268|274
21/06/2026;31800724;158363023333517;0.93;412
21/06/2026;31800726;55422147457189;1.63;412
21/06/2026;31800728;193566528158617;0.75;412
21/06/2026;31800741;785787930187098;3.03;412
21/06/2026;31800745;871610604936144;0.41;412
21/06/2026;31800751;224112705015938;1.16;412
21/06/2026;31800765;955917180243039;0.22;412
21/06/2026;31800776;399472729938225;0.61;393|419
21/06/2026;31800783;760156261145530;0.4;412
21/06/2026;31800792;881004603745723;0.25;412
21/06/2026;31800812;370414797346698;0.55;420
21/06/2026;31800824;917923977291420;0.27;393|416
21/06/2026;31800844;373621317713371;0.59;412
21/06/2026;31800873;369676692638890;0.28;
21/06/2026;31800882;501916505609990;0.07;393|419
21/06/2026;31800901;770249089256121;0.26;
21/06/2026;31800910;378621912795637;0.7;412
21/06/2026;31800914;421877944371521;0.24;393
21/06/2026;31800960;792798995679902;1.46;412
21/06/2026;31800961;638447544593133;0.47;412
21/06/2026;31800965;46944341372681;0.58;412
21/06/2026;31800968;745570495833571;1.31;412
21/06/2026;31800973;772220381818285;0.87;397
21/06/2026;31800974;617407299267076;0.47;412
21/06/2026;31800976;787724380404423;0.34;412
21/06/2026;31800993;827999545961317;0.38;393
21/06/2026;31801058;882203046997545;0.41;412
21/06/2026;31801060;124825267222565;1.0;412
21/06/2026;31801084;472347859595515;0.13;412
21/06/2026;31801087;706977986829145;1.7;412
21/06/2026;31801093;815574853326355;1.1;412
21/06/2026;31801098;525024406894277;0.05;393|419
21/06/2026;31801105;888673407005394;0.06;393|419
21/06/2026;31801125;630417077546741;0.39;420
21/06/2026;31801145;551287993233586;0.14;412
21/06/2026;31801165;641858607593387;2.22;420
21/06/2026;31801170;373574718047806;0.23;
21/06/2026;31801174;742494379692964;2.01;420
21/06/2026;31801214;617293041199065;0.1;397
21/06/2026;31801220;852756769987267;0.41;420
21/06/2026;31801221;725901797126941;0.25;420
21/06/2026;31801249;624058067190415;2.95;397
21/06/2026;31801271;314588146739231;0.02;397
21/06/2026;31801279;565544435351582;0.04;412
21/06/2026;31801297;402903460177605;0.34;420
21/06/2026;31801298;306386233710737;0.01;420
21/06/2026;31801321;351109602907941;0.05;
21/06/2026;31801344;345145335514222;0.5;412
21/06/2026;31801348;299641270634117;0.37;
21/06/2026;31801350;224652964175738;1.99;412|422
21/06/2026;31801353;944684686710044;0.28;
21/06/2026;31801369;937673238369727;10.2;420
21/06/2026;31801370;906030435659272;0.42;
21/06/2026;31801436;516722530671160;2.66;412
21/06/2026;31801438;768038507280163;0.59;393|419
21/06/2026;31801439;564455212731540;0.35;393
21/06/2026;31801465;559011485969183;2.33;420
21/06/2026;31801489;241216784483326;0.76;412
21/06/2026;31801503;940321873519429;2.21;412
21/06/2026;31801523;364556031578268;0.16;412
21/06/2026;31801526;88803622337822;0.26;412
21/06/2026;31801537;522581385471436;0.02;393|416
21/06/2026;31801539;486685325481434;2.81;397
21/06/2026;31801546;894820305718597;2.84;397
21/06/2026;31801554;868800132633094;0.67;409|410|412
21/06/2026;31801555;324980329069521;1.52;412
21/06/2026;31801560;799540256719525;0.62;393|416
21/06/2026;31801561;786491613333900;0.89;412
21/06/2026;31801572;406424335653104;0.56;412
21/06/2026;31801597;579804710300104;1.32;412
21/06/2026;31801608;145785158745620;1.13;412
21/06/2026;31801624;362385523795789;1.53;412
21/06/2026;31801632;840289981195601;1.99;250|412
21/06/2026;31801651;238070381781226;0.22;
21/06/2026;31801656;364035309498941;0.29;
21/06/2026;31801659;374865580530862;2.84;397
21/06/2026;31801679;999860581799619;2.84;397
21/06/2026;31801746;455291823918068;0.73;393|416
21/06/2026;31801747;779360212629879;2.35;412
21/06/2026;31801825;654776441017200;1.6;412
21/06/2026;31801833;390961677111310;1.35;421
21/06/2026;31801841;736394378008831;0.47;412
21/06/2026;31801843;523357134675889;0.59;412
21/06/2026;31801845;448236190397048;1.77;412
21/06/2026;31801858;262769623447382;0.4;412
21/06/2026;31801863;649019624247154;2.27;412
21/06/2026;31801898;484539776839798;0.56;
21/06/2026;31801907;34125108638930;0.8;412
21/06/2026;31801933;437004653147365;0.02;393|419
21/06/2026;31801940;307621527536157;2.27;397
21/06/2026;31801946;137834278817291;25.18;397
21/06/2026;31801964;640387984377926;0.75;412
21/06/2026;31801971;201532805224606;1.01;412
21/06/2026;31801975;648753339849962;0.07;393|419
21/06/2026;31801990;895076209586684;0.41;412
21/06/2026;31802020;299696249097436;0.64;412
21/06/2026;31802033;860410419252904;46.38;397|420
21/06/2026;31802036;66088596828319;0.41;420
21/06/2026;31802085;185300998696183;0.77;412
21/06/2026;31802107;954696468627947;0.42;
21/06/2026;31802129;813059116631955;1.32;412
21/06/2026;31802138;400178169045005;0.84;412
21/06/2026;31802140;742620389451537;1.65;412
21/06/2026;31802142;43985392257332;0.82;420
21/06/2026;31802177;98022065111166;52.35;393|397|416
21/06/2026;31802178;846675536668209;71.3;393|397
21/06/2026;31802181;106638378396404;65.87;393|397|416
21/06/2026;31802196;473115390138616;0.12;393|417
21/06/2026;31802202;538179660153583;0.59;412
21/06/2026;31802271;853213632031726;2.84;397
21/06/2026;31802279;177097214996516;2.84;397
21/06/2026;31802281;612643502335047;2.28;393|412|417
21/06/2026;31802290;754796968352271;16.64;397
21/06/2026;31802292;297459767741062;2.84;397
21/06/2026;31802312;543984463233348;0.03;393|416
21/06/2026;31802317;813506475987469;0.9;412
21/06/2026;31802325;455369724230094;0.34;
21/06/2026;31802330;727750262454270;0.25;412
21/06/2026;31802344;275240910792874;0.13;393|416
21/06/2026;31802347;645176597328499;0.22;
21/06/2026;31802372;360947763252642;1.1;412
21/06/2026;31802390;548019193775192;3.2;412
21/06/2026;31802402;776312371441656;3.02;412
21/06/2026;31802410;925499834363192;0.13;412
21/06/2026;31802413;720117395756988;0.25;412
21/06/2026;31802427;473311321638159;0.36;393|419
21/06/2026;31802433;860736993028698;0.27;412
21/06/2026;31802439;939711698643916;0.68;412
21/06/2026;31802489;769089646514577;0.32;412
21/06/2026;31802504;291959221428177;0.58;412
21/06/2026;31802509;173749451718028;2.98;412
21/06/2026;31802519;635917425129406;0.13;412
21/06/2026;31802545;240508234807825;2.49;412
21/06/2026;31802564;451495564858866;0.12;412
21/06/2026;31802580;149368093440540;2.53;397
21/06/2026;31802591;537030831938380;0.92;412
21/06/2026;31802595;254327605261268;0.4;
21/06/2026;31802596;965949408195252;0.89;412
21/06/2026;31802618;394080381072017;0.89;412
21/06/2026;31802625;637787365470742;2.61;412
21/06/2026;31802633;26580320114820;0.03;
21/06/2026;31802639;400111799871478;0.33;
21/06/2026;31802653;717100158007729;7.07;397
21/06/2026;31802662;639550803864231;0.53;412
21/06/2026;31802689;553336685551592;0.32;412
21/06/2026;31802692;300700583133628;0.58;412
21/06/2026;31802693;31948471473050;0.32;412
21/06/2026;31802726;119594975562919;0.36;412
21/06/2026;31802745;835720349275390;0.46;421
21/06/2026;31802760;60664204246983;2.1;412
21/06/2026;31802779;308886793939610;0.61;420
21/06/2026;31802798;819111375919413;0.6;393|416
21/06/2026;31802803;911420562851384;0.26;393
21/06/2026;31802805;505085084717658;0.44;
21/06/2026;31802836;416428126239830;0.36;412
21/06/2026;31802859;918483063172480;1.73;412
21/06/2026;31802868;745655628332227;1.12;412
21/06/2026;31802879;924051321624290;0.31;412
21/06/2026;31802897;780703017125182;2.84;397
21/06/2026;31802946;904572880948496;0.35;393
21/06/2026;31802947;100444875303715;0.88;412
21/06/2026;31802955;422900002964415;1.35;412
21/06/2026;31802961;973536668736415;0.89;412
21/06/2026;31803008;955550885184145;0.69;393|419
21/06/2026;31803009;632720372038610;0.06;412
21/06/2026;31803010;41012525446160;2.33;397
21/06/2026;31803012;489372570228483;0.24;412
21/06/2026;31803020;87780621932725;0.89;412
21/06/2026;31803039;833737730799330;0.89;412
21/06/2026;31803044;947873975941331;0.9;393|412|417
21/06/2026;31803062;318050915433120;0.03;412
21/06/2026;31803067;595295624526572;1.55;412
21/06/2026;31803111;522881783583321;2.07;412
21/06/2026;31803120;395869086320660;0.76;412
21/06/2026;31803146;747454792789225;0.33;412
21/06/2026;31803155;53741419514377;2.72;397
21/06/2026;31803159;987340954821568;0.48;412
21/06/2026;31803162;686180994260258;0.22;412
21/06/2026;31803178;588762715704817;0.27;393|416
21/06/2026;31803196;635124631959459;0.26;393
21/06/2026;31803201;467546624800203;1.01;412
21/06/2026;31803221;123101208851992;2.84;397
21/06/2026;31803231;799649400694346;14.29;393|397|416
21/06/2026;31803249;73868136468255;0.5;420
21/06/2026;31803257;637174339947688;0.28;420
21/06/2026;31803258;275137131049723;0.23;
21/06/2026;31803268;696331980450822;0.26;412
21/06/2026;31803282;536092383784846;0.16;412
21/06/2026;31803287;910874857556381;0.23;
21/06/2026;31803293;163042412270812;0.11;421
21/06/2026;31803295;306733592761658;0.39;393
21/06/2026;31803296;763394567359753;41.54;268|274|393|397|412|417
21/06/2026;31803304;982996863853618;0.11;420
21/06/2026;31803305;775432835090627;3.57;
21/06/2026;31803306;664261594335808;1.2;412
21/06/2026;31803307;772552954200970;0.26;412
21/06/2026;31803312;247066254756001;0.31;393|419
21/06/2026;31803321;292376880698633;0.33;412
21/06/2026;31803330;260837721464503;0.88;412
21/06/2026;31803334;562496879475312;0.3;393|419
21/06/2026;31803362;974681008191557;2.8;421
21/06/2026;31803374;134252971451704;1.93;397
21/06/2026;31803379;393491759027294;5.63;397
22/06/2026;31275500;553222895524673;0.34;
22/06/2026;31322542;965812733390722;6.89;397
22/06/2026;31359053;156550172614764;0.33;
22/06/2026;31406847;270295249540115;21.51;393|397|416
22/06/2026;31408586;169911925420387;0.09;
22/06/2026;31408590;724170364507648;0.09;
22/06/2026;31408593;535721188152576;0.09;
22/06/2026;31408597;975977258708028;0.09;
22/06/2026;31408598;280938198964587;0.09;
22/06/2026;31408600;759426071566965;0.09;
22/06/2026;31408692;112676777691368;0.09;
22/06/2026;31408773;287468451145441;0.09;
22/06/2026;31408775;2325476249313;0.09;
22/06/2026;31408819;882213959142902;0.09;
22/06/2026;31408820;74128875733882;0.09;
22/06/2026;31408882;20746933276999;0.09;
22/06/2026;31408884;781447379668891;0.09;
22/06/2026;31408976;981406347646793;0.09;
22/06/2026;31409498;671750885547249;0.09;
22/06/2026;31410492;993214640085031;0.09;
22/06/2026;31410595;196496633560719;0.09;
22/06/2026;31410621;504809204349697;0.09;
22/06/2026;31411022;950368306553108;0.09;
22/06/2026;31411104;922935710162658;0.09;
22/06/2026;31412249;821582658768167;0.41;
22/06/2026;31412996;288997830602986;7.45;412
22/06/2026;31413004;930631448291764;31.79;393|397|417
22/06/2026;31413006;438729463292205;0.32;412
22/06/2026;31413027;397010308352423;0.23;412
22/06/2026;31413028;142186844580781;14.24;412
22/06/2026;31413030;636111453022783;5.65;
22/06/2026;31415361;804616533223147;0.09;
22/06/2026;31439535;554822932257519;0.09;
22/06/2026;31448978;85222838153585;0.09;
22/06/2026;31466926;272921166651418;0.09;
22/06/2026;31473288;460791215736883;0.09;
22/06/2026;31474913;399347112023328;23.97;368|393|397|419
22/06/2026;31479615;105803840857066;0.41;
22/06/2026;31483054;867948298828352;4.9;368
22/06/2026;31483327;719658906199885;34.27;393|397|416
22/06/2026;31486849;375873477532807;0.04;393|416
22/06/2026;31492246;860458677579779;0.09;
22/06/2026;31496110;663678280553165;288.68;
22/06/2026;31510480;479524286287415;40.07;393|397|416
22/06/2026;31553592;492759098404877;1.47;393|416
22/06/2026;31596335;845299113116234;0.97;
22/06/2026;31601848;574876097819227;3.08;397
22/06/2026;31601982;798928860059376;0.28;397
22/06/2026;31603815;533340104661604;0.44;397
22/06/2026;31604664;160805844840051;11.55;397
22/06/2026;31605557;548017681311923;40.48;397
22/06/2026;31605800;710387062976285;29.38;393|397|416
22/06/2026;31606037;972838433936503;2.13;397
22/06/2026;31609325;588558165930195;54.76;393|397|416
22/06/2026;31617691;883113392231007;1.94;420
22/06/2026;31619488;716387885567710;0.17;412
22/06/2026;31620489;163746807534639;1.11;393|416
22/06/2026;31621463;510922576287124;0.03;393|416
22/06/2026;31623060;508703217307457;3.94;397
22/06/2026;31623341;697513061221052;0.18;
22/06/2026;31627545;258531154364007;3.25;412
22/06/2026;31628350;986898985786078;21.28;393|397|416
22/06/2026;31631395;406935700602635;0.32;397
22/06/2026;31632504;211657553448050;0.59;397
22/06/2026;31650229;165968423713368;0.59;397
22/06/2026;31650419;383153522759589;0.34;420
22/06/2026;31650877;912584992285497;0.05;
22/06/2026;31653895;550152889262572;0.52;393|416
22/06/2026;31655707;20383378573291;2.62;397
22/06/2026;31656304;26307375008447;0.93;397
22/06/2026;31656862;657427817598792;0.57;397
22/06/2026;31657180;11101294970376;15.96;397
22/06/2026;31662161;199081152305606;1.34;420
22/06/2026;31662515;712901575076295;0.01;
22/06/2026;31663577;233927245468158;2.75;393|416
22/06/2026;31664143;491850974612932;0.07;397
22/06/2026;31666286;497112993638840;0.1;397
22/06/2026;31668354;160269696634718;0.14;
22/06/2026;31669314;79881833512205;72.49;393|397|416
22/06/2026;31669870;792639178984253;0.32;393|417
22/06/2026;31671079;592561533836558;35.21;368|397
22/06/2026;31671415;811925811346828;3.09;397
22/06/2026;31672976;807329629571026;0.23;393
22/06/2026;31675597;669498605656618;0.84;393|416
22/06/2026;31675631;246166981105053;0.14;393
22/06/2026;31675735;905782583884850;1.89;397
22/06/2026;31676530;170922054180407;2.92;397
22/06/2026;31679113;70010741445825;0.06;
22/06/2026;31679539;659110499286141;2.2;
22/06/2026;31679784;246039976200869;2.47;397
22/06/2026;31679996;568102599894246;0.81;420
22/06/2026;31680420;615587127998583;2.26;420
22/06/2026;31688304;149851819855180;8.88;397
22/06/2026;31689332;375746659553642;11.38;412
22/06/2026;31689849;813378608913065;1.14;420
22/06/2026;31693874;641944318561933;4.3;397
22/06/2026;31693976;435506848725537;10.56;397
22/06/2026;31694010;182243104075088;54.03;397
22/06/2026;31694067;445994129445174;11.87;397
22/06/2026;31694230;9594732564558;20.9;397
22/06/2026;31694249;708268275891823;16.45;396|397
22/06/2026;31694266;431185293306365;16.93;393|397|416
22/06/2026;31694294;27283755444129;17.85;393|397|416
22/06/2026;31694783;930278769983939;43.0;397
22/06/2026;31695563;640543622987509;24.86;393|397|416
22/06/2026;31696626;114985487185140;0.43;393|416
22/06/2026;31699450;84845984346672;4.09;397
22/06/2026;31701270;746967423352207;35.21;368|393|419
22/06/2026;31704616;534082105903714;0.39;393
22/06/2026;31714539;964570170873856;0.16;420
22/06/2026;31716678;977336090662431;91.31;397
22/06/2026;31717242;780591804120445;32.55;393|397|416
22/06/2026;31717259;738971911070171;5.69;
22/06/2026;31721069;381338648728194;0.5;397
22/06/2026;31721191;123055715765866;2.14;420
22/06/2026;31721983;608384475220087;2.53;368|419
22/06/2026;31724614;488942608147323;66.04;397
22/06/2026;31725174;907747567913550;0.22;393|416
22/06/2026;31730200;692191361775822;48.24;397
22/06/2026;31734761;532534031057871;0.72;420
22/06/2026;31736028;606668529273010;0.02;420
22/06/2026;31736047;568886675065943;0.02;420
22/06/2026;31737316;7585080777795;0.56;412
22/06/2026;31739976;433981000059220;63.42;393|397|416
22/06/2026;31742825;318924427799879;0.07;397
22/06/2026;31744752;3134039718274;1.05;397
22/06/2026;31745326;328543257564041;0.9;393|417
22/06/2026;31749791;363835818619396;0.91;397
22/06/2026;31750262;356853168492370;0.64;397
22/06/2026;31751586;982025145736557;0.75;393|416
22/06/2026;31757181;431854686122189;0.64;397
22/06/2026;31763513;670024006265232;0.28;
22/06/2026;31763919;174244917135720;6.18;393|416
22/06/2026;31764252;69913053636182;3.49;397
22/06/2026;31764712;270308620833224;2.37;397
22/06/2026;31766417;927316025604374;0.09;
22/06/2026;31766457;273873613996583;5.18;397
22/06/2026;31768833;346579942897672;0.91;397
22/06/2026;31775259;568848460136895;0.7;393|416
22/06/2026;31775302;145547406086996;1.2;268
22/06/2026;31775530;961205002370125;0.09;268
22/06/2026;31776003;713038974700814;0.21;393
22/06/2026;31777526;511972978682308;2.24;420
22/06/2026;31779877;310122996118350;0.09;268
22/06/2026;31780995;670689507913989;14.88;202|213|269|355|409|410|412|424
22/06/2026;31781169;146659703156316;8.07;202|213|269|355|371|372|393|397|409|410|412|417|424
22/06/2026;31781293;374096937238081;8.06;202|213|269|355|371|372|397|409|410|424
22/06/2026;31781410;153771673123337;11.57;202|213|371|372|397|409|410|412|424
22/06/2026;31782053;257284802324153;8.16;202|213|269|355|371|372|393|397|409|410|412|417|424
22/06/2026;31783086;237297626308139;8.99;202|213|269|355|371|372|397|409|410|412|424
22/06/2026;31783124;198213166061211;0.71;393|416
22/06/2026;31783290;941953005144324;8.65;202|213|371|372|397|409|410|412|424
22/06/2026;31783450;454013481380003;7.68;202|213|269|355|371|372|397|409|410|412|424
22/06/2026;31784620;21755929067364;0.7;202|213|409|410|412|424
22/06/2026;31785392;374800757634273;7.92;202|213|269|355|371|372|397|409|410|424
22/06/2026;31785454;269314000044374;1.12;202|213|409|410|412|424
22/06/2026;31785612;960712244191010;6.2;202|213|269|355|371|372|393|397|409|410|412|417|424
22/06/2026;31785645;959888427853833;4.05;250|412
22/06/2026;31786617;557632706728476;8.99;202|213|269|355|371|372|397|409|410|412|424
22/06/2026;31787009;292551816773472;7.92;202|213|269|355|371|372|393|397|409|410|417|424
22/06/2026;31787017;594256072509321;10.85;202|213|269|355|393|397|409|410|412|417|424
22/06/2026;31787064;383884709607358;9.13;202|213|269|355|371|372|397|409|410|412|424
22/06/2026;31787216;316800348283585;0.52;202|213|409|410|412|424
22/06/2026;31787463;893480330244170;0.97;202|213|409|410|412|424
22/06/2026;31787477;718098464244876;1.32;202|213|409|410|412|424
22/06/2026;31787575;29382302176020;2.57;202|213|269|355|393|409|410|412|417|424
22/06/2026;31787615;24740270745708;7.21;202|213|269|355|397|409|410|412|424
22/06/2026;31787626;50978311249249;8.16;202|213|371|372|397|409|410|412|424
22/06/2026;31787745;510022677287575;1.32;202|213|409|410|412|424
22/06/2026;31787877;686579979052620;1.77;202|213|409|410|412|424
22/06/2026;31787909;947055469213608;0.25;202|409|410|412
22/06/2026;31788173;154584273266172;8.07;202|213|269|355|371|372|397|409|410|412|424
22/06/2026;31788181;889861661621979;93.48;202|213|269|355|393|397|409|410|412|417|424
22/06/2026;31788196;294987779497199;11.84;
22/06/2026;31788226;620443354832798;8.65;202|213|269|355|371|372|397|409|410|412|424
22/06/2026;31788301;678144807620105;61.92;202|213|355|393|397|409|410|417|424
22/06/2026;31788487;787262176118929;0.09;202|409|410|412
22/06/2026;31788492;299784124541515;2.93;202|213|409|410|412|424
22/06/2026;31788574;322668598313522;8.99;202|213|269|355|371|372|393|397|409|410|412|417|424
22/06/2026;31788594;411605866062116;5.91;202|213|269|355|371|372|393|397|409|410|417|424
22/06/2026;31788661;158365111702407;0.97;202|213|409|410|412|424
22/06/2026;31788695;473577926750555;0.97;202|213|409|410|412|424
22/06/2026;31788959;103147241476123;8.55;202|213|269|355|371|372|397|409|410|412|424
22/06/2026;31789040;437435521869392;6.83;202|213|269|355|371|372|393|397|409|410|417|424
22/06/2026;31789078;698067636532407;11.57;202|213|269|355|371|372|397|409|410|412|424
22/06/2026;31789114;843923556454270;8.65;202|213|269|355|371|372|397|409|410|412|424
22/06/2026;31789127;949572573939746;8.99;202|213|269|355|371|372|393|397|409|410|412|417|424
22/06/2026;31789160;201882193612366;8.99;202|213|269|355|371|372|393|397|409|410|412|417|424
22/06/2026;31789163;1065402519271;8.55;202|213|269|355|371|372|397|409|410|412|424
22/06/2026;31789205;124071719111000;0.68;202|213|409|410|412|424
22/06/2026;31789225;128588578371961;0.68;202|213|409|410|412|424
22/06/2026;31789513;561047743881064;0.39;
22/06/2026;31789595;559056997735540;0.25;202|409|410|412
22/06/2026;31789611;398441216356191;0.68;202|213|409|410|412|424
22/06/2026;31789743;721346862989710;7.68;202|213|269|355|371|372|397|409|410|412|424
22/06/2026;31789858;679061097434186;0.25;202|409|410|412
22/06/2026;31789944;759623646620548;8.99;202|213|269|355|371|372|397|409|410|412|424
22/06/2026;31790116;895143395013326;3.01;202|213|409|410|424
22/06/2026;31790152;592490744112468;1.32;202|213|409|410|412|424
22/06/2026;31790284;948583432798990;0.25;202|409|410|412
22/06/2026;31790300;468989760805901;8.06;202|213|269|355|371|372|397|409|410|424
22/06/2026;31790641;793108558153033;3.86;368
22/06/2026;31790643;816408503319324;0.59;397
22/06/2026;31790645;900705417944288;0.36;
22/06/2026;31790660;365101735112855;5.95;39|40|368|419
22/06/2026;31790710;528930353658505;8.55;202|213|269|355|371|372|393|397|409|410|412|417|424
22/06/2026;31790796;165557768510090;0.7;202|213|409|410|412|424
22/06/2026;31792033;571341568366706;7.68;202|213|269|355|371|372|393|397|409|410|412|417|424
22/06/2026;31792057;565867235275436;62.75;202|269|393|397|409|410|417|424
22/06/2026;31792173;976795292160621;4.23;202|213|409|410|412|424
22/06/2026;31792210;190229110400629;8.99;202|213|269|355|371|372|393|397|409|410|412|417|424
22/06/2026;31792301;950839499443070;8.65;202|213|269|355|371|372|397|409|410|412|424
22/06/2026;31792663;236152909100021;1.32;202|213|409|410|412|424
22/06/2026;31792764;590419474553105;36.41;202|213|269|371|372|393|397|409|410|412|417|424
22/06/2026;31792819;127306039524282;8.99;202|213|269|355|371|372|393|397|409|410|412|417|424
22/06/2026;31793124;818037280487553;0.44;202|213|409|410|424
22/06/2026;31796478;215335767830227;0.08;
22/06/2026;31796490;699480907544340;0.8;393|416
22/06/2026;31796998;31134766187199;11.51;397|420
22/06/2026;31797996;975588176602879;0.12;412
22/06/2026;31798056;99625068026235;2.34;422
22/06/2026;31798280;419783022078432;1.04;420
22/06/2026;31798358;282435922362111;0.01;393|419
22/06/2026;31798927;214437195272850;1.53;397|412
22/06/2026;31798944;17843473247053;0.08;
22/06/2026;31800045;360677149170958;16.37;393
22/06/2026;31800409;312828890990852;0.13;412
22/06/2026;31800954;966277186123852;0.83;412
22/06/2026;31801420;942701713761033;0.5;397
22/06/2026;31801562;764494891830252;2.28;420
22/06/2026;31802010;897426672522972;0.23;397
22/06/2026;31802166;105943570799115;0.86;422
22/06/2026;31802176;140389620269178;69.12;393|397|416
22/06/2026;31802781;843142093553200;1.86;420
22/06/2026;31803421;454383218523635;2.66;397
22/06/2026;31803438;899514666269414;1.98;397
22/06/2026;31803439;410859097777752;6.24;397
22/06/2026;31803450;487418543555822;2.06;412
22/06/2026;31803458;231648814187749;1.02;422
22/06/2026;31803472;103570090388029;0.21;
22/06/2026;31803506;373219081107349;0.46;412
22/06/2026;31803507;864026156596220;19.77;393|397
22/06/2026;31803508;450773686969443;0.21;
22/06/2026;31803526;627225881746352;12.28;421
22/06/2026;31803534;700586356536949;0.11;
22/06/2026;31803541;806281553225463;1.46;412
22/06/2026;31803550;87595482134859;1.06;420
22/06/2026;31803574;880855697232557;1.46;412
22/06/2026;31803580;130666983891002;0.55;393|419
22/06/2026;31803586;351368255121716;0.34;393|419
22/06/2026;31803667;125760823741602;2.84;397
22/06/2026;31803700;694651691960699;0.44;
22/06/2026;31803753;828923826336401;4.55;412
22/06/2026;31803754;410729813437311;1.85;397
22/06/2026;31803778;890576490503317;0.27;412
22/06/2026;31803784;568185421265217;4.86;39|40|393
22/06/2026;31803806;265267078718786;0.1;393
22/06/2026;31803812;312861595274682;0.05;393
22/06/2026;31803858;859584325755539;3.14;412
22/06/2026;31804086;119058099497881;0.01;
22/06/2026;31804092;669673424472810;2.84;397
22/06/2026;31804130;622271085944501;0.23;
22/06/2026;31804139;130975434746513;0.61;397|412
22/06/2026;31804161;730503626894325;9.14;412
22/06/2026;31804182;419692829515268;2.81;397
22/06/2026;31804195;467831410698581;0.18;412
22/06/2026;31804208;693391398582318;2.84;397
22/06/2026;31804253;534818072957315;1.13;397
22/06/2026;31804268;123242256484786;8.72;397|421
22/06/2026;31804275;947271466686704;0.16;412
22/06/2026;31804278;208162046242916;2.19;397
22/06/2026;31804310;747010820517822;1.18;393
22/06/2026;31804313;632543388641964;29.29;397
22/06/2026;31804328;902073122955094;3.29;397
22/06/2026;31804446;905768544483542;51.21;397
22/06/2026;31804465;271810911401549;0.04;
22/06/2026;31804526;909031144972677;1.67;397
22/06/2026;31804531;907518589064984;1.89;397
22/06/2026;31804559;884753087365119;12.96;393|416
22/06/2026;31804560;708406265641278;32.64;369|393|397|417
22/06/2026;31804578;439696945452387;0.67;397
22/06/2026;31804639;414375153252456;11.5;369|412
22/06/2026;31804681;547164737164566;0.9;412
22/06/2026;31804700;803414109812373;4.58;412
22/06/2026;31804701;210157253678397;0.4;412
22/06/2026;31804708;333447516985572;0.32;412
22/06/2026;31804717;160242836851256;2.84;397
22/06/2026;31804764;807957761680669;0.74;
22/06/2026;31804784;5488573024445;2.8;412
22/06/2026;31804796;13419283961154;1.7;412
22/06/2026;31804820;872845513263292;2.58;250|412
22/06/2026;31804824;55187891220956;0.35;
22/06/2026;31804825;609881169680899;18.08;396|397
22/06/2026;31804950;299644348627826;0.89;412
22/06/2026;31804953;338754891358173;0.3;
22/06/2026;31804995;777332014747410;0.9;412
22/06/2026;31805056;784036948141276;0.26;412
22/06/2026;31805087;525846245792749;0.16;393
22/06/2026;31805091;567313765260613;1.8;412
22/06/2026;31805092;879435652197448;7.7;
22/06/2026;31805125;554425502214871;0.56;393
22/06/2026;31805140;54336612730500;1.93;397
22/06/2026;31805142;961096595713018;0.17;
22/06/2026;31805153;2726841866359;0.3;393|416
22/06/2026;31805155;584393610155798;0.59;412
22/06/2026;31805161;871387417524996;1.26;397
22/06/2026;31805199;281695345926953;0.26;412
22/06/2026;31805204;254515898663827;0.12;
22/06/2026;31805210;538493055777479;2.8;397
22/06/2026;31805229;47713248505999;0.89;412
22/06/2026;31805256;427676693490628;4.13;412
22/06/2026;31805257;814985964773522;0.34;412
22/06/2026;31805267;615388049451227;2.84;397
22/06/2026;31805286;405345880354004;0.89;412
22/06/2026;31805323;966793633234304;0.13;
22/06/2026;31805327;664004097234301;0.19;412
22/06/2026;31805337;796916183949340;0.07;393|419
22/06/2026;31805395;589225352137476;0.08;
22/06/2026;31805405;639065329866191;6.04;393|397|412|417
22/06/2026;31805406;173225633258358;1.01;393|397
22/06/2026;31805422;692127769683391;0.27;393|416
22/06/2026;31805458;8195228546834;0.06;412
22/06/2026;31805459;537641874166277;0.26;412
22/06/2026;31805478;12453563323608;16.23;397
22/06/2026;31805481;989203291945400;0.02;
22/06/2026;31805484;922571739523281;0.26;412
22/06/2026;31805502;302156999414151;0.42;397
22/06/2026;31805550;326600998858296;20.84;393|397|412|417
22/06/2026;31805561;428424271756745;0.36;412
22/06/2026;31805564;72322014281527;0.15;
22/06/2026;31805570;66361725502631;2.05;393|397|416
22/06/2026;31805574;31540506556161;2.27;397
22/06/2026;31805694;309518752817475;1.01;412
22/06/2026;31805696;388179386598983;0.67;397
22/06/2026;31805705;774978815715199;2.53;397
22/06/2026;31805815;256893030345207;1.58;412
22/06/2026;31805857;31986287480816;0.03;412
22/06/2026;31805862;376110170647699;0.36;412
22/06/2026;31805887;64073384129817;2.53;397
22/06/2026;31805909;689477188094958;0.34;421
22/06/2026;31805910;537403317340963;0.36;412
22/06/2026;31805920;734401017599428;0.61;
22/06/2026;31805952;649589282486795;0.12;412
22/06/2026;31805970;358906476782843;0.23;
22/06/2026;31805993;625285243328394;0.05;393|416
22/06/2026;31806031;352964654882499;13.52;397|421
22/06/2026;31806047;333875066997034;0.15;421
22/06/2026;31806116;256362774521870;0.84;412
22/06/2026;31806233;587974974835863;0.66;397
22/06/2026;31806239;892619395571820;2.15;412
22/06/2026;31806273;405966344824250;0.06;412
22/06/2026;31806300;906434724507477;0.44;
22/06/2026;31806319;716878674679521;0.11;
22/06/2026;31806351;486683147829040;0.06;412
22/06/2026;31806364;814847208456830;43.39;
22/06/2026;31806387;738162503439348;0.3;412
22/06/2026;31806405;924678058034771;0.34;412
22/06/2026;31806408;261574148700905;1.01;412
22/06/2026;31806410;128934487296630;2.7;397
22/06/2026;31806419;387930941446712;0.89;412
22/06/2026;31806425;556218924100517;4.74;397
22/06/2026;31806450;814573961677237;0.9;412
22/06/2026;31806569;524483783673158;2.84;397
22/06/2026;31806580;691715127814183;0.16;412
22/06/2026;31806591;839719429017173;0.09;397
22/06/2026;31806592;771504004263609;2.84;397
22/06/2026;31806623;492980383387333;0.23;393|419
22/06/2026;31806627;611791842992624;0.89;412
22/06/2026;31806632;180495411511217;6.78;412
22/06/2026;31806648;723879625166089;0.5;393|419
22/06/2026;31806699;532811445893784;2.84;397
22/06/2026;31806707;254180911222511;2.84;397
22/06/2026;31806715;485822930190757;1.51;412
22/06/2026;31806737;795826159588837;1.51;412
22/06/2026;31806748;489437644712102;3.01;397
22/06/2026;31806754;44234506574753;2.06;412
22/06/2026;31806769;97057085546346;27.71;397
22/06/2026;31806775;792256358086380;1.98;397
22/06/2026;31806784;876458973703344;3.45;39|40|393|419
22/06/2026;31806786;135652959165801;1.51;412
22/06/2026;31806791;716771374620888;7.49;412
22/06/2026;31806796;160268774824784;0.58;397
22/06/2026;31806805;411264570455868;0.36;412
22/06/2026;31806812;235219223541603;0.17;
22/06/2026;31806821;73319076383460;1.75;421
22/06/2026;31806858;523747791403780;2.84;397
22/06/2026;31806870;185106234198559;0.16;397
22/06/2026;31806917;956196396891872;7.24;393|412
22/06/2026;31806929;88974257883561;0.56;393|417
22/06/2026;31806936;339149094833920;0.38;421
22/06/2026;31806937;970410540680045;1.17;397
22/06/2026;31806979;916998324200225;0.03;412
22/06/2026;31807041;605923583700764;0.51;412
22/06/2026;31807042;158216318073125;0.36;412
22/06/2026;31807044;145311353322663;1.95;420
22/06/2026;31807048;593786324539255;2.84;397
22/06/2026;31807060;230794973788506;1.95;420
22/06/2026;31807066;459962873215179;0.57;412
22/06/2026;31807079;738779747164060;0.72;393|419
22/06/2026;31807092;460902558299417;0.26;412
22/06/2026;31807095;59328791568992;0.42;412
22/06/2026;31807113;51617021979485;0.25;412
22/06/2026;31807121;377488704238067;3.0;412
22/06/2026;31807134;808256397957403;0.22;397
22/06/2026;31807156;447102435664642;17.13;412
22/06/2026;31807162;776056925335090;9.26;
22/06/2026;31807173;598263084874037;0.26;412
22/06/2026;31807196;232333296898591;0.93;412
22/06/2026;31807201;812034783007117;0.39;
22/06/2026;31807263;954382362671670;0.24;412
22/06/2026;31807288;788951301282506;84.78;397
22/06/2026;31807293;822598078187270;2.99;420
22/06/2026;31807312;359057062595062;0.26;412
22/06/2026;31807371;265011674335647;36.72;397
22/06/2026;31807411;510460948726982;18.04;40|336|396|397
22/06/2026;31807422;470229617014603;0.42;412
22/06/2026;31807429;526373117694786;1.7;412
22/06/2026;31807432;371398417236219;0.15;421
22/06/2026;31807439;675538057547931;0.26;412
22/06/2026;31807451;622788389796692;0.26;393|419
22/06/2026;31807458;240822138040018;1.42;393|416
22/06/2026;31807462;892831539941045;1.17;412
22/06/2026;31807463;383523924096900;0.31;397
22/06/2026;31807464;851504152008058;3.61;397
22/06/2026;31807536;79405931946857;0.36;393|416
22/06/2026;31807563;567362610718050;0.41;
22/06/2026;31807582;133086052717761;1.63;412
22/06/2026;31807591;863296693494896;0.92;412
22/06/2026;31807596;596797741886313;0.8;412
22/06/2026;31807612;33407113083175;0.47;
22/06/2026;31807623;652303190301120;0.17;
22/06/2026;31807652;985205755106309;0.17;412
22/06/2026;31807662;595719251770002;0.14;412
22/06/2026;31807666;782207416918709;7.67;268|412
22/06/2026;31807670;338311536371142;0.67;412
22/06/2026;31807682;38438974935624;19.7;397|420
22/06/2026;31807688;228320424443935;2.28;421
22/06/2026;31807696;556294990780212;0.33;
22/06/2026;31807698;31548809009588;0.24;
22/06/2026;31807699;735675432746042;0.27;
22/06/2026;31807729;49609103974764;0.23;
22/06/2026;31807747;587733739297562;5.05;397|412
22/06/2026;31807780;415586205484068;0.58;412
22/06/2026;31807788;655421315057664;28.66;412
22/06/2026;31807819;185168134933021;0.19;412
22/06/2026;31807822;554754368677414;0.16;412
22/06/2026;31807849;967590909077518;0.64;421
22/06/2026;31807881;279356227423577;0.28;393|419
22/06/2026;31807892;555908361900085;1.99;420
22/06/2026;31807917;886335482797108;0.22;412
22/06/2026;31807920;841453704500002;0.22;412
22/06/2026;31807955;332167651726511;0.28;
22/06/2026;31807981;444759163442313;0.07;
22/06/2026;31807993;862324216138554;0.75;393
22/06/2026;31808032;451763483033474;0.11;
22/06/2026;31808068;83374781197376;7.12;397
22/06/2026;31808070;980208417861121;1.92;412
22/06/2026;31808090;41411185770061;5.21;397
22/06/2026;31808104;259662587065129;10.85;40|336|393|397|416
22/06/2026;31808106;763523246786244;2.84;397
22/06/2026;31808130;979574928309326;1.82;412
22/06/2026;31808144;470566512693396;0.54;397
22/06/2026;31808218;591375672745852;1.8;412
22/06/2026;31808278;494513797683021;0.32;412
22/06/2026;31808299;6928285897055;0.7;397
22/06/2026;31808322;341326812522310;1.16;412
22/06/2026;31808326;913941730666081;0.15;397
22/06/2026;31808329;937990072765586;1.93;412
22/06/2026;31808330;48843409810962;4.48;412
22/06/2026;31808344;651394129396834;24.45;397
22/06/2026;31808354;702162172608395;26.87;397
22/06/2026;31808368;622343805958415;0.71;412
22/06/2026;31808403;137283826383614;3.87;268|274|393|412|417
22/06/2026;31808406;547500381271104;35.37;393|397|412|417
22/06/2026;31808413;353487190752925;20.29;397
22/06/2026;31808426;740028838721854;2.53;412
22/06/2026;31808450;846111514789542;6.57;397
22/06/2026;31808467;1810522363025;51.21;397
22/06/2026;31808476;695987499003075;35.37;393|397|412|417
22/06/2026;31808514;732935080446063;2.2;421
22/06/2026;31808530;897435259768680;19.21;393|397|412|417
22/06/2026;31808558;613490138668715;0.2;397
22/06/2026;31808585;301415966883964;0.07;
22/06/2026;31808588;115946500941659;0.63;393|417
22/06/2026;31808604;221556857731961;75.72;182|397
22/06/2026;31808611;137778446892912;1.62;420
22/06/2026;31808628;998247265534692;1.61;412
22/06/2026;31808642;767678671957953;0.11;
22/06/2026;31808653;243525005676709;3.4;412
22/06/2026;31808660;152851299195077;1.59;420
22/06/2026;31808696;711379017570209;22.71;368|393|397|419
22/06/2026;31808777;553565173138678;1.07;412
22/06/2026;31808778;967342567115896;4.13;412
22/06/2026;31808797;859538780668937;1.93;397
22/06/2026;31808818;401983773198869;36.51;397|420
22/06/2026;31808838;273409091134744;0.26;412
22/06/2026;31808866;958283067629014;102.07;
22/06/2026;31808902;649026020864715;0.15;393
22/06/2026;31808903;935472936174225;2.53;393|412|417
22/06/2026;31808914;444780503373760;0.09;393|419
22/06/2026;31808920;230368133311619;2.84;397
22/06/2026;31808978;46259674508266;0.58;393
22/06/2026;31808981;614091792400852;0.24;393|417
22/06/2026;31809043;586362454408440;7.18;393|416
22/06/2026;31809044;320565472285312;65.29;393|397|412|417
22/06/2026;31809067;610412162911466;0.41;
22/06/2026;31809095;3010451498835;0.04;393
22/06/2026;31809122;249708001657636;0.12;
22/06/2026;31809124;194698707282335;0.11;
22/06/2026;31809136;517162020518399;0.18;
22/06/2026;31809170;18364897513785;17.61;397
22/06/2026;31809387;498366393628896;0.35;393
22/06/2026;31809443;76503979483929;51.84;250|393|397|412|417
22/06/2026;31809453;668462956438286;0.16;
22/06/2026;31809503;928150027739209;0.28;
22/06/2026;31809524;467830146959343;2.63;422
22/06/2026;31809615;341798205956201;51.84;250|393|397|412|417
22/06/2026;31809650;345134069512145;2.84;397
22/06/2026;31809704;668948452037866;28.05;393|397|412|417
22/06/2026;31809733;744457436937268;101.63;40|336
22/06/2026;31809749;871749536110188;461.73;393|397|417
22/06/2026;31809835;956400909224206;0.08;397
22/06/2026;31809870;170843438826996;2.84;397
22/06/2026;31809897;853831281662371;16.75;369|393|417
22/06/2026;31809905;149300284542311;0.3;393|417
22/06/2026;31809911;802881120693421;0.3;393|417
22/06/2026;31809929;575998758698351;2.84;397
22/06/2026;31809935;556436008152564;8.13;420
22/06/2026;31809963;872245768410347;2.84;397
22/06/2026;31809994;624910251551008;0.09;393|416
22/06/2026;31809998;72732992914423;2.84;397
22/06/2026;31810003;46732926474402;2.84;397
22/06/2026;31810009;749716456709606;16.48;369
22/06/2026;31810011;974984450956029;6.29;393|416
22/06/2026;31810039;718107397399615;0.71;397
22/06/2026;31810101;228320118795967;0.09;397
22/06/2026;31810118;302485487564467;0.41;
22/06/2026;31810124;839847342357758;19.21;393|397|412|417
22/06/2026;31810152;986241471437204;3.67;397
22/06/2026;31810168;850320990970439;0.32;397
22/06/2026;31810200;54005711756542;7.18;393|416
22/06/2026;31810241;544216121084232;7.64;397
22/06/2026;31810280;6713242755754;2.84;397
22/06/2026;31810293;968820525759361;2.84;397
22/06/2026;31810309;27548238725220;2.84;397
22/06/2026;31810334;219318348311841;3.56;397
22/06/2026;31810352;521114489528489;0.33;
22/06/2026;31810561;438674170543598;1.98;397
22/06/2026;31810630;103854834160161;0.59;393|416
22/06/2026;31810635;638925720004107;1.37;397
22/06/2026;31810652;2549577326038;1.41;397
22/06/2026;31810676;849769929301306;0.22;
22/06/2026;31810693;675280105810511;3.7;397
22/06/2026;31810733;524210955875443;0.22;
22/06/2026;31810803;216321507874306;0.51;397
22/06/2026;31810811;898221791090606;0.66;393|416
22/06/2026;31810927;688076794535179;2.79;397
22/06/2026;31810942;234593296222872;0.21;
23/06/2026;31334561;65648375682196;33.05;397
23/06/2026;31586906;175462605167511;84.45;190|397
23/06/2026;31605480;883702272012379;13.95;
23/06/2026;31606780;969014003559182;112.9;190|397
23/06/2026;31677104;959667461182210;8.01;393|397
23/06/2026;31680698;487018387448341;0.52;393|416
23/06/2026;31693825;559813015588813;9.34;397
23/06/2026;31693865;791568612995940;30.97;368|393|419
23/06/2026;31694053;190173592338308;14.77;397
23/06/2026;31694218;620596338214357;62.58;397
23/06/2026;31694326;171871142627521;0.81;393|416
23/06/2026;31694332;472704654293187;31.96;397
23/06/2026;31694364;379339771276785;1.07;397
23/06/2026;31703025;540971281521520;3.42;393|416
23/06/2026;31707672;506264333125039;9.09;368
23/06/2026;31711616;714959474715149;0.07;393|417
23/06/2026;31716403;465325867805853;0.57;393|419
23/06/2026;31717243;388666470053945;4.56;397
23/06/2026;31717280;809533394412355;1.57;396|397
23/06/2026;31720562;769666537741902;16.88;368|393|397|419
23/06/2026;31724357;277850497349597;65.87;397
23/06/2026;31724608;546946203225276;30.96;368|393|419
23/06/2026;31747442;435014096330025;110.17;397
23/06/2026;31747468;98823888443035;105.99;397
23/06/2026;31752478;82072365406237;50.69;397
23/06/2026;31752881;314399577348176;5.26;397
23/06/2026;31752886;382352173146833;0.59;393|416
23/06/2026;31753714;437754604740753;0.2;
23/06/2026;31753824;58515004399966;58.85;396|397|412
23/06/2026;31754466;132611323050745;0.42;397
23/06/2026;31754478;977529296544998;0.08;
23/06/2026;31754484;352984461001196;0.56;393|416
23/06/2026;31754488;921350276733936;2.62;397
23/06/2026;31754493;853283172116187;0.22;393|416
23/06/2026;31754503;585842284574794;2.62;397
23/06/2026;31754504;773516157973585;0.42;397
23/06/2026;31754525;916284859305584;2.62;397
23/06/2026;31754530;271688865739795;2.62;397
23/06/2026;31754572;209938037250112;0.38;393|416
23/06/2026;31754585;156038996616160;0.68;393|416
23/06/2026;31754599;530241498466130;0.72;
23/06/2026;31754609;946516597577611;0.26;397
23/06/2026;31754624;726679572371374;36.21;393|397|416
23/06/2026;31754626;409448475103467;0.61;393|416
23/06/2026;31754638;612121429200857;0.43;393|416
23/06/2026;31754640;618608432364414;0.01;393|416
23/06/2026;31754644;859169121443640;2.62;397
23/06/2026;31754652;202858625682515;0.01;393|416
23/06/2026;31754662;988520328001557;2.62;397
23/06/2026;31754667;853875309498988;0.33;393|416
23/06/2026;31754677;58017269632099;2.96;397
23/06/2026;31754720;434549393820999;2.62;397
23/06/2026;31754792;185316234932997;0.22;393|416
23/06/2026;31754798;782615398754508;7.27;397
23/06/2026;31754805;5947307150022;0.41;397
23/06/2026;31754807;354339659436780;0.26;397
23/06/2026;31754809;809922812100290;0.01;393|416
23/06/2026;31754825;810285266573197;57.51;393|397|416
23/06/2026;31754834;794073365506582;3.34;393|397|416
23/06/2026;31754842;271027147937054;0.52;393|416
23/06/2026;31754855;91890026069889;0.33;393|416
23/06/2026;31754866;540299578764726;0.76;393|416
23/06/2026;31754867;646776254759825;0.22;393|416
23/06/2026;31754876;442735375043604;2.62;397
23/06/2026;31754922;611215262596263;0.08;
23/06/2026;31754924;308364895333411;0.26;393|416
23/06/2026;31754938;374651631261848;0.67;393|416
23/06/2026;31754939;869621806379273;0.52;393|416
23/06/2026;31754951;852387063279930;0.68;393|416
23/06/2026;31754962;384019756150461;0.01;393|416
23/06/2026;31754967;479622240137711;0.17;
23/06/2026;31754968;535219217739793;0.38;393|416
23/06/2026;31754971;130034745676606;0.08;
23/06/2026;31754998;954055737107279;63.8;393|397|416
23/06/2026;31755049;70052505240083;8.82;397
23/06/2026;31755066;926966002489425;0.22;393|416
23/06/2026;31755101;394084778495029;0.33;393|416
23/06/2026;31755107;756413512693608;0.01;393|416
23/06/2026;31755117;279766962053694;0.22;393|416
23/06/2026;31755119;191620497506217;1.0;397
23/06/2026;31755126;154209088855892;0.27;393|416
23/06/2026;31755149;275909511616592;0.08;
23/06/2026;31755152;90404792651219;0.72;
23/06/2026;31755164;532627527787020;36.21;393|397|416
23/06/2026;31755168;726429563669363;3.34;397
23/06/2026;31755172;891831203065501;0.52;393|416
23/06/2026;31755174;318237851800497;0.22;393|416
23/06/2026;31755175;315272657646980;2.62;397
23/06/2026;31755183;241725414904203;7.27;397
23/06/2026;31755190;608206345657671;0.42;397
23/06/2026;31755232;259971458566000;0.38;393|416
23/06/2026;31755293;111320947469429;91.21;393|397|416
23/06/2026;31755299;553155671289887;0.38;393|416
23/06/2026;31755318;510367352221578;0.38;393|416
23/06/2026;31755329;884791704036937;7.27;397
23/06/2026;31755330;36841071645438;0.43;393|416
23/06/2026;31755337;881503220350504;0.08;
23/06/2026;31755357;281855744089549;0.18;393|416
23/06/2026;31755360;421415399879203;0.18;393|416
23/06/2026;31755361;557188992439142;0.08;
23/06/2026;31755390;221041851315730;0.24;393|416
23/06/2026;31755407;428655849628916;0.22;393|416
23/06/2026;31755408;949857373767470;0.42;397
23/06/2026;31755414;509472508927857;0.08;
23/06/2026;31755422;654099417815840;0.01;393|416
23/06/2026;31755435;940664322010657;0.38;393|416
23/06/2026;31755444;233881628978764;0.41;397
23/06/2026;31755448;447280310841288;0.01;393|416
23/06/2026;31755456;158063741551629;0.01;393|416
23/06/2026;31755461;133377795668857;76.21;393|397|416
23/06/2026;31755479;240049643065610;0.72;
23/06/2026;31755497;345593727298978;0.67;393|416
23/06/2026;31755503;342743461068957;2.62;397
23/06/2026;31755508;774126380495761;0.22;393|416
23/06/2026;31755521;764830515986418;0.35;393|416
23/06/2026;31755556;739427966462464;0.16;393|416
23/06/2026;31755565;393485001284498;0.44;393|416
23/06/2026;31755586;332090117955230;2.62;397
23/06/2026;31755593;93942762451774;0.33;393|416
23/06/2026;31755600;150353038859479;0.24;393|416
23/06/2026;31755617;911671277561910;0.01;393|416
23/06/2026;31755618;809507687295018;0.17;
23/06/2026;31755620;882021789002851;0.26;397
23/06/2026;31755652;138780105686722;75.86;397
23/06/2026;31755661;927700285555645;0.22;393|416
23/06/2026;31755662;877945417280277;2.62;397
23/06/2026;31755678;246531863086091;0.33;393|416
23/06/2026;31755682;288174429351312;0.18;393|416
23/06/2026;31755722;510723526992234;0.16;393|416
23/06/2026;31755735;448108918271144;0.08;
23/06/2026;31755740;210433013380248;0.67;393|416
23/06/2026;31755760;197218934037901;0.26;393|416
23/06/2026;31755761;867627686435310;0.52;393|416
23/06/2026;31755782;414447253144311;0.42;397
23/06/2026;31755797;726719598120230;0.01;393|416
23/06/2026;31755818;933324692759491;0.35;393|416
23/06/2026;31755839;625552115595855;67.34;393|397|416
23/06/2026;31755843;812186896022331;2.96;397
23/06/2026;31755847;344246727231693;2.62;397
23/06/2026;31755888;144439587682685;0.01;393|416
23/06/2026;31755904;272897030032860;0.08;
23/06/2026;31755906;52904379846109;0.01;393|416
23/06/2026;31755921;334894440654266;70.3;393|397|416
23/06/2026;31755923;780459187304160;0.01;393|416
23/06/2026;31755924;399009616738300;2.96;397
23/06/2026;31755932;594451638917249;0.22;393|416
23/06/2026;31755948;842698346790457;0.01;393|416
23/06/2026;31755959;167186539657868;0.01;393|416
23/06/2026;31755970;375670158064938;0.26;397
23/06/2026;31756021;365465437891091;2.62;397
23/06/2026;31756041;531916892694990;70.72;393|397|416
23/06/2026;31756058;481463740873671;0.44;393|416
23/06/2026;31756079;294886012424338;0.44;393|416
23/06/2026;31756085;522405431440486;0.24;393|416
23/06/2026;31756114;23706510670335;0.01;393|416
23/06/2026;31756115;368422289994097;2.62;397
23/06/2026;31756188;775581037002642;0.26;393|416
23/06/2026;31756206;478814441296981;0.68;393|416
23/06/2026;31756217;208297054308525;0.3;393|416
23/06/2026;31756227;176844861782383;0.22;393|416
23/06/2026;31756230;708924223909242;0.11;393|416
23/06/2026;31756248;344692335936433;36.79;393|397|416
23/06/2026;31756249;268207467327872;0.08;
23/06/2026;31756252;410427713686456;0.01;393|416
23/06/2026;31756259;312512397633810;2.62;397
23/06/2026;31756272;665940006101130;65.42;393|397|416
23/06/2026;31756282;371722518777339;2.62;397
23/06/2026;31756318;525824287528036;0.26;397
23/06/2026;31756343;576854528817119;0.43;393|416
23/06/2026;31756346;898876914952258;0.26;397
23/06/2026;31756352;276893961599641;0.24;393|416
23/06/2026;31756353;299653818300691;2.62;397
23/06/2026;31756360;334166251066342;0.22;393|416
23/06/2026;31756375;854408095289;0.01;393|416
23/06/2026;31756418;514303471189177;0.68;393|416
23/06/2026;31756422;96816548626766;0.18;393|416
23/06/2026;31756424;884301242933887;0.01;393|416
23/06/2026;31756441;953292915388152;0.01;393|416
23/06/2026;31756448;932785904420700;0.08;
23/06/2026;31756455;94811041051817;0.08;
23/06/2026;31756458;726554479694055;0.01;393|416
23/06/2026;31756467;186678702941272;0.22;393|416
23/06/2026;31756473;335772245059051;0.26;397
23/06/2026;31756474;551398601858580;2.96;397
23/06/2026;31756478;388000619700369;0.33;393|416
23/06/2026;31756484;537542005190208;0.76;393|416
23/06/2026;31756506;727359527035085;7.27;397
23/06/2026;31756534;934553375786403;0.22;393|416
23/06/2026;31756541;507058319451749;0.08;
23/06/2026;31756545;689003632389865;7.27;397
23/06/2026;31756550;973294471370994;0.01;393|416
23/06/2026;31756557;969700409067584;0.01;393|416
23/06/2026;31756573;777112745404199;0.16;393|416
23/06/2026;31756581;987869004067584;0.08;
23/06/2026;31759605;321115966042545;0.14;393|416
23/06/2026;31764281;440401519460754;0.01;393|416
23/06/2026;31764299;558510801657241;0.87;393|416
23/06/2026;31764800;650643223050890;0.36;
23/06/2026;31765065;95507289011021;4.36;422
23/06/2026;31768700;25076179262288;0.01;393|416
23/06/2026;31770169;2891884086341;0.22;393|416
23/06/2026;31774765;999450170444969;0.26;397
23/06/2026;31780581;363542204894817;0.99;397
23/06/2026;31786096;21747312734387;24.48;393|416
23/06/2026;31788160;982363862119715;0.63;397
23/06/2026;31790081;837786314695554;0.18;393|416
23/06/2026;31790921;258086881301100;3.34;397
23/06/2026;31791007;246713433691852;0.22;393|416
23/06/2026;31791012;304538533331939;0.42;397
23/06/2026;31791026;560312567541194;0.76;393|416
23/06/2026;31791039;85522550464220;0.42;397
23/06/2026;31791040;680177065520574;0.67;
23/06/2026;31791045;54420406741987;0.68;393|416
23/06/2026;31791051;844431589118442;2.62;397
23/06/2026;31791063;610628036248443;0.26;397
23/06/2026;31791070;543626673209917;2.62;397
23/06/2026;31791080;381792749502701;0.17;
23/06/2026;31791120;667334377629496;0.42;397
23/06/2026;31791125;417459802276421;0.08;
23/06/2026;31791134;798809390793851;0.01;393|416
23/06/2026;31791138;245102977735109;0.22;393|416
23/06/2026;31791156;498096536555088;0.01;393|416
23/06/2026;31791158;865193896386512;0.68;393|416
23/06/2026;31791163;789253487326816;0.22;393|416
23/06/2026;31791165;995291347152641;2.96;397
23/06/2026;31791177;259007953325205;0.18;393|416
23/06/2026;31791223;202070765272259;0.18;393|416
23/06/2026;31791235;607934754768760;0.44;393|416
23/06/2026;31791239;606651970140136;0.33;393|416
23/06/2026;31791246;475165489268661;70.3;393|397|416
23/06/2026;31791257;411939614403312;2.96;397
23/06/2026;31791263;190290612023634;0.22;393|416
23/06/2026;31791267;638990134757115;0.67;393|416
23/06/2026;31791279;7415317384025;56.78;393|397|416
23/06/2026;31791280;410634885036792;0.08;
23/06/2026;31791357;860977264107875;0.26;397
23/06/2026;31791363;124534897535031;0.35;393|416
23/06/2026;31791367;345070357888317;0.42;397
23/06/2026;31791385;716558486623020;2.62;397
23/06/2026;31791388;657496506658807;1.91;397
23/06/2026;31791396;954810336955402;0.42;397
23/06/2026;31791407;342096732733436;0.26;393|416
23/06/2026;31791408;490776539871893;0.42;397
23/06/2026;31791436;92709359130828;0.22;393|416
23/06/2026;31791437;518016022626931;2.62;397
23/06/2026;31791450;790722758295168;0.22;393|416
23/06/2026;31791471;597441388541146;0.01;393|416
23/06/2026;31791492;550601615625585;0.42;397
23/06/2026;31791503;535653681754071;0.42;397
23/06/2026;31791518;761760876202509;0.01;393|416
23/06/2026;31791524;263347735101685;2.62;397
23/06/2026;31791527;671913122588507;0.22;393|416
23/06/2026;31791528;336119094879323;0.42;397
23/06/2026;31791539;844550192638688;0.01;393|416
23/06/2026;31791568;145948056176437;60.99;393|397|416
23/06/2026;31791575;881804847478985;0.01;393|416
23/06/2026;31791578;970795584027365;0.08;
23/06/2026;31791595;821929790900481;0.08;
23/06/2026;31791631;762795769570715;0.08;
23/06/2026;31791661;944318314061371;0.22;393|416
23/06/2026;31791675;496183227628421;0.01;393|416
23/06/2026;31791685;852924871086926;0.26;393|416
23/06/2026;31791687;175572356531682;0.26;393|416
23/06/2026;31791690;203461283197678;0.33;393|416
23/06/2026;31791696;852226532863565;0.22;393|416
23/06/2026;31791697;828790351484633;0.42;397
23/06/2026;31791715;511933169949182;0.01;393|416
23/06/2026;31791767;523191467770355;0.41;397
23/06/2026;31791781;912267473862474;0.22;393|416
23/06/2026;31791801;381116066488255;0.24;393|416
23/06/2026;31793168;865023006865245;0.63;393|416
23/06/2026;31796075;543137949823449;0.39;
23/06/2026;31796235;7534165049211;0.26;397
23/06/2026;31802409;430973661889117;1.56;393|397|416
23/06/2026;31804343;214208300946730;21.88;397
23/06/2026;31804835;513595241394655;0.24;393|416
23/06/2026;31805795;95587022894433;1.17;
23/06/2026;31807154;939092247163368;6.48;420
23/06/2026;31808118;806871421443360;1.66;
23/06/2026;31808899;141035142759459;17.57;368|419
23/06/2026;31809908;129127614822034;2.62;397
23/06/2026;31809939;418843605947886;0.22;393|416
23/06/2026;31810192;634321984224990;3.34;397
23/06/2026;31810716;105371726706873;18.91;397
23/06/2026;31810968;142528279332140;0.06;393|417
23/06/2026;31811075;900349536144540;0.16;
23/06/2026;31811084;922773668294174;0.21;
23/06/2026;31811303;943609051450179;8.52;397
23/06/2026;31811354;632149470669411;0.28;397
23/06/2026;31811390;768644354284740;0.77;422
23/06/2026;31811415;250997053900853;0.05;
23/06/2026;31811428;900467491176940;62.19;268|274|393|412|417
23/06/2026;31811473;38896210940419;2.31;420
23/06/2026;31811789;519139403900745;0.12;421
23/06/2026;31811836;589976031255917;0.05;
23/06/2026;31811863;370239347766916;0.89;397
23/06/2026;31811907;997425088058307;2.66;397
23/06/2026;31811909;224683588261796;0.44;
23/06/2026;31811936;952235841958920;1.87;397
23/06/2026;31811973;583784990018048;0.05;
23/06/2026;31811982;137635765807178;0.08;393|419
23/06/2026;31811992;560106398683926;0.05;
23/06/2026;31811994;84022535967807;0.51;
23/06/2026;31812002;638640299839969;1.51;397
23/06/2026;31812021;35722257476625;0.12;
23/06/2026;31812048;983547620483072;0.05;
23/06/2026;31812400;676757068153861;0.05;
23/06/2026;31812423;896188121857790;0.16;
23/06/2026;31812432;739062250888986;3.6;397
23/06/2026;31812451;151654317816372;0.03;393
23/06/2026;31812462;810146999141495;5.76;397
23/06/2026;31812473;92961620885134;0.11;
23/06/2026;31812591;108384578408277;42.83;268|274|393|397|412|417
23/06/2026;31812608;727354404494872;0.28;393|416
23/06/2026;31812623;809249073799695;0.34;
23/06/2026;31812718;848930126837513;0.05;
23/06/2026;31812755;166907711312073;0.05;
23/06/2026;31812780;213452834592353;0.42;393|417
23/06/2026;31812817;298517523131432;0.35;397
23/06/2026;31812825;92935281533799;0.63;393|417
23/06/2026;31812846;565448512459489;2.84;397
23/06/2026;31812879;925648009428190;7.64;397
23/06/2026;31812882;343179646547420;1.89;397
23/06/2026;31812883;422791502147033;2.84;397
23/06/2026;31812928;146600429950029;0.3;
23/06/2026;31812943;828207111745251;0.36;393|416
23/06/2026;31812957;230898993585240;53.06;397
23/06/2026;31812979;99220388920624;0.74;393|417
23/06/2026;31812980;904611971623675;84.34;268|274
23/06/2026;31813022;295337795374593;144.6;268|274|393|417
23/06/2026;31813031;584150231277118;0.03;
23/06/2026;31813052;369627772614354;0.13;393|417
23/06/2026;31813075;652435276208251;1.84;397
23/06/2026;31813091;461518797352840;0.13;
23/06/2026;31813116;151588400776577;2.27;397
23/06/2026;31813126;934752732831031;43.78;397
23/06/2026;31813141;237284702579106;1.19;393|416
23/06/2026;31813187;947655717244386;20.78;397
23/06/2026;31813203;148378714032252;0.69;393|417
23/06/2026;31813338;861740745653389;2.62;397
23/06/2026;31813346;590574888586626;0.28;
23/06/2026;31813380;651675085704902;0.05;
23/06/2026;31813381;263311769426948;0.23;
23/06/2026;31813389;43401281197061;0.34;421
23/06/2026;31813397;605306402193106;0.39;393|416
23/06/2026;31813419;677949030986098;0.34;421
23/06/2026;31813478;468015442584974;0.85;393|417
23/06/2026;31813547;209572772780619;0.07;393|419
23/06/2026;31813605;83817327395531;0.72;393|416
23/06/2026;31813670;765189400382567;169.42;393|397|416|421
23/06/2026;31813671;157516655159268;0.08;
23/06/2026;31813674;328485969936523;8.12;420
23/06/2026;31813848;370934828262086;0.15;397
23/06/2026;31813895;589283679436316;0.38;397
23/06/2026;31813950;315850804367665;2.84;397
23/06/2026;31813957;760712522315321;21.2;397
23/06/2026;31813986;272824517241160;24.51;393|397|417
23/06/2026;31814016;496354580039788;5.99;
23/06/2026;31814034;559627425372367;2.73;421
23/06/2026;31814038;486925742411899;2.25;421
23/06/2026;31814075;369574244302870;0.44;182
23/06/2026;31814127;746354701322415;2.24;
23/06/2026;31814147;838771940928238;39.14;369|393|397|412|417
23/06/2026;31814166;146507248259269;0.44;393|417
23/06/2026;31814190;635670934754054;2.8;397
23/06/2026;31814212;563454454843967;2.02;
23/06/2026;31814213;784989057423965;91.67;397
23/06/2026;31814218;128554624868074;0.43;
23/06/2026;31814223;113059423383947;26.08;397
23/06/2026;31814253;197331604241337;6.78;369|393|412|417
23/06/2026;31814322;291922882754287;7.8;397
23/06/2026;31814407;165649103822887;0.3;393|417
23/06/2026;31814455;709067115341143;3.03;397
23/06/2026;31814558;933720240442122;0.56;397
23/06/2026;31814564;259393732106056;2.13;
23/06/2026;31814572;569698818526943;0.1;397
23/06/2026;31814573;706066189439844;0.25;397
23/06/2026;31814587;387143551456038;2.05;421
23/06/2026;31814628;281217372207284;0.36;393|416
23/06/2026;31814667;328314184965225;1.47;397
23/06/2026;31814771;796524539272299;2.84;397
23/06/2026;31814798;162250752682887;0.08;
23/06/2026;31814816;313116300751830;6.24;397
23/06/2026;31814904;606661362296883;0.1;397
23/06/2026;31814912;372911028329814;23.26;397|422
23/06/2026;31814932;168285272574520;0.57;397
23/06/2026;31814951;970393793253691;0.3;393|417
23/06/2026;31814957;663750719067410;13.88;268|274
23/06/2026;31814980;732140422122380;2.0;397
23/06/2026;31815036;337037164870763;29.07;268|274|393|417
23/06/2026;31815078;836894143305029;65.68;397
23/06/2026;31815154;530114352928080;23.98;368|393|397|419
23/06/2026;31815155;485567515201268;59.62;397
23/06/2026;31815157;424548545289221;1.83;250|393|412|417
23/06/2026;31815185;561116203294476;2.84;397
23/06/2026;31815204;613968004185820;0.28;393|417
23/06/2026;31815209;806879087294902;0.65;250|412
23/06/2026;31815212;420493166560251;0.03;
23/06/2026;31815217;63546381190222;0.36;397
23/06/2026;31815220;690701705709617;6.49;397
23/06/2026;31815224;46960567853741;61.9;397
23/06/2026;31815288;753367444028836;29.44;397
23/06/2026;31815370;376650339695147;0.15;393|416
23/06/2026;31815457;810176862144982;0.67;393
23/06/2026;31815461;720952696155990;0.12;393|416
23/06/2026;31815464;154943905313403;1.78;393|420
23/06/2026;31815511;655487450305630;5.63;397
23/06/2026;31815521;654463346458340;96.85;393|397
23/06/2026;31815524;477895768181742;0.28;
23/06/2026;31815655;972355076338205;36.72;397
23/06/2026;31815656;760438854351456;0.56;422
23/06/2026;31815661;189304702664274;2.56;420
23/06/2026;31815663;389657080323218;0.58;397
23/06/2026;31815696;304816219177198;0.03;
23/06/2026;31815748;910412544540276;0.75;397
23/06/2026;31815765;589382705545158;0.69;421
23/06/2026;31815769;499292767994431;2.27;397
23/06/2026;31815795;540056453764676;2.66;393|397|416
23/06/2026;31815825;997953541378966;0.71;393
23/06/2026;31815874;28203704922822;2.43;182
23/06/2026;31815902;100314334214561;2.84;397
23/06/2026;31815923;184486545243135;11.51;397|420
23/06/2026;31815937;343595086817938;0.1;
23/06/2026;31815958;973000191312701;40.26;397
23/06/2026;31816000;868833537488096;0.46;393
23/06/2026;31816019;689125833725296;0.27;393
23/06/2026;31816034;612259115283900;2.84;397
23/06/2026;31816035;762261437113904;0.45;397
23/06/2026;31816059;222660444889203;0.88;397
23/06/2026;31816062;274516176040126;2.84;397
23/06/2026;31816098;56425412661889;2.84;397
23/06/2026;31816103;995826016735820;0.3;393
23/06/2026;31816107;629542060019360;0.53;393
23/06/2026;31816136;869837786057607;0.05;397
23/06/2026;31816152;65593996504470;2.41;397
23/06/2026;31816186;871811771492565;29.51;397|421
23/06/2026;31816192;792279933891667;12.05;397|420
23/06/2026;31816217;412316856847381;2.84;397
23/06/2026;31816309;750184659818700;1.36;397
23/06/2026;31816390;312096517297957;0.41;
23/06/2026;31816402;537273360354084;0.21;393|416
23/06/2026;31816425;835500292878378;29.71;396|397
23/06/2026;31816429;326085173410630;1.36;397
23/06/2026;31816570;661576367667339;1.36;397
23/06/2026;31816676;384961065440998;0.01;421
23/06/2026;31816697;611788034820658;47.59;397
23/06/2026;31816701;344349255531665;1.96;420
23/06/2026;31816738;308006839279110;11.04;422
23/06/2026;31816804;220309490195481;1.36;397
23/06/2026;31816835;682072943208032;6.24;397
23/06/2026;31816860;299880642589525;0.08;
23/06/2026;31816881;372244795906940;0.12;393|416
23/06/2026;31816887;520089407560056;1.62;397
23/06/2026;31816888;13459349611131;0.41;
23/06/2026;31816930;67624575685819;1.36;397
23/06/2026;31817100;415990457135312;0.93;
23/06/2026;31817127;291893368719463;47.74;268|274|393|397|412|417
23/06/2026;31817154;616646879692523;0.12;
23/06/2026;31817267;441418664546383;2.84;397
23/06/2026;31817314;316108026806489;2.84;397
23/06/2026;31817317;441024694441312;2.11;397
23/06/2026;31817365;887907736838318;0.2;
23/06/2026;31817383;327884497270930;19.07;397|420
23/06/2026;31817414;22370618154226;0.27;420
23/06/2026;31817420;197126226233017;0.27;397
23/06/2026;31817500;82855600714115;38.77;393|397|417
23/06/2026;31817600;105224189566806;0.13;393|416
23/06/2026;31817606;227714728221694;0.15;393|419
23/06/2026;31817617;145222694236296;1.53;422
23/06/2026;31817628;600697690198006;0.84;397
23/06/2026;31817662;618052808951109;0.01;
23/06/2026;31817682;370017851374695;2.2;421
23/06/2026;31817710;684464094905991;2.84;397
23/06/2026;31817736;704623137291022;2.84;397
23/06/2026;31817740;97439559747918;12.12;393|397|416
23/06/2026;31817743;840079668109757;0.28;368
23/06/2026;31817775;640007183437086;0.61;420
23/06/2026;31817865;693469205371524;0.45;393|417
23/06/2026;31818002;409481363211748;3.06;397
23/06/2026;31818021;710566535077769;2.84;397
24/06/2026;31331091;402351373612692;3.57;397
24/06/2026;31387836;951201895033765;49.31;393
24/06/2026;31596308;433230135163559;0.39;393|419
24/06/2026;31600202;997484919420150;17.16;
24/06/2026;31620690;990264405334349;0.16;393|419
24/06/2026;31623546;275907726382648;130.09;181|393|397
24/06/2026;31623634;880755457138987;29.61;368|397
24/06/2026;31653612;255144489169058;0.29;397
24/06/2026;31664658;548761099544172;17.1;397
24/06/2026;31671497;785793123436031;2.78;397
24/06/2026;31688912;14346392498006;0.11;
24/06/2026;31692134;325290761338651;1.86;397
24/06/2026;31693808;234204682461587;62.28;368|397
24/06/2026;31693850;292530290823441;28.08;368|397
24/06/2026;31693957;651599054883623;29.23;397
24/06/2026;31694050;606094117470197;19.35;40|369|393|412|417
24/06/2026;31694236;489934131096873;52.08;190|369|393|397|412|417
24/06/2026;31695559;763297532621414;0.81;397
24/06/2026;31699212;667525688816362;4.91;397
24/06/2026;31701747;472542422578072;1.84;397
24/06/2026;31705703;341274217140937;0.38;
24/06/2026;31705779;341146796738500;5.89;397
24/06/2026;31707612;164017162398079;121.01;40
24/06/2026;31709506;992138020961977;6.8;369|393|412|417
24/06/2026;31710184;679249448124130;0.05;397
24/06/2026;31713514;738549736897484;1.52;397
24/06/2026;31714156;925147502829835;3.71;397
24/06/2026;31715476;686266655482403;2.72;397
24/06/2026;31716962;621281289549820;6.8;369|393|412|417
24/06/2026;31717114;149451812461791;18.58;397
24/06/2026;31717696;783539052326319;4.17;397
24/06/2026;31718039;426392018658881;33.7;40|369|393|397|412|417
24/06/2026;31719365;585224639905287;0.35;393
24/06/2026;31722010;435215522457947;1.98;397
24/06/2026;31724645;254013125015056;50.29;393|397
24/06/2026;31727150;98152165899333;0.98;397
24/06/2026;31727241;75521854039252;0.83;393|416
24/06/2026;31730479;833449946037594;0.49;393|417
24/06/2026;31730644;992175343214194;1.34;397
24/06/2026;31733537;459539471636080;0.09;393|417
24/06/2026;31733612;34520150883140;2.14;397
24/06/2026;31734678;642880587221962;0.03;393
24/06/2026;31739780;601908437060153;0.22;393|417
24/06/2026;31741362;973931791297294;22.72;369|393|397|417
24/06/2026;31743551;355147968795650;1.79;397
24/06/2026;31743966;215584847257874;1.3;397
24/06/2026;31746978;150506395756828;6.65;40|393|417
24/06/2026;31750463;842833720710860;2.42;397
24/06/2026;31751252;148287741201490;0.39;
24/06/2026;31752512;533502183671965;4.61;397
24/06/2026;31752658;379793146720033;8.81;369|393|397|412|417
24/06/2026;31753861;83465977728796;4.61;422
24/06/2026;31758174;503451823218835;1.21;422
24/06/2026;31758460;90609587764502;41.99;393|397|417|422
24/06/2026;31758996;768279187952192;1.18;422
24/06/2026;31759425;486263118887134;10.88;422
24/06/2026;31759965;235581022677219;23.63;393|397
24/06/2026;31761679;825437190568510;1.32;422
24/06/2026;31764412;312857166350988;11.53;422
24/06/2026;31765442;607249852159487;29.55;397|422
24/06/2026;31765608;685393841099426;1.8;250|412
24/06/2026;31768646;340601663967867;0.74;397
24/06/2026;31775953;837089831281106;6.61;369|412
24/06/2026;31781527;556860439698397;0.48;393|416
24/06/2026;31788628;254430172168127;53.57;268|274|393|417
24/06/2026;31794434;189502448879526;29.49;397|422
24/06/2026;31798967;980354959760750;0.16;
24/06/2026;31803770;143872742706029;0.59;250|412
24/06/2026;31803834;72162663872681;0.13;422
24/06/2026;31804132;632408286980278;0.59;250|412
24/06/2026;31804992;584978246623248;0.28;397
24/06/2026;31809867;875201203715031;62.95;40|336|393|397|416
24/06/2026;31812221;415993107975312;0.08;393|419
24/06/2026;31812859;688403009733405;0.65;
24/06/2026;31813017;840959635826143;49.14;397
24/06/2026;31813736;539453329998566;0.16;421
24/06/2026;31813748;925374892492409;0.59;393|417
24/06/2026;31814227;220506165699143;1.37;397
24/06/2026;31816360;445387122988521;13.69;393|397|412|417
24/06/2026;31818027;279247562998891;0.7;397
24/06/2026;31818087;628211393531854;0.16;
24/06/2026;31818158;463192890137216;31.48;393|397|419
24/06/2026;31818172;707074712059286;2.84;397
24/06/2026;31818476;954155000368733;0.13;
24/06/2026;31818503;235997183532578;88.63;268|274|393|417
24/06/2026;31818547;14268632821148;8.12;
24/06/2026;31818829;314031068336787;0.41;420
24/06/2026;31818837;572201201992857;0.07;393|416
24/06/2026;31818871;301572417489000;21.47;397
24/06/2026;31818897;590863387876971;0.12;393|416
24/06/2026;31818940;746746554602932;0.43;393|419
24/06/2026;31818946;862706632994488;0.03;
24/06/2026;31818949;622590842570380;28.15;397
24/06/2026;31819026;132177824171387;64.33;393|397
24/06/2026;31819042;621021588758942;7.75;
24/06/2026;31819050;514855838534576;2.58;393|397
24/06/2026;31819131;602036080499465;101.36;397
24/06/2026;31819132;355531137777831;2.84;397
24/06/2026;31819191;715303856938552;36.0;393|397|412|417
24/06/2026;31819225;295155950572045;0.16;420
24/06/2026;31819257;526704991528695;4.29;397
24/06/2026;31819259;737932980463416;2.84;397
24/06/2026;31819285;548260585540726;90.86;397
24/06/2026;31819357;901350536735462;1.03;393
24/06/2026;31819358;152615363993374;4.0;250|412
24/06/2026;31819409;608880426716955;1.62;421
24/06/2026;31819441;910443451884088;1.0;397
24/06/2026;31819446;871796745220195;44.75;268|274
24/06/2026;31819469;978905546040562;2.84;397
24/06/2026;31819491;232449143167967;0.26;397
24/06/2026;31819503;495577947262299;35.83;393|397|412|417
24/06/2026;31819508;613569772519950;0.01;
24/06/2026;31819512;685013694499896;1.44;397
24/06/2026;31819516;218687908522281;6.52;397
24/06/2026;31819534;235683168625068;0.73;393|416
24/06/2026;31819579;433269817262227;2.84;397
24/06/2026;31819609;396881135375100;0.91;397
24/06/2026;31819614;313087882309640;1.14;397
24/06/2026;31819634;557331995453574;22.85;393|397|412|417
24/06/2026;31819677;467702682588144;2.91;397
24/06/2026;31819745;714296049844598;0.59;393
24/06/2026;31819782;450326678411088;0.57;
24/06/2026;31819784;368148865069878;2.84;397
24/06/2026;31819870;548158528538919;0.84;397
24/06/2026;31819872;286890176179243;0.63;397
24/06/2026;31819926;431584556480375;0.45;397
24/06/2026;31819943;639605253909890;3.43;
24/06/2026;31819981;23365012343498;0.16;393|416
24/06/2026;31819982;582036468470135;0.16;393|416
24/06/2026;31820002;140647366292241;0.07;393
24/06/2026;31820003;23765829962216;42.19;393|397|417
24/06/2026;31820135;614385375214044;58.67;393|397|416
24/06/2026;31820160;864776763058328;18.49;397|420
24/06/2026;31820167;848509190965994;1.45;393|397|417
24/06/2026;31820173;220775032406856;16.44;397
24/06/2026;31820204;8143074197935;0.15;393|419
24/06/2026;31820211;75500451295250;2.84;397
24/06/2026;31820316;181227724821890;0.45;397
24/06/2026;31820340;947267537875229;4.07;397
24/06/2026;31820344;213951913125870;2.84;397
24/06/2026;31820381;884951387127317;0.54;
24/06/2026;31820383;170089914345651;0.21;
24/06/2026;31820452;73349935946080;1.59;397
24/06/2026;31820481;245474038896042;2.16;397
24/06/2026;31820513;864798891793523;2.11;397
24/06/2026;31820545;767989887304170;0.11;393|416
24/06/2026;31820574;756944242331764;5.31;397
24/06/2026;31820575;811732950994903;3.33;393|416
24/06/2026;31820576;162447280685277;56.99;393|397
24/06/2026;31820585;483742763069088;1.32;397
24/06/2026;31820592;471181769676105;22.76;393|397|412|417
24/06/2026;31820612;586596700416256;0.22;
24/06/2026;31820633;618011036916225;0.55;
24/06/2026;31820635;111291724043359;0.13;393|419
24/06/2026;31820638;693512214787707;2.84;397
24/06/2026;31820670;170154628214624;97.6;393|397|416
24/06/2026;31820671;565445187152601;1.58;397
24/06/2026;31820686;754367600015466;31.04;397
24/06/2026;31820773;561135945991707;33.45;393|397|416
24/06/2026;31820774;583913042565243;2.72;397
24/06/2026;31820814;261278978261621;0.22;
24/06/2026;31820828;965842148840871;0.3;393|417
24/06/2026;31820900;271132814625982;0.14;393
24/06/2026;31820941;573648037298687;2.84;397
24/06/2026;31820974;246481239172886;13.86;397
24/06/2026;31821016;209649912676179;1.3;397
24/06/2026;31821038;103854899739864;1.36;397
24/06/2026;31821067;958995548251391;0.18;
24/06/2026;31821135;759622549398479;36.72;397
24/06/2026;31821161;336733769604506;0.85;397
24/06/2026;31821185;703588745769547;0.77;393|416
24/06/2026;31821206;408042010953697;11.89;420
24/06/2026;31821266;944373320876939;0.1;
24/06/2026;31821283;220719106459363;0.05;
24/06/2026;31821341;109706754121237;3.11;393|417|422
24/06/2026;31821365;296237872939154;2.1;397
24/06/2026;31821436;900524730599234;2.39;397
24/06/2026;31821448;314687525078980;35.37;393|397|412|417
24/06/2026;31821476;708483129425201;0.03;421
24/06/2026;31821520;412726227599366;0.39;393|419
24/06/2026;31821533;123453210078833;5.89;393|397
24/06/2026;31821541;875346456771903;22.98;393|397|417
24/06/2026;31821564;566589325063588;1.09;397
24/06/2026;31821591;781380400746014;0.15;
24/06/2026;31821593;85986642771081;11.91;397
24/06/2026;31821594;467348730827256;0.17;
24/06/2026;31821629;75539951878824;1.36;397
24/06/2026;31821649;353025657842979;79.77;393|397|416
24/06/2026;31821653;709219107408057;5.71;397
24/06/2026;31821679;154026792002408;2.09;422
24/06/2026;31821720;207514027192420;2.43;397
24/06/2026;31821725;326856546509762;2.84;397
24/06/2026;31821726;575229859864479;10.13;397
24/06/2026;31821769;718059552662211;6.27;
24/06/2026;31821778;35961616546859;0.18;393
24/06/2026;31821903;268044762105654;0.31;397
24/06/2026;31821953;802118365595349;2.84;397
24/06/2026;31821964;512004584147102;0.52;
24/06/2026;31821972;294248418562077;0.47;393
24/06/2026;31821976;560900458617742;2.84;397
24/06/2026;31821977;374308312702058;2.84;397
24/06/2026;31821994;25102910312609;41.61;393|397|412|417
24/06/2026;31822026;766239870864155;41.61;393|397|412|417
24/06/2026;31822054;554688248798112;0.72;397
24/06/2026;31822098;562341744367353;0.1;393|416
24/06/2026;31822135;553054897699474;0.17;393|419
24/06/2026;31822150;116419871620994;0.1;393|417
24/06/2026;31822164;86918500582738;0.07;393|416
24/06/2026;31822190;587883987262673;0.27;420
24/06/2026;31822217;710175960173845;0.22;
24/06/2026;31822247;322346478596821;22.79;393|397|412|417
24/06/2026;31822260;716063263037924;1.36;397
24/06/2026;31822433;591292712663328;7.86;421
24/06/2026;31822435;657057337146413;0.14;393|416
24/06/2026;31822484;474519087666058;3.75;397
24/06/2026;31822500;723005101331543;7.3;368
24/06/2026;31822581;231741042006331;0.02;
24/06/2026;31822585;102062001208248;0.14;393|419
24/06/2026;31822598;495524780332062;2.84;397
24/06/2026;31822620;345272400444815;0.82;397
24/06/2026;31822692;460010812579160;0.69;397
24/06/2026;31822693;686443159643966;2.84;397
24/06/2026;31822694;406990506483087;2.84;397
24/06/2026;31822705;105942009016939;0.74;
24/06/2026;31822714;563966918896628;0.12;393|419
24/06/2026;31822721;255460850501358;96.03;393|397
24/06/2026;31822777;817842201905246;2.35;420
24/06/2026;31822801;219900109455803;3.91;397
24/06/2026;31822826;415398000487780;1.36;397
24/06/2026;31822847;776891660594945;0.92;393|416
24/06/2026;31822863;659840334981787;0.32;393|419
24/06/2026;31822873;107135776331404;0.02;393|419
24/06/2026;31822887;619198536873306;3.15;397
24/06/2026;31822895;176865954278263;0.38;393|416
24/06/2026;31822908;866628497104060;2.84;397
24/06/2026;31822988;523875389927823;0.59;
24/06/2026;31823075;518115891236541;2.84;397
24/06/2026;31823088;96846395404155;5.65;397
24/06/2026;31823110;219937201036154;2.25;421
24/06/2026;31823149;148981579577737;0.58;397
24/06/2026;31823177;346509697670482;0.36;39|40
24/06/2026;31823196;266353481198618;37.6;397
24/06/2026;31823197;544953804402539;2.91;397
24/06/2026;31823209;763119112306655;2.84;397
24/06/2026;31823248;196960487444880;0.16;393|416
24/06/2026;31823267;202350849190546;1.65;250|412
24/06/2026;31823277;996763516819382;1.87;397
24/06/2026;31823279;776699266849158;0.08;397
24/06/2026;31823282;300012408598621;2.84;397
24/06/2026;31823322;971950693780678;1.06;397
24/06/2026;31823327;943153041499388;0.2;393|409|410|417
24/06/2026;31823329;314138802118110;1.76;420
24/06/2026;31823360;612021453804794;1.33;397
24/06/2026;31823403;792556007283923;23.3;397
24/06/2026;31823514;542824867231946;2.19;397|420
24/06/2026;31823532;634071594985481;3.27;397
24/06/2026;31823533;716809704565700;0.38;397
24/06/2026;31823566;606181283296966;0.74;
24/06/2026;31823575;64978576801874;0.74;
24/06/2026;31823582;80178462470971;28.76;39|40|393|397
24/06/2026;31823628;46985117953181;2.84;397
24/06/2026;31823640;390627560159726;0.38;393
24/06/2026;31823641;916012831261186;0.38;393
24/06/2026;31823645;723389441716315;3.97;412
24/06/2026;31823686;937634480690131;2.84;397
24/06/2026;31823687;91287316643265;1.09;397
24/06/2026;31823711;522523307054323;3.2;397|420
24/06/2026;31823762;991018616599594;2.5;
24/06/2026;31823844;43752476486051;70.76;268|274|393|417
24/06/2026;31823876;809465329563192;2.84;397
24/06/2026;31823889;513415678931648;20.83;393|397|412|417
24/06/2026;31823916;14132894444000;16.44;397
24/06/2026;31823933;22838249939035;2.92;397
24/06/2026;31823944;972156669760892;2.84;397
24/06/2026;31823958;124939966611741;0.17;397
24/06/2026;31823964;42738641794403;2.42;420
24/06/2026;31823986;143365871030880;8.82;397
24/06/2026;31824028;219783993472999;0.17;397
24/06/2026;31824033;935640363479718;19.26;397
24/06/2026;31824108;325804118016746;1.86;397
24/06/2026;31824133;52323202367128;2.84;397
24/06/2026;31824194;148412903631738;1.48;397
24/06/2026;31824227;368437608212958;1.73;397
24/06/2026;31824246;591934648609516;6.17;393|416
25/06/2026;31338441;339493561060411;9.88;397
25/06/2026;31401804;142626189468899;11.33;
25/06/2026;31415254;604682814342467;3.75;397
25/06/2026;31438085;200151943142889;0.22;
25/06/2026;31438808;436615983194772;0.23;
25/06/2026;31439002;601078341515179;0.23;
25/06/2026;31439183;724144622402917;0.23;
25/06/2026;31441011;281953622542801;22.11;393|397|417
25/06/2026;31442555;438610988557122;28.05;393|397|412|417
25/06/2026;31443839;389925906807114;0.26;
25/06/2026;31443960;832639999623414;0.17;
25/06/2026;31447444;542691597540687;0.3;
25/06/2026;31448005;119574004616397;0.74;
25/06/2026;31448040;266734757090579;0.74;
25/06/2026;31452010;634992540125825;0.23;
25/06/2026;31452707;171506979452632;0.3;393|417
25/06/2026;31453028;682984599572917;0.05;
25/06/2026;31453030;534443163748069;0.05;
25/06/2026;31453161;403918962731179;0.29;
25/06/2026;31453352;458032996544016;27.88;393|397|417
25/06/2026;31454755;59527938022816;0.05;
25/06/2026;31454806;431335995579643;28.27;393|397|417
25/06/2026;31455083;316830992080516;0.05;
25/06/2026;31456413;719719906038845;0.05;
25/06/2026;31457901;452032931209913;0.05;
25/06/2026;31459693;812839094129263;0.05;
25/06/2026;31460154;364823209069922;0.05;
25/06/2026;31460549;363820776905346;32.58;393|397|417
25/06/2026;31460627;733415124372730;32.58;393|397|417
25/06/2026;31461033;157902245786192;0.05;
25/06/2026;31461179;973692272184827;0.24;393|417
25/06/2026;31461354;783204947752535;0.26;
25/06/2026;31461652;493985515055508;4.54;397
25/06/2026;31461687;520433422877050;4.54;397
25/06/2026;31465412;521820778751294;0.28;
25/06/2026;31465905;381391106070775;0.05;
25/06/2026;31466066;916714334484742;29.24;393|397|417
25/06/2026;31466571;689707784339741;0.05;
25/06/2026;31469406;918290511556429;0.05;
25/06/2026;31469407;5334224021563;0.05;
25/06/2026;31469567;963531066029028;0.05;
25/06/2026;31469932;532004822147191;0.17;
25/06/2026;31470008;36342912639965;35.2;393|397|417
25/06/2026;31470468;491931530886414;0.23;
25/06/2026;31471618;856477228072048;0.3;
25/06/2026;31471937;320944409694069;0.05;
25/06/2026;31472002;848688063905216;16.93;393|397|412|417
25/06/2026;31472573;35279199451181;0.74;
25/06/2026;31473118;587886721450698;0.11;
25/06/2026;31473667;103632179523298;29.24;393|397|417
25/06/2026;31476480;536630936339628;35.31;393|397|412|417
25/06/2026;31476509;622748084280959;35.31;393|397|412|417
25/06/2026;31478204;816753407037541;0.74;
25/06/2026;31479485;877045927208375;0.17;
25/06/2026;31479506;530136673616661;0.11;
25/06/2026;31482267;264836688095939;0.05;
25/06/2026;31489795;98938558758560;0.24;393|417
25/06/2026;31491975;591436621391619;0.3;393|417
25/06/2026;31495723;544347019178906;0.05;
25/06/2026;31495724;434758408247543;0.11;
25/06/2026;31495820;400491880768404;0.05;
25/06/2026;31495828;532007329049651;0.24;393|417
25/06/2026;31497449;689859689442473;0.23;
25/06/2026;31497998;510837558817105;39.6;393|397|417
25/06/2026;31498080;667557463525201;39.6;393|397|417
25/06/2026;31498562;320583899856391;0.05;
25/06/2026;31499509;16691285520589;0.23;
25/06/2026;31499526;638892394248880;0.26;
25/06/2026;31499549;705962566298126;0.26;
25/06/2026;31499725;233837913372230;0.11;
25/06/2026;31499802;956498326164408;0.11;
25/06/2026;31499902;210140887528186;0.28;
25/06/2026;31500284;178488149615812;0.74;
25/06/2026;31500311;748498222746004;33.8;393|397|417
25/06/2026;31500550;538152300845575;0.11;
25/06/2026;31501110;69395581319816;28.27;393|397|417
25/06/2026;31501286;335957736185736;28.47;393|397|412|417
25/06/2026;31501673;540605954179577;0.05;
25/06/2026;31501676;695552505477520;20.84;393|397|412|417
25/06/2026;31501750;859387584383836;29.1;393|397|412|417
25/06/2026;31501810;379946376767090;0.23;
25/06/2026;31501919;692075099466225;0.23;
25/06/2026;31501921;581998209982933;28.05;393|397|412|417
25/06/2026;31502063;838103023982523;0.28;
25/06/2026;31502237;846110622893968;18.66;393|397|412|417
25/06/2026;31502319;505706473056351;36.88;393|397|417
25/06/2026;31502695;97533057197524;26.98;393|397|412|417
25/06/2026;31502784;919477609166669;39.71;393|397|417
25/06/2026;31503115;96672873329427;0.11;
25/06/2026;31503475;89703910037264;0.11;
25/06/2026;31503481;887339492814484;0.28;
25/06/2026;31503793;532128542737185;0.11;
25/06/2026;31503912;949463658240524;0.23;
25/06/2026;31505978;921973768077920;0.17;
25/06/2026;31505985;576977360602987;18.66;393|397|417
25/06/2026;31505994;832349496793992;34.24;393|397|412|417
25/06/2026;31505995;904812257896199;0.23;
25/06/2026;31506012;61532188671816;0.23;
25/06/2026;31506018;279784927587525;0.05;
25/06/2026;31506021;989924655708926;0.05;
25/06/2026;31506024;33468009409150;28.27;393|397|417
25/06/2026;31506027;658024053050092;28.27;393|397|417
25/06/2026;31506038;267687125381984;0.3;393|417
25/06/2026;31506043;684319769383411;0.05;
25/06/2026;31506056;773420247084627;0.23;
25/06/2026;31506102;104376654687996;32.86;393|397|417
25/06/2026;31506119;968057486461265;0.17;
25/06/2026;31506142;727303474334307;39.71;393|397|417
25/06/2026;31506209;552023286123597;0.11;
25/06/2026;31506216;492389422127904;0.11;
25/06/2026;31506262;334114047493083;39.71;393|397|417
25/06/2026;31508008;681888878140625;0.05;
25/06/2026;31508421;613056523764557;17.36;393|397|412|417
25/06/2026;31509177;756353859648301;0.88;397|412
25/06/2026;31509184;36714656271586;19.42;393|397|412|417
25/06/2026;31509229;846852795566112;0.05;
25/06/2026;31509688;264286311138186;0.3;393|417
25/06/2026;31509904;554981622961466;0.17;
25/06/2026;31509995;621745879373448;2.0;397
25/06/2026;31510112;935705845972534;2.0;397
25/06/2026;31510843;673554144735486;0.74;
25/06/2026;31510845;766089649905772;0.74;
25/06/2026;31510934;248430314666368;0.74;
25/06/2026;31510969;901137409436423;0.32;182
25/06/2026;31514109;863277279952694;0.43;
25/06/2026;31514111;853542796214371;17.47;393|397|412|417
25/06/2026;31514118;327604186967077;0.3;
25/06/2026;31514144;402388496538037;19.42;393|397|412|417
25/06/2026;31514187;184266142090877;27.93;393|397|417
25/06/2026;31514949;967813676677834;3.51;397
25/06/2026;31517033;517894582586413;19.27;393|397|412|417
25/06/2026;31520882;385523605912885;0.17;
25/06/2026;31523245;328253209241939;60.48;397
25/06/2026;31525681;139726775705974;0.74;
25/06/2026;31526593;360907824424731;0.11;
25/06/2026;31531402;140141687099513;0.05;
25/06/2026;31531712;605547135159513;0.11;
25/06/2026;31533641;286415702621923;0.11;
25/06/2026;31542668;885918210507218;0.17;
25/06/2026;31547194;881411193034967;0.74;
25/06/2026;31548952;411627804268503;35.42;393|397|412|417
25/06/2026;31550376;703085635627531;0.17;
25/06/2026;31550381;228711956829062;0.17;
25/06/2026;31553211;130577828798254;0.24;393|417
25/06/2026;31556545;745779692510135;0.23;
25/06/2026;31568617;997101379067992;0.17;
25/06/2026;31580155;126181363425070;0.3;393|417
25/06/2026;31583287;166568411543158;29.24;393|397|417
25/06/2026;31584177;80952199027241;18.49;393|397|412|417
25/06/2026;31584804;541628273764181;0.05;
25/06/2026;31585711;4177193699786;0.05;
25/06/2026;31586021;472946840940886;26.98;393|397|417
25/06/2026;31586331;772570949539208;26.98;393|397|417
25/06/2026;31586942;852509017726475;9.7;393|397|417
25/06/2026;31586944;865688858761743;0.11;
25/06/2026;31588191;124568982220396;0.05;
25/06/2026;31589429;17228865286185;0.24;393|417
25/06/2026;31589762;691101517466835;33.57;393|397|412|417
25/06/2026;31594185;796678112714898;4.88;397
25/06/2026;31595089;142617538795524;0.05;
25/06/2026;31595366;611346955018272;0.24;393|417
25/06/2026;31595560;859622464970051;0.23;
25/06/2026;31595658;743087154529681;22.11;393|397|417
25/06/2026;31596034;199233167727300;1.02;
25/06/2026;31596291;843052651635223;0.23;
25/06/2026;31596449;718949671474897;21.09;393|397|412|417
25/06/2026;31596856;435080860859122;28.42;397
25/06/2026;31597421;124017821320055;0.05;397
25/06/2026;31597481;324923497513641;0.22;
25/06/2026;31599011;114848634427264;90.15;397
25/06/2026;31600368;463445541845839;0.3;
25/06/2026;31600437;598481649938954;0.3;
25/06/2026;31600465;773878370437183;0.3;
25/06/2026;31602252;997718471404647;0.05;
25/06/2026;31602331;681626697277498;0.05;
25/06/2026;31602498;806955870801846;0.23;
25/06/2026;31602500;595663088175067;0.23;
25/06/2026;31602797;47682817188351;1.58;397
25/06/2026;31602836;201167236672182;0.74;
25/06/2026;31603147;377355579246291;0.11;
25/06/2026;31603149;738428712949762;0.11;
25/06/2026;31603423;928786893639079;95.86;
25/06/2026;31603836;786302638425539;140.15;397
25/06/2026;31603982;599865527513156;69.62;397
25/06/2026;31605566;6731523922580;24.71;
25/06/2026;31605798;858018140587883;24.71;
25/06/2026;31605801;960378698408967;9.56;
25/06/2026;31606302;275743981429883;0.71;393|416
25/06/2026;31606784;436281562816228;6.1;
25/06/2026;31608284;391097129655167;0.32;
25/06/2026;31608441;220663765494230;0.05;
25/06/2026;31609238;330899374462388;36.88;393|397|417
25/06/2026;31609621;978663805309934;0.3;
25/06/2026;31609624;387835454441528;2.0;397
25/06/2026;31609656;475746951042391;2.0;397
25/06/2026;31610281;489368167911314;12.12;397
25/06/2026;31610357;190752483886278;0.26;
25/06/2026;31610439;826737887499004;10.04;397
25/06/2026;31610616;343999931046103;1.58;397|412
25/06/2026;31610617;244231698889810;51.95;393|397|417
25/06/2026;31612154;54459832388349;0.11;
25/06/2026;31612212;603023062952574;0.11;
25/06/2026;31612215;225983687552412;0.11;
25/06/2026;31612224;745574202132661;0.11;
25/06/2026;31612313;203754029471805;0.11;
25/06/2026;31612548;442941134997660;0.11;
25/06/2026;31612876;556798940103701;0.37;393
25/06/2026;31612973;926859998560976;1.14;397
25/06/2026;31613193;610456173586669;0.11;
25/06/2026;31613212;733854850821190;0.11;
25/06/2026;31614413;929532695237005;0.26;
25/06/2026;31615900;556660202101444;0.24;393|417
25/06/2026;31615963;811192139414043;0.05;
25/06/2026;31615970;236900730846674;0.05;
25/06/2026;31616049;4590279907494;26.98;393|397|412|417
25/06/2026;31617958;501177807585131;0.05;
25/06/2026;31618658;673199320612815;3.07;
25/06/2026;31619477;340423244461434;0.24;393|417
25/06/2026;31619505;765202833810635;0.24;393|417
25/06/2026;31620961;194715194986697;31.75;393|397|417
25/06/2026;31621880;626310475427540;0.11;
25/06/2026;31623217;962061801133500;96.57;397
25/06/2026;31623735;565930978090329;0.11;
25/06/2026;31623997;152448348132630;28.27;393|397|417
25/06/2026;31624371;248847094155732;0.24;393|417
25/06/2026;31624512;879772130230803;0.24;393|417
25/06/2026;31624715;289716488068153;0.05;
25/06/2026;31624734;847368393603786;27.99;393|397|412|417
25/06/2026;31624743;183870471409657;0.3;
25/06/2026;31624915;286491745883954;10.59;393|397|412|417
25/06/2026;31624936;313609475514926;216.65;397
25/06/2026;31625715;994536383537395;0.26;
25/06/2026;31626079;986532998181760;0.24;393|417
25/06/2026;31626357;588839111029149;21.31;397
25/06/2026;31626881;575840494125788;0.24;393|417
25/06/2026;31626897;558101060714702;0.11;
25/06/2026;31627253;112672909198017;35.31;393|397|412|417
25/06/2026;31627510;161464663774852;0.23;
25/06/2026;31627626;364402832890586;17.47;393|397|412|417
25/06/2026;31627755;101983035691672;0.24;393|417
25/06/2026;31627776;444488679900737;0.32;182
25/06/2026;31627813;1076291929318;55.61;393|397|417
25/06/2026;31627850;899112532863614;0.26;
25/06/2026;31627874;587158340002888;0.05;
25/06/2026;31628109;765496321860084;0.3;393|417
25/06/2026;31629862;699187417647241;0.43;
25/06/2026;31629870;987610135924725;0.23;
25/06/2026;31629908;40003011273338;0.43;
25/06/2026;31629909;351596278127050;0.05;
25/06/2026;31629913;198010245894518;0.05;
25/06/2026;31629927;360351339116215;0.24;393|417
25/06/2026;31630002;906888792495705;0.22;
25/06/2026;31630007;668285277445506;0.23;
25/06/2026;31630026;845501235399419;35.42;393|397|412|417
25/06/2026;31630034;723630014911369;0.23;
25/06/2026;31630088;290287702164232;0.22;
25/06/2026;31630097;609268606861559;32.05;393|397|412|417
25/06/2026;31630784;677174337339754;12.08;397
25/06/2026;31631403;163190688057383;1.7;
25/06/2026;31631696;376447158509247;0.23;
25/06/2026;31631729;407669665400008;0.17;
25/06/2026;31631807;664999532205976;0.3;
25/06/2026;31632063;338142467877652;0.46;
25/06/2026;31632170;78203849535313;18.54;393|397|412|417
25/06/2026;31632623;596840520191488;2.7;397
25/06/2026;31632825;631505793318717;0.21;
25/06/2026;31633144;231706774811600;1.12;
25/06/2026;31633226;511706511196281;29.1;393|397|412|417
25/06/2026;31633278;741448547816030;0.24;393|417
25/06/2026;31633288;523696170924058;0.23;
25/06/2026;31633611;956299367088700;0.11;
25/06/2026;31633673;597879040061650;34.24;393|397|412|417
25/06/2026;31633817;754869696696131;1.98;397
25/06/2026;31633847;850514918849337;9.7;393|397|412|417
25/06/2026;31634034;461417032618885;39.6;393|397|417
25/06/2026;31634212;698405455752584;15.9;397
25/06/2026;31634548;505351156843875;0.11;
25/06/2026;31634621;844093700670655;0.24;393|417
25/06/2026;31634780;439322453289193;0.24;393|417
25/06/2026;31634805;847429608891128;0.11;
25/06/2026;31635075;624512227172239;0.05;
25/06/2026;31635549;838904076604402;0.11;
25/06/2026;31635789;254437641067354;13.25;397
25/06/2026;31647606;497239679136629;0.05;
25/06/2026;31647632;29172478827992;28.05;393|397|412|417
25/06/2026;31647728;977621867323606;9.7;393|397|417
25/06/2026;31650427;574450482885890;32.05;393|397|417
25/06/2026;31650735;72189724182083;0.23;
25/06/2026;31650843;568447897532793;0.05;
25/06/2026;31650882;48355979561737;0.3;
25/06/2026;31651282;802285460098950;0.82;
25/06/2026;31651461;822291076058925;18.6;393|397|412|417
25/06/2026;31652863;29917290786594;0.17;
25/06/2026;31653844;820412409505057;0.05;
25/06/2026;31654570;22154479267614;0.11;
25/06/2026;31654673;728234575167369;0.23;
25/06/2026;31655128;554236665714167;90.78;397
25/06/2026;31655160;190619014678142;5.33;397
25/06/2026;31656247;192763109572572;4.08;397
25/06/2026;31656288;467522253032937;58.51;397
25/06/2026;31657132;472586148184447;0.11;
25/06/2026;31658006;5875903695772;144.74;397
25/06/2026;31658247;58207572275756;10.59;393|397|417
25/06/2026;31658260;192235446241493;19.42;393|397|412|417
25/06/2026;31658285;438433437668972;0.17;
25/06/2026;31659967;183655296001431;0.23;
25/06/2026;31662414;214663601049891;0.05;
25/06/2026;31662547;937404967552184;0.11;
25/06/2026;31662549;182675518236868;0.11;
25/06/2026;31662598;224265490956982;12.08;397
25/06/2026;31662614;651772251663072;0.11;
25/06/2026;31664238;809257801066666;0.05;
25/06/2026;31664515;435571042699967;0.3;393|417
25/06/2026;31664944;508633448898500;28.16;393|397|412|417
25/06/2026;31665336;652450025877971;0.37;397
25/06/2026;31665533;416186292798138;0.11;
25/06/2026;31668381;216436787804932;4.47;397
25/06/2026;31668714;528075309109195;2.06;397
25/06/2026;31670741;909547687574055;2.05;
25/06/2026;31670940;642497731322106;38.71;397
25/06/2026;31672404;144759542662476;0.53;393|397|417
25/06/2026;31672796;284198982886904;0.13;393
25/06/2026;31676505;541440282558729;34.17;397
25/06/2026;31678762;317712879570742;54.03;397
25/06/2026;31679219;36321914633395;51.88;397
25/06/2026;31682400;358071638593154;5.33;397
25/06/2026;31682556;969457245744063;2.98;397
25/06/2026;31686574;672711115011953;60.75;397
25/06/2026;31687415;456037447589266;2.27;
25/06/2026;31687598;962112533763973;4.71;397
25/06/2026;31688928;754573689431506;8.28;
25/06/2026;31690956;147062500620038;0.53;397
25/06/2026;31693523;460004536529240;10.11;397
25/06/2026;31693892;397689980930411;3.53;397
25/06/2026;31693912;480697967948110;125.56;397
25/06/2026;31693970;694778440011311;38.04;397
25/06/2026;31694017;594905394817963;322.66;
25/06/2026;31694087;822896368996787;11.06;397
25/06/2026;31694149;193146217132332;3.65;397
25/06/2026;31694172;592219137647517;64.32;397
25/06/2026;31694174;922520704045735;13.12;397
25/06/2026;31694275;198755205926927;23.28;397|422
25/06/2026;31694277;723040769939089;35.27;397
25/06/2026;31694290;103315350332592;24.36;397
25/06/2026;31694311;714628104213044;50.37;397
25/06/2026;31694316;600896403070178;61.36;393|397
25/06/2026;31694373;547818493196756;54.67;397
25/06/2026;31694541;245854663309195;30.64;369|397
25/06/2026;31695060;89308652279170;49.65;393|397
25/06/2026;31695112;84631806858591;3.36;397
25/06/2026;31695267;797417984339502;20.92;369|393|397|412|417
25/06/2026;31695365;404413871527656;43.81;397
25/06/2026;31695368;519462458892516;6.55;393|416
25/06/2026;31695402;821129909779705;72.3;397
25/06/2026;31695527;452560146898360;72.3;397
25/06/2026;31695551;304976083461548;9.51;393|397|416
25/06/2026;31696743;521526272162289;3.36;397
25/06/2026;31697621;194706718832313;0.81;
25/06/2026;31698691;545068830325322;2.08;
25/06/2026;31700573;197928566022139;7.12;393|397
25/06/2026;31700903;148382963298366;3.25;397
25/06/2026;31701207;265973626334770;2.46;250|412
25/06/2026;31702141;819981030773302;1.17;397
25/06/2026;31702305;267026928304949;15.27;397
25/06/2026;31703321;608619477809646;81.73;397
25/06/2026;31705774;778587320051009;2.95;397
25/06/2026;31707793;823314490909494;72.93;397
25/06/2026;31709242;1294940446010;85.96;397
25/06/2026;31709678;53287349046041;1.86;
25/06/2026;31710260;109096840888781;46.55;397
25/06/2026;31711404;858983881818885;0.12;393|417
25/06/2026;31711511;468879788524113;2.14;397
25/06/2026;31712233;22530420323444;2.57;397
25/06/2026;31713086;366831413992197;3.43;397
25/06/2026;31713242;351984224479213;2.2;
25/06/2026;31713859;92717399824961;1.81;
25/06/2026;31713929;445981271506547;12.17;397
25/06/2026;31715263;322737159066194;3.2;
25/06/2026;31715287;426020327061201;0.73;397
25/06/2026;31716411;378920317144178;45.41;397
25/06/2026;31718059;196206396185547;49.44;397
25/06/2026;31718169;937398403779143;0.3;
25/06/2026;31718476;426160532172958;1.36;397
25/06/2026;31718655;479882051209915;2.48;397
25/06/2026;31720824;962187161509847;86.75;397
25/06/2026;31723363;223209374639724;0.84;397
25/06/2026;31724640;877251930279309;0.42;393
25/06/2026;31724966;720908113792939;0.29;
25/06/2026;31725198;46764950732126;7.57;393|416
25/06/2026;31725440;371375620821299;34.93;397
25/06/2026;31725782;788910966760187;5.91;
25/06/2026;31726994;558940199876214;1.38;397
25/06/2026;31727403;811444243448006;0.3;393
25/06/2026;31728412;667134620498272;2.07;
25/06/2026;31728456;988706229901955;0.02;
25/06/2026;31729614;516102852982784;4.71;397
25/06/2026;31730794;389613455403884;0.08;397
25/06/2026;31730859;212709840993737;2.43;397
25/06/2026;31732464;620023481832613;4.69;369
25/06/2026;31736339;299830545596877;22.23;397
25/06/2026;31736588;574136102014121;74.07;397
25/06/2026;31742140;314351777412941;1.44;397
25/06/2026;31742916;946005365002520;1.37;
25/06/2026;31745971;284605885442946;2.95;397
25/06/2026;31746684;29430509212645;59.77;393|397|417
25/06/2026;31747861;411296451035943;0.38;
25/06/2026;31748374;467253720680652;6.55;397
25/06/2026;31748513;169065460017356;29.55;397
25/06/2026;31749023;804629210180802;1.31;397
25/06/2026;31749666;470582466218407;1.09;397
25/06/2026;31750136;418658054033068;0.27;
25/06/2026;31750756;854114257519550;3.05;
25/06/2026;31751228;103702294057142;10.9;368|393|419
25/06/2026;31752251;265753515660253;61.32;393|397|416
25/06/2026;31753887;847807242395569;0.84;397
25/06/2026;31755542;780276026306858;0.24;393|417
25/06/2026;31755545;24404317672571;0.24;393|417
25/06/2026;31756402;695547919957762;0.61;397
25/06/2026;31757177;88985214755904;51.0;397
25/06/2026;31758579;787445252816884;0.02;
25/06/2026;31758813;219494406669487;0.42;397
25/06/2026;31759642;67056343636087;2.56;393
25/06/2026;31760189;607419120873381;4.58;397
25/06/2026;31763628;992146999013697;0.09;
25/06/2026;31763802;145566851776124;0.33;
25/06/2026;31763840;428148283712373;7.31;369|393|412|417
25/06/2026;31767209;696167841549522;4.54;397
25/06/2026;31768325;889701210680383;13.22;393|416
25/06/2026;31770209;361385519634924;0.16;
25/06/2026;31770507;331130685214211;21.67;
25/06/2026;31780362;496496621886747;20.92;369|393|397|412|417
25/06/2026;31780369;588854230614513;8.93;397
25/06/2026;31782114;738541203989768;1.79;397
25/06/2026;31783179;530396560448667;0.09;393|416
25/06/2026;31783182;957516981423117;0.27;
25/06/2026;31783882;12038343960079;0.32;397
25/06/2026;31787075;684837972216593;0.74;
25/06/2026;31787285;275793405351734;0.37;
25/06/2026;31787393;36438484301511;117.58;397
25/06/2026;31787406;426888120558716;0.01;
25/06/2026;31787701;384791939757981;4.64;
25/06/2026;31788017;568540797068210;25.37;393|397|416
25/06/2026;31788553;52314195398347;3.32;397
25/06/2026;31790029;711604084279347;30.27;396|397
25/06/2026;31794141;318004677761521;0.51;
25/06/2026;31794535;733175585289724;1.95;213|424
25/06/2026;31796764;816944503957978;0.02;
25/06/2026;31802905;353005056069908;35.88;202|213|269|371|372|393|397|409|410|417|424
25/06/2026;31804277;879033577979570;0.44;213|424
25/06/2026;31804837;597836043463002;0.35;393|416
25/06/2026;31805005;604969446442557;1.95;213|424
25/06/2026;31805115;848292120888054;1.18;213|424
25/06/2026;31806020;347000643974707;0.44;393|417
25/06/2026;31806687;480684782164912;2.0;213|424
25/06/2026;31806756;292435762599954;0.17;202|213|409|410|424
25/06/2026;31806770;807346925476202;126.1;397
25/06/2026;31806877;263969413158354;7.92;202|213|269|355|371|372|393|397|409|410|417|424
25/06/2026;31807003;237408455814991;1.65;213|424
25/06/2026;31807244;458924527040915;5.57;213|269|355|393|417|424
25/06/2026;31807714;973067960032114;7.48;202|213|269|355|371|372|397|409|410|424
25/06/2026;31807801;565567923950867;3.94;213|424
25/06/2026;31808071;602164797651854;15.11;213|424
25/06/2026;31808214;739909045465204;0.39;202|213|409|410|424
25/06/2026;31808345;456984632578056;100.48;397
25/06/2026;31808379;752296010407188;1.95;213|424
25/06/2026;31808649;594000338272934;0.44;202|213|409|410|424
25/06/2026;31808813;81752489649742;7.9;202|213|397|409|410|424
25/06/2026;31808828;930089813096295;1.79;213|424
25/06/2026;31810153;170255984974043;7.48;202|213|269|355|371|372|397|409|410|424
25/06/2026;31810289;137571224498506;0.17;202|213|409|410|424
25/06/2026;31812714;809474792217501;60.42;397
25/06/2026;31812908;787316682948334;2.36;202|213|409|410|424
25/06/2026;31813208;373014776535834;0.6;393|416
25/06/2026;31813585;388273170063932;0.02;202|213|409|410|424
25/06/2026;31813691;546024634911374;4.18;202|213|409|410|424
25/06/2026;31813859;770689214203659;0.39;202|213|409|410|424
25/06/2026;31813883;362037823698070;3.88;202|213|409|410|424
25/06/2026;31813897;241788524126365;4.69;213|424
25/06/2026;31814099;829352557442168;3.88;202|213|409|410|424
25/06/2026;31814153;907755109714608;3.07;397
25/06/2026;31814275;412491326021035;1.98;422
25/06/2026;31814571;150595500716797;1.95;213|424
25/06/2026;31814763;204500595716076;0.51;
25/06/2026;31814814;281192378677795;0.54;213|424
25/06/2026;31815153;640471255533634;29.48;393|397|416
25/06/2026;31815512;582279648508008;3.44;202|213|269|355|393|409|410|417|424
25/06/2026;31815787;763087361908790;39.3;397
25/06/2026;31815936;599982203750739;0.02;202|213|409|410|424
25/06/2026;31815985;856140847016100;1.95;213|424
25/06/2026;31816742;747928820252170;6.84;202|213|269|355|393|409|410|417|424
25/06/2026;31817046;375774093938448;1.18;153|213|424
25/06/2026;31817974;218007053077942;11.2;202|213|409|410|424
25/06/2026;31817975;572332108651397;1.85;397
25/06/2026;31817999;57982593931442;0.69;397
25/06/2026;31818170;256427302853397;14.42;213|397|424
25/06/2026;31818318;256790295127231;0.79;202|213|409|410|424
25/06/2026;31819286;434324080458437;13.58;213|397|424
25/06/2026;31819378;670607892962310;3.88;202|213|409|410|424
25/06/2026;31819780;755965664455977;3.44;202|213|269|355|393|409|410|417|424
25/06/2026;31819835;364043423638430;0.22;393|417
25/06/2026;31820200;947472407400333;38.02;393|397|412|417
25/06/2026;31820315;539203591856833;4.18;202|213|269|355|393|409|410|417|424
25/06/2026;31820902;458016887658258;1.48;153|213|424
25/06/2026;31821537;206355125931597;4.18;202|213|269|355|393|409|410|417|424
25/06/2026;31821781;142639980913537;4.53;202|213|269|355|393|409|410|417|424
25/06/2026;31821830;863092828502413;51.76;202|213|355|382|393|397|409|410|417|424
25/06/2026;31822037;325933393795905;1.12;202|213|409|410|424
25/06/2026;31822647;151355608973405;0.41;
25/06/2026;31823043;373713447727246;0.2;393|419
25/06/2026;31823270;720845904521130;3.88;202|213|409|410|424
25/06/2026;31823567;848977988708438;46.78;268|274|393|397|412|417
25/06/2026;31823649;366664966221783;0.14;393|416
25/06/2026;31823650;746222771044196;0.14;393|416
25/06/2026;31824018;255565300296112;1.92;397
25/06/2026;31824328;359092380513652;1.98;397
25/06/2026;31824332;464205485063069;0.18;393|416
25/06/2026;31824421;559580927347156;2.32;397
25/06/2026;31824496;435877835731517;2.02;397
25/06/2026;31824817;494771242617268;2.84;397
25/06/2026;31824843;831516570335833;3.37;397
25/06/2026;31824845;542843968527957;1.3;397
25/06/2026;31824874;311603687116998;0.58;397
25/06/2026;31824888;607720667744159;0.2;
25/06/2026;31824898;670899047202031;2.84;397
25/06/2026;31824910;883058603534895;0.04;393|417
25/06/2026;31824921;822808522041447;0.55;393
25/06/2026;31824974;380048293755590;32.86;393|397|417
25/06/2026;31825015;41986834375323;4.01;397
25/06/2026;31825040;160365539656827;2.84;397
25/06/2026;31825069;194347362492360;2.28;
25/06/2026;31825143;647488620556957;4.4;422
25/06/2026;31825243;167984968813924;3.08;420
25/06/2026;31825248;590103720498539;29.45;397|420
25/06/2026;31825260;851582532960471;11.75;397
25/06/2026;31825310;324755806062591;0.07;397
25/06/2026;31825334;203722170954221;0.1;
25/06/2026;31825343;226008636146094;8.12;420
25/06/2026;31825369;667670546968950;6.39;397
25/06/2026;31825371;523555376350753;7.07;397
25/06/2026;31825373;664744161942700;20.9;182|397
25/06/2026;31825388;624645592390462;2.24;420
25/06/2026;31825395;564660093174998;0.52;393|417
25/06/2026;31825461;353957131805516;0.24;
25/06/2026;31825466;765898565770775;0.45;397
25/06/2026;31825508;263194995270693;63.15;393|397
25/06/2026;31825601;48144345347087;1.29;
25/06/2026;31825602;911289280101063;0.75;397
25/06/2026;31825624;302350573420523;0.88;421
25/06/2026;31825678;416755170391582;2.82;397
25/06/2026;31825692;870653683694186;21.67;397
25/06/2026;31825694;966890367277838;1.85;397
25/06/2026;31825704;136193045435277;0.21;393|416
25/06/2026;31825708;84280375867111;1.12;393|416
25/06/2026;31825727;317936116113970;0.15;420
25/06/2026;31825895;393354572740384;2.43;397
25/06/2026;31825939;226230450922847;2.93;397
25/06/2026;31826069;650328990534127;62.24;393|397|416
25/06/2026;31826107;489546035615398;0.17;393|416
25/06/2026;31826164;910717134440121;2.84;397
25/06/2026;31826183;527747903663253;0.02;393
25/06/2026;31826243;361008640198204;1.46;420
25/06/2026;31826247;626530466246560;0.05;
25/06/2026;31826253;553267486879169;0.18;393|416
25/06/2026;31826255;387424168468547;4.41;397
25/06/2026;31826263;300978508879067;66.92;393|397|416
25/06/2026;31826298;150762834564122;0.44;393|416
25/06/2026;31826318;894653282168083;2.66;
25/06/2026;31826319;12529011253338;0.37;
25/06/2026;31826367;399477818037583;0.65;422
25/06/2026;31826370;45397223904211;0.03;393|416
25/06/2026;31826382;418188924974275;2.84;397
25/06/2026;31826416;649240762573693;1.35;393|416|421
25/06/2026;31826551;307129313850195;0.02;397
25/06/2026;31826567;670160434373813;0.75;397
25/06/2026;31826577;321961851498627;0.14;421
25/06/2026;31826618;831287942709404;16.44;397
25/06/2026;31826646;480630959995587;0.74;
25/06/2026;31826672;246286933467865;0.32;
25/06/2026;31826709;109931897659620;2.84;397
25/06/2026;31826712;67776203741231;3.06;397
25/06/2026;31826766;268482264213672;29.54;397|421
25/06/2026;31826774;596343609456952;0.11;
25/06/2026;31826844;789865158947691;1.31;397
25/06/2026;31826920;635262368618785;2.11;397
25/06/2026;31826992;614157386992134;0.05;
25/06/2026;31827016;122588596122246;20.99;393|397|412|417
25/06/2026;31827086;130753053859997;11.9;393|416
25/06/2026;31827121;210617879204700;1.25;393|417
25/06/2026;31827139;443877952163107;0.05;
25/06/2026;31827157;938314944663447;4.74;397
25/06/2026;31827184;428669706052681;0.24;393|417
25/06/2026;31827185;141303454990952;20.99;393|397|412|417
25/06/2026;31827224;941045904154159;0.74;
25/06/2026;31827245;227428558104933;29.54;397|420
25/06/2026;31827248;820745156712019;0.08;393
25/06/2026;31827266;334646332221180;0.27;420
25/06/2026;31827305;51708886900470;0.26;
25/06/2026;31827322;959669570921510;2.84;397
25/06/2026;31827378;740853613049317;0.12;393
25/06/2026;31827447;762761149245640;0.24;397
25/06/2026;31827455;219936420539272;0.22;
25/06/2026;31827462;141656819884748;0.23;
25/06/2026;31827466;746746667739288;4.41;397
25/06/2026;31827504;868429930569563;2.57;421
25/06/2026;31827533;853156892135386;0.17;393
25/06/2026;31827652;145385650224128;0.76;
25/06/2026;31827664;42308162323707;0.04;
25/06/2026;31827665;19457378249902;0.05;
25/06/2026;31827669;785827469255142;0.39;393
25/06/2026;31827672;12057046907663;2.62;397
25/06/2026;31827689;602923721153680;4.73;397|420
25/06/2026;31827699;498887847099109;0.11;
25/06/2026;31827709;555354428882448;1.8;420
25/06/2026;31827757;756447256299054;0.62;397
25/06/2026;31827764;51032844234852;0.31;393|417
25/06/2026;31827822;951275173579571;0.06;393|419
25/06/2026;31827835;293667473397804;2.73;420
25/06/2026;31827867;835908778505891;0.36;393|416
25/06/2026;31827873;672982909951281;0.22;
25/06/2026;31827883;477254411593960;3.23;397
25/06/2026;31827961;178206914534233;0.11;
25/06/2026;31828003;197791557998829;0.33;393
25/06/2026;31828072;957065898612138;5.75;39|40|393
25/06/2026;31828094;353415383645250;0.43;393
25/06/2026;31828126;390190131334714;2.03;397
25/06/2026;31828208;76403922260160;0.38;393|417
25/06/2026;31828222;521800413382181;4.29;397
25/06/2026;31828235;215424189235743;0.14;
25/06/2026;31828273;465474942871441;0.11;
25/06/2026;31828283;111390284461686;3.75;397
25/06/2026;31828284;214080404957008;2.84;397
25/06/2026;31828290;743735144502048;45.97;393|397|412|417
25/06/2026;31828295;472222403128346;0.42;421
25/06/2026;31828314;14721436318006;0.36;
25/06/2026;31828318;134269925829751;28.45;393|397|419
25/06/2026;31828349;632476578822743;0.29;
25/06/2026;31828446;370617924254708;2.84;397
25/06/2026;31828450;746608797707638;34.24;393|397|412|417
25/06/2026;31828451;53607384793695;0.01;
25/06/2026;31828486;486396148946752;0.11;
25/06/2026;31828514;396674472172555;7.8;421
25/06/2026;31828601;82839758846282;0.17;397
25/06/2026;31828604;675663361787850;2.0;397
25/06/2026;31828631;962512996231527;0.18;
25/06/2026;31828664;51047641538277;0.22;
25/06/2026;31828682;955800469275258;7.03;420
25/06/2026;31828686;49825979181694;2.84;397
25/06/2026;31828696;511253211917677;39.91;397
25/06/2026;31828708;853089845816877;1.5;397
25/06/2026;31828714;720904098192378;2.72;397
25/06/2026;31828715;68114491521046;1.03;
25/06/2026;31828739;262728997791768;0.08;
25/06/2026;31828767;437684251075259;4.71;397
25/06/2026;31828910;815209363065758;0.05;
25/06/2026;31828915;476486245377971;0.11;
25/06/2026;31828934;656551975826403;0.01;393|416
25/06/2026;31829004;246514544009474;0.05;
25/06/2026;31829009;650489258560242;12.73;393|397|416
25/06/2026;31829016;969206421492858;0.24;393|417
25/06/2026;31829019;807654514645110;0.31;
25/06/2026;31829065;925905624421148;1.41;397
25/06/2026;31829066;967437268808391;8.43;397
25/06/2026;31829069;558624374721474;4.5;397
25/06/2026;31829193;160936575248135;22.18;397
25/06/2026;31829215;747925578028232;28.27;393|397|417
25/06/2026;31829239;802987316319838;2.45;397
25/06/2026;31829269;423234837870773;1.36;397
25/06/2026;31829288;81776958319724;2.84;397
25/06/2026;31829329;583537615947012;0.54;420
25/06/2026;31829330;954399578505004;0.13;397
25/06/2026;31829368;594330913038096;0.28;
25/06/2026;31829373;627471229008888;2.13;420
25/06/2026;31829399;33081696865286;1.93;
25/06/2026;31829478;734052381956439;0.08;393|416
25/06/2026;31829505;399218780950259;0.37;393|419
25/06/2026;31829542;16433744772330;3.4;421
25/06/2026;31829554;847152317420368;16.46;421
25/06/2026;31829680;932748859261129;0.22;393|416
25/06/2026;31829699;131406252976241;40.26;397
25/06/2026;31829717;958101883867420;0.9;397
25/06/2026;31829738;206251139230839;0.26;
25/06/2026;31829749;485882267250943;0.24;393|417
25/06/2026;31829802;124983382273166;97.93;397
25/06/2026;31830002;603379168218460;2.84;397
25/06/2026;31830038;497601250193696;8.48;397
25/06/2026;31830068;800426185117986;12.2;393|397
25/06/2026;31830084;148808436509212;25.91;397
25/06/2026;31830115;253670198006848;0.03;393|419
25/06/2026;31830206;477723068029909;7.56;397
25/06/2026;31830210;686815231213500;2.84;397
25/06/2026;31830321;639634935139456;0.72;421
25/06/2026;31830341;877584918687140;2.72;393|397
25/06/2026;31830369;849514748174476;1.11;393|397
25/06/2026;31830370;211296308562153;0.11;
25/06/2026;31830443;441558888122820;136.16;268|274|393|417
25/06/2026;31830491;103811352582119;0.86;422
25/06/2026;31830528;42723524360133;3.87;397
25/06/2026;31830570;729566101140023;69.59;393|397|416
25/06/2026;31830574;310830006324336;0.28;
25/06/2026;31830671;273363763452140;19.0;
25/06/2026;31830680;539188084595927;51.16;393|397|412|417
25/06/2026;31830715;913959620127782;2.01;397
25/06/2026;31830726;361008635271528;0.29;397
25/06/2026;31830731;201727276844608;0.15;393|416
25/06/2026;31830736;955910162212586;0.07;393|419
25/06/2026;31830799;841854166648890;0.25;421
25/06/2026;31830905;383175434804956;0.79;393
25/06/2026;31830908;294904579647130;206.63;393|397
25/06/2026;31830965;315875065774547;7.99;397
25/06/2026;31830968;607352544118807;1.89;420
25/06/2026;31831036;779005348871201;0.41;420
25/06/2026;31831081;661338218046847;0.05;393|417
25/06/2026;31831101;961846637737152;0.11;420
25/06/2026;31831124;382616211484025;0.58;397
25/06/2026;31831128;669070866721562;0.67;397
25/06/2026;31831153;691980152375304;0.11;
25/06/2026;31831161;821701439866784;0.13;393|416
25/06/2026;31831206;795803044735831;29.54;397|420
25/06/2026;31831212;166766540274482;0.13;393
26/06/2026;31277613;157139560155646;0.1;393|419
26/06/2026;31332575;229473861584796;2.98;420
26/06/2026;31352821;933157858968637;0.34;
26/06/2026;31621327;217868303876590;2.67;420
26/06/2026;31624862;2921645022713;13.81;393|397|416
26/06/2026;31659118;998486355830733;0.44;393
26/06/2026;31672100;191753513229443;0.04;393|419
26/06/2026;31672735;599545384193290;0.38;393
26/06/2026;31685186;463638180206796;0.38;393
26/06/2026;31691403;588044438279115;0.53;
26/06/2026;31693809;94727522008800;0.76;397
26/06/2026;31693815;28181015728839;55.44;393|397|416
26/06/2026;31693894;920348402996662;21.94;397
26/06/2026;31694205;371817056661071;31.52;393|397|416
26/06/2026;31694216;338296698629044;0.41;393|416
26/06/2026;31694270;778183306638006;4.59;
26/06/2026;31694307;511605277080726;22.78;393|416
26/06/2026;31695587;127416300960226;12.71;393|416
26/06/2026;31695593;343538874088236;4.98;397
26/06/2026;31696803;812083699262121;0.1;397
26/06/2026;31696854;89178184996156;0.23;393|419
26/06/2026;31698568;632251415693586;42.33;397
26/06/2026;31698693;208592303526051;0.27;
26/06/2026;31699734;623607748830160;0.09;393|416
26/06/2026;31703991;605125668385253;1.61;397
26/06/2026;31705702;430385171150699;20.97;397
26/06/2026;31707690;476998621502560;5.27;397
26/06/2026;31708643;186915549658601;9.56;397
26/06/2026;31710907;827584011217379;0.38;
26/06/2026;31717128;912604606893115;4.18;396|397
26/06/2026;31717155;269077702308612;7.55;
26/06/2026;31717159;196970877354128;23.38;393|397|416
26/06/2026;31717227;876512063282059;17.03;397
26/06/2026;31718743;54781434924872;0.12;393|416
26/06/2026;31720045;376021186758606;13.44;393|416
26/06/2026;31723423;220836293705548;5.56;397
26/06/2026;31724551;352386573648839;4.21;397
26/06/2026;31724777;856446840309558;0.38;
26/06/2026;31726799;333888552561923;8.71;393|397|416
26/06/2026;31728278;781206210297188;29.11;397
26/06/2026;31731509;159324407965203;8.2;397
26/06/2026;31733742;208268632824118;41.76;393|397|416
26/06/2026;31733744;641014594182152;7.63;397
26/06/2026;31734760;771254501557384;9.51;393|397|416
26/06/2026;31736576;895036449066774;0.38;393
26/06/2026;31740174;218223782298410;13.07;397
26/06/2026;31744519;504941170192115;1.76;368|397
26/06/2026;31744520;428940714311835;4.28;368|397
26/06/2026;31744925;570068106906158;1.76;368|397
26/06/2026;31745351;774645067022167;11.25;420
26/06/2026;31747310;689556729024959;16.74;397
26/06/2026;31749368;68323445791063;8.11;397
26/06/2026;31750097;130945816856436;0.73;420
26/06/2026;31751254;940898894480015;23.81;397|420
26/06/2026;31753353;768979472962786;0.53;
26/06/2026;31757482;767327781270096;1.57;393|416
26/06/2026;31760787;646539309908890;2.87;397
26/06/2026;31767005;479901783129730;24.41;396|397
26/06/2026;31767311;763563202485980;3.67;397
26/06/2026;31767424;809614844013604;0.12;393|419
26/06/2026;31767449;293931005870597;1.33;397
26/06/2026;31767451;93569377789435;0.3;397
26/06/2026;31769767;196684443581292;3.87;397
26/06/2026;31774519;373335783987352;0.02;
26/06/2026;31780312;767895035300111;0.43;
26/06/2026;31780757;655333143097965;0.44;393
26/06/2026;31783070;294129820231923;0.02;
26/06/2026;31783419;279635630238122;0.12;393|419
26/06/2026;31783745;659276774170845;0.04;
26/06/2026;31783750;701087421839685;0.04;
26/06/2026;31784557;538926697981911;0.01;
26/06/2026;31785147;236580464032004;6.55;393|416
26/06/2026;31786602;553652491503319;24.81;393|397|416
26/06/2026;31789840;410634541126471;6.59;397
26/06/2026;31790649;567615139046103;0.01;420
26/06/2026;31793396;955965154667573;0.04;
26/06/2026;31797663;121557355626337;62.24;40|336|393|397|416
26/06/2026;31798000;534664779940812;0.25;397
26/06/2026;31798615;222683816361759;0.44;393
26/06/2026;31799621;971916352523060;0.21;393|419
26/06/2026;31804179;20761565805438;7.86;393|416
26/06/2026;31806001;517435699771473;49.78;40|336|397
26/06/2026;31808867;700114708602079;3.39;397
26/06/2026;31808872;529067846918670;10.04;397
26/06/2026;31814137;494106853175224;0.33;393|417
26/06/2026;31815780;677877748008001;26.96;397
26/06/2026;31821921;743422969606811;35.43;397
26/06/2026;31823915;306151994767610;0.69;
26/06/2026;31824272;974435844415214;3.27;213|424
26/06/2026;31824548;15873377931902;0.64;213|424
26/06/2026;31825038;89434324422575;0.75;397
26/06/2026;31825486;893668599366903;16.64;213|269|355|393|417|424
26/06/2026;31825509;41655158878191;0.64;213|424
26/06/2026;31825811;716588152720380;13.05;
26/06/2026;31825979;648781180933825;0.29;
26/06/2026;31826144;893299035220807;0.03;393|419
26/06/2026;31826307;370214146394155;32.87;393|397|416
26/06/2026;31826343;539927287139381;3.08;213|424
26/06/2026;31827088;452503850087946;4.53;202|213|269|355|393|409|410|417|424
26/06/2026;31827167;929138415414888;0.59;213|424
26/06/2026;31827177;611240538187602;0.17;202|213|409|410|424
26/06/2026;31827597;828976280866386;85.4;202|213|269|393|397|409|410|417|424
26/06/2026;31827984;156530920068711;0.79;202|213|409|410|424
26/06/2026;31827991;494414446284943;0.9;393|416
26/06/2026;31828063;22193288921725;73.4;397
26/06/2026;31828159;123882171684951;71.43;202|213|269|393|397|409|410|417|424
26/06/2026;31828161;740778709804267;53.58;393|397|419
26/06/2026;31828775;1003396606011;0.17;202|213|409|410|424
26/06/2026;31828970;467493976166374;0.59;213|424
26/06/2026;31829063;586435774462017;1.95;213|424
26/06/2026;31829609;949022147546060;0.64;213|424
26/06/2026;31830595;584193548048345;0.29;393
26/06/2026;31830610;413638120502227;0.51;393|416
26/06/2026;31831127;384168679983115;0.06;393|417
26/06/2026;31831299;337245258696353;6.13;397
26/06/2026;31831341;481625138230718;21.07;393|397
26/06/2026;31831358;473757955828185;2.84;397
26/06/2026;31831368;887787288213505;0.02;393|419
26/06/2026;31831390;341202326709740;0.1;
26/06/2026;31831422;329553529678873;1.26;421
26/06/2026;31831568;645774914576574;0.47;421
26/06/2026;31832028;7751354677533;0.07;
26/06/2026;31832029;984595838022366;0.22;
26/06/2026;31832047;766758539433394;1.55;397
26/06/2026;31832065;756882495805212;8.29;397
26/06/2026;31832128;259519175594989;0.11;393|419
26/06/2026;31832135;315838448651111;0.43;393|419
26/06/2026;31832192;394932739665508;0.06;
26/06/2026;31832194;87062805088093;0.02;
26/06/2026;31832198;356898274397836;0.12;397
26/06/2026;31832286;901523373291203;0.23;397
26/06/2026;31832302;701403293422629;0.3;
26/06/2026;31832309;829075673681978;0.8;422
26/06/2026;31832334;266287089519088;0.77;397
26/06/2026;31832363;184901717928030;22.19;397
26/06/2026;31832388;384204306490774;0.51;393
26/06/2026;31832422;82354616139926;28.05;397
26/06/2026;31832423;265206589417897;1.93;397
26/06/2026;31832507;655281501799731;64.52;393|397|417
26/06/2026;31832569;735924184933443;0.01;
26/06/2026;31832575;596002430330231;31.13;397
26/06/2026;31832577;745777465317546;1.41;
26/06/2026;31832591;21593399034692;0.05;
26/06/2026;31832603;670482206624913;1.53;397
26/06/2026;31832643;840835195525384;0.3;393|417
26/06/2026;31832647;897595254948993;0.78;393|416
26/06/2026;31832673;433882237771206;11.89;397
26/06/2026;31832688;668156332082823;41.37;40|393|397|412|417
26/06/2026;31832719;407714488454596;0.65;420
26/06/2026;31832756;205393579046729;0.18;393|419
26/06/2026;31832759;337065791852474;2.72;250|412|422
26/06/2026;31832762;968408222379548;0.05;
26/06/2026;31832773;114567819008852;0.2;393|419
26/06/2026;31832778;538324591709460;0.81;420
26/06/2026;31832810;416760234025510;1.03;397|420
26/06/2026;31832822;867014870666560;14.75;393|397
26/06/2026;31832843;39143491169690;29.54;397|421
26/06/2026;31832900;327918747992104;0.11;
26/06/2026;31832928;619668683847708;0.31;393
26/06/2026;31832953;657621569270763;0.3;
26/06/2026;31833043;534448108662872;2.62;397
26/06/2026;31833088;411631805248876;2.57;393|420
26/06/2026;31833100;239965108387563;6.75;397
26/06/2026;31833117;231097589409531;0.17;
26/06/2026;31833137;624239360499869;1.76;397
26/06/2026;31833181;485688883266094;0.42;
26/06/2026;31833187;443607740805498;0.16;393
26/06/2026;31833208;270874564762089;3.17;393|397|420
26/06/2026;31833230;762302216200439;0.05;
26/06/2026;31833238;708951625331782;5.36;397
26/06/2026;31833261;724907040581922;17.58;313|393|397|416
26/06/2026;31833263;286768737960419;8.14;369|393|417
26/06/2026;31833265;960581245395039;35.59;397
26/06/2026;31833347;351249029092892;0.14;393
26/06/2026;31833417;584693882378980;0.02;393|419
26/06/2026;31833429;750879931632886;6.05;182|393|419
26/06/2026;31833434;346631830673191;6.39;397
26/06/2026;31833442;281330068278460;3.07;397
26/06/2026;31833474;512250246856179;35.89;397
26/06/2026;31833490;370646542152724;0.11;
26/06/2026;31833505;156020512767238;0.41;
26/06/2026;31833514;691145526941482;60.47;397
26/06/2026;31833556;87806012960057;0.2;393|419
26/06/2026;31833564;789652840051206;0.4;
26/06/2026;31833604;812675008295106;0.6;397
26/06/2026;31833605;854211526971744;0.8;397
26/06/2026;31833621;536597851871491;18.03;
26/06/2026;31833641;150092285643430;0.16;422
26/06/2026;31833669;32610760293524;68.75;393|397|417
26/06/2026;31833671;100137332555805;1.91;397
26/06/2026;31833672;488880780483256;2.84;397
26/06/2026;31833731;91300060144657;0.21;
26/06/2026;31833798;900699955704042;27.54;397
26/06/2026;31833812;519894910229763;0.23;
26/06/2026;31833886;242953739143426;19.42;393|397|412|417
26/06/2026;31833912;601379500050986;0.54;393|416
26/06/2026;31833917;706751956621947;0.09;
26/06/2026;31833981;272648036389539;0.36;393|416
26/06/2026;31833985;297986901553491;0.26;
26/06/2026;31834034;309189462495708;0.05;
26/06/2026;31834092;857978322401470;1.96;421
26/06/2026;31834113;101733680104881;4.25;397
26/06/2026;31834127;106654425728253;2.89;397
26/06/2026;31834196;166081051381376;1.36;397
26/06/2026;31834220;909252640306926;29.1;393|397|412|417
26/06/2026;31834226;630247275493008;1.56;397
26/06/2026;31834250;285689109311053;27.95;397
26/06/2026;31834290;638759794953187;1.47;397
26/06/2026;31834303;565331933161357;35.16;268|274|393|397|412|417
26/06/2026;31834406;265522975974019;8.68;397
26/06/2026;31834445;537509021643755;1.51;397
26/06/2026;31834542;833927741975030;0.16;393|416
26/06/2026;31834546;401610289563699;0.15;421
26/06/2026;31834547;587838019864393;16.47;421
26/06/2026;31834590;690539468061962;0.37;393
26/06/2026;31834608;708873701601127;0.46;393|419
26/06/2026;31834632;327978720118230;1.59;397
26/06/2026;31834650;750347992518358;0.3;393|417
26/06/2026;31834659;265451241865704;2.51;393|416
26/06/2026;31834671;900820644958974;2.01;397
26/06/2026;31834719;380012828941636;0.53;393
26/06/2026;31834737;192673672563868;0.05;
26/06/2026;31834746;325946249849353;0.98;421
26/06/2026;31834755;10608363729514;0.39;393|419
26/06/2026;31834760;208434576269244;2.0;250|268|274|393|412|417
26/06/2026;31834768;967934176761077;2.84;397
26/06/2026;31834786;274391970050148;0.05;
26/06/2026;31834796;787519183729178;0.41;397
26/06/2026;31834843;916375708189173;3.26;397
26/06/2026;31834906;594880729333045;0.12;
26/06/2026;31834913;959287629892223;0.17;393|416
26/06/2026;31834919;356525040696773;0.22;393|417
26/06/2026;31834952;948854585781476;9.02;
26/06/2026;31834960;518764200320296;1.79;213|424
26/06/2026;31834961;694332550728258;9.02;
26/06/2026;31834966;734480268296996;8.72;202|213|269|355|393|409|410|417|424
26/06/2026;31834968;239119063509196;1.79;213|424
26/06/2026;31834969;870947530213423;8.72;202|213|269|355|393|409|410|417|424
26/06/2026;31834971;552460235099011;2.5;397|420
26/06/2026;31834974;491138953878274;8.72;202|213|269|355|393|409|410|417|424
26/06/2026;31834976;798388535266299;0.64;213|424
26/06/2026;31834977;296224539168028;0.64;213|424
26/06/2026;31834979;956740901530716;8.72;202|213|269|355|393|409|410|417|424
26/06/2026;31834983;532375906680832;1.79;213|424
26/06/2026;31834985;450185139727641;0.64;213|424
26/06/2026;31834987;690212725972113;8.72;202|213|269|355|393|409|410|417|424
26/06/2026;31834989;595088935482713;0.64;213|424
26/06/2026;31834991;644114784740616;0.64;213|424
26/06/2026;31834993;324910060582907;8.72;202|213|269|355|393|409|410|417|424
26/06/2026;31834998;679963901165267;9.02;
26/06/2026;31835000;687208430436931;8.72;202|213|269|355|393|409|410|417|424
26/06/2026;31835002;606727960621810;8.72;202|213|269|355|393|409|410|417|424
26/06/2026;31835003;139351897363851;8.72;202|213|269|355|393|409|410|417|424
26/06/2026;31835004;218872787266558;1.79;213|424
26/06/2026;31835005;454551901363473;17.76;213|269|355|393|417|424
26/06/2026;31835006;754022595974085;0.64;213|424
26/06/2026;31835052;109504449902957;0.05;
26/06/2026;31835082;262392046925196;2.36;397
26/06/2026;31835093;684829134567569;0.06;393|416
26/06/2026;31835096;948821019849440;0.1;397
26/06/2026;31835100;785063867427836;5.65;397
26/06/2026;31835101;144389140025664;1.19;397
26/06/2026;31835114;18228464766475;17.78;397
26/06/2026;31835212;83831848525607;0.42;393|417
26/06/2026;31835333;852618940537674;0.74;
26/06/2026;31835359;813774209332539;0.26;
26/06/2026;31835360;156011381277217;0.41;393|419
26/06/2026;31835413;359581651152288;9.7;393|397|412|417
26/06/2026;31835474;983115185698208;5.17;397
26/06/2026;31835504;915519635293936;1.85;397
26/06/2026;31835535;610489819856641;2.84;397
26/06/2026;31835607;800803385005112;0.1;393|419
26/06/2026;31835657;663065738883552;0.05;
26/06/2026;31835661;683156463610410;0.05;
26/06/2026;31835701;520052599830277;0.9;420
26/06/2026;31835729;764432862992964;0.23;
26/06/2026;31835732;975243891928411;0.29;397
26/06/2026;31835753;647658116429343;0.58;397
26/06/2026;31835801;869941143875887;0.17;
26/06/2026;31835896;479325248735318;0.05;
26/06/2026;31835908;826693826643175;0.11;
26/06/2026;31835916;356250978098159;0.1;
26/06/2026;31835952;358067902006065;0.31;393|419
26/06/2026;31835960;772983410184616;0.53;420
26/06/2026;31835981;911790705703461;2.11;268|397
26/06/2026;31836014;448607624304227;0.78;397
26/06/2026;31836035;641409729292126;0.11;
26/06/2026;31836036;6889307981467;0.11;
26/06/2026;31836180;357143029506827;2.34;397
26/06/2026;31836286;575603554354678;0.28;
26/06/2026;31836327;153157376740972;0.23;
26/06/2026;31836370;36561122409088;3.92;397
26/06/2026;31836439;660670969204185;0.17;
26/06/2026;31836504;854080223111400;25.91;397
26/06/2026;31836534;783584853408323;0.11;
26/06/2026;31836616;745356534929261;0.17;
26/06/2026;31836620;131538290628233;0.11;
26/06/2026;31836630;934854509682508;0.55;
26/06/2026;31836675;982556810985137;0.05;
26/06/2026;31836686;321814631167110;0.74;
26/06/2026;31836688;889472724612002;0.78;397
26/06/2026;31836693;655746365545001;0.11;
26/06/2026;31836724;61186909517492;2.03;420
26/06/2026;31836785;843760525185865;0.11;
26/06/2026;31836811;764065735907566;0.32;182
26/06/2026;31836841;697410720100670;0.21;
26/06/2026;31836852;750996417363658;50.11;397
26/06/2026;31836853;18563274898471;0.32;182
26/06/2026;31836913;423521638619892;0.58;397
26/06/2026;31836916;395533686435715;0.28;
26/06/2026;31837023;86868435200094;0.22;
26/06/2026;31837051;677871443864842;3.4;397
26/06/2026;31837076;964987317000042;2.32;397
26/06/2026;31837137;25676894595663;0.56;420
26/06/2026;31837302;44978538366821;4.04;421
26/06/2026;31837310;467564439811456;53.77;268|274|393|397|412|417
26/06/2026;31837313;91497191459279;2.62;397
26/06/2026;31837325;422128148895801;0.23;
26/06/2026;31837386;486599190251247;26.59;268|274
26/06/2026;31837547;413827542580864;0.05;
26/06/2026;31837630;376702571902474;1.47;397
26/06/2026;31837795;90984699135232;3.12;268|274|412
26/06/2026;31837803;727094527226049;0.74;393|416
26/06/2026;31837808;342480461417982;38.61;397
26/06/2026;31837822;476597758248872;0.23;393|417
26/06/2026;31837906;262650244677068;0.33;
26/06/2026;31838007;504452223983881;1.56;397
26/06/2026;31838058;947430227018900;0.36;
26/06/2026;31838202;900667160928468;0.22;393|416
26/06/2026;31838235;138263032495540;19.88;397
26/06/2026;31838242;143933009214561;0.85;393|416
26/06/2026;31838243;144169704458758;9.03;397
26/06/2026;31838293;963364585638850;0.73;393|417
26/06/2026;31838302;96451380256711;0.18;
26/06/2026;31838347;251119923061189;0.42;397
26/06/2026;31838366;486583695366802;2.84;397
26/06/2026;31838380;722054049344028;0.05;
26/06/2026;31838388;838464477050852;0.74;393|419
26/06/2026;31838426;404822614641661;461.73;393|397|417
26/06/2026;31838462;709084744554259;0.39;420
26/06/2026;31838503;595532391140315;1.47;397
26/06/2026;31838519;321092278246911;10.48;421
26/06/2026;31838543;960195347676627;51.89;393|397|417
26/06/2026;31838551;668878405347020;0.17;
26/06/2026;31838606;88310234917728;0.38;393|419
26/06/2026;31838620;947425323461237;3.34;420
26/06/2026;31838631;280561502377884;0.77;397
26/06/2026;31838632;225708362698491;2.84;397
26/06/2026;31838635;880820874807229;32.01;268|274
26/06/2026;31838638;369093566669580;10.16;397
26/06/2026;31838639;404760015781500;2.84;397
26/06/2026;31838650;933143902566668;5.82;397
26/06/2026;31838665;715753174928523;1.34;397
26/06/2026;31838675;583589135637217;0.24;397
26/06/2026;31838717;942552618693726;0.01;421
26/06/2026;31838719;682339542123532;0.29;
26/06/2026;31838741;190513753555921;2.96;397
26/06/2026;31838799;593804408657795;2.84;397
26/06/2026;31838811;648881174827013;0.48;
26/06/2026;31838833;480584903323155;0.21;
26/06/2026;31838850;269058136251557;9.62;393|416
26/06/2026;31838859;878467187443627;1.48;393|397|417
26/06/2026;31838878;888766982031025;0.4;
26/06/2026;31838880;227811276955202;30.32;393|397|419
26/06/2026;31838919;569764029424213;11.8;40|336|393|397|416
26/06/2026;31838925;558045488693785;1.83;397
26/06/2026;31839079;236214187318613;18.86;397
26/06/2026;31839105;629951402325259;58.21;268|274
26/06/2026;31839125;200392089404020;2.0;421
26/06/2026;31839153;313034392966391;0.47;
26/06/2026;31839154;392911428324463;2.84;397
26/06/2026;31839159;591958638257969;6.35;420
26/06/2026;31839186;938031852148965;0.67;393|417
26/06/2026;31839196;776387525196648;15.31;
27/06/2026;31160927;698445871530438;2.47;
27/06/2026;31395705;608878582432336;7.12;397
27/06/2026;31396056;265939368350935;7.95;397
27/06/2026;31470976;45204181177814;1.25;397
27/06/2026;31674888;384080660171437;33.16;
27/06/2026;31689043;407075440701075;0.61;393|417
27/06/2026;31691957;433048626855563;0.12;397
27/06/2026;31693982;858636022481843;41.17;393|397|412|417
27/06/2026;31694239;895775361296132;2.08;369|412
27/06/2026;31695303;571955016489005;59.77;393|397|417
27/06/2026;31695455;804329331165797;0.32;393
27/06/2026;31712142;109646864184177;40.33;393|397|412|417
27/06/2026;31715379;905290232159364;1.66;397
27/06/2026;31718917;140258342924650;8.61;369|412
27/06/2026;31724655;300701618056525;32.65;369|393|397|417
27/06/2026;31725989;854193729635130;3.68;369|397
27/06/2026;31727683;107229951046558;28.34;393|397|412|417
27/06/2026;31727697;56506391789944;1.27;422
27/06/2026;31727896;125697160799475;0.12;393|417
27/06/2026;31729956;780548443680426;1.0;397
27/06/2026;31734762;722620711465679;2.33;
27/06/2026;31740626;853560216956080;0.12;397
27/06/2026;31747249;162716146748992;3.3;397
27/06/2026;31747260;824515770133688;7.3;369|393|397|412|417
27/06/2026;31748326;701902641574904;25.1;397
27/06/2026;31748920;60500535514428;0.28;393|417
27/06/2026;31749550;171265214682808;0.08;
27/06/2026;31749953;911721983232217;4.57;
27/06/2026;31752873;185131923631917;8.8;369|393|417
27/06/2026;31763608;57532518807872;13.96;
27/06/2026;31765461;485346758325344;0.41;393|417
27/06/2026;31768266;112072532133758;0.12;
27/06/2026;31775847;796907252402640;3.94;397
27/06/2026;31788421;296828943042827;6.03;397
27/06/2026;31797295;720367665569760;7.09;397
27/06/2026;31802401;132542888328691;25.57;397
27/06/2026;31802593;720706993906663;3.43;397
27/06/2026;31807358;335456696198044;6.8;369|412
27/06/2026;31808356;797465797398491;35.98;368|397
27/06/2026;31812695;46816537022409;4.69;
27/06/2026;31816725;226180375563340;4.24;397
27/06/2026;31817362;366452377285144;5.57;397
27/06/2026;31818867;248514936614663;1.36;397
27/06/2026;31819985;258302839478270;2.83;397
27/06/2026;31820570;382547975749690;0.27;393|417
27/06/2026;31821409;881992287601431;7.3;369|393|412|417
27/06/2026;31826357;909998010012681;0.05;
27/06/2026;31827044;47396455026590;60.08;393|397|417
27/06/2026;31827045;141520427639807;0.14;
27/06/2026;31827104;140931507018490;8.92;
27/06/2026;31827117;197869355148520;8.92;
27/06/2026;31830224;894176724381076;2.84;397
27/06/2026;31832272;730198851851902;5.89;397
27/06/2026;31833264;248914000442222;8.8;369|393|417
27/06/2026;31835500;250311169499326;11.39;420
27/06/2026;31835550;348204911752130;27.66;369|393|412|417
27/06/2026;31839052;978922519424428;67.0;393|397|416
27/06/2026;31839102;840727379058365;6.8;
27/06/2026;31839217;257436487549547;25.0;
27/06/2026;31839219;128577727850669;2.57;393|420
27/06/2026;31839267;921324003620957;0.57;397
27/06/2026;31839278;809259025824456;0.73;422
27/06/2026;31839284;189491964414940;2.2;421
27/06/2026;31839302;820800450305481;5.96;397
27/06/2026;31839509;125723863557893;4.73;397
27/06/2026;31839599;938965735133520;0.01;421
27/06/2026;31839627;580736777359472;0.36;
27/06/2026;31839630;567547279091845;2.84;397
27/06/2026;31839854;78717863413841;36.17;397|420
27/06/2026;31839857;552760482321735;0.82;397
27/06/2026;31839929;995695002505376;2.47;420
27/06/2026;31839952;788305278279240;0.39;
27/06/2026;31840019;489835317499459;0.26;
27/06/2026;31840140;524275617672554;29.19;190|397
27/06/2026;31840149;27232997748800;0.08;393|417
27/06/2026;31840221;567614324784888;0.04;
27/06/2026;31840250;139544924707405;22.24;397
27/06/2026;31840267;993703472745018;6.06;393|397|416
27/06/2026;31840286;618343408590852;0.14;393|419
27/06/2026;31840342;607440062370774;12.2;393|397|416
27/06/2026;31840357;318983596721851;0.2;393|419
27/06/2026;31840366;940620652492816;3.86;421
27/06/2026;31840421;799375805325642;0.98;397
27/06/2026;31840475;920275741428890;0.4;393|417
27/06/2026;31840477;106963686831692;2.84;397
27/06/2026;31840480;131379082315503;1.19;397
27/06/2026;31840494;621295633034458;0.22;
27/06/2026;31840515;657898678572072;1.59;397
27/06/2026;31840645;985434613773458;25.45;397
27/06/2026;31840654;134936494767444;0.16;
27/06/2026;31840658;189760257910116;0.42;
27/06/2026;31840674;506066351096147;0.43;393|416
27/06/2026;31840698;540476480942423;118.17;268|274|393|417
27/06/2026;31840703;621764771715028;0.87;393|416
27/06/2026;31840731;398219197247921;0.23;
27/06/2026;31840751;896825468844987;2.8;397
27/06/2026;31840754;180871751219515;12.91;397|421
27/06/2026;31840810;373045298808787;11.17;420
27/06/2026;31840812;901245703350211;38.88;393|397|412|417
27/06/2026;31840845;62039588984751;1.13;397
27/06/2026;31840865;148318580289915;0.25;
27/06/2026;31840931;706123101053463;7.07;397
27/06/2026;31841001;793377759303564;1.35;421
27/06/2026;31841016;341499686963292;2.7;393|420
27/06/2026;31841024;429212880179337;1.01;420
27/06/2026;31841064;763561604346685;1.3;397
27/06/2026;31841069;431000029740948;51.62;393|397|419
27/06/2026;31841152;65811411592052;0.04;397
27/06/2026;31841168;892808635370353;1.25;421
27/06/2026;31841181;219848217000450;8.19;397
27/06/2026;31841195;698495976425639;0.34;
27/06/2026;31841197;789458050381480;2.84;397
27/06/2026;31841222;331246720358825;1.98;397
27/06/2026;31841264;396000907587621;1.47;397
27/06/2026;31841353;467431461869667;0.34;
27/06/2026;31841368;660412932261164;88.75;268|274|393|417
27/06/2026;31841387;440121955060020;34.4;274
27/06/2026;31841398;813939605760035;0.44;
27/06/2026;31841469;686726115781713;0.29;393|397
27/06/2026;31841474;32940874857567;0.22;393
27/06/2026;31841475;350386440112814;4.09;421
27/06/2026;31841486;528981634413324;0.29;
27/06/2026;31841515;74444619160056;28.81;40|336|393|397|416|421
27/06/2026;31841524;559443751142207;0.3;393|417
27/06/2026;31841552;557951654039580;3.89;420
27/06/2026;31841610;753361211400355;0.35;420
27/06/2026;31841615;605556828389243;2.93;420
27/06/2026;31841620;879381942051168;0.06;393|419
27/06/2026;31841638;720950285318273;0.28;
27/06/2026;31841665;1041637085449;2.84;397
27/06/2026;31841682;512667504223293;1.61;397
27/06/2026;31841728;787289621786240;2.84;421
27/06/2026;31841734;857178933177631;1.96;420
27/06/2026;31841768;154738041178244;0.21;393|417
27/06/2026;31841784;475382041008664;19.64;397|421
27/06/2026;31841816;11144838388671;5.03;420
27/06/2026;31841871;368376625418637;0.77;393|416
27/06/2026;31841927;767860596136902;32.21;397
27/06/2026;31841960;52928290993144;0.17;393|416
27/06/2026;31842033;18993696656775;1.62;397
27/06/2026;31842047;941301226517583;2.84;397
27/06/2026;31842048;731610805525674;0.03;
27/06/2026;31842061;453989411936331;2.67;397
27/06/2026;31842069;179685773132653;3.26;397
27/06/2026;31842135;307629164540240;4.39;
27/06/2026;31842137;422988758319641;0.17;397
27/06/2026;31842154;387621634611614;0.31;393
27/06/2026;31842159;313455243501683;2.13;397
27/06/2026;31842176;811205301154057;1.99;420
27/06/2026;31842189;743521742371167;47.75;268|274|393|397|412|417
27/06/2026;31842197;151723503762212;2.84;397
27/06/2026;31842260;214811658190341;5.86;397
27/06/2026;31842321;898083937765516;2.34;397
27/06/2026;31842325;751590048645437;0.29;397
27/06/2026;31842327;762055623328563;0.15;
27/06/2026;31842334;847775103143334;0.05;393
27/06/2026;31842338;195517952667931;0.21;
27/06/2026;31842364;271679010073542;0.23;
27/06/2026;31842446;51839215198930;0.07;
27/06/2026;31842447;189982847046444;2.84;397
27/06/2026;31842460;572676342582996;0.07;397
27/06/2026;31842502;304331585486222;3.85;397
27/06/2026;31842504;942466129743237;3.73;397
27/06/2026;31842545;571081463039993;0.4;
27/06/2026;31842550;886972912435123;0.18;
27/06/2026;31842578;66902538420758;0.44;393
27/06/2026;31842607;567932927375077;1.25;393|417
27/06/2026;31842620;658519061490180;1.04;420
27/06/2026;31842627;753477629723812;0.33;422
27/06/2026;31842648;831577701432692;1.29;397
27/06/2026;31842787;407689159662665;0.1;393|419
27/06/2026;31842793;807123722312529;0.72;420
27/06/2026;31842820;642540023243497;33.3;268|274
27/06/2026;31842821;700827707292292;4.29;
27/06/2026;31842841;380619479822759;0.26;
27/06/2026;31842857;104809483744764;0.13;
27/06/2026;31842866;323676917899419;2.84;397
27/06/2026;31842914;414177968834143;0.91;397
27/06/2026;31842928;92656891438493;8.83;393|419
27/06/2026;31842996;288569897517116;2.0;397
27/06/2026;31843078;421865083554239;0.19;393
27/06/2026;31843081;177091015926292;8.06;268|274
27/06/2026;31843082;603956578182069;1.74;397
27/06/2026;31843170;252981913355706;0.21;393|416
27/06/2026;31843214;81671408811508;28.81;397
27/06/2026;31843218;934626659217779;3.4;397
27/06/2026;31843243;16193972775816;0.37;393|419
27/06/2026;31843301;781262103463817;2.84;397
27/06/2026;31843308;548781500420822;2.61;397
27/06/2026;31843356;590372075472747;0.22;
27/06/2026;31843357;907927611836048;0.05;393
27/06/2026;31843386;746009577898808;0.42;
27/06/2026;31843400;400239262719177;2.96;397
27/06/2026;31843404;95218845817679;14.11;397
27/06/2026;31843412;245345829505359;0.18;393|417
27/06/2026;31843436;150206675615849;0.13;393|419
27/06/2026;31843449;384249084425448;1.59;397
27/06/2026;31843491;775905023070759;0.58;397
27/06/2026;31843500;84855019237280;1.85;397
27/06/2026;31843517;992566421501062;0.59;250|412
27/06/2026;31843536;3865361817433;0.28;397
27/06/2026;31843545;241292825945871;0.25;
27/06/2026;31843553;739236423303068;56.54;393|397|416
27/06/2026;31843603;601476881836897;0.34;420
27/06/2026;31843632;630621511550777;0.03;393|419
27/06/2026;31843743;62040222963672;0.28;
27/06/2026;31843760;458470662176547;0.33;393|417
27/06/2026;31843770;301911151678456;2.84;397
27/06/2026;31843791;940224012349452;2.84;397
27/06/2026;31843792;994105932768872;2.84;397
28/06/2026;31839582;82481125128027;3.36;393|397|420
28/06/2026;31841167;202716847745241;0.78;397
28/06/2026;31842201;514723652267692;1.68;420
28/06/2026;31842290;232038409110423;0.68;397
28/06/2026;31842480;58168565862621;0.65;397
28/06/2026;31843174;410631143650787;0.4;
28/06/2026;31843368;69228842079466;0.58;420
28/06/2026;31843564;29263534246218;0.03;393|419
28/06/2026;31843821;587260777306011;1.99;397
28/06/2026;31843837;841479192138971;2.18;420
28/06/2026;31843873;527961372559229;7.26;397
28/06/2026;31844023;442179678705218;6.79;368|393|419
28/06/2026;31844146;402773044347756;0.89;420
28/06/2026;31844191;305408974308996;3.42;397
28/06/2026;31844232;705222192233361;1.6;420
28/06/2026;31844381;96968377145518;11.81;421
28/06/2026;31844391;581046442961797;2.84;397
28/06/2026;31844396;667236820861296;0.3;
28/06/2026;31844399;556275985281402;0.03;
28/06/2026;31844412;927809110910276;0.64;393
28/06/2026;31844509;447811281031501;0.39;
28/06/2026;31844531;933643762197546;19.81;397
28/06/2026;31844547;820350447585304;0.02;393|419
28/06/2026;31844557;614559894465092;0.88;393
28/06/2026;31844560;317033119744184;0.39;420
28/06/2026;31844568;815742500396007;29.29;393|397|419
28/06/2026;31844569;157939857220038;0.01;420
28/06/2026;31844571;356850914023911;0.04;
28/06/2026;31844583;451141092303102;0.81;393|397
28/06/2026;31844588;659578209498809;6.92;397
28/06/2026;31844600;142193693624658;2.21;421
28/06/2026;31844601;859495854889618;16.44;420
28/06/2026;31844628;860942398448541;6.15;268|274|393|412|417
28/06/2026;31844635;252763728521365;29.59;397|420
28/06/2026;31844655;515853349727711;68.38;268
28/06/2026;31844752;729026202201193;1.04;420
28/06/2026;31844768;790799373943577;2.84;397
28/06/2026;31844777;11766913159066;30.15;393|397|419
28/06/2026;31844794;221777954316180;0.46;393|397
28/06/2026;31844800;755814074240748;0.21;393|417
28/06/2026;31844818;265239905554351;30.32;393|397|417
28/06/2026;31844834;894526550215995;0.13;393
28/06/2026;31844869;328100212806866;0.08;
28/06/2026;31844897;303888137409959;0.14;397
28/06/2026;31844906;464895842759552;0.8;421
28/06/2026;31844912;610087958964380;2.42;250|393|412|417
28/06/2026;31844918;198288695603306;0.12;393
28/06/2026;31844958;428763379589159;0.14;393|419
28/06/2026;31844961;471694456296814;0.45;
28/06/2026;31844977;948144115402795;0.7;420
28/06/2026;31844998;977849109282775;0.75;420
28/06/2026;31845043;241328020113053;2.84;397
28/06/2026;31845048;674483688828559;0.17;
28/06/2026;31845052;589894168008890;4.0;397
28/06/2026;31845056;129418829191108;8.43;397
28/06/2026;31845070;164145126996845;0.34;393|416
28/06/2026;31845097;192703106588521;0.4;397
28/06/2026;31845131;44690842316089;1.26;420
28/06/2026;31845135;138572932837577;11.44;420
28/06/2026;31845136;170066766033918;31.03;393|397
28/06/2026;31845159;189385397406877;0.68;393|416
28/06/2026;31845177;682456504910401;81.5;397
28/06/2026;31845182;973530770487592;39.29;397
28/06/2026;31845245;615895214994387;0.11;393|419
28/06/2026;31845257;669360066733804;56.84;393|397|416
28/06/2026;31845306;415552004949130;2.11;420
28/06/2026;31845310;98214658416317;0.54;393|419
28/06/2026;31845316;327848423695775;2.12;420
28/06/2026;31845330;202060749134763;1.26;420
28/06/2026;31845363;781218288751660;2.84;397
28/06/2026;31845374;917161139893508;0.91;393|397
28/06/2026;31845377;510297531768372;0.87;393|397
28/06/2026;31845387;471095146631461;2.17;420
28/06/2026;31845399;396643831852311;30.2;393|397|419
28/06/2026;31845438;938390518447365;0.16;420
28/06/2026;31845448;529293728560665;1.59;420
28/06/2026;31845471;39481873198731;3.82;420
28/06/2026;31845490;119402008328328;2.86;420
28/06/2026;31845494;441286953586013;1.78;420
28/06/2026;31845495;244310143783880;11.54;420
28/06/2026;31845517;612499928724274;1.39;397
28/06/2026;31845519;263667475740859;0.6;393|416
28/06/2026;31845525;39578648830710;2.2;421
28/06/2026;31845529;816292379745309;0.38;
28/06/2026;31845530;367984276963436;2.05;421
28/06/2026;31845537;58220901764357;2.24;421
28/06/2026;31845538;643232614391398;0.12;393
28/06/2026;31845548;840806877539713;0.15;421
28/06/2026;31845550;707502723705430;0.38;
28/06/2026;31845558;161697806009185;2.51;421
28/06/2026;31845601;64059760967552;2.27;420
28/06/2026;31845678;521489054508033;0.27;420
28/06/2026;31845766;823032272834582;2.27;421
28/06/2026;31845776;56752888783079;0.01;420
28/06/2026;31845806;689163086444823;1.99;250|412
28/06/2026;31845809;586916382142470;3.32;397|420
28/06/2026;31845822;710567993644348;29.36;393|397|419
28/06/2026;31845877;353957815426330;40.66;397|420
28/06/2026;31845919;835049478137537;4.51;397
28/06/2026;31845983;456704420685349;8.52;397
28/06/2026;31845992;409373726614740;1.79;397
28/06/2026;31845996;993936812596235;2.89;397
28/06/2026;31846001;299494070932087;1.98;397
28/06/2026;31846006;810842159597962;22.83;393|397|412|417
28/06/2026;31846038;407037762608691;0.32;393
28/06/2026;31846053;973538849006404;2.84;397
28/06/2026;31846057;324016702271763;2.83;397
28/06/2026;31846063;205536337401490;2.81;397
28/06/2026;31846066;612069549277861;0.19;393|417
28/06/2026;31846083;369089381105431;0.26;
28/06/2026;31846087;68285879065924;0.43;397
28/06/2026;31846093;526711328546257;3.26;397
28/06/2026;31846098;177512734498920;2.84;397
28/06/2026;31846148;895250433442121;0.33;393|416
28/06/2026;31846149;362773379625683;2.17;421
28/06/2026;31846157;424677178394750;11.81;421
28/06/2026;31846161;411069333101215;0.11;393|416
28/06/2026;31846162;128080674519051;0.73;421
28/06/2026;31846168;795593394998905;0.38;393
28/06/2026;31846175;783974936443035;1.11;393|397
28/06/2026;31846180;521702207938073;3.27;
28/06/2026;31846196;220212319787073;0.36;393
28/06/2026;31846197;503689134874971;1.35;393|416|421
28/06/2026;31846204;515083486735018;51.65;397
28/06/2026;31846206;178758604864940;0.16;393|416
28/06/2026;31846219;714246484878476;2.43;421
28/06/2026;31846245;321619045683060;0.34;393|416
28/06/2026;31846267;467244072480689;0.32;393
28/06/2026;31846275;880782776034289;0.73;421
28/06/2026;31846283;581785459599364;0.23;393|416
28/06/2026;31846317;298118098065484;0.46;393
28/06/2026;31846327;185071398593684;0.46;
28/06/2026;31846332;176342311424704;2.0;397
28/06/2026;31846372;420652642560919;0.43;393|419
28/06/2026;31846399;35846183265649;0.36;
28/06/2026;31846416;261517967760185;0.62;393|419
28/06/2026;31846426;167386022186509;2.53;420
28/06/2026;31846510;877863663882117;0.51;420
28/06/2026;31846544;290260980148911;38.64;393|397
28/06/2026;31846561;135254731148549;31.04;393|397|419
28/06/2026;31846594;669064846222046;0.07;393|419
28/06/2026;31846632;921400389970631;16.0;420
28/06/2026;31846680;490680548004390;1.85;420
28/06/2026;31846693;914739766105077;2.01;420
28/06/2026;31846728;880407722029861;0.54;393
28/06/2026;31846733;103113668956065;0.52;393|419
28/06/2026;31846739;613887683551846;0.53;393|419
28/06/2026;31846757;356179433048541;1.74;420
28/06/2026;31846760;597320897233497;0.1;393|419
28/06/2026;31846785;397767683937303;0.43;393|419
28/06/2026;31846807;146639254864649;0.16;393|419
28/06/2026;31846821;632344548661027;0.01;420
28/06/2026;31846824;931339147864232;0.81;420
28/06/2026;31846843;753853759347241;0.41;420
28/06/2026;31846847;725626017885682;0.08;420
28/06/2026;31846902;699692376822245;0.56;420
28/06/2026;31846933;584563734717914;4.99;420
28/06/2026;31846996;373684925095595;1.66;420
28/06/2026;31847008;636906207925176;0.81;420
28/06/2026;31847033;852340136393602;1.11;420
28/06/2026;31847036;46254879750657;0.02;
28/06/2026;31847041;213458710035609;1.13;420
28/06/2026;31847051;546244091121593;4.96;393|419|420
28/06/2026;31847052;42128775917039;0.35;420
28/06/2026;31847089;46224893102319;0.1;393
28/06/2026;31847090;982631812766766;11.54;420
28/06/2026;31847092;407220721529229;1.34;420
28/06/2026;31847123;228196226847003;16.5;397|420
28/06/2026;31847144;829604392183704;170.94;268|274|393|417
28/06/2026;31847158;354515805992630;0.55;
28/06/2026;31847173;262584640779994;11.54;420
28/06/2026;31847174;363492169580223;21.18;393|397|420
28/06/2026;31847180;32146426799226;0.14;
28/06/2026;31847211;829761258884184;0.22;
28/06/2026;31847219;383776277703593;39.66;393|397|419
28/06/2026;31847235;791230224289022;0.07;393|419
28/06/2026;31847237;692827565451072;2.84;397|420
28/06/2026;31847239;886682855798634;0.25;
28/06/2026;31847252;623991830968539;0.02;397
28/06/2026;31847281;513308166089707;0.22;393|419
28/06/2026;31847317;756034704690859;0.71;420
28/06/2026;31847341;551669501470610;0.37;393|419
28/06/2026;31847352;760650769427826;2.17;420
28/06/2026;31847364;970420764946439;0.53;393|416
28/06/2026;31847378;553240280288447;0.22;
28/06/2026;31847382;191824773024377;0.32;
28/06/2026;31847400;446340592927956;0.75;420
28/06/2026;31847411;278409729062242;4.52;420
28/06/2026;31847418;933096289093954;0.52;
28/06/2026;31847432;868678703988718;3.44;420
28/06/2026;31847438;785820766333617;0.7;420
28/06/2026;31847448;916649338139545;0.41;420
28/06/2026;31847479;981925839844119;2.18;420
28/06/2026;31847526;95770672692085;2.05;420
28/06/2026;31847527;81139748103048;0.71;420
28/06/2026;31847529;990956793473630;1.65;420
28/06/2026;31847547;883252673807105;0.07;393|416
28/06/2026;31847558;354543117692268;8.34;397
28/06/2026;31847567;916989699462570;0.01;420
28/06/2026;31847596;609975603024756;0.32;393|419
28/06/2026;31847613;525490914268351;10.87;397|420
28/06/2026;31847617;52757633454758;0.37;393|419
28/06/2026;31847636;479167253884925;0.43;
28/06/2026;31847658;861742470377093;0.33;
28/06/2026;31847671;141633976837687;0.01;421
28/06/2026;31847686;687480822576026;0.28;393|416
28/06/2026;31847708;594533916221743;0.58;397
28/06/2026;31847723;550567376168778;17.97;397|420
28/06/2026;31847732;433338681778908;0.41;393|419
28/06/2026;31847742;277584444493079;1.81;250|412
28/06/2026;31847747;389700067724507;61.41;393|397|419
28/06/2026;31847755;415073025299233;1.99;420
28/06/2026;31847798;457000839224195;1.8;420
28/06/2026;31847817;781930073789930;2.04;420
28/06/2026;31847831;883061911985402;1.65;420
28/06/2026;31847875;657315963259071;0.53;393|416
28/06/2026;31847879;220991151938281;3.26;397
28/06/2026;31847905;563169730478093;2.05;421
28/06/2026;31847918;67822996447609;0.3;
28/06/2026;31847934;385205675399502;2.82;420
28/06/2026;31847939;947154259827238;0.8;397
28/06/2026;31847965;17710053682059;1.01;420
28/06/2026;31847985;18616693866914;1.8;420
28/06/2026;31848004;69911410079102;1.07;420
28/06/2026;31848030;302146261275516;0.41;420
28/06/2026;31848032;715918859554615;0.72;420
28/06/2026;31848055;612644177243136;0.01;420
28/06/2026;31848061;736025054623042;0.01;420
28/06/2026;31848125;428278754465530;2.61;393|397|420
28/06/2026;31848139;704036074116593;0.33;393|419
28/06/2026;31848146;853157891141196;1.18;393|419
28/06/2026;31848193;511897324575000;0.72;420
28/06/2026;31848232;840125452407241;0.01;420
28/06/2026;31848247;398516004777783;0.23;
28/06/2026;31848305;588784359756647;2.73;421
28/06/2026;31848338;945026861943864;0.04;393|419
28/06/2026;31848340;579958849619323;0.34;393|419
28/06/2026;31848353;197367275258301;0.01;420
28/06/2026;31848356;193804948449853;0.07;393|419
28/06/2026;31848391;451604030965209;0.52;393|419
28/06/2026;31848477;891173950016562;0.09;393|416
28/06/2026;31848538;677573330860635;0.53;
28/06/2026;31848564;555344591022075;0.3;393|419
28/06/2026;31848574;185746580660734;0.18;393|419
28/06/2026;31848580;379849951663985;0.86;420
28/06/2026;31848589;22681148777576;2.86;420
28/06/2026;31848592;693919593929010;0.33;
28/06/2026;31848600;229714374502303;1.47;397
28/06/2026;31848622;693754080119275;0.5;393|419
28/06/2026;31848639;803974588514478;0.34;421
28/06/2026;31848644;670069859385623;0.71;393
28/06/2026;31848645;279740076743064;0.34;421
28/06/2026;31848662;306612158547279;0.19;393
28/06/2026;31848683;319277994651806;9.53;393|419
28/06/2026;31848684;148465981966667;4.85;420
28/06/2026;31848691;331907238359348;0.26;393|419
28/06/2026;31848723;123399935220390;3.69;420
28/06/2026;31848764;343174469271085;1.59;397
28/06/2026;31848782;396622905489928;0.34;
28/06/2026;31848794;769492961252461;0.62;397
28/06/2026;31848798;312903172083008;2.2;420
28/06/2026;31848799;557663594994315;0.31;397
28/06/2026;31848843;787990064860134;2.84;397
28/06/2026;31848853;878078513178229;0.65;393|419
28/06/2026;31848862;564429001649200;29.4;397|420
28/06/2026;31848873;516108915582020;1.66;397
28/06/2026;31848894;940564631114945;1.66;397
28/06/2026;31848896;299427949870894;1.61;
28/06/2026;31848905;999775457094269;0.03;393
28/06/2026;31848918;113145504447797;0.02;393|417
28/06/2026;31848952;177719269326713;2.15;420
28/06/2026;31848953;89739431643887;0.62;393|419
28/06/2026;31848957;280225996433558;0.29;
28/06/2026;31848963;172442525190959;0.46;393
28/06/2026;31848984;402270136243826;0.01;420
28/06/2026;31848995;5530652621239;149.16;268|274
28/06/2026;31849006;96308158271135;0.53;397
28/06/2026;31849061;103475506863794;0.07;393
28/06/2026;31849085;536783038356318;0.36;420
28/06/2026;31849093;278379356059595;0.15;420
28/06/2026;31849132;510916794533959;0.92;397
28/06/2026;31849152;647503914078816;0.75;397
28/06/2026;31849155;468971902071774;0.01;421
28/06/2026;31849156;869982031084931;2.21;421
28/06/2026;31849158;477823272186252;0.34;421
28/06/2026;31849169;344633174164534;0.3;
28/06/2026;31849189;758699990431134;0.06;393|417
28/06/2026;31849209;750909249686693;0.5;393|419
28/06/2026;31849238;492492925634319;1.74;393|419
28/06/2026;31849254;732132054392125;4.29;397
28/06/2026;31849257;632619878294482;2.84;397
28/06/2026;31849273;868600473807309;2.01;420
28/06/2026;31849287;522804903792899;0.03;421
28/06/2026;31849296;505635656729679;0.06;393|419
28/06/2026;31849310;188856551688764;1.97;420
28/06/2026;31849328;342845021197249;1.8;250|412
28/06/2026;31849335;780686174375317;0.31;393
28/06/2026;31849339;299131715951478;0.41;420
28/06/2026;31849417;614922482869503;0.63;393|416|421
28/06/2026;31849466;175001769058213;0.16;420
28/06/2026;31849470;69077268510663;1.86;420
28/06/2026;31849474;621341327764723;8.13;420
28/06/2026;31849496;347966273047736;2.06;397
28/06/2026;31849510;822963951144578;0.47;393
28/06/2026;31849558;781752132599846;12.39;393|397|416
28/06/2026;31849597;179742849002362;0.33;
28/06/2026;31849635;738449718710484;0.07;
28/06/2026;31849657;348738924650305;0.38;
28/06/2026;31849690;607216110953074;0.15;
28/06/2026;31849700;706284163159671;0.43;393
28/06/2026;31849764;671758623902459;2.17;420
28/06/2026;31849791;375549716268467;2.04;420
28/06/2026;31849793;466562176232729;1.56;393|420
28/06/2026;31849806;433683673356820;0.16;
28/06/2026;31849839;646013248702914;917.4;393|419
28/06/2026;31849852;364592863968218;0.18;393|416
28/06/2026;31849869;361209066432304;3.33;
28/06/2026;31849899;441503257385800;0.62;393|419
28/06/2026;31849900;694602218002671;1.96;420
28/06/2026;31849924;53530124351448;0.34;420
28/06/2026;31849957;389484992109818;0.24;393
28/06/2026;31849964;174236517328765;0.56;420
28/06/2026;31849985;471644189707678;0.34;420
28/06/2026;31849994;937383136024120;2.04;420
28/06/2026;31850023;9198029093906;0.67;
28/06/2026;31850034;500050681419874;0.06;
28/06/2026;31850237;442300046282953;5.34;
28/06/2026;31850254;904704129645122;0.22;
28/06/2026;31850266;20115004382031;2.77;393|397|420
28/06/2026;31850280;948345441622706;0.07;393|419
28/06/2026;31850281;324965388748837;17.74;397|420
28/06/2026;31850293;460207485958119;0.99;420
28/06/2026;31850327;416067088600534;25.93;397
28/06/2026;31850334;429213734519635;0.4;
28/06/2026;31850335;521080113957873;9.5;393
28/06/2026;31850337;482691213775791;0.53;397
28/06/2026;31850339;228530791649960;2.84;397
28/06/2026;31850364;180880419945238;3.05;421
28/06/2026;31850391;228230457011913;0.22;393|419
28/06/2026;31850411;770337356194695;1.8;420
28/06/2026;31850426;941751749479942;0.41;420
28/06/2026;31850485;363882192184399;2.53;397
28/06/2026;31850490;29721871529115;0.72;397
28/06/2026;31850546;436504052512572;4.57;393|420
28/06/2026;31850588;401477326834332;0.37;
28/06/2026;31850594;11364863046321;21.57;393|397|412|417
28/06/2026;31850601;105106515427217;6.14;397
28/06/2026;31850611;464812194407435;6.14;397
28/06/2026;31850620;346353388522830;0.13;397
28/06/2026;31850621;647934184494640;0.32;397
28/06/2026;31850646;123887981042817;0.72;397
28/06/2026;31850683;314833029857480;3.58;397
28/06/2026;31850688;928380825613536;0.01;
28/06/2026;31850694;954562119842149;31.69;393|397|416
28/06/2026;31850709;747705666659322;11.68;422
28/06/2026;31850718;465570620825343;11.08;397|420
28/06/2026;31850739;362321044230177;1.41;
28/06/2026;31850744;840565462851845;0.86;393|417
28/06/2026;31850756;849579081675883;0.26;393|416
28/06/2026;31850762;583572147707562;2.4;421
28/06/2026;31850770;606968969894318;0.48;393|416
28/06/2026;31850783;607798214241419;0.33;393|416
28/06/2026;31850794;459665762519298;0.18;393|419
28/06/2026;31850805;830595215756460;1.65;420
28/06/2026;31850829;903861349962861;0.04;
28/06/2026;31850847;49711966094239;0.12;393|419
28/06/2026;31850893;109724185553355;0.28;393|419
28/06/2026;31850921;128925667075527;0.08;
28/06/2026;31850970;259599143330163;0.27;393|416
28/06/2026;31850976;476488366234975;42.67;393|397|419|420
28/06/2026;31850996;498203402229830;0.1;
28/06/2026;31851000;216784372509266;0.06;
28/06/2026;31851005;120748503543987;1.94;420
28/06/2026;31851009;663411470944660;1.65;393|419|420
28/06/2026;31851040;43797277502189;1.79;397
28/06/2026;31851042;355119962652694;0.15;
28/06/2026;31851061;899636029978041;2.7;393|420
28/06/2026;31851068;622041560540706;0.55;393
28/06/2026;31851082;229489087785658;2.84;397
28/06/2026;31851097;836689874704828;0.11;393|416
28/06/2026;31851107;788017701930968;0.32;397
28/06/2026;31851110;551633954344917;0.1;393
28/06/2026;31851111;210746541215554;0.16;421
28/06/2026;31851112;963893302703998;2.43;421
28/06/2026;31851114;479392405805124;1.01;393
28/06/2026;31851120;12605730091132;0.33;393|416
28/06/2026;31851123;647949094305484;0.14;393|417
28/06/2026;31851128;345261390323610;0.01;421
28/06/2026;31851156;496170073051124;30.17;393|397|419
28/06/2026;31851182;856869723342094;0.04;420
28/06/2026;31851193;73749737972637;0.04;420
28/06/2026;31851220;188387026987095;0.14;420
28/06/2026;31851223;47146674440391;0.16;420
28/06/2026;31851231;593489427114084;0.17;393|417
28/06/2026;31851232;17273582582665;0.38;393|417
28/06/2026;31851252;920241753566987;4.52;420
28/06/2026;31851270;37761772974610;0.25;420
28/06/2026;31851282;129137212755609;0.08;
28/06/2026;31851324;306045732927245;0.29;
28/06/2026;31851376;207353029246149;0.02;
28/06/2026;31851379;648445341560554;1.59;397
28/06/2026;31851382;424447889675783;0.57;397
28/06/2026;31851406;368468669957809;0.48;393|416
28/06/2026;31851427;387177982724266;0.08;
28/06/2026;31851429;306684896725527;0.04;420
28/06/2026;31851440;140885498781951;0.38;420
28/06/2026;31851445;857153529508198;4.97;420
28/06/2026;31851455;622987034036593;2.94;393
28/06/2026;31851458;541099055104310;0.03;
28/06/2026;31851476;388639545303408;0.43;
28/06/2026;31851493;425833877078874;5.15;420
28/06/2026;31851519;112417111633465;1.94;420
28/06/2026;31851520;45276461059462;0.35;420
28/06/2026;31851521;573807781277504;0.13;393|419
28/06/2026;31851527;964499949535682;1.84;420
28/06/2026;31851535;71147401554;0.56;420
28/06/2026;31851550;41845907081136;0.17;397
28/06/2026;31851557;651286989940621;2.32;420
28/06/2026;31851566;122718485992997;1.65;420
28/06/2026;31851567;326599429443279;0.02;
28/06/2026;31851591;865056602001528;0.41;420
28/06/2026;31851628;593941259113431;0.24;393|417
28/06/2026;31851641;980657903947374;1.81;393|397|417
28/06/2026;31851642;521221992119192;2.84;397
28/06/2026;31851645;130596129889145;1.05;421
28/06/2026;31851653;186959468797529;0.26;393
28/06/2026;31851662;463499857081382;0.02;
28/06/2026;31851665;803787351101814;1.86;420
28/06/2026;31851668;922729720747760;0.09;
28/06/2026;31851723;626553362136105;0.56;420
28/06/2026;31851729;944790126824525;0.32;
28/06/2026;31851748;232144720735133;45.88;397|420
28/06/2026;31851751;581599718617714;0.15;
28/06/2026;31851774;5220145234877;3.54;420
28/06/2026;31851777;730017198699018;0.27;420
28/06/2026;31851795;393040302832070;0.63;420
28/06/2026;31851821;96717386761240;0.16;
28/06/2026;31851824;917107509063950;4.29;397
28/06/2026;31851830;448693888817865;3.26;397
28/06/2026;31851836;930800988928369;2.92;420
28/06/2026;31851840;819650806736341;0.55;393|416
28/06/2026;31851847;340426715184426;0.25;393|416
28/06/2026;31851864;253818544057246;0.72;421
28/06/2026;31851883;5756198342351;2.17;420
28/06/2026;31851888;738868585806145;10.25;420
28/06/2026;31851892;808607799285163;8.52;397
28/06/2026;31851903;993892941326984;4.77;397
28/06/2026;31851932;784880379562016;11.65;397
28/06/2026;31851940;29609236398107;1.5;397
28/06/2026;31851949;918795633557133;0.15;
28/06/2026;31851954;876588547014368;3.26;397
28/06/2026;31851960;317434344641402;1.59;397
28/06/2026;31851964;496751888726836;2.66;397
28/06/2026;31852009;548763876879169;0.33;
28/06/2026;31852034;832920313620414;1.37;420
28/06/2026;31852040;898049802744223;0.22;393|416
28/06/2026;31852043;113033655424619;6.8;369|393|412|417
28/06/2026;31852050;671870039889811;24.02;397
28/06/2026;31852077;727454368255315;3.79;397
28/06/2026;31852096;589006782920234;0.78;409|410
28/06/2026;31852101;826542112218732;1.09;
28/06/2026;31852105;433416362626012;20.28;397|422
28/06/2026;31852114;939925203358814;18.56;397
28/06/2026;31852123;873694651097140;0.62;393
28/06/2026;31852136;242617761347306;4.7;397
28/06/2026;31852169;175905699529851;35.42;393|397|412|417
29/06/2026;31601847;43735219367539;2.36;397
29/06/2026;31618024;880942382003469;0.64;393
29/06/2026;31695059;591550328356959;14.87;
29/06/2026;31700545;874142277096144;0.94;393|416
29/06/2026;31702307;92026628503161;77.31;397
29/06/2026;31707328;291748659762417;1.55;397
29/06/2026;31707794;151209744309266;59.53;84|393|397
29/06/2026;31709402;978256838795035;21.36;397
29/06/2026;31709714;663782810063804;58.46;84|393|397
29/06/2026;31711361;772921251554368;41.5;393|397
29/06/2026;31716507;997295979619709;12.86;397
29/06/2026;31716551;861710136677049;8.38;397
29/06/2026;31717275;795098339128398;3.67;
29/06/2026;31717886;434419770491277;64.94;393|397
29/06/2026;31719619;839113632372636;1.79;397
29/06/2026;31721436;72652043244189;44.65;397
29/06/2026;31721695;559706893757748;10.82;397
29/06/2026;31723780;418672398450044;0.69;397
29/06/2026;31724646;554222156011219;25.58;393|416
29/06/2026;31724648;621356670984901;58.45;393|397|416
29/06/2026;31725201;452082564048796;0.9;397
29/06/2026;31726049;992385063547612;1.03;393|416
29/06/2026;31729193;980502399806144;3.3;397
29/06/2026;31734054;453028836155134;2.83;397
29/06/2026;31734836;752613027395378;3.24;397
29/06/2026;31740955;940375646372460;57.33;393
29/06/2026;31742266;71331080173094;80.51;393|397
29/06/2026;31742597;839831986617775;38.08;393
29/06/2026;31744000;649879328249940;39.33;397
29/06/2026;31745887;11172994972271;1.27;
29/06/2026;31746304;300482001308962;0.33;397
29/06/2026;31746373;881366729746236;36.5;84|393|397
29/06/2026;31746464;788817575869617;17.74;
29/06/2026;31746926;51073267060699;3.34;397
29/06/2026;31748197;394685739760033;55.91;84|393|397
29/06/2026;31748934;453718186352013;6.03;397
29/06/2026;31752858;922659677494848;28.08;393
29/06/2026;31752888;853477068478644;31.09;397
29/06/2026;31758491;268780943122331;0.12;393|416
29/06/2026;31761445;649527746894804;57.5;393|397|416
29/06/2026;31761789;760459228403712;3.35;397
29/06/2026;31763179;865532163983975;79.04;393|397
29/06/2026;31763303;899901914375576;5.75;397
29/06/2026;31764425;133139882877331;5.1;397
29/06/2026;31765684;83127510577013;1.61;422
29/06/2026;31766232;459334500510229;71.29;397
29/06/2026;31766707;564375153254493;60.43;393|397
29/06/2026;31766908;351084433345844;18.74;397
29/06/2026;31767622;334595775099615;21.15;397
29/06/2026;31775939;217930725719925;4.11;397
29/06/2026;31778205;879162692764558;16.12;397
29/06/2026;31781564;278360721768242;61.9;393|397
29/06/2026;31785397;305656951022626;0.9;397
29/06/2026;31787963;212145008021080;39.28;393|397|416
29/06/2026;31788102;953582080931540;2.93;397
29/06/2026;31789842;78452990806536;11.44;397
29/06/2026;31790648;691263485878240;0.08;393|416
29/06/2026;31791890;885240893091624;59.56;84|393|397
29/06/2026;31792010;989946165061149;6.5;397
29/06/2026;31792121;528911578401472;60.35;84|393|397
29/06/2026;31792719;927459099688745;0.79;393|416
29/06/2026;31797036;797389951748829;0.86;153|213|424
29/06/2026;31797265;721257713644544;12.86;397
29/06/2026;31799749;190284738628144;7.92;202|213|269|355|371|372|397|409|410|424
29/06/2026;31800602;182408789056998;8.86;397
29/06/2026;31802488;710218692906945;3.68;397
29/06/2026;31804726;226937384380144;19.9;
29/06/2026;31804774;642709448100592;1.02;393|416
29/06/2026;31806159;242623365345705;1.04;153|213|424
29/06/2026;31806541;999079246269780;5.57;213|269|355|393|417|424
29/06/2026;31808211;123350269646601;39.24;393
29/06/2026;31812123;11152924954310;10.43;393|416
29/06/2026;31812193;83125087916666;0.41;213|424
29/06/2026;31812707;539071901822175;5.96;153|213|269|355|397|424
29/06/2026;31814100;501981363958156;19.8;213|269|355|393|397|417|424
29/06/2026;31814217;78665323605016;7.92;202|213|269|355|371|372|397|409|410|424
29/06/2026;31814604;750256158099525;7.07;202|213|269|355|371|372|393|397|409|410|417|424
29/06/2026;31814903;459062518500555;7.92;202|213|269|355|371|372|393|397|409|410|417|424
29/06/2026;31815513;881124264696107;6.12;202|213|269|355|371|372|393|397|409|410|417|424
29/06/2026;31815631;255223134779928;5.57;153|213|269|355|424
29/06/2026;31815843;994286972633127;30.63;393
29/06/2026;31816032;998237571893274;39.24;393
29/06/2026;31816557;949790573950682;0.28;393|416
29/06/2026;31820675;706762661739375;32.73;393
29/06/2026;31821410;48446683603820;0.38;
29/06/2026;31821829;345141177489676;3.03;213|424
29/06/2026;31822798;144991481384946;1.5;213|424
29/06/2026;31822866;689267911369820;48.89;393
29/06/2026;31823053;168381664761292;7.92;202|213|269|355|371|372|397|409|410|424
29/06/2026;31823098;462481983115875;0.02;213|424
29/06/2026;31823294;674141982830893;61.24;393|397
29/06/2026;31823706;17269327678649;0.77;393
29/06/2026;31824032;401702245744920;8.18;393
29/06/2026;31824375;644461525590015;2.07;421
29/06/2026;31824916;96343597699017;0.41;213|424
29/06/2026;31825169;732771470879786;10.38;393
29/06/2026;31825279;21195452036197;7.92;202|213|269|355|371|372|397|409|410|424
29/06/2026;31825477;10841167858439;79.34;
29/06/2026;31825661;917999720706189;6.84;202|213|269|355|393|409|410|417|424
29/06/2026;31826035;375850048091635;7.4;213|424
29/06/2026;31826060;916512192585875;51.08;393
29/06/2026;31828005;557171228474795;0.78;393|417
29/06/2026;31830037;962079182064799;28.24;393
29/06/2026;31830428;833003117736021;20.25;393
29/06/2026;31832457;749882938740039;0.17;202|213|409|410|424
29/06/2026;31832634;570580627451753;4.12;397
29/06/2026;31832823;276831434755259;1.95;213|424
29/06/2026;31833053;85570541601454;0.02;202|213|409|410|424
29/06/2026;31833054;618152898445561;1.95;213|424
29/06/2026;31833316;887991286039693;0.59;213|424
29/06/2026;31833348;438299762136491;52.24;393
29/06/2026;31833517;143391788063788;0.17;202|213|409|410|424
29/06/2026;31833667;967384060337670;0.57;202|213|409|410|424
29/06/2026;31833889;565898146337810;0.79;202|213|409|410|424
29/06/2026;31833916;719819846319151;1.95;213|424
29/06/2026;31833982;533937909897236;227.79;202|213|269|393|397|409|410|417|424
29/06/2026;31834037;231095876614124;3.88;202|213|409|410|424
29/06/2026;31834395;521252122999954;0.36;393|416
29/06/2026;31834526;270464580574951;75.86;202|213|269|393|397|409|410|417|424
29/06/2026;31835099;534896276448853;0.79;202|213|409|410|424
29/06/2026;31835207;902642703196698;1.22;202|213|409|410|424
29/06/2026;31835670;199907469157862;1.95;213|424
29/06/2026;31835961;472826135306433;1.12;202|213|409|410|424
29/06/2026;31836359;830555860239804;0.49;202|213|409|410|424
29/06/2026;31836692;293207485040588;0.44;202|213|409|410|424
29/06/2026;31836887;348246920197393;0.59;213|424
29/06/2026;31836955;675779130596615;28.98;213|269|355|393|417|424
29/06/2026;31837451;232145876901876;3.88;202|213|409|410|424
29/06/2026;31838043;513690710958010;1.27;
29/06/2026;31838127;116061586579480;0.29;
29/06/2026;31840987;541654401804815;0.44;202|213|409|410|424
29/06/2026;31841119;775205226113815;15.97;393
29/06/2026;31841406;103391158860019;8.14;
29/06/2026;31842188;345296565446286;1.63;
29/06/2026;31844580;181409473179048;5.12;420
29/06/2026;31844584;190719812877063;5.11;
29/06/2026;31845539;623900369227095;0.06;393
29/06/2026;31850059;331900358723024;0.23;397
29/06/2026;31850298;209634544547959;1.26;393
29/06/2026;31850617;582284095310392;8.43;393|397|416
29/06/2026;31852191;148694305030942;0.45;
29/06/2026;31852225;409863578710119;1.62;397
29/06/2026;31852232;34024746350184;0.14;
29/06/2026;31852247;622730189485065;0.47;420
29/06/2026;31852315;192447258601761;0.66;393
29/06/2026;31852446;134882162059007;0.59;250|412
29/06/2026;31852453;207667298882603;0.08;397
29/06/2026;31852457;907632999185185;0.05;397
29/06/2026;31852735;338260803081395;23.35;397
29/06/2026;31852757;896329054676789;0.57;
29/06/2026;31852758;515782761423892;1.72;397
29/06/2026;31852956;198578989676891;1.41;393|416
29/06/2026;31852957;799437657456144;0.26;
29/06/2026;31852985;471620238368125;6.56;397
29/06/2026;31853053;961888486224091;44.35;397
29/06/2026;31853177;249922518183761;0.64;213|424
29/06/2026;31853183;296949106472056;10.35;202|213|250|269|355|393|409|410|412|417|424
29/06/2026;31853185;190125859022025;10.35;202|213|250|269|355|393|409|410|412|417|424
29/06/2026;31853219;49416013292289;1.49;393|416
29/06/2026;31853233;879070693344267;0.08;
29/06/2026;31853239;32651230790531;12.15;397
29/06/2026;31853242;482350593031946;0.1;393|416
29/06/2026;31853324;2426601860069;2.79;397
29/06/2026;31853380;525927810056930;235.0;393|397|416
29/06/2026;31853388;620009142457620;2.84;397
29/06/2026;31853406;246810568881022;56.53;393|397|412|417
29/06/2026;31853511;919804216217995;14.35;397
29/06/2026;31853524;774028311834995;69.93;393|397|416
29/06/2026;31853525;75366726946749;98.78;397
29/06/2026;31853529;321432300543721;17.93;397|420
29/06/2026;31853545;217892069531049;9.2;
29/06/2026;31853554;702809563574275;266.11;
29/06/2026;31853627;822064303052396;2.84;397
29/06/2026;31853667;250931876030186;1.98;397
29/06/2026;31853708;783151286967240;0.76;397
29/06/2026;31853815;740453653587400;26.15;397
29/06/2026;31853957;795050587368723;0.07;
29/06/2026;31853961;358740982665457;2.11;420
29/06/2026;31853972;822283632588262;2.04;420
29/06/2026;31854090;669015174392471;2.99;
29/06/2026;31854149;476463571276771;2.84;397
29/06/2026;31854157;301846179734362;4.19;
29/06/2026;31854223;862961250337746;0.77;
29/06/2026;31854236;130908692149672;0.72;393
29/06/2026;31854265;129778954703916;0.61;393|419
29/06/2026;31854292;610541502285520;0.49;393|417
29/06/2026;31854294;44269806679231;2.84;397
29/06/2026;31854305;479223769364228;0.22;393|416
29/06/2026;31854314;836438248991649;0.03;421
29/06/2026;31854323;492094499704343;2.84;397
29/06/2026;31854326;485340713564487;13.22;397
29/06/2026;31854336;142034110973255;0.36;393|416
29/06/2026;31854386;881300165507754;0.02;
29/06/2026;31854435;816689248151370;8.12;420
29/06/2026;31854468;988467298214910;0.33;397
29/06/2026;31854488;326157159163781;0.37;393|416
29/06/2026;31854506;639564899901577;0.48;393|419
29/06/2026;31854538;959031527746532;0.2;397
29/06/2026;31854572;511255148407484;117.63;268|274
29/06/2026;31854585;931695939356688;2.27;397
29/06/2026;31854586;277435765402699;2.58;397
29/06/2026;31854593;280357913922834;0.48;
29/06/2026;31854644;263529134677122;0.02;397
29/06/2026;31854678;144366557518622;0.18;
29/06/2026;31854815;686407365983382;0.44;
29/06/2026;31854823;637028951802700;0.1;
29/06/2026;31854825;946090263532988;26.92;393|397|417
29/06/2026;31854832;388683222463400;2.84;397
29/06/2026;31854833;327404295864922;3.32;397
29/06/2026;31855048;641401871963831;2.21;422
29/06/2026;31855083;801143234272969;1.3;421
29/06/2026;31855089;787094712890329;2.1;397
29/06/2026;31855110;448902822612475;0.32;397
29/06/2026;31855138;689846010343627;0.72;421
29/06/2026;31855154;801077261146908;0.48;393|416
29/06/2026;31855165;996000424828297;0.75;393
29/06/2026;31855208;899830592733218;11.28;422
29/06/2026;31855218;995449120929473;37.26;393|397
29/06/2026;31855234;311028181769207;0.14;397
29/06/2026;31855311;386937047535785;2.04;420
29/06/2026;31855319;847775925981118;2.17;420
29/06/2026;31855329;575348691477113;0.86;
29/06/2026;31855343;623841223270632;1.8;420
29/06/2026;31855372;397848609689916;0.1;393
29/06/2026;31855380;528714925381891;4.43;420
29/06/2026;31855460;313131680251428;0.18;393|419
29/06/2026;31855496;310085378516854;0.26;
29/06/2026;31855504;306627361707964;2.17;420
29/06/2026;31855517;655486739288435;0.14;420
29/06/2026;31855527;784969984701483;0.07;393|419
29/06/2026;31855566;735330303982030;2.53;420
29/06/2026;31855584;743071858402356;0.19;393|417
29/06/2026;31855663;919551494071138;0.02;393|416
29/06/2026;31855677;250856790549039;2.25;393|420
29/06/2026;31855695;420961459072646;0.79;420
29/06/2026;31855738;937699798568035;2.72;397
29/06/2026;31855783;214057220344227;671.92;393|419
29/06/2026;31855785;51833545497982;1.8;250|412
29/06/2026;31855875;941829987883958;18.23;397|422
29/06/2026;31855896;414497190876758;9.05;422
29/06/2026;31855935;861838905999303;1.66;420
29/06/2026;31855959;666017899545463;3.81;268|274|412
29/06/2026;31855976;762629106872719;19.63;393|397|412|417
29/06/2026;31855977;116302286243127;0.75;397
29/06/2026;31855989;158804586820680;0.78;393|397
29/06/2026;31856017;549104975431358;0.52;
29/06/2026;31856018;510132471488777;3.43;421
29/06/2026;31856027;997643288272114;0.35;
29/06/2026;31856052;775268434056357;0.78;397
29/06/2026;31856089;266068543411244;10.86;397
29/06/2026;31856108;212521874220817;0.36;393|416
29/06/2026;31856166;865522372009346;0.35;
29/06/2026;31856168;231935644973323;1.65;420
29/06/2026;31856175;206507580011823;0.3;
29/06/2026;31856242;177789682103410;0.54;274|393|417
29/06/2026;31856265;845275060400969;0.78;420
29/06/2026;31856270;763050103852384;0.26;393|419
29/06/2026;31856362;907331538417943;1.12;420
29/06/2026;31856403;977850296622894;0.53;393|416
29/06/2026;31856479;543699344946659;2.84;397
29/06/2026;31856519;993500257925069;0.61;420
29/06/2026;31856602;991607438815890;0.8;397
29/06/2026;31856669;794215117154935;0.26;
29/06/2026;31856703;949424880092563;2.28;397
29/06/2026;31856764;717336691008162;0.07;393|419
29/06/2026;31856778;837772825901261;0.33;393
29/06/2026;31856794;789784519568460;0.22;
29/06/2026;31856823;991217971892254;4.15;397
29/06/2026;31856853;276763002431134;5.06;421
29/06/2026;31856874;661161142567130;1.37;420
29/06/2026;31856894;594110023091550;2.84;397
29/06/2026;31856899;183294665750618;0.39;
29/06/2026;31856949;128654181677742;14.05;368|393|397|419
29/06/2026;31856951;776169207103018;20.63;369|393|397|417
29/06/2026;31857106;888558300111741;0.45;
29/06/2026;31857190;420671758767650;0.05;393
29/06/2026;31857236;576341842325515;2.34;397
29/06/2026;31857246;147326513537126;3.89;
29/06/2026;31857292;220285815094469;0.58;393|416
29/06/2026;31857393;481402521796180;0.25;
29/06/2026;31857424;80303129415736;72.0;393|397|419
29/06/2026;31857437;375327069308512;2.94;393|397|420
29/06/2026;31857550;615750067576994;0.05;
29/06/2026;31857580;442469783906715;0.74;420
29/06/2026;31857605;422081978517995;0.16;
29/06/2026;31857611;448916599515564;142.99;268|274|393|417
29/06/2026;31857636;345113498863752;0.39;
29/06/2026;31857642;781247563856793;0.21;
29/06/2026;31857658;792375592266505;0.12;393|416
29/06/2026;31857683;344581091154787;0.17;393|419
29/06/2026;31857686;391441112311036;0.05;
29/06/2026;31857817;387682745714226;1.65;420
29/06/2026;31857819;820829059948528;0.13;393|419
29/06/2026;31857854;304429886881815;9.63;421
29/06/2026;31857903;936690165834591;0.06;
29/06/2026;31857908;384379291413207;0.09;
29/06/2026;31857996;978030935733820;27.14;397
29/06/2026;31858015;679004287191177;0.34;393|416
29/06/2026;31858023;939390434825280;0.23;
29/06/2026;31858030;141299894925632;18.99;397|420
29/06/2026;31858037;34865395604743;0.17;393|417
29/06/2026;31858066;357143066048127;2.03;393|397
29/06/2026;31858110;502785824199932;0.34;393|417
29/06/2026;31858125;307706580893340;0.3;
29/06/2026;31858170;480897044601480;1.66;397
29/06/2026;31858193;236982269370904;2.84;397
29/06/2026;31858265;383025683721097;0.36;393
29/06/2026;31858283;688130944169869;1.83;397
29/06/2026;31858310;446222602091337;2.84;397
29/06/2026;31858331;782128331753189;2.58;397
29/06/2026;31858348;49570350582962;11.06;
29/06/2026;31858356;686568207136707;0.29;397
29/06/2026;31858364;56881784593894;0.22;393|416
29/06/2026;31858371;814570058826883;0.01;421
29/06/2026;31858400;791060112326545;50.59;393|397|419
29/06/2026;31858427;807303516847540;1.84;397
29/06/2026;31858433;25529935470194;2.72;397
29/06/2026;31858450;406273419140190;39.29;397
29/06/2026;31858464;185420421300339;0.68;
29/06/2026;31858475;567115866840847;0.17;393|419
29/06/2026;31858481;675120949243879;52.41;393|397|419
29/06/2026;31858487;205020793890370;0.05;
29/06/2026;31858524;489533928627031;0.41;
29/06/2026;31858525;404552508112603;1.46;397
29/06/2026;31858597;46051247422477;2.84;397
29/06/2026;31858688;988254941355219;69.88;268
29/06/2026;31858843;746094396774225;2.01;
29/06/2026;31858904;38423572968750;1.65;420
29/06/2026;31858916;28880938794083;0.63;393|416
30/06/2026;31210442;522722221451710;12.09;
30/06/2026;31458054;424936764049963;4.9;
30/06/2026;31633849;70331032088825;87.04;
30/06/2026;31688530;308544453175237;1.84;397
30/06/2026;31689832;282314063028235;0.13;393
30/06/2026;31693903;659138827844737;0.38;
30/06/2026;31693904;102065494134880;17.48;
30/06/2026;31693927;983404327986915;0.75;397
30/06/2026;31694217;871546639780658;3.16;397
30/06/2026;31694224;523915522997765;17.06;368
30/06/2026;31695043;410968128794091;13.47;393|416
30/06/2026;31695266;46494629148699;9.76;368
30/06/2026;31697639;973316095619021;24.47;368
30/06/2026;31704863;706873365004385;2.16;420
30/06/2026;31710369;388221612220601;44.63;397
30/06/2026;31712350;849842969176169;2.62;420
30/06/2026;31713640;721763812547044;3.77;368
30/06/2026;31714176;817989429966194;1.03;397
30/06/2026;31716661;805543226251084;0.73;420
30/06/2026;31717265;81061763523025;19.44;368
30/06/2026;31717442;586387789667739;0.55;420
30/06/2026;31718712;413345727235747;8.35;397
30/06/2026;31719191;341335855575794;4.14;397
30/06/2026;31720744;389660259577873;1.43;420
30/06/2026;31722499;476464419720146;2.37;397
30/06/2026;31724617;236566869133943;22.42;368|397
30/06/2026;31732475;310453425943542;0.39;393
30/06/2026;31734606;702946145773210;23.73;368|393|419
30/06/2026;31735527;597888939920233;0.33;
30/06/2026;31739315;630044581315177;0.24;
30/06/2026;31746353;274485143591075;288.66;397
30/06/2026;31749002;105013980542118;3.03;
30/06/2026;31752190;460892666807154;88.33;397
30/06/2026;31752508;975215697210260;35.79;393|397
30/06/2026;31752897;251239577811933;57.57;393|397|419
30/06/2026;31759182;729028275638838;12.68;368
30/06/2026;31762503;425149091660961;46.56;397
30/06/2026;31763921;873704088175769;12.33;368|397
30/06/2026;31764474;656378404821228;63.64;397
30/06/2026;31769691;33098928392596;62.28;368|397
30/06/2026;31777106;472256247391508;0.59;
30/06/2026;31778139;737824456562752;1.77;422
30/06/2026;31785256;662228565399340;0.19;
30/06/2026;31785609;515403073655101;0.4;
30/06/2026;31787384;281318413786934;0.36;393
30/06/2026;31788255;546841845730871;53.34;397
30/06/2026;31792209;178387324181413;0.7;420
30/06/2026;31807365;864724013814521;0.42;393|419
30/06/2026;31808871;987974112462247;20.8;397
30/06/2026;31808898;522023235285150;30.8;
30/06/2026;31810742;100812630868381;5.35;420
30/06/2026;31812822;293393159277713;9.28;
30/06/2026;31814799;420738256181986;9.13;
30/06/2026;31819025;98217951902404;52.51;393
30/06/2026;31823524;415317070362170;9.31;
30/06/2026;31826354;211594111991423;48.12;393|397
30/06/2026;31828124;315434807921066;9.35;213|269|355|393|417|424
30/06/2026;31828210;333628706693288;5.24;153|213|269|355|397|424
30/06/2026;31828325;887418689765726;8.06;202|213|269|355|371|372|397|409|410|424
30/06/2026;31828389;495233423434490;1.48;213|424
30/06/2026;31828758;107678052676343;0.41;153|213|424
30/06/2026;31828792;670909047057193;0.25;393|419
30/06/2026;31829453;630195046467867;8.06;202|213|269|355|371|372|393|397|409|410|417|424
30/06/2026;31830251;143201841593581;0.41;213|424
30/06/2026;31830712;811021394475098;7.92;202|213|269|355|371|372|397|409|410|424
30/06/2026;31831055;115803426838465;2.58;
30/06/2026;31831159;468963225623181;0.75;421
30/06/2026;31831434;524649044482831;0.41;153|213|424
30/06/2026;31832228;783342426826909;46.55;397
30/06/2026;31832506;717161262874932;7.92;202|213|269|355|371|372|393|397|409|410|417|424
30/06/2026;31833254;35223792374462;5.96;153|213|269|355|397|424
30/06/2026;31834123;332533081681521;7.92;202|213|269|355|371|372|393|397|409|410|417|424
30/06/2026;31834400;426857105488688;11.88;397
30/06/2026;31835552;183236137471521;4.35;368
30/06/2026;31841694;431267462483862;19.79;368|397|419
30/06/2026;31842889;331360635258937;0.75;397
30/06/2026;31847169;407389185858039;0.69;397
30/06/2026;31850689;947649925403169;11.81;
30/06/2026;31852222;673835110386803;0.31;397
30/06/2026;31852491;538138609167354;0.16;420
30/06/2026;31852895;806710450112095;0.59;213|424
30/06/2026;31852897;914370987392523;36.65;268|274
30/06/2026;31853304;64597531414256;5.11;420
30/06/2026;31854164;988762920766456;2.03;397
30/06/2026;31854179;937684643245473;0.63;
30/06/2026;31854217;924155915362632;2.2;
30/06/2026;31854516;238769325635025;2.0;213|424
30/06/2026;31854573;606614396465527;31.77;268|274|393|417
30/06/2026;31854816;685823108295672;30.2;393|397|419
30/06/2026;31854857;252976946013942;0.59;213|424
30/06/2026;31855759;280118465900873;0.18;393
30/06/2026;31856478;943492888635663;0.79;202|213|409|410|424
30/06/2026;31856800;978710444787398;0.14;
30/06/2026;31856829;869151695394473;0.59;213|424
30/06/2026;31857034;983316732268240;0.34;420
30/06/2026;31857237;871320903104763;8.43;202|213|269|355|393|409|410|417|424
30/06/2026;31857946;853153933334403;6.71;
30/06/2026;31858058;644243045247993;15.65;
30/06/2026;31858619;561142509474225;0.36;
30/06/2026;31858921;834264110387696;0.15;393|419
30/06/2026;31858926;812589685614734;4.74;397
30/06/2026;31858956;405018353679632;0.48;393|416
30/06/2026;31858958;682925018170465;0.12;393|416
30/06/2026;31858961;992432063892537;0.08;393
30/06/2026;31858993;982899104337540;0.65;393|417
30/06/2026;31858999;98053948275664;2.34;397
30/06/2026;31859021;767042156119792;0.75;421
30/06/2026;31859030;195467239088596;0.6;393|419
30/06/2026;31859090;827171517168785;0.16;393|416
30/06/2026;31859152;447824845317456;0.08;420
30/06/2026;31859157;436576471472048;2.77;397
30/06/2026;31859239;116336522431518;1.56;
30/06/2026;31859242;469106966548439;2.4;421
30/06/2026;31859248;870206686959473;2.08;397
30/06/2026;31859265;391432017041260;0.37;
30/06/2026;31859307;569024203633528;0.26;
30/06/2026;31859351;41361326094929;2.01;397
30/06/2026;31859503;642712232577332;0.01;422
30/06/2026;31859613;531610674615224;0.03;
30/06/2026;31859630;883014713303117;2.84;397
30/06/2026;31859643;824392492912840;2.32;420
30/06/2026;31859644;970122123903498;0.31;393
30/06/2026;31859828;137657482874198;0.49;393|416
30/06/2026;31859847;670590855827968;0.16;420
30/06/2026;31859849;214872954536169;5.67;397
30/06/2026;31859896;95029491432026;0.34;421
30/06/2026;31859940;538989820362170;0.05;
30/06/2026;31860041;970558721932485;0.1;397
30/06/2026;31860172;209019198520755;44.55;397
30/06/2026;31860182;108973696935132;0.25;393|416
30/06/2026;31860188;5656112607442;24.19;268|397
30/06/2026;31860240;40137790441246;0.05;397
30/06/2026;31860295;501110700294095;0.32;420
30/06/2026;31860364;278468550289939;2.66;397
30/06/2026;31860405;369466295781436;0.07;393|416
30/06/2026;31860413;774169361308668;0.71;393|419
30/06/2026;31860435;287847653063588;0.3;397
30/06/2026;31860437;95011056306727;0.19;393
30/06/2026;31860492;173499499796929;2.27;397
30/06/2026;31860510;966923765914481;17.03;397
30/06/2026;31860514;247640245417555;6.02;393|397
30/06/2026;31860531;59058380327907;3.22;190
30/06/2026;31860570;348704226105595;1.01;422
30/06/2026;31860571;312767677798070;0.72;
30/06/2026;31860576;670693313041978;2.62;421
30/06/2026;31860596;440473642466925;0.51;393|416
30/06/2026;31860619;720507882356569;2.27;420
30/06/2026;31860647;657908647753150;0.36;393|416
30/06/2026;31860662;718876329758465;0.51;
30/06/2026;31860666;559994175328055;0.18;393
30/06/2026;31860744;285834197882229;17.79;397
30/06/2026;31860771;563156504972410;0.41;420
30/06/2026;31860774;813792225518702;0.23;
30/06/2026;31860821;279568969863639;0.21;
30/06/2026;31860844;229220206095469;96.93;268|274|393|417
30/06/2026;31860876;42769715793223;43.98;397
30/06/2026;31860897;485652594843678;30.22;393|397|419
30/06/2026;31860907;714957150582217;29.46;393|397|419
30/06/2026;31860919;417897173629854;1.13;397
30/06/2026;31860936;700768457141367;7.98;268|274
30/06/2026;31860938;368540696197989;52.76;268|274
30/06/2026;31860940;856563117384123;46.78;268|274|393|397|412|417
30/06/2026;31860994;837592654474300;1.94;420
30/06/2026;31860996;771943424600747;17.03;397
30/06/2026;31860999;106648696672031;13.22;393|416
30/06/2026;31861027;203828270842430;3.57;397
30/06/2026;31861035;117735366652815;6.1;397
30/06/2026;31861068;522364887612100;2.74;421
30/06/2026;31861078;737030142476346;0.13;397
30/06/2026;31861108;419436359200525;2.07;420
30/06/2026;31861123;702680084829134;2.14;420
30/06/2026;31861256;783808443163339;2.7;39|40
30/06/2026;31861261;823512069211637;2.7;393|420
30/06/2026;31861291;816348580622568;0.69;397
30/06/2026;31861331;416732088491356;0.23;393|416
30/06/2026;31861352;356757353441162;2.48;420
30/06/2026;31861423;335522104163106;2.84;397
30/06/2026;31861451;379129687423772;0.25;
30/06/2026;31861452;303863292167316;16.11;420
30/06/2026;31861473;49773987977849;2.31;420
30/06/2026;31861517;831989411192516;0.44;
30/06/2026;31861519;555144885181361;0.38;397
30/06/2026;31861531;404557278529485;14.67;393|397|416
30/06/2026;31861583;552124272352651;0.53;393|416
30/06/2026;31861605;606777409766275;0.15;420
30/06/2026;31861616;828322833892907;0.12;
30/06/2026;31861636;795185608985725;0.38;397
30/06/2026;31861638;340253724965283;1.59;397
30/06/2026;31861652;630366809271235;2.84;397
30/06/2026;31861688;900356087382422;0.32;397
30/06/2026;31861715;944451143988565;1.48;420
30/06/2026;31861733;253895853820989;3.73;397
30/06/2026;31861749;482462997402957;2.04;420
30/06/2026;31861759;410293099526568;24.94;393|397|417
30/06/2026;31861762;309664900793352;0.57;
30/06/2026;31861766;795964958704814;2.84;397
30/06/2026;31861799;833719692220851;28.57;397
30/06/2026;31861812;482825826965135;1.83;
30/06/2026;31861839;921360862321924;0.41;420
30/06/2026;31861843;382090335560703;3.06;397
30/06/2026;31861845;646138343365022;26.84;397
30/06/2026;31861849;576200621078761;2.84;397
30/06/2026;31861926;497584825194370;1.35;393|416|421
30/06/2026;31861939;238716910472660;0.3;
30/06/2026;31861943;793505556318008;0.07;393|416
30/06/2026;31861963;888987675920107;0.22;
30/06/2026;31861969;39717710141281;0.44;
30/06/2026;31861972;516214528954041;2.34;397
30/06/2026;31862012;811905205629543;4.67;40|393|412|417
30/06/2026;31862042;219880418195194;3.34;397
30/06/2026;31862052;452324745511009;5.18;
30/06/2026;31862054;448359420595906;1.74;397
30/06/2026;31862083;587709890068103;0.18;393|419
30/06/2026;31862101;817673121449740;0.07;393|419
30/06/2026;31862106;907737986788256;0.33;393|419
30/06/2026;31862126;227788282252423;0.18;393|419
30/06/2026;31862163;883509005446170;7.17;397
30/06/2026;31862222;286227803737002;0.33;393
30/06/2026;31862228;747534291742905;12.07;397|420
30/06/2026;31862267;185912218705957;85.79;397
30/06/2026;31862325;965197350510996;70.24;393|397
30/06/2026;31862386;638588536521980;2.28;420
30/06/2026;31862393;343348026559570;2.04;420
30/06/2026;31862396;756099607412441;0.01;420
30/06/2026;31862400;611188178756221;0.28;
30/06/2026;31862435;131597922794924;0.15;397
30/06/2026;31862453;108647085896973;14.09;393|416
30/06/2026;31862470;293312107267748;0.15;421
30/06/2026;31862508;298929396329701;2.2;420
30/06/2026;31862519;94045216181371;1.49;420
30/06/2026;31862541;881181377883977;0.09;
30/06/2026;31862620;853940091135138;0.68;393|419
30/06/2026;31862659;361057926909874;0.65;393|419
30/06/2026;31862688;755963384071758;1.01;422
30/06/2026;31862692;889100497895987;0.78;397
30/06/2026;31862699;123073181528739;0.01;420
30/06/2026;31862710;914017132454956;11.9;422
30/06/2026;31862731;379831528897336;0.73;421
30/06/2026;31862751;384077317084865;1.46;397
30/06/2026;31862780;965255953948398;0.44;182
30/06/2026;31862791;454414453578153;0.72;420
30/06/2026;31862862;129080792861747;0.98;397
30/06/2026;31862891;567804812457559;3.44;397
30/06/2026;31862892;50482318417626;0.03;421
30/06/2026;31862894;268434983464003;2.43;421
30/06/2026;31862900;650373690142279;1.35;393|416|421
30/06/2026;31862922;650760642833300;18.8;397|420
30/06/2026;31862929;831632646461650;32.25;393|397|419
30/06/2026;31862935;957903944620334;32.2;393|397|419
30/06/2026;31862937;583472451161201;32.15;393|397|419
30/06/2026;31862938;668942078499988;0.32;420
30/06/2026;31862956;952200867669932;11.44;420
30/06/2026;31862959;863618711571313;0.22;
30/06/2026;31863042;227674535243637;1.35;420
30/06/2026;31863091;707132904850801;0.21;
30/06/2026;31863110;949818663639082;32.15;393|397|419
30/06/2026;31863124;889249139430496;0.37;393|419
30/06/2026;31863186;324034766372473;0.05;393
30/06/2026;31863271;54837324440496;7.26;
30/06/2026;31863286;182175618125351;0.04;397
30/06/2026;31863306;262664011082117;128.94;268|274|393|417
30/06/2026;31863340;850972812770360;0.03;421
30/06/2026;31863366;142203967045339;0.19;
30/06/2026;31863377;366070759692022;11.0;397
30/06/2026;31863414;773793540955734;0.08;397
30/06/2026;31863417;68684826894632;55.87;268|274|393|417
30/06/2026;31863441;765193996879503;0.29;393|419
30/06/2026;31863461;106568980770775;2.61;397
30/06/2026;31863503;203031868261038;1.91;421
30/06/2026;31863504;173201539359573;0.15;393
30/06/2026;31863515;288133576066271;0.12;393|416
30/06/2026;31863570;857776083557319;0.53;397
30/06/2026;31863701;854467201320438;0.49;393
30/06/2026;31863707;725400167878113;4.11;397
30/06/2026;31863720;414056282963014;0.11;
30/06/2026;31863745;269671457795863;30.88;393|397|412|417
30/06/2026;31863779;718288518361341;2.84;397
30/06/2026;31863813;641453597544392;10.27;369|397
30/06/2026;31863838;702233506830934;0.05;393|419
30/06/2026;31863869;62627118331101;2.04;420
30/06/2026;31863885;417299635937164;0.13;397
30/06/2026;31863895;505315225475423;4.27;397
30/06/2026;31863929;416862800345664;3.24;397
30/06/2026;31863993;930304041015362;0.26;
30/06/2026;31864024;292687712918129;39.29;397
30/06/2026;31864025;23990860754576;0.22;
30/06/2026;31864029;688414451992026;0.22;
30/06/2026;31864045;913206773637982;4.53;397
30/06/2026;31864052;687582642736457;2.84;397
30/06/2026;31864055;259069702499409;5.65;397
30/06/2026;31864084;816013084162269;2.84;397
30/06/2026;31864098;606217060528637;39.72;397
30/06/2026;31864119;399151437836506;0.11;393|416
30/06/2026;31864146;575528753669182;0.19;393|419
30/06/2026;31864148;404847932710355;1.78;420
30/06/2026;31864166;682286897952276;3.77;268|274|393|412|417
30/06/2026;31864174;62031636715106;45.35;268|274|393|397|417
30/06/2026;31864208;124366308745171;1.51;
30/06/2026;31864209;214447258377969;30.75;397
30/06/2026;31864218;438710199627324;0.59;393
30/06/2026;31864224;369961352319941;2.71;393|416|421
30/06/2026;31864256;359094971952525;0.07;393|419
30/06/2026;31864272;914595423198034;1.8;420
30/06/2026;31864289;678868315567235;39.23;268|274
30/06/2026;31864295;315137838445817;8.53;274|393|412|417
30/06/2026;31864298;219736108937298;1.47;397
30/06/2026;31864299;414188985516534;0.41;397
30/06/2026;31864326;70399057550468;15.38;
30/06/2026;31864334;723213995317368;0.41;397
30/06/2026;31864335;314097892937499;106.8;397
30/06/2026;31864343;554150593289903;0.56;421
30/06/2026;31864351;66809165537105;0.53;393|416
30/06/2026;31864357;707945385800055;0.53;393|416
30/06/2026;31864386;947108288819676;2.84;397
30/06/2026;31864403;299743468286414;3.09;420
30/06/2026;31864447;618919106760817;0.47;393|417
30/06/2026;31864449;583911365725410;2.03;397
30/06/2026;31864466;696322697478681;9.43;369|397|412
30/06/2026;31864472;185425691182597;1.98;397
30/06/2026;31864496;2361557813637;0.27;393|419
30/06/2026;31864504;617828448400457;0.24;393|419
30/06/2026;31864517;2797764292880;50.05;40|336|393|397|416
30/06/2026;31864529;72958561792727;2.84;397
30/06/2026;31864545;803003219089812;8.83;393|419
30/06/2026;31864547;401581499602738;0.58;397
30/06/2026;31864576;680573876383213;0.04;397
30/06/2026;31864617;144700663236294;0.62;393|419
30/06/2026;31864631;898118538312206;2.11;397
30/06/2026;31864688;806339293663217;3.93;420
30/06/2026;31864699;50360282857926;0.22;
30/06/2026;31864759;837911434197917;0.55;
30/06/2026;31864761;111160896081180;0.19;393|416
30/06/2026;31864801;573804086870753;0.36;393
30/06/2026;31864852;514970414635695;1.03;397
30/06/2026;31864970;206744178490910;2.04;420
30/06/2026;31864990;719081643535829;0.65;393|416
30/06/2026;31865059;850118705572880;50.49;397|421
30/06/2026;31865060;727080526413969;0.22;393|419
30/06/2026;31865068;85605153607736;1.01;420
30/06/2026;31865091;377710987411374;0.88;397
30/06/2026;31865152;702531700860498;2.84;397
30/06/2026;31865156;287521454267219;6.13;397
30/06/2026;31865213;233449526052519;0.01;420
30/06/2026;31865220;567786857483845;0.52;393|419
30/06/2026;31865231;214507937039641;2.84;397
30/06/2026;31865232;389501091623248;0.43;
30/06/2026;31865266;263722560733912;2.84;397
30/06/2026;31865272;599478236360382;1.47;397
30/06/2026;31865319;997893155711738;0.18;421
30/06/2026;31865329;724873242543711;0.42;
30/06/2026;31865340;469964279117523;0.49;393|419
30/06/2026;31865355;869431393211043;2.23;420
30/06/2026;31865369;470844693815113;0.02;397
30/06/2026;31865401;258436720786430;2.38;369
30/06/2026;31865416;900257177407192;0.15;393|416
30/06/2026;31865433;106111018366366;2.84;397
30/06/2026;31865467;595888156037914;1.66;420
30/06/2026;31865492;266978699243391;0.1;397
30/06/2026;31865503;434059617897384;4.54;421
30/06/2026;31865530;502610145200379;0.12;393|416
30/06/2026;31865629;857904521494209;0.48;393|417
30/06/2026;31865662;949590641451154;51.85;268|397
30/06/2026;31865670;861145841037268;2.54;420
30/06/2026;31865671;635120195374213;80.3;397
30/06/2026;31865680;442923208972293;0.27;
30/06/2026;31865690;586506685243519;0.72;420
30/06/2026;31865692;106290502394282;0.12;421
30/06/2026;31865706;861419662569201;0.58;397
30/06/2026;31865730;794500505554149;2.84;397
30/06/2026;31865742;447553887956474;0.1;
30/06/2026;31865774;914919519989257;0.41;421
30/06/2026;31865780;765359847492621;13.37;397
30/06/2026;31865783;155261885277756;0.64;397
30/06/2026;31865784;472069392404843;47.63;397
30/06/2026;31865787;957120596817402;0.49;393
30/06/2026;31865832;951438581327035;107.42;268|274|393|417
30/06/2026;31865834;211677299836199;0.71;393|417
30/06/2026;31865892;964891552818534;53.03;
30/06/2026;31865903;82044775071097;29.41;268
30/06/2026;31865927;46819951189351;0.24;
30/06/2026;31865931;611754712856105;0.29;393
30/06/2026;31865974;566591692084260;0.65;393|419
30/06/2026;31865981;230675556351147;2.0;397
30/06/2026;31866028;672955064693869;2.41;250|412
30/06/2026;31866047;192090768413607;0.14;397
30/06/2026;31866051;663068421260567;2.13;420
30/06/2026;31866074;998364831576405;0.39;
30/06/2026;31866088;403500666400931;1.93;421
30/06/2026;31866089;204902819672675;0.28;393|416
30/06/2026;31866107;456521080524907;2.0;397
30/06/2026;31866111;180136948374804;4.34;397
30/06/2026;31866113;905778720260955;2.84;397
30/06/2026;31866158;286826932375354;0.29;397
30/06/2026;31866287;565123675966344;7.73;420
30/06/2026;31866291;389643525700194;2.79;397
30/06/2026;31866317;292122798239180;0.47;
30/06/2026;31866334;893694119253096;0.49;393|416
30/06/2026;31866343;24036156023134;0.22;
30/06/2026;31866348;297144983527937;0.31;393
30/06/2026;31866365;505143040371197;0.13;420
30/06/2026;31866389;622205715145784;37.2;268|274
30/06/2026;31866461;989225860287908;4.87;397
30/06/2026;31866508;364736064561016;2.84;397
30/06/2026;31866527;640628578933625;1.19;397
30/06/2026;31866558;210285014714393;2.18;420
30/06/2026;31866581;747330321687877;2.25;393|420
30/06/2026;31866594;677267735224524;2.79;397
30/06/2026;31866633;991258927899560;2.84;397
30/06/2026;31866634;466538526955875;2.84;397
01/07/2026;31227475;417329581282686;7.32;
01/07/2026;31356973;803257408372089;31.46;393|397|416
01/07/2026;31373394;583908356764995;1.08;393|416
01/07/2026;31444789;286288602000586;88.86;397
01/07/2026;31492209;174097857495023;0.21;393
01/07/2026;31493513;697783444906834;0.01;
01/07/2026;31496014;481282035390331;0.48;393|419
01/07/2026;31496019;151056504299555;290.67;
01/07/2026;31504405;825104055827144;40.18;393|397|416
01/07/2026;31508298;175106239319836;71.85;
01/07/2026;31599752;504689758047312;0.19;397
01/07/2026;31606453;652603333114913;0.38;
01/07/2026;31608917;654967986773388;2.8;397
01/07/2026;31614878;603907881334918;0.07;393|419
01/07/2026;31619551;736981580298396;0.67;393|419
01/07/2026;31619829;413703882921476;0.08;393
01/07/2026;31622183;206655895440679;0.68;393
01/07/2026;31623934;355459989166703;173.8;
01/07/2026;31627537;230579926848132;0.08;397
01/07/2026;31633089;259645069246445;10.96;190
01/07/2026;31633902;89087608562426;0.22;397
01/07/2026;31634495;743854357814015;1.2;397
01/07/2026;31654280;252688512116485;35.78;393|397
01/07/2026;31657407;977154219458850;139.42;397
01/07/2026;31657782;361612215205623;0.9;393
01/07/2026;31658003;869457675022632;85.26;397
01/07/2026;31661893;668482731200359;1.83;393
01/07/2026;31662227;726337670832081;0.1;393|419
01/07/2026;31662618;111049844978997;2.84;397
01/07/2026;31665725;165990766350286;1.3;397
01/07/2026;31666687;752964952674931;3.58;
01/07/2026;31670011;208154477303612;0.03;397
01/07/2026;31671385;63333633685653;1.3;397
01/07/2026;31673146;569163652200660;1.3;397
01/07/2026;31674764;594813006944422;3.9;397
01/07/2026;31675022;741032891193606;0.45;397
01/07/2026;31677731;315249660804968;1.47;
01/07/2026;31678341;674135091699912;1.3;397
01/07/2026;31679106;754333794945454;0.29;397
01/07/2026;31679161;294194743263111;0.16;397
01/07/2026;31698863;641994712232368;1.05;397
01/07/2026;31700909;325762909883193;0.35;397
01/07/2026;31701079;798838023377513;0.22;397
01/07/2026;31701132;457396880814540;0.22;397
01/07/2026;31706822;913234296727337;13.96;397
01/07/2026;31706887;519291224325898;24.37;397
01/07/2026;31707536;499689711316763;6.38;397
01/07/2026;31711169;894017768818811;7.37;397
01/07/2026;31711318;10577267902858;398.86;40|336
01/07/2026;31711461;839974786930939;0.92;397
01/07/2026;31713310;677058333437229;0.35;
01/07/2026;31714501;62953247647904;52.08;84|393|397
01/07/2026;31715452;465816251756507;16.86;397
01/07/2026;31716785;44041260096481;53.31;84|393|397
01/07/2026;31717115;95901594438260;9.3;397
01/07/2026;31719866;940614546546414;2.81;397
01/07/2026;31720096;235547663750339;57.5;397
01/07/2026;31720877;815921850476090;0.69;397
01/07/2026;31721949;861708932651679;1.43;397
01/07/2026;31722176;473072972368856;0.08;397
01/07/2026;31724152;303456853462884;13.96;397
01/07/2026;31724601;433087869628053;17.85;397
01/07/2026;31724908;566787074729827;0.64;397
01/07/2026;31725094;170261392716368;26.4;397
01/07/2026;31725567;50627546543198;0.7;393
01/07/2026;31725761;316515219792001;176.34;397
01/07/2026;31726615;719497950151952;16.19;397
01/07/2026;31728384;38590422081734;0.5;397
01/07/2026;31731863;700349155490757;0.74;397
01/07/2026;31732649;995042298533528;1.76;397
01/07/2026;31733718;911048344819130;25.82;397
01/07/2026;31736490;102382874186111;3.77;397
01/07/2026;31742818;648750507420577;0.08;397
01/07/2026;31742889;189406133406449;0.12;397
01/07/2026;31743390;285290551562569;32.6;397
01/07/2026;31746262;636321047695424;23.82;393
01/07/2026;31747473;534076211313592;38.63;393|397
01/07/2026;31748075;645400401302459;2.28;420
01/07/2026;31749518;829027881259777;8.3;368
01/07/2026;31754272;524659189769220;0.51;393
01/07/2026;31757211;150416136642144;0.71;397
01/07/2026;31759999;585310773256851;0.09;393
01/07/2026;31760424;594647656563376;5.23;
01/07/2026;31761841;536892623044825;36.94;393|397
01/07/2026;31761987;635523348886116;0.09;397
01/07/2026;31778368;278645588294024;1.3;397
01/07/2026;31780423;827956951642025;2.05;
01/07/2026;31782262;67449377683865;0.12;393|417
01/07/2026;31784511;882908296614248;0.01;397
01/07/2026;31784973;785375253895520;1.69;420
01/07/2026;31787711;799361005801438;6.57;393|416
01/07/2026;31789673;359293723544997;12.0;393|397
01/07/2026;31789761;197162887803672;11.3;397
01/07/2026;31789952;200724609017295;0.57;397
01/07/2026;31794467;801530891532193;0.14;
01/07/2026;31794932;975079143112965;0.17;
01/07/2026;31798410;140949540561537;0.44;
01/07/2026;31798637;300980028975360;0.34;397
01/07/2026;31800181;814297341856046;1.17;397
01/07/2026;31800466;948997356161831;13.12;393|397
01/07/2026;31802796;325547343088202;7.18;393|416
01/07/2026;31803436;249245916588614;0.41;393|419|420
01/07/2026;31804223;391344390714708;8.12;420
01/07/2026;31804595;534365062686805;3.62;397
01/07/2026;31807009;35819939795160;0.06;397
01/07/2026;31807248;463646044096470;0.88;397
01/07/2026;31807350;973570008077460;7.65;368|393|419
01/07/2026;31807352;715075656359815;0.27;393
01/07/2026;31807977;22532705926961;4.17;397
01/07/2026;31811748;924293743700138;0.81;393|419
01/07/2026;31812794;343673626703013;87.05;393|397|416
01/07/2026;31813496;151221309926668;0.78;397
01/07/2026;31815085;760135101537595;0.58;393|419
01/07/2026;31815330;822613185307956;0.08;397
01/07/2026;31815331;813625708625774;0.35;397
01/07/2026;31815637;668312182197998;11.65;397
01/07/2026;31817517;657460841070432;0.56;397
01/07/2026;31818059;911406012985235;0.68;393
01/07/2026;31819260;162421608010623;0.19;
01/07/2026;31819437;292954034123270;2.37;397
01/07/2026;31819518;552278343538973;1.3;397
01/07/2026;31821549;332372753135561;1.94;397
01/07/2026;31822417;400461798513066;0.02;393|419
01/07/2026;31823235;473391874265081;0.23;397
01/07/2026;31827686;152061312435772;0.56;397
01/07/2026;31829181;315767835327963;0.98;397
01/07/2026;31829470;918871750410679;0.13;393|419
01/07/2026;31830287;215663133507279;6.12;368|393|419
01/07/2026;31833379;887265487500150;2.8;397
01/07/2026;31833485;723720149433883;1.8;420
01/07/2026;31833668;956227720379128;0.08;397
01/07/2026;31838576;189496280478645;2.99;397
01/07/2026;31839233;647050366182289;0.17;393
01/07/2026;31839427;107871787583018;0.57;397
01/07/2026;31840005;589817647421515;0.36;397
01/07/2026;31841414;931478176939013;284.25;40|336
01/07/2026;31843411;520313815968252;0.07;393|419
01/07/2026;31843419;776399389184322;1.3;397
01/07/2026;31843848;37456233610441;2.12;
01/07/2026;31844218;351182831652044;0.23;397
01/07/2026;31848076;551261665672289;0.32;
01/07/2026;31848264;601909065926578;0.08;397
01/07/2026;31848754;188449658864242;1.06;397
01/07/2026;31851383;18635079786956;0.2;420
01/07/2026;31851846;377281006805929;25.71;397
01/07/2026;31852193;162580698912900;1.17;397
01/07/2026;31852208;202928156042499;9.51;397
01/07/2026;31853594;535574872087878;0.24;397
01/07/2026;31854180;663865399290676;11.41;
01/07/2026;31855638;40712479437183;1.34;422
01/07/2026;31857425;985509484564620;151.24;268|274|393|417
01/07/2026;31857842;490297273059608;0.44;393|416
01/07/2026;31858401;947207498336266;0.12;397
01/07/2026;31860362;109683066951465;12.4;
01/07/2026;31860659;964583468412964;0.1;397
01/07/2026;31861042;264070735181614;11.7;393|416
01/07/2026;31861798;266521648203093;0.03;397
01/07/2026;31861877;187526006347597;0.38;
01/07/2026;31862200;915069365776283;0.73;420
01/07/2026;31862820;608879695254867;0.4;
01/07/2026;31863398;893743687079961;19.63;393|397
01/07/2026;31865883;390875636777217;0.16;
01/07/2026;31866196;894206213326852;0.23;397
01/07/2026;31866255;510232948269091;1.01;420
01/07/2026;31866546;450696900789827;0.32;397
01/07/2026;31866644;749842452924456;103.34;268|274|393|417
01/07/2026;31866648;183668306938943;0.72;420
01/07/2026;31866667;102748371612476;0.27;393|416
01/07/2026;31866686;226610499640217;2.84;397
01/07/2026;31866705;805298728711826;35.59;397
01/07/2026;31866798;894637140012988;0.1;
01/07/2026;31866844;368991189548592;0.49;393|419
01/07/2026;31866947;936540756421256;2.72;397
01/07/2026;31866956;874085714299928;1.98;397
01/07/2026;31867009;435888591057961;2.38;393|420
01/07/2026;31867103;330693520500407;4.65;250|393|412|417
01/07/2026;31867263;878737384580543;0.93;397
01/07/2026;31867269;964225902753511;46.22;268|274|393|397|412|417
01/07/2026;31867282;597442906026807;2.84;397
01/07/2026;31867553;50904482737154;2.24;397
01/07/2026;31867596;810204615245031;2.7;393|416|421
01/07/2026;31867628;858663262562077;0.38;
01/07/2026;31867641;679054615084452;0.18;
01/07/2026;31867718;265909510695401;0.01;
01/07/2026;31867806;157003334943639;77.29;268|274
01/07/2026;31867928;991119298880181;2.36;397
01/07/2026;31867979;198573383036025;0.07;393|419
01/07/2026;31868031;329244173263462;1.27;397
01/07/2026;31868077;113699861352501;0.35;
01/07/2026;31868102;510018471339248;0.16;393|419
01/07/2026;31868154;578906772027373;2.84;397
01/07/2026;31868183;145410922899796;1.23;422
01/07/2026;31868268;962566307109392;1.66;420
01/07/2026;31868286;585868452744390;2.84;397
01/07/2026;31868370;171349935176107;31.98;268|274
01/07/2026;31868374;910003559593109;0.72;393
01/07/2026;31868386;718902056102543;0.14;
01/07/2026;31868546;311979804104900;18.66;397
01/07/2026;31868609;926985507807259;0.44;
01/07/2026;31868632;945813212182384;0.33;393|419
01/07/2026;31868648;442358575362222;2.73;421
01/07/2026;31868666;651924272524069;1.06;397
01/07/2026;31868675;812895673274526;2.84;397
01/07/2026;31868895;315715720888494;0.22;
01/07/2026;31868967;460943994747677;1.63;420
01/07/2026;31868969;49687200127663;0.08;393|416
01/07/2026;31868974;864292349461776;2.84;397
01/07/2026;31868976;947160292775902;0.05;393|416
01/07/2026;31868983;619464806510983;10.36;397
01/07/2026;31868988;344865268517438;0.16;393|417
01/07/2026;31869042;511975280257038;50.21;397
01/07/2026;31869266;970707964232882;0.09;
01/07/2026;31869313;685139577333966;27.14;268|274
01/07/2026;31869370;486170290867765;1.39;397
01/07/2026;31869403;507479588118692;2.21;421
01/07/2026;31869408;305342377085845;29.29;393|397|419
01/07/2026;31869411;978658444386544;0.19;
01/07/2026;31869428;114210766502763;0.12;393|416
01/07/2026;31869482;835671555439876;5.65;397
01/07/2026;31869610;205521688619194;20.99;393|397|412|417
01/07/2026;31869617;679048000357462;0.01;420
01/07/2026;31869627;712560386198280;0.72;393|416
01/07/2026;31869628;14700134163361;1.66;420
01/07/2026;31869680;805912270611171;0.92;397
01/07/2026;31869693;794833303570018;0.49;393|417
01/07/2026;31869759;141154552128122;0.22;
01/07/2026;31869807;215227573027298;1.11;397
01/07/2026;31869888;804826451385478;0.49;421
01/07/2026;31869912;309201012695749;0.16;397
01/07/2026;31869923;741378473607205;2.13;397
01/07/2026;31869989;25707530543817;1.15;393|417
01/07/2026;31870002;310791633644718;2.84;397
01/07/2026;31870044;253634627585876;0.45;
01/07/2026;31870067;141875739652288;0.82;268|274|412
01/07/2026;31870069;111624096738501;3.14;397
01/07/2026;31870195;254243578157418;23.18;369
01/07/2026;31870304;623624586631555;0.17;
01/07/2026;31870485;220883815091824;0.67;
01/07/2026;31870604;632462213654578;8.76;368|393|397|419
01/07/2026;31870605;398490872519499;0.34;420
01/07/2026;31870636;330464585005268;0.13;393|417
01/07/2026;31870741;5102912590450;3.34;420
01/07/2026;31870751;50351699800824;0.1;
01/07/2026;31870774;636024844846553;0.43;393|417
01/07/2026;31870783;565845349244517;1.75;250|412
01/07/2026;31870794;54805897874694;7.84;
01/07/2026;31870816;642187406666965;0.23;397
01/07/2026;31870946;883606934134957;2.38;421
01/07/2026;31870998;772260433781718;0.14;420
01/07/2026;31871054;833181371093830;0.15;421
01/07/2026;31871120;350448084599239;0.46;393|416
01/07/2026;31871122;636335677956141;5.69;397
01/07/2026;31871123;737313494580374;0.18;397
01/07/2026;31871167;334503789988464;0.13;
01/07/2026;31871208;879494191089056;5.08;421
01/07/2026;31871299;845912611172296;0.24;397
01/07/2026;31871317;852287809278036;0.46;
01/07/2026;31871387;452015711391216;0.52;397
01/07/2026;31871428;446608623893269;0.16;
01/07/2026;31871441;702351641076595;1.01;420
01/07/2026;31871469;140849985244770;17.36;397
01/07/2026;31871476;194507954052959;1.08;
01/07/2026;31871488;137095392039946;24.92;397
01/07/2026;31871513;46181096012237;0.55;421
01/07/2026;31871514;921859388417505;0.4;397
01/07/2026;31871824;733049047926987;0.31;
01/07/2026;31871852;805240825859450;0.88;422
01/07/2026;31871926;119530621990568;0.01;420
01/07/2026;31871951;476875986716341;0.07;397
01/07/2026;31872014;435448966485009;0.18;393|419
01/07/2026;31872040;501084047928843;13.92;393|397|416
01/07/2026;31872147;938040783724370;2.01;422
01/07/2026;31872188;174797355427391;0.35;397
01/07/2026;31872195;442219574103548;2.29;421
01/07/2026;31872211;869162427399877;53.44;393|397|419
01/07/2026;31872225;116036673744335;1.28;397
01/07/2026;31872259;388317635714729;18.86;397
01/07/2026;31872299;823757629692285;53.39;393|397|412|417
01/07/2026;31872359;618774203609381;0.41;
01/07/2026;31872398;240256387677557;4.36;421
01/07/2026;31872414;722576189232133;2.25;420
01/07/2026;31872433;802883907284797;5.35;369
01/07/2026;31872456;560421354113851;2.84;397
01/07/2026;31872470;594034859908141;2.84;397
01/07/2026;31872486;591380801970377;5.54;268|274|393|412|417
01/07/2026;31872504;742219227043605;2.42;397
01/07/2026;31872533;599953265432592;2.84;397
01/07/2026;31872576;491941286250594;1.89;397
01/07/2026;31872630;952505149908220;0.06;393
01/07/2026;31872664;576441410388166;0.72;420
01/07/2026;31872692;203839687919536;0.19;369|412
01/07/2026;31872695;768369165704585;2.73;397
01/07/2026;31872702;523492327684064;0.2;
01/07/2026;31872711;703648183629806;8.82;397
01/07/2026;31872761;950595063159023;0.34;420
01/07/2026;31872774;697705139897323;50.52;397|420
01/07/2026;31872776;962447742621825;19.29;397
01/07/2026;31872788;814388345636158;5.83;397
01/07/2026;31872827;184429236442365;0.42;397
01/07/2026;31872867;219568503075614;5.35;397
01/07/2026;31872945;890171910290005;0.23;
01/07/2026;31873003;223215717324035;0.82;397
01/07/2026;31873009;256325850868646;19.99;397
01/07/2026;31873035;987760049912408;2.84;397
01/07/2026;31873130;946259804967923;0.69;397
01/07/2026;31873147;557102566208286;46.46;
01/07/2026;31873211;790012344273032;122.61;268|274|393|417
01/07/2026;31873212;397369644516787;2.06;
01/07/2026;31873213;933741244275500;0.54;393|417
01/07/2026;31873227;794321276914494;17.58;397
01/07/2026;31873271;849142553065349;3.6;
01/07/2026;31873313;3710698953659;29.4;397|420
01/07/2026;31873335;508009967765632;3.36;
01/07/2026;31873359;318017451040489;1.47;397
01/07/2026;31873368;55177863461991;0.02;
01/07/2026;31873385;795079849690853;0.7;420
01/07/2026;31873387;193636130004949;0.15;
01/07/2026;31873422;373556637805662;0.01;393|417
01/07/2026;31873439;723858174164684;0.14;
01/07/2026;31873549;416184465601132;0.32;420
01/07/2026;31873618;352125629024601;0.15;393|419
01/07/2026;31873638;544955363651351;0.61;421
01/07/2026;31873649;790929550339401;49.63;397|420
01/07/2026;31873656;610540615692521;0.37;
01/07/2026;31873703;289321425848929;4.7;420
01/07/2026;31873737;504510800939444;0.72;393
01/07/2026;31873833;459459680129225;13.2;268|393|416
01/07/2026;31873849;936496992217377;3.36;
01/07/2026;31873886;960404268584803;6.95;
01/07/2026;31873924;756293853905264;2.19;397
01/07/2026;31873927;779721651592498;8.52;397
01/07/2026;31873942;977944900207996;0.21;393|417
01/07/2026;31874005;651367022074594;1.59;397
01/07/2026;31874036;888272605817365;2.27;397
01/07/2026;31874135;13837960538429;0.64;393
01/07/2026;31874157;811015285979246;2.84;397
01/07/2026;31874292;301911113967456;0.15;397
01/07/2026;31874354;329520895286540;43.22;393|397|416
01/07/2026;31874373;572143778146662;29.54;397|420
01/07/2026;31874379;849000667739021;0.5;420
01/07/2026;31874460;303211042075839;4.18;397
01/07/2026;31874639;925714097249612;2.84;397
01/07/2026;31874698;265053472623457;11.41;393|416
01/07/2026;31874726;214670715760364;118.4;268|274|393|417
01/07/2026;31874741;878310412444335;1.16;393|419
01/07/2026;31874922;964026241860217;1.76;393
01/07/2026;31874927;593413501416439;0.11;393|419
01/07/2026;31874938;804927321745800;0.06;393|419
01/07/2026;31875047;933149857405579;0.21;393
01/07/2026;31875078;740436322863101;4.29;397
01/07/2026;31875094;525004031063554;0.39;393|416
01/07/2026;31875175;66684749101666;13.75;421
01/07/2026;31875178;554717480250813;26.51;268|274|393|417
01/07/2026;31875184;295640511812444;4.74;397
01/07/2026;31875226;518769781503971;3.48;397
01/07/2026;31875249;678164239080275;0.41;
01/07/2026;31875286;73381931308726;2.84;397
01/07/2026;31875316;413738478327942;0.15;422
01/07/2026;31875356;720018464104936;0.11;
01/07/2026;31875389;166184153272542;0.12;
01/07/2026;31875511;140498390667095;162.1;268|274|393|417
01/07/2026;31875525;510196795531244;0.3;
01/07/2026;31875544;833282405048472;0.41;420
01/07/2026;31875551;553313289968628;0.17;397
01/07/2026;31875554;689270857450630;0.53;420
01/07/2026;31875569;737547665566149;1.62;420
01/07/2026;31875601;452760691588784;0.59;393|417
01/07/2026;31875606;852879809128787;1.74;397
01/07/2026;31875608;749400554820772;2.84;397
01/07/2026;31875613;59067595001264;2.34;397
01/07/2026;31875633;930204296922961;2.56;397|420
01/07/2026;31875674;559787127884514;0.16;422
01/07/2026;31875688;511481108089630;0.38;393|416
01/07/2026;31875730;744086993879011;0.83;420
01/07/2026;31875737;130638956791400;0.21;
01/07/2026;31875749;382954570942885;0.73;421
01/07/2026;31875796;47684382389329;2.53;421
01/07/2026;31875800;609614307901492;0.29;393|419
01/07/2026;31875806;459213200404805;2.13;420
01/07/2026;31875850;809405825651467;0.22;
01/07/2026;31875852;74562370049288;0.39;393|419
01/07/2026;31875894;6708783802009;0.61;393|419
01/07/2026;31875896;66305938045971;0.12;393|416
01/07/2026;31875928;83818618273904;0.41;420
01/07/2026;31875978;732169793262775;2.28;397
01/07/2026;31876012;35633559371421;1.13;397
01/07/2026;31876077;998066057631630;0.13;
01/07/2026;31876125;990315576394766;1.85;397
01/07/2026;31876213;49150555618009;0.44;
01/07/2026;31876262;316005118474604;2.84;397
02/07/2026;31508878;224261618392581;106.32;393|397|416
02/07/2026;31514969;708257635340636;138.59;
02/07/2026;31651083;320505216335229;47.05;397
02/07/2026;31694305;3078215688729;34.93;393|397|416
02/07/2026;31694700;768130564588866;32.25;
02/07/2026;31696285;264654811786671;0.06;393|417
02/07/2026;31726088;600576625638011;2.91;397
02/07/2026;31742821;104716903658907;6.79;397
02/07/2026;31742869;266538400405511;3.37;397
02/07/2026;31743404;419364536231412;3.58;397
02/07/2026;31744718;765532587017718;38.11;393|397|416
02/07/2026;31744749;404002636955653;10.81;393|397|416
02/07/2026;31747017;315396043354982;5.54;397
02/07/2026;31748855;118410424323082;16.5;397
02/07/2026;31752462;783288077895016;229.54;397
02/07/2026;31753812;463169849572984;44.1;369|393|397|412|417
02/07/2026;31757398;198301584375283;10.16;397
02/07/2026;31758236;420939835166001;56.34;397
02/07/2026;31758464;827283536910239;2.21;
02/07/2026;31758791;779687897183044;143.99;397
02/07/2026;31758985;994511791570832;4.77;
02/07/2026;31760663;917500762159643;0.53;397
02/07/2026;31761411;908962965341680;2.55;369
02/07/2026;31762258;593093801131358;4.38;397
02/07/2026;31765620;243020032453250;27.03;40|336
02/07/2026;31766007;304138994989464;0.95;393|416
02/07/2026;31767012;167609316315151;12.66;369|397
02/07/2026;31768511;503654758807501;4.33;397
02/07/2026;31769223;293791511204963;37.04;397
02/07/2026;31777197;310037669367207;21.13;397
02/07/2026;31777968;364864331441837;5.33;397
02/07/2026;31778326;636809298466492;35.46;393
02/07/2026;31780129;933009550510913;74.77;397
02/07/2026;31782743;457384993401358;97.65;397
02/07/2026;31784622;85474346460603;2.0;397
02/07/2026;31786167;170528337607654;13.03;397
02/07/2026;31787736;885770488553151;4.91;397
02/07/2026;31788053;942033866878262;24.23;
02/07/2026;31788056;287414252278426;60.11;397
02/07/2026;31788292;396393918708227;28.88;
02/07/2026;31788930;2572793392214;44.1;369|393|397|412|417
02/07/2026;31790406;664433407218307;82.37;397
02/07/2026;31791832;745706346132704;42.56;397
02/07/2026;31791833;420141792802375;90.16;397
02/07/2026;31791834;185560068214139;137.16;397
02/07/2026;31791836;578014046329695;90.16;397
02/07/2026;31791837;259800638794637;90.16;397
02/07/2026;31791838;501708120298982;90.16;397
02/07/2026;31791839;994864677101518;90.16;397
02/07/2026;31807503;575589366596758;18.59;397
02/07/2026;31808044;702463161304166;18.22;397
02/07/2026;31808350;105984603807876;3.57;
02/07/2026;31808358;250858710774366;1.64;
02/07/2026;31812420;216865140107474;4.11;397
02/07/2026;31812665;920252726661940;2.89;397
02/07/2026;31814392;977280469836916;5.55;397
02/07/2026;31815371;695437606278940;0.23;
02/07/2026;31815897;128096934804620;9.67;397
02/07/2026;31816490;305236998246201;55.96;393|397
02/07/2026;31816962;845407103240093;3.86;397
02/07/2026;31819077;731823212775515;53.89;393|397
02/07/2026;31819145;850686256217722;0.8;393
02/07/2026;31819392;27324397508288;15.8;397
02/07/2026;31820102;244274146550483;4.55;397
02/07/2026;31820772;282536792668013;7.31;397
02/07/2026;31821734;781613084397078;9.95;397
02/07/2026;31826246;800303824939373;14.01;397
02/07/2026;31826863;429095106431675;4.55;397
02/07/2026;31826870;346219045362682;10.35;397
02/07/2026;31827474;493290203570381;5.1;397
02/07/2026;31830774;507888393437817;10.16;397
02/07/2026;31832197;192936981863741;37.35;393|397
02/07/2026;31833248;236782111645563;0.58;397
02/07/2026;31835712;471142943071177;5.55;397
02/07/2026;31840254;743179367741382;8.69;397
02/07/2026;31843253;687132941734341;0.73;420
02/07/2026;31844660;143755923123185;7.92;202|213|269|355|371|372|397|409|410|424
02/07/2026;31851637;296740945962268;0.07;393|417
02/07/2026;31853009;142149381949820;4.89;213|269|355|393|417|424
02/07/2026;31853151;895448492772956;7.92;202|213|269|355|371|372|397|409|410|424
02/07/2026;31853257;752227002523062;0.02;153|213|424
02/07/2026;31853298;84627884960000;3.03;213|424
02/07/2026;31853322;719987338687409;8.06;202|213|269|355|371|372|397|409|410|424
02/07/2026;31853401;515375937814623;0.41;213|424
02/07/2026;31853490;486976815431396;17.01;393|416
02/07/2026;31854758;832758380167695;1.83;202|213|269|355|393|409|410|417|424
02/07/2026;31856337;47208205157718;3.03;153|213|424
02/07/2026;31859675;100127607242097;5.96;153|213|269|355|397|424
02/07/2026;31860065;275339609059679;3.44;202|213|269|355|393|409|410|417|424
02/07/2026;31860488;688032932063960;0.49;202|213|409|410|424
02/07/2026;31860648;890931553243671;0.29;
02/07/2026;31861033;630430760424635;0.18;202|213|409|410|424
02/07/2026;31861076;258801018128304;62.75;202|269|393|397|409|410|417|424
02/07/2026;31861137;428649282318959;0.02;153|213|424
02/07/2026;31861424;392468162357614;2.0;213|424
02/07/2026;31861494;515384324227877;1.95;213|424
02/07/2026;31861664;59964182355385;0.41;153|213|424
02/07/2026;31861740;757591200636936;0.41;153|213|424
02/07/2026;31862789;788654667518463;3.27;213|424
02/07/2026;31862856;970615166593917;2.1;421
02/07/2026;31863257;179311062773420;0.18;202|213|409|410|424
02/07/2026;31863318;818253129767857;35.88;202|213|269|371|372|393|397|409|410|417|424
02/07/2026;31863665;527091177665085;1.65;213|424
02/07/2026;31863731;413282923225253;1.12;202|213|409|410|424
02/07/2026;31864569;230544783957090;1.95;213|424
02/07/2026;31864579;106961978074030;62.75;202|269|393|397|409|410|417|424
02/07/2026;31865303;835508253895927;3.01;202|213|409|410|424
02/07/2026;31866238;834038655165899;2.0;213|424
02/07/2026;31867868;305614563864496;5.53;397
02/07/2026;31867895;575282644336371;49.07;202|213|355|393|397|409|410|417|424
02/07/2026;31870027;183616791107445;3.62;202|213|409|410|424
02/07/2026;31870297;97823072337638;12.13;202|213|269|355|393|409|410|417|424
02/07/2026;31870566;317838747804098;3.88;202|213|409|410|424
02/07/2026;31871021;525062192871800;28.98;213|269|355|393|417|424
02/07/2026;31871166;879176435009723;0.07;
02/07/2026;31872175;719644367810000;1.95;213|424
02/07/2026;31872453;787430125831980;3.27;213|424
02/07/2026;31873086;345145470751968;3.18;
02/07/2026;31873293;660286162077261;28.54;393|397|419
02/07/2026;31873693;624743562591910;0.46;
02/07/2026;31873895;871005275544345;1.83;397
02/07/2026;31874459;649541162917077;1.95;213|424
02/07/2026;31876276;559478401247420;2.19;397
02/07/2026;31876322;603134208092220;65.11;397
02/07/2026;31876353;772116568622444;1.79;420
02/07/2026;31876354;230107291563227;2.84;397
02/07/2026;31876367;317450597713994;1.01;420
02/07/2026;31876454;983262690483244;104.93;393|397|416
02/07/2026;31876480;338228474957820;104.93;393|397|416
02/07/2026;31876730;931515396523492;60.24;268|274|393|397|412|417
02/07/2026;31876762;830136409182555;59.11;393|397|416
02/07/2026;31876784;297312333292342;23.81;397
02/07/2026;31876847;760545639390925;0.31;397
02/07/2026;31876872;474442181451748;2.27;397
02/07/2026;31876877;398265268172501;2.62;397
02/07/2026;31876983;344968035372613;165.08;268|274|393|417
02/07/2026;31877135;64398856168730;0.19;393|417
02/07/2026;31877175;116090540843372;62.57;268|274|393|412|417
02/07/2026;31877213;87723145181100;30.19;393|397|419
02/07/2026;31877238;602390617199847;0.1;393|419
02/07/2026;31877257;261130036182092;1.6;422
02/07/2026;31877324;796697302725845;5.98;420
02/07/2026;31877360;815921121555371;1.46;397
02/07/2026;31877417;382204395512939;4.61;420
02/07/2026;31877434;632926429236765;1.48;
02/07/2026;31877461;155510046640906;4.3;420
02/07/2026;31877465;102677131025396;2.0;397
02/07/2026;31877469;112161541157326;0.59;397
02/07/2026;31877470;805374470598474;2.27;397
02/07/2026;31877480;581963236883193;0.59;393
02/07/2026;31877583;8028116256525;29.37;397
02/07/2026;31877601;39884330181878;0.92;
02/07/2026;31877603;482871898047379;1.68;420
02/07/2026;31877605;954449023612667;6.25;
02/07/2026;31877614;546165144473148;40.86;397
02/07/2026;31877621;754279710341267;0.12;393|416
02/07/2026;31877625;860721965864274;0.13;393|416
02/07/2026;31877651;661303650259840;16.16;420
02/07/2026;31877694;650857702440517;1.91;397
02/07/2026;31877755;549964435750345;24.42;268|274
02/07/2026;31877861;637027427880591;75.97;268|274|393|417
02/07/2026;31877873;17607268551655;1.13;397
02/07/2026;31877894;677472773842165;2.84;397
02/07/2026;31877913;177743510779491;68.01;397
02/07/2026;31877934;476321314600928;0.28;397
02/07/2026;31877937;944912683372602;2.96;397
02/07/2026;31877972;172945599272331;0.18;393|419
02/07/2026;31877993;614942113636060;0.22;
02/07/2026;31878005;141587628846612;25.24;421
02/07/2026;31878012;826227907314489;1.73;397
02/07/2026;31878043;748048830122669;0.15;421
02/07/2026;31878045;116689153437102;0.34;393|416
02/07/2026;31878106;168181801600180;2.86;420
02/07/2026;31878108;974203584250268;1.39;397
02/07/2026;31878147;520084270328423;2.11;397
02/07/2026;31878152;887411664479670;0.17;393|417
02/07/2026;31878163;146807957414284;0.99;397
02/07/2026;31878195;397635405437979;52.6;268|274|393|412|417
02/07/2026;31878197;239973519772488;0.94;274|393|417
02/07/2026;31878290;298956313580110;0.06;393|416
02/07/2026;31878292;311625416599589;0.05;393|417
02/07/2026;31878330;651080891630960;0.37;393
02/07/2026;31878416;75473268171372;41.97;288|355|393|397|417
02/07/2026;31878418;808581165662056;5.07;202|288|355|393|409|410|417
02/07/2026;31878420;235174957610739;5.07;202|288|355|393|409|410|417
02/07/2026;31878426;211800772433583;3.47;202|288|355|393|397|409|410|417
02/07/2026;31878458;575750790936549;2.72;397
02/07/2026;31878534;453805190217060;2.84;397
02/07/2026;31878536;108292109801454;0.48;
02/07/2026;31878537;721087532001755;0.12;397
02/07/2026;31878562;392404382993136;2.19;397
02/07/2026;31878563;612489565662821;0.01;393
02/07/2026;31878575;183600334152843;6.3;397
02/07/2026;31878632;458964862166200;0.15;
02/07/2026;31878649;183029238296774;2.23;420
02/07/2026;31878674;194418852538293;3.69;420
02/07/2026;31878743;858370430356349;0.17;393|419
02/07/2026;31878801;151677689340969;0.65;393|419
02/07/2026;31878805;131656635520351;0.16;397
02/07/2026;31878817;405978241436974;51.81;393|397|417
02/07/2026;31878823;543570708336165;3.75;397
02/07/2026;31878829;130275730301641;0.01;393|416
02/07/2026;31878885;700546773222546;1.33;397
02/07/2026;31878896;528209952897453;0.47;
02/07/2026;31878948;731908755000473;2.32;397
02/07/2026;31878978;350273270743572;0.69;397
02/07/2026;31879022;893739413341425;1.76;397
02/07/2026;31879066;397360937488239;2.84;397
02/07/2026;31879071;745963884173414;2.72;397
02/07/2026;31879150;45890447379707;1.8;420
02/07/2026;31879180;191259080949562;0.37;268
02/07/2026;31879194;585609595859298;0.91;422
02/07/2026;31879326;791072233374304;2.41;397
02/07/2026;31879378;482549673643827;2.34;397
02/07/2026;31879385;220632006041350;1.59;397
02/07/2026;31879392;306194310935229;0.91;397
02/07/2026;31879399;327423464542347;3.06;397
02/07/2026;31879441;63704652599838;1.92;
02/07/2026;31879454;713729580429156;0.78;420
02/07/2026;31879469;161091222366922;2.4;250|393|412|417
02/07/2026;31879476;979817260426757;0.11;
02/07/2026;31879492;473703987270645;2.96;397
02/07/2026;31879511;316242479134809;0.01;
02/07/2026;31879528;834186329445412;0.41;
02/07/2026;31879532;358342134944997;2.11;397
02/07/2026;31879579;275594609085175;26.16;274|393|417
02/07/2026;31879596;135397122316538;1.7;421
02/07/2026;31879606;931633927235853;2.2;421
02/07/2026;31879618;144185654973664;4.44;
02/07/2026;31879720;70854589467450;0.57;393|419
02/07/2026;31879721;727365279909141;17.9;397
02/07/2026;31879729;527669502790075;6.73;397
02/07/2026;31879747;150477904818019;1.56;397
02/07/2026;31879758;534700616375590;1.59;397
02/07/2026;31879785;714170240341274;137.76;268|274|393|417
02/07/2026;31879819;498856478092571;1.59;397
02/07/2026;31879825;585186054795161;0.63;393|416|421
02/07/2026;31879831;442697139583300;0.15;
02/07/2026;31879834;813902440933660;52.38;393|397|419
02/07/2026;31879993;622931384601864;0.47;
02/07/2026;31880019;554804452522844;24.54;268|274
02/07/2026;31880071;465974335447497;0.49;393|419
02/07/2026;31880078;68745183910787;1.39;393
02/07/2026;31880138;974801597992619;1.85;397
02/07/2026;31880156;894518136841857;0.44;397
02/07/2026;31880176;144902234572692;0.19;393|416
02/07/2026;31880211;619097645789419;10.87;420
02/07/2026;31880275;177514512096991;106.5;268|274
02/07/2026;31880297;523116346232314;1.59;397
02/07/2026;31880303;407209776347493;0.53;393|416
02/07/2026;31880340;694088802716111;0.09;
02/07/2026;31880438;794121950652751;4.74;397
02/07/2026;31880475;523481811956192;29.53;397|420
02/07/2026;31880601;502243668803400;0.46;421
02/07/2026;31880670;48508061697263;0.07;
02/07/2026;31880708;934767826260380;3.37;274|393|417
02/07/2026;31880735;213085263732207;1.76;397
02/07/2026;31880738;166474219438195;8.12;
02/07/2026;31880748;484222518588170;5.56;397
02/07/2026;31880767;697134864066877;2.73;421
02/07/2026;31880787;616870879635704;1.01;420
02/07/2026;31880913;998088979342131;0.22;397
02/07/2026;31880915;632648983015015;1.7;397
02/07/2026;31880929;881386730084947;0.67;393|419
02/07/2026;31880987;157510077375701;0.77;393|417
02/07/2026;31881001;218406094780872;0.46;
02/07/2026;31881034;722405166712950;30.23;393|397|419
02/07/2026;31881050;753259713814129;0.1;393|419
02/07/2026;31881094;496058686156158;0.35;
02/07/2026;31881099;314791759922035;0.24;393|416
02/07/2026;31881170;312432426281126;30.2;393|397|419
02/07/2026;31881213;728204870669264;1.87;421
02/07/2026;31881256;872933368586612;2.13;420
02/07/2026;31881270;402602189575041;23.74;397
02/07/2026;31881294;978256476602343;2.0;397
02/07/2026;31881416;519084817213720;0.15;
02/07/2026;31881426;776022632427446;0.07;393|416
02/07/2026;31881443;821018182959702;1.98;397
02/07/2026;31881444;431481975159811;0.53;393|416
02/07/2026;31881452;929238048170785;2.43;420
02/07/2026;31881457;660385857306486;80.57;397
02/07/2026;31881491;161792042131685;8.12;
02/07/2026;31881500;840949319649820;2.84;397
02/07/2026;31881523;369143519986696;0.18;
02/07/2026;31881525;302894060273021;49.3;393|397
02/07/2026;31881526;684191532892684;0.89;397
02/07/2026;31881530;402884158613564;8.68;397
02/07/2026;31881549;487890465856449;0.26;393|416
02/07/2026;31881666;932724917270199;0.14;
02/07/2026;31881726;364439796513666;3.35;202|397|409|410
02/07/2026;31881752;413198781129161;0.21;393|419
02/07/2026;31881828;279569178813981;0.16;397
02/07/2026;31881841;916983187076611;2.84;397
02/07/2026;31881846;483618230406823;4.65;250|393|412|417
02/07/2026;31882000;301142021678569;2.32;420
02/07/2026;31882019;116003684740604;2.84;397
02/07/2026;31882035;606431600004231;0.48;393|416
02/07/2026;31882043;886680852049133;0.16;421
02/07/2026;31882048;160105288265335;4.62;397
02/07/2026;31882055;52696015710369;2.53;397
02/07/2026;31882094;123249710665837;1.56;268
02/07/2026;31882124;853732107042483;0.48;
02/07/2026;31882132;444836633034054;0.41;
02/07/2026;31882161;869252484325552;1.35;420
02/07/2026;31882166;991311603627583;29.15;397|420
02/07/2026;31882214;318942930252893;2.66;397
02/07/2026;31882227;480249934031571;0.5;
02/07/2026;31882250;935348034864968;0.13;393|419
02/07/2026;31882256;50733410619119;0.14;
02/07/2026;31882267;346904439543104;69.28;393|397|416
02/07/2026;31882271;472349113819527;1.98;397
02/07/2026;31882309;749009202083403;0.27;
02/07/2026;31882393;488501449207531;4.3;397
02/07/2026;31882437;652274286854688;11.68;397
02/07/2026;31882454;830853219426712;0.19;393|417
02/07/2026;31882480;367473332335497;22.0;393|397
02/07/2026;31882519;246813654698904;42.35;397
02/07/2026;31882583;991518525878371;3.36;393|397|420
02/07/2026;31882608;855588770917515;2.63;268|274|412
02/07/2026;31882643;253567954979408;0.29;393|419
02/07/2026;31882741;159518289461060;0.05;
02/07/2026;31882750;419797446856841;0.28;
02/07/2026;31882752;273095121357656;2.66;397
02/07/2026;31882777;903335496554236;2.58;397
02/07/2026;31882854;107973602016758;1.26;
02/07/2026;31882937;359138654856755;0.07;397
02/07/2026;31883037;748826074981656;0.54;393|416
02/07/2026;31883071;541102410921169;0.23;
02/07/2026;31883090;48515574046124;0.37;393
02/07/2026;31883142;96031948709301;5.71;397
02/07/2026;31883171;131443110483380;7.11;
02/07/2026;31883183;653667895533725;1.35;393|416|421
02/07/2026;31883184;579794523626469;0.17;
02/07/2026;31883269;984312865472230;2.21;421
02/07/2026;31883353;311078607107005;0.01;420
02/07/2026;31883408;637278128605479;0.67;
02/07/2026;31883461;720005376843438;38.43;268|274
02/07/2026;31883494;370776748673551;0.34;420
02/07/2026;31883499;483958722756547;0.23;
02/07/2026;31883503;366491422302566;0.86;397
02/07/2026;31883536;642052964869721;0.37;
02/07/2026;31883616;486018901911111;11.28;420
02/07/2026;31883680;22881931206341;2.32;397
02/07/2026;31883699;142348352544606;0.44;397
02/07/2026;31883704;518060818460410;2.84;397
02/07/2026;31883737;840203732068261;32.67;393|397|416
02/07/2026;31883763;413218148737327;2.1;397|421
02/07/2026;31883767;464267686500253;0.88;393|416
02/07/2026;31883771;894307592585576;0.32;397
02/07/2026;31883779;787484097641966;0.34;421
02/07/2026;31883796;454020663693809;1.47;397
02/07/2026;31883815;26429768273412;0.45;
02/07/2026;31883824;632294957958566;0.38;397
02/07/2026;31883830;327124720770020;2.84;397
02/07/2026;31883915;633777560006799;0.3;
02/07/2026;31883917;676016723679875;2.43;397
02/07/2026;31883932;126186674926828;0.44;
02/07/2026;31884004;792651182301012;0.46;
02/07/2026;31884029;50746134110896;1.57;397
02/07/2026;31884053;913689208807388;0.16;420
02/07/2026;31884082;416469354653267;2.84;397
02/07/2026;31884097;949774962643453;28.49;393|397|419
02/07/2026;31884102;596096741907587;2.84;397
02/07/2026;31884127;506778229083890;2.84;397
02/07/2026;31884140;800876317475175;2.11;397
02/07/2026;31884167;698894845572314;0.45;393|416
02/07/2026;31884176;974859994993570;0.33;420
02/07/2026;31884261;71738443147283;0.07;393|417
02/07/2026;31884324;416631399294286;0.08;
02/07/2026;31884402;283220191661003;2.84;397
02/07/2026;31884458;459347053071305;0.18;
02/07/2026;31884484;656968502155621;2.84;397
02/07/2026;31884575;851383016708659;0.16;
02/07/2026;31884586;550873145132006;2.34;397
02/07/2026;31884602;285727080605547;0.94;397
02/07/2026;31884604;893792537146310;1.66;397
02/07/2026;31884610;513116078588037;0.42;397
02/07/2026;31884615;757606856796481;1.64;397
02/07/2026;31884652;242347119886572;0.21;
02/07/2026;31884661;313716966748064;2.04;420
02/07/2026;31884702;907734037542214;0.56;421
02/07/2026;31884706;378990785306396;1.72;
03/07/2026;31500085;507723459814172;30.12;397
03/07/2026;31605444;725077142894694;439.32;
03/07/2026;31694319;921352693581964;2.57;397
03/07/2026;31695413;988764330325635;66.62;397
03/07/2026;31718720;266324158149512;1.41;
03/07/2026;31734766;838630895736945;0.02;393|417
03/07/2026;31743296;716549437060092;0.09;
03/07/2026;31743693;464850155018069;11.31;397
03/07/2026;31749315;358026905932326;0.03;
03/07/2026;31764526;528955738190739;16.33;397
03/07/2026;31767274;723383538858774;9.42;397
03/07/2026;31777397;722746494528678;9.99;397
03/07/2026;31778123;369524185271663;7.48;397
03/07/2026;31781494;731867364188174;17.69;397
03/07/2026;31786227;856870354053623;6.97;397
03/07/2026;31786840;383704179604216;0.17;393|416
03/07/2026;31787459;675003544363009;4.21;397
03/07/2026;31787472;526197630638050;1.74;397
03/07/2026;31792198;495810621563962;0.76;397
03/07/2026;31793009;910414154755533;3.97;397
03/07/2026;31793711;689580235217754;0.78;397
03/07/2026;31793737;256342140635712;21.05;397
03/07/2026;31797234;46792039810254;2.84;397
03/07/2026;31798028;146082633596772;13.39;397
03/07/2026;31798980;756788936877863;24.36;397
03/07/2026;31809298;252107647221273;0.4;
03/07/2026;31810010;572561448501811;6.29;393|416
03/07/2026;31812644;300790670260630;0.29;
03/07/2026;31814254;79543953690211;9.51;393|397|416
03/07/2026;31815005;469534218112127;4.71;422
03/07/2026;31816249;854851039813506;0.18;
03/07/2026;31819147;563061971538880;0.78;393|417
03/07/2026;31821076;905853522599870;15.06;397
03/07/2026;31821526;395658941676054;2.66;422
03/07/2026;31825249;884326916332891;0.1;397
03/07/2026;31826353;118464193897444;24.36;397
03/07/2026;31826371;440330712704180;0.62;422
03/07/2026;31827209;823706564098727;0.12;393|416
03/07/2026;31827524;813680605172659;1.0;422
03/07/2026;31827742;904947998652308;1.91;422
03/07/2026;31829553;768920508787865;8.71;422
03/07/2026;31838586;209022262387377;2.92;422
03/07/2026;31839312;787695832577626;0.18;
03/07/2026;31842216;151754085429456;4.4;422
03/07/2026;31844495;585700967113888;1.02;422
03/07/2026;31850695;947155023456323;17.24;393|416
03/07/2026;31852166;882554142624669;2.58;422
03/07/2026;31854590;380955314183517;4.31;397
03/07/2026;31854645;333234410285851;1.22;421
03/07/2026;31855593;655788564222956;36.14;397|422
03/07/2026;31855631;675093958179062;2.33;422
03/07/2026;31858992;295710667942865;0.14;
03/07/2026;31859717;541066327109385;0.49;397
03/07/2026;31860789;149710297457016;72.03;397
03/07/2026;31860982;599609535008188;18.1;397|420
03/07/2026;31865781;748889340608085;11.71;84|397
03/07/2026;31865914;965422685792570;0.22;393|416
03/07/2026;31866846;280390394562009;0.18;
03/07/2026;31869986;643464885711178;36.65;268|274
03/07/2026;31870827;114421677072095;0.23;422
03/07/2026;31877622;267740673926689;6.33;
03/07/2026;31879293;378445687457607;83.09;397
03/07/2026;31879553;998207464335043;13.57;393|416
03/07/2026;31879673;100605108050965;11.31;397|422
03/07/2026;31882042;629563225745673;0.73;420
03/07/2026;31882495;714997738878918;11.65;397|422
03/07/2026;31884721;486288284605552;0.32;393
03/07/2026;31884770;104575943739282;0.07;420
03/07/2026;31884833;220780447871934;73.98;397
03/07/2026;31884866;16553081064394;0.17;
03/07/2026;31884889;894340638223870;1.17;393|419
03/07/2026;31884911;127115496009426;0.52;393|417
03/07/2026;31884926;8261850187670;0.01;393|417
03/07/2026;31885063;978928602515008;0.25;393|419
03/07/2026;31885129;525575927615136;2.84;397
03/07/2026;31885236;976156725654713;0.15;393|419
03/07/2026;31885386;192713708048082;2.91;393|397|420
03/07/2026;31885696;902453236179675;0.18;
03/07/2026;31885712;99153914845822;0.31;397
03/07/2026;31885782;828766596939591;1.7;397
03/07/2026;31885805;700529978804443;0.22;
03/07/2026;31885874;948374392267506;8.12;422
03/07/2026;31885901;512674115869635;0.45;
03/07/2026;31885914;309748033371023;0.22;
03/07/2026;31885955;7239462936069;0.38;421
03/07/2026;31885959;477648251271523;0.39;
03/07/2026;31885969;681112673852605;0.41;
03/07/2026;31886006;376035485902200;1.39;397
03/07/2026;31886047;363052945579361;0.12;397
03/07/2026;31886090;29535004418855;2.73;421
03/07/2026;31886110;294667936288571;0.31;397
03/07/2026;31886233;561943166166567;0.22;393|419
03/07/2026;31886245;67386573954481;0.11;
03/07/2026;31886253;897032304493420;15.04;268|274
03/07/2026;31886260;98282711666586;6.2;397
03/07/2026;31886282;856470872694547;0.16;421
03/07/2026;31886291;972157012372590;0.46;
03/07/2026;31886296;323523516990913;2.7;393|420
03/07/2026;31886325;128707398135605;1.54;268|274
03/07/2026;31886387;918119866824223;0.09;393|417
03/07/2026;31886400;866544035883971;1.32;397
03/07/2026;31886452;65501658708843;0.01;421
03/07/2026;31886500;941035941348290;0.21;393|416
03/07/2026;31886508;163625170860202;41.62;268|274|393|412|417
03/07/2026;31886518;787008173213129;69.87;268|274|393|417
03/07/2026;31886559;802564128506390;2.04;422
03/07/2026;31886659;611754850702269;2.57;421
03/07/2026;31886764;471845398853833;2.84;397
03/07/2026;31886856;208681034585947;0.72;
03/07/2026;31886949;28627457709044;7.69;268|274
03/07/2026;31886966;424339273583156;140.31;268|274|393|417
03/07/2026;31886967;597219116348950;0.64;397
03/07/2026;31886990;932709801466352;0.18;
03/07/2026;31887042;2101176658448;0.62;393|416
03/07/2026;31887057;474976914342090;2.84;397
03/07/2026;31887062;817660478432391;2.4;
03/07/2026;31887087;211629228341821;0.01;422
03/07/2026;31887112;5397375198276;0.01;393|416
03/07/2026;31887229;218554849940254;1.57;397
03/07/2026;31887241;184949390255391;0.3;393|419
03/07/2026;31887359;42830979866921;1.41;268
03/07/2026;31887376;429531047181963;152.77;268|274
03/07/2026;31887440;53436647987545;25.4;397|420
03/07/2026;31887457;676412340078976;2.84;397
03/07/2026;31887470;188555233247527;0.89;397
03/07/2026;31887628;426077719339417;0.42;
03/07/2026;31887650;108888119270412;0.63;393|416
03/07/2026;31887743;463839969993927;0.75;393|416
03/07/2026;31887806;303943852358520;2.84;397
03/07/2026;31887822;497300935851431;0.04;
03/07/2026;31887850;68434853610145;0.17;397
03/07/2026;31887864;529319458140115;0.4;
03/07/2026;31887983;498475739335791;38.43;268|274
03/07/2026;31887988;295367929294377;9.99;397
03/07/2026;31888061;826566738509592;3.51;397|421
03/07/2026;31888124;321228704824268;12.42;268
03/07/2026;31888226;654486748452816;4.69;
03/07/2026;31888232;761658579524430;0.8;397
03/07/2026;31888240;667546810583648;0.21;
03/07/2026;31888307;95960999881062;41.97;268|274
03/07/2026;31888353;48942738688151;0.33;393|416
03/07/2026;31888380;287086862387074;0.6;397
03/07/2026;31888387;579965009670602;0.45;397
03/07/2026;31888404;509689075765312;23.47;268|274
03/07/2026;31888410;184816452170499;2.84;397
03/07/2026;31888437;938436397179921;0.71;397
03/07/2026;31888516;970425290922943;2.84;397
03/07/2026;31888526;651214288469612;0.02;422
03/07/2026;31888533;503505867287157;38.27;397
03/07/2026;31888564;80585111438298;1.36;397
03/07/2026;31888622;323518931898192;0.59;397
03/07/2026;31888671;167225750252104;44.61;393|397|417
03/07/2026;31888720;543782564018450;0.42;397
03/07/2026;31888722;350330329944893;0.31;397
03/07/2026;31888787;607692350598703;2.96;268
03/07/2026;31888877;182117827288680;1.39;397
03/07/2026;31888984;859217163659684;51.16;268|274
03/07/2026;31888985;347108094675961;46.7;268|274|393|417
03/07/2026;31889074;346368112621008;1.81;250|412
03/07/2026;31889134;145773867122842;0.17;397
03/07/2026;31889270;96487890117100;0.95;268
03/07/2026;31889275;7865844599822;14.13;268|274
03/07/2026;31889446;801141620256784;10.17;250|412
03/07/2026;31889469;79513090247099;0.62;
03/07/2026;31889470;142845733898155;3.78;393|397
03/07/2026;31889483;59488086226196;0.74;
03/07/2026;31889529;474619920843345;2.56;397
03/07/2026;31889588;834270954632744;0.12;397
03/07/2026;31889694;791518524922172;0.02;393|419
03/07/2026;31889755;973289629490143;0.47;397
03/07/2026;31889756;595760566566285;4.89;397
03/07/2026;31889784;561799396942265;0.01;421
03/07/2026;31889809;12143795318596;0.62;420
03/07/2026;31889869;401692682059377;1.09;397
03/07/2026;31889883;952201075000591;2.84;397
03/07/2026;31889948;54215539448776;0.16;420
03/07/2026;31890014;326407388412223;0.55;
03/07/2026;31890033;786196421551593;7.3;369|412
03/07/2026;31890052;938008824858380;16.44;420
03/07/2026;31890130;349953750725532;0.36;393|416
03/07/2026;31890283;183835092474047;2.38;397
03/07/2026;31890379;103920053380565;2.77;268
03/07/2026;31890383;960279411970762;0.89;397
03/07/2026;31890421;671499053234723;1.17;397
03/07/2026;31890485;521657396400466;8.99;268|274|393|412|417
03/07/2026;31890495;865243373755438;2.53;397
03/07/2026;31890497;832146735115201;0.03;268
03/07/2026;31890544;732120546745366;0.73;422
03/07/2026;31890581;442071421797387;0.54;
03/07/2026;31890602;167240906589771;0.74;397
03/07/2026;31890631;927565164116666;0.16;
03/07/2026;31890646;487980385408401;0.11;393|419
03/07/2026;31890661;459502606897668;1.36;397
03/07/2026;31890904;618711512520638;0.06;268
03/07/2026;31890906;556843371962104;0.08;
03/07/2026;31890953;659188572435988;2.84;397
03/07/2026;31891124;86895779104927;0.34;393|417
03/07/2026;31891147;730142376780711;3.51;268
03/07/2026;31891260;675009787767529;0.31;
03/07/2026;31891270;163189702677714;12.04;268|397
03/07/2026;31891279;517435738866822;0.34;420
03/07/2026;31891344;482755989447037;0.34;
03/07/2026;31891417;186825115025212;1.06;397
03/07/2026;31891425;146082875000928;8.5;268
03/07/2026;31891454;842501102877597;0.29;
03/07/2026;31891514;525108396970493;0.73;421
03/07/2026;31891518;725475351803716;0.33;
03/07/2026;31891538;310765649315651;0.1;393|419
03/07/2026;31891541;947154452350256;0.04;
03/07/2026;31891545;298666113140692;0.51;268
03/07/2026;31891556;124341510768928;2.27;397
03/07/2026;31891634;946888075601859;1.83;
03/07/2026;31891664;208301409972748;0.52;393|416
03/07/2026;31891709;725480098308599;128.94;268|274|393|417
03/07/2026;31891734;771147789583389;10.08;393|397
03/07/2026;31891737;175095273684131;3.94;420
03/07/2026;31891819;372137438823748;1.27;420
03/07/2026;31891874;211987636653719;0.07;393|416
03/07/2026;31891890;687461510165325;3.88;397
03/07/2026;31892016;632149889008993;36.5;393|397
03/07/2026;31892069;651060901434884;14.06;397
03/07/2026;31892071;806080754149532;26.92;268|274
03/07/2026;31892099;339675245375519;0.02;393|419
03/07/2026;31892113;814647667336480;0.05;268
03/07/2026;31892181;312395428937845;2.2;421
03/07/2026;31892185;422743281933837;0.45;397
03/07/2026;31892207;563539975748519;0.06;393|419
03/07/2026;31892220;622732311073142;0.52;
04/07/2026;31874923;471477228114048;3.62;202|213|409|410|424
04/07/2026;31877194;961457561116908;0.19;202|213|409|410|424
04/07/2026;31879381;188901634914815;2.41;202|213|409|410|424
04/07/2026;31879902;510522787672493;3.62;202|213|409|410|424
04/07/2026;31880853;203543251865959;1.74;202|269|355|393|409|410|417|424
04/07/2026;31882604;946974354126940;4.24;213|424
04/07/2026;31883697;30360117836965;1.09;213|424
04/07/2026;31884785;942238092457794;1.32;393|416|421
04/07/2026;31887495;715165518204955;0.39;397
04/07/2026;31890852;778181753708467;0.67;393|419
04/07/2026;31892283;481775882412857;4.45;397
04/07/2026;31892294;451303411349151;0.03;393
04/07/2026;31892301;892959671773673;2.4;420
04/07/2026;31892307;695740774923680;0.06;393|419
04/07/2026;31892362;360521409396060;2.05;421
04/07/2026;31892416;526420770251800;1.26;397
04/07/2026;31892419;625749533177019;0.49;397
04/07/2026;31892452;631599499128831;16.44;397|420
04/07/2026;31892498;757708098321217;0.76;393|416
04/07/2026;31892663;382544136166291;0.16;393
04/07/2026;31892710;327159829446046;62.66;393|397|419
04/07/2026;31892753;252973180349716;0.22;393|416
04/07/2026;31892784;859814049996267;0.5;393|416
04/07/2026;31893131;484220752485825;36.25;393|397
04/07/2026;31893366;900281271041793;0.23;
04/07/2026;31893382;278333465629361;66.17;268|274|393|412|417
04/07/2026;31893391;324832123437244;0.95;268
04/07/2026;31893408;420952712543467;3.02;268
04/07/2026;31893423;945498879605496;23.24;
04/07/2026;31893424;536416280472299;2.0;397
04/07/2026;31893483;771973955003159;0.05;393|419
04/07/2026;31893496;705772691712034;20.86;397
04/07/2026;31893507;606572947698627;26.06;
04/07/2026;31893552;412617228249861;61.48;40|268|397|409|410|412
04/07/2026;31893596;710007672118039;71.27;393|397|416
04/07/2026;31893606;719315803233299;0.34;
04/07/2026;31893611;177526698975419;0.05;393|419
04/07/2026;31893613;411528775390603;0.11;268
04/07/2026;31893629;370311055472178;0.62;420
04/07/2026;31893700;92932028327044;1.11;397
04/07/2026;31893758;30461964684514;2.87;397
04/07/2026;31893770;899647142259384;0.36;393|416
04/07/2026;31893780;443451878722031;0.05;
04/07/2026;31893801;181008005527807;0.75;397
04/07/2026;31893803;682474291560759;0.1;
04/07/2026;31893830;363361882466654;0.05;
04/07/2026;31893834;669082791719143;0.36;
04/07/2026;31893858;654763830801440;1.47;397
04/07/2026;31893910;212509128429372;0.48;397
04/07/2026;31893934;314232297146253;18.07;397
04/07/2026;31893970;14753467365804;158.41;268|274|393|417
04/07/2026;31894008;929891522380196;0.51;
04/07/2026;31894044;675584353090854;2.84;397
04/07/2026;31894047;587014089278129;0.44;397
04/07/2026;31894063;534898219264107;0.14;397
04/07/2026;31894090;657919970009246;1.59;268
04/07/2026;31894094;791710414034208;1.97;
04/07/2026;31894103;106814539945637;19.09;393|397|419
04/07/2026;31894105;36329345835174;18.62;393|397|419
04/07/2026;31894106;24066829740991;0.47;
04/07/2026;31894137;386700800532600;2.43;397
04/07/2026;31894142;860700016269172;2.84;397
04/07/2026;31894154;75961135361050;10.61;268
04/07/2026;31894172;308149965136277;0.74;397
04/07/2026;31894179;76956823958754;54.72;268|274|393|417
04/07/2026;31894188;33214707231213;0.45;397
04/07/2026;31894253;172112309773134;0.12;
04/07/2026;31894257;877722822119235;2.84;397
04/07/2026;31894287;890008918846431;1.62;420
04/07/2026;31894353;108516543562883;2.84;397
04/07/2026;31894399;425525719498334;0.25;393|417
04/07/2026;31894478;663008938694084;0.68;268|393|419
04/07/2026;31894517;266953322919978;2.5;420
04/07/2026;31894543;980188621949805;1.11;420
04/07/2026;31894586;410659471435168;0.14;393|397|417
04/07/2026;31894633;737090604794345;0.42;393
04/07/2026;31894655;51966173535830;0.17;
04/07/2026;31894673;508137044791327;0.41;
04/07/2026;31894690;754082312953081;2.84;397
04/07/2026;31894756;529072298899330;0.1;393|416
04/07/2026;31894772;705995343479120;0.89;
04/07/2026;31894775;649735828562702;0.59;393
04/07/2026;31894776;657083929954997;16.44;420
04/07/2026;31894851;365211731138797;0.07;393|419
04/07/2026;31894861;227902871890180;63.52;393|397
04/07/2026;31894863;460608271644950;3.32;397
04/07/2026;31894874;575263285813715;0.41;397
04/07/2026;31894901;332009344877166;0.21;393
04/07/2026;31894961;47490106647266;0.37;
04/07/2026;31894991;125011949154732;46.44;393|397
04/07/2026;31895058;794752638790315;0.17;397
04/07/2026;31895064;732068704966342;0.32;397
04/07/2026;31895110;778775131472037;0.4;393|417
04/07/2026;31895131;437402372718918;0.2;393|417
04/07/2026;31895174;208501458642792;0.57;393|416
04/07/2026;31895203;144189397759391;0.18;393|419
04/07/2026;31895208;556444283654815;0.4;
04/07/2026;31895242;408360288894016;1.45;420
04/07/2026;31895251;691893884708959;65.6;393|397|416
04/07/2026;31895312;188486512248528;0.17;397
04/07/2026;31895336;286392265590829;2.84;397
04/07/2026;31895371;536996710672004;2.0;421
04/07/2026;31895396;263231668835583;0.4;
04/07/2026;31895424;74290173542745;0.12;393|416
04/07/2026;31895442;768822604468717;0.16;420
04/07/2026;31895480;345107723245426;0.01;393|416
04/07/2026;31895541;422480010370251;0.17;
04/07/2026;31895550;765962073770877;0.01;397
04/07/2026;31895575;346399447419404;2.45;397
04/07/2026;31895603;737607507201955;0.31;393|416
04/07/2026;31895607;264765616647842;3.85;250|268|274|412
04/07/2026;31895613;693741408847546;76.73;393|397|416
04/07/2026;31895661;901142534970020;1.02;39|40
04/07/2026;31895695;578357873359468;1.87;397
04/07/2026;31895736;497078516559874;0.45;393|419
04/07/2026;31895752;570196255881494;0.14;393
04/07/2026;31895765;307335930891682;1.78;420
04/07/2026;31895775;124199417011152;0.31;
04/07/2026;31895793;113941222239435;50.21;397
04/07/2026;31895796;533206888738418;6.5;397
04/07/2026;31895806;806387166811326;3.24;393|397|416|421
04/07/2026;31895839;549503685696361;0.08;
04/07/2026;31895860;895374833334481;0.08;
04/07/2026;31895882;138703965086615;8.4;268|397
04/07/2026;31895942;178688497119550;1.62;397
04/07/2026;31895975;63154043361049;2.95;268
04/07/2026;31895985;812252057054757;0.16;420
04/07/2026;31895992;706431761053116;0.14;
04/07/2026;31896043;505392756338292;2.0;397
04/07/2026;31896139;629576742144022;0.12;
04/07/2026;31896151;188104520927193;6.34;397
04/07/2026;31896182;647291879490227;12.39;397
04/07/2026;31896196;133306201093422;4.22;397
04/07/2026;31896230;937619017565002;8.55;40|268|393|409|410|417
04/07/2026;31896259;145974915820611;2.62;397
04/07/2026;31896270;976093254526058;1.11;393|397
04/07/2026;31896281;215723025705908;13.19;268|397
04/07/2026;31896284;206400128054038;1.51;268
04/07/2026;31896286;900064364652834;2.77;268
04/07/2026;31896310;869800629440541;52.06;268|274|393|412|417
04/07/2026;31896393;876842261764801;1.24;250|412
04/07/2026;31896414;820774474257511;0.78;397
04/07/2026;31896440;775450731890164;6.22;397
04/07/2026;31896523;59828206299267;2.43;182
04/07/2026;31896541;832574995775430;0.43;
04/07/2026;31896554;674398193374347;0.71;
04/07/2026;31896572;781339709984585;2.96;268
04/07/2026;31896592;541733312051614;0.87;420
04/07/2026;31896594;588981682129303;0.02;393
04/07/2026;31896628;312740708538557;3.75;397
04/07/2026;31896657;672563231996514;0.71;
04/07/2026;31896688;830756472040835;0.08;
04/07/2026;31896689;867444819588151;23.71;268|397
04/07/2026;31896698;281866644704681;0.25;393
04/07/2026;31896708;448250892251487;17.9;397|420
04/07/2026;31896755;760458951605315;0.75;420
04/07/2026;31896825;214351369870231;11.75;268
04/07/2026;31896874;404153577461438;9.05;420
04/07/2026;31896932;764583682621253;2.54;420
04/07/2026;31896961;939665615077880;1.11;420
04/07/2026;31896976;276466806158236;8.52;397
04/07/2026;31896981;841275204839675;0.07;
04/07/2026;31897043;178263846099227;3.68;40|412
04/07/2026;31897059;180832801300092;0.29;393|416
04/07/2026;31897067;931989461424695;2.84;397
04/07/2026;31897073;12478989514977;2.45;397
04/07/2026;31897077;839134576193362;0.33;
04/07/2026;31897078;721105215853323;0.15;393
04/07/2026;31897107;2490637028430;2.51;268
04/07/2026;31897114;868847229516515;0.07;393|419
04/07/2026;31897117;840536901019424;41.91;393|397|419
04/07/2026;31897131;150419710682993;1.55;397
04/07/2026;31897153;4260035687039;25.79;268|397
04/07/2026;31897244;736749649764915;0.19;393|416
04/07/2026;31897246;950003305561782;1.07;397
05/07/2026;31894731;828380752530292;3.62;
05/07/2026;31894794;237123910402025;0.32;393|419
05/07/2026;31896231;991499891058403;0.29;
05/07/2026;31897273;524452438716040;0.21;
05/07/2026;31897300;314185431561562;0.81;421
05/07/2026;31897314;969733934918012;0.77;421
05/07/2026;31897444;245631405561112;29.96;393|397
05/07/2026;31897463;705475906839633;0.84;
05/07/2026;31897466;403363638495097;1.4;397
05/07/2026;31897473;607131127804220;0.24;393
05/07/2026;31897548;619397395604360;2.84;397
05/07/2026;31897608;507242318185427;0.04;
05/07/2026;31897691;334969426199320;29.51;393|397
05/07/2026;31897697;349612384965707;2.84;397
05/07/2026;31897939;80921027091983;0.05;393|419
05/07/2026;31897952;941320158163486;0.36;
05/07/2026;31897956;780801268404310;6.71;421
05/07/2026;31897964;781207666446528;1.4;
05/07/2026;31898020;20296935862537;0.01;
05/07/2026;31898046;846372874650932;0.73;421
05/07/2026;31898048;6895021896673;13.13;
05/07/2026;31898078;739370980970071;0.81;397
05/07/2026;31898115;763442335048514;1.59;397
05/07/2026;31898137;96836209352994;0.87;397
05/07/2026;31898141;723239948039310;0.46;268
05/07/2026;31898147;596667450860305;0.57;
05/07/2026;31898170;199452853761804;3.09;397
05/07/2026;31898171;800662387684780;0.1;393
05/07/2026;31898185;24555647310904;2.71;393|416|421
05/07/2026;31898187;914198821437837;0.7;397
05/07/2026;31898194;364133205783863;0.72;420
05/07/2026;31898240;766107790832278;0.57;393|417
05/07/2026;31898282;60009063367644;0.24;393|416
05/07/2026;31898283;430172123716680;57.27;393|397|419
05/07/2026;31898392;862953192447229;4.89;421
05/07/2026;31898410;28800676627915;0.89;
05/07/2026;31898422;987635514492754;4.24;397
05/07/2026;31898469;821497080040940;1.6;268
05/07/2026;31898470;576177319656023;1.33;268
05/07/2026;31898531;604585921626176;4.89;397
05/07/2026;31898572;382160388723232;0.17;
05/07/2026;31898585;794161928614423;0.14;
05/07/2026;31898605;287602902556395;1.06;420
05/07/2026;31898610;277563454809182;2.84;397
05/07/2026;31898613;383045956581695;0.3;
05/07/2026;31898632;828246106862875;21.91;393|397|412|417
05/07/2026;31898633;388681568548928;0.33;393|416
05/07/2026;31898723;658799152596089;1.62;397
05/07/2026;31898729;729950506302400;0.53;397
05/07/2026;31898742;809780551964767;2.84;397
05/07/2026;31898777;41879153528415;1.99;250|412
05/07/2026;31898793;935544697646708;0.58;420
05/07/2026;31898839;723703421085905;1.81;250|412
05/07/2026;31898869;739513485395008;2.84;397
05/07/2026;31898882;819556855125596;3.3;393|416|421
05/07/2026;31898900;679731124536244;1.95;268
05/07/2026;31898964;74796078250683;0.03;420
05/07/2026;31898981;565959291844552;0.31;397
05/07/2026;31899016;363440884837579;1.17;421
05/07/2026;31899018;310565698221981;11.81;421
05/07/2026;31899042;836961523762571;0.09;420
05/07/2026;31899112;37068446213904;0.38;
05/07/2026;31899159;830475148813129;1.54;397
05/07/2026;31899166;405063763059941;2.45;397
05/07/2026;31899196;598695605689655;0.33;397
05/07/2026;31899203;82146892577170;3.54;397
05/07/2026;31899205;988048263724787;1.88;397
05/07/2026;31899223;56858539653987;2.84;397
05/07/2026;31899236;986936866870287;92.28;393|397|416
05/07/2026;31899253;726818418532604;0.1;
05/07/2026;31899262;482097101612208;0.09;397
05/07/2026;31899284;169373059553048;0.78;397
05/07/2026;31899297;664240839988415;27.71;268|397
05/07/2026;31899299;37986897916970;0.2;
05/07/2026;31899317;883249855939901;18.1;393|397|417
05/07/2026;31899371;635043222174663;2.29;
05/07/2026;31899375;241322311801441;1.39;
05/07/2026;31899389;682259293779368;0.12;393|416
05/07/2026;31899400;687776401050662;4.77;421
05/07/2026;31899417;904764430186658;0.34;421
05/07/2026;31899421;223237217747416;11.81;421
05/07/2026;31899422;312368812767338;0.12;393|416
05/07/2026;31899449;277681557812842;0.8;421
05/07/2026;31899458;238333856052652;0.13;393|416
05/07/2026;31899473;279736280130041;0.73;393|416
05/07/2026;31899476;263958650867284;2.54;421
05/07/2026;31899479;669169659507146;0.48;393|416
05/07/2026;31899481;309100470068542;0.48;393|416
05/07/2026;31899486;549008663399421;0.12;393
05/07/2026;31899514;647360493661797;2.58;250|412
05/07/2026;31899555;105639186027167;0.01;420
05/07/2026;31899575;133933095673324;0.16;420
05/07/2026;31899592;939368444109614;0.49;393|419
05/07/2026;31899611;994237864858692;0.25;393|419
05/07/2026;31899645;896640410159859;0.01;420
05/07/2026;31899657;265756823861666;1.49;268
05/07/2026;31899669;25886318535370;1.8;268
05/07/2026;31899675;507221136263454;1.24;268
05/07/2026;31899714;191684310150560;0.71;420
05/07/2026;31899716;119119886814096;0.01;393
05/07/2026;31899752;888857324410196;1.86;268
05/07/2026;31899769;306552273240637;2.76;268
05/07/2026;31899777;629527456231620;0.12;393
05/07/2026;31899798;742500877230754;2.7;268
05/07/2026;31899808;745092570831761;0.89;420
05/07/2026;31899815;656717023841695;0.06;268
05/07/2026;31899824;630495505825588;1.65;268
05/07/2026;31899826;10678954630398;0.52;393
05/07/2026;31899830;320954321052953;0.02;393|419
05/07/2026;31899847;989945346727844;0.31;
05/07/2026;31899849;661001626125740;4.31;420
05/07/2026;31899858;706527443037340;2.7;393|420
05/07/2026;31899939;223597538529348;0.49;
05/07/2026;31899941;111283339719874;9.06;420
05/07/2026;31899957;982126727932909;1.89;420
05/07/2026;31899986;213006379766452;0.62;420
05/07/2026;31900078;137069421249851;0.29;393|416
05/07/2026;31900093;735494605460551;0.05;
05/07/2026;31900184;569162899277180;0.48;
05/07/2026;31900192;347822277838873;0.58;420
05/07/2026;31900200;734322554813501;2.06;420
05/07/2026;31900208;618831710347347;0.02;420
05/07/2026;31900242;821490981729105;0.13;393|419
05/07/2026;31900254;452299686096793;41.74;393|397|419|420
05/07/2026;31900386;567704050399931;0.32;268|409|410
05/07/2026;31900429;725622435884922;0.67;393|416
05/07/2026;31900448;999595391504650;25.82;397|420
05/07/2026;31900489;610579550717203;0.05;393|416
05/07/2026;31900566;701695284682283;0.5;393|419
05/07/2026;31900575;319353887383254;0.3;393|419
05/07/2026;31900604;718839656412033;0.02;393|416
05/07/2026;31900671;651906460776432;2.66;397
05/07/2026;31900683;825307084282427;26.85;397
05/07/2026;31900695;475977771171139;3.69;
05/07/2026;31900703;502447470123373;2.57;393|416|421
05/07/2026;31900739;15756263090973;0.19;268
05/07/2026;31900763;265485152876962;0.17;393
05/07/2026;31900830;479076852830693;0.01;
05/07/2026;31900847;365228103875873;0.52;
05/07/2026;31900857;20272995022522;53.49;268|274|393|417
05/07/2026;31900872;45971179362483;1.72;421
05/07/2026;31900877;631169173578387;0.15;421
05/07/2026;31900901;304698099800992;1.35;420
05/07/2026;31900948;64071255020433;0.3;
05/07/2026;31900958;357999297609699;4.51;420
05/07/2026;31900980;754785529338181;0.42;
05/07/2026;31900983;812229873464980;0.25;
05/07/2026;31900990;642401100115993;0.48;
05/07/2026;31900992;273266264310119;2.17;420
05/07/2026;31901004;638113093924264;0.21;393
05/07/2026;31901023;635709288317754;0.72;420
05/07/2026;31901056;108895950624623;2.84;397
05/07/2026;31901083;235574247355166;0.26;393
05/07/2026;31901109;350551373724488;0.71;268
05/07/2026;31901110;53852313128150;0.16;420
05/07/2026;31901121;419276607743898;1.12;420
05/07/2026;31901138;108506226753002;1.84;397
05/07/2026;31901198;483330426812205;1.91;397
05/07/2026;31901228;549047434236658;0.53;393|416
05/07/2026;31901288;961377977015330;1.6;268
05/07/2026;31901339;7185014114870;16.12;397|420
05/07/2026;31901360;927285411069434;1.36;397
05/07/2026;31901363;941615430418623;0.59;250|412
05/07/2026;31901368;636094023855913;0.2;420
05/07/2026;31901379;89166418116912;1.96;421
05/07/2026;31901404;497432655420237;0.34;421
05/07/2026;31901411;784552397996667;1.98;250|412
05/07/2026;31901434;790704879474966;0.12;393|416
05/07/2026;31901456;674695781531656;1.17;268
05/07/2026;31901520;419770359884518;0.53;420
05/07/2026;31901576;951434862366643;1.58;420
05/07/2026;31901623;98461395615033;2.65;420
05/07/2026;31901657;23716361123343;2.84;397
05/07/2026;31901673;442851560687829;3.27;421
05/07/2026;31901686;318177207682497;1.62;421
05/07/2026;31901725;873783114820529;0.36;268
05/07/2026;31901820;59589766421248;0.57;393|416
05/07/2026;31901825;398406422195108;0.08;
05/07/2026;31901858;815099873945754;18.09;397
05/07/2026;31901911;663636586343081;2.28;268
05/07/2026;31901982;13622557002427;0.25;
05/07/2026;31901988;327996627103785;0.94;397
05/07/2026;31902206;614379068668361;1053.1;
05/07/2026;31902252;501584397872826;0.28;393|417
05/07/2026;31902268;583213501184593;0.06;268
05/07/2026;31902269;199239187038028;1.7;421
05/07/2026;31902289;788612466962078;0.36;
05/07/2026;31902308;977471849203784;8.48;268|397
05/07/2026;31902336;855898346228742;0.43;
05/07/2026;31902351;402427637638492;8.12;422
05/07/2026;31902394;755824750844610;2.84;397
05/07/2026;31902401;697642999231852;3.21;420
05/07/2026;31902405;68375532468950;0.25;
05/07/2026;31902425;357808966824682;2.58;250|412
05/07/2026;31902470;75082425922605;2.84;397
05/07/2026;31902486;617238413433826;1.81;397
05/07/2026;31902494;841581495896167;0.19;393|416
05/07/2026;31902500;461837527332062;123.23;268|274|393|417
05/07/2026;31902511;833207394828608;0.13;393|419
05/07/2026;31902542;936663259187084;0.55;
05/07/2026;31902547;30052972192078;11.6;393|397|416
05/07/2026;31902581;915049750865874;0.08;393|416
05/07/2026;31902596;229160934888487;0.61;421
05/07/2026;31902610;192590942814787;0.17;393|416
05/07/2026;31902613;537713210888377;0.06;268
05/07/2026;31902620;370369070729117;11.86;268|397
05/07/2026;31902621;42702128994342;0.07;393
05/07/2026;31902623;846340569896326;0.06;268
05/07/2026;31902626;119332686544545;0.18;268
05/07/2026;31902718;701677830045900;2.18;393|420
05/07/2026;31902741;930481081478579;0.34;
05/07/2026;31902751;10911011482722;1.3;397
05/07/2026;31902759;145523400245721;0.01;393|416
05/07/2026;31902761;211099323985847;21.01;368|393|397|419
05/07/2026;31902767;18663761325858;16.31;420
05/07/2026;31902783;777606766972474;0.23;420
05/07/2026;31902792;115337643221994;0.25;393|419
05/07/2026;31902803;827294429251864;0.25;393|419
05/07/2026;31902897;269006034062881;0.16;393
05/07/2026;31902906;609518720695010;1.76;420
05/07/2026;31902977;987581179547061;0.19;
05/07/2026;31902981;633343918273148;4.62;420
05/07/2026;31902988;987044308201221;0.4;
05/07/2026;31903017;734411742750504;1.82;397
05/07/2026;31903045;554998329361504;1.07;397
05/07/2026;31903070;255494044738528;5.23;397
05/07/2026;31903117;765779653952877;0.68;393|419
05/07/2026;31903168;582694174485510;1.91;397
05/07/2026;31903171;711255833750150;0.35;393|416
05/07/2026;31903185;398944624304804;0.65;397
05/07/2026;31903196;506553752609129;0.65;393|416
05/07/2026;31903281;932173382103540;0.35;
05/07/2026;31903284;584362932200610;1.11;420
05/07/2026;31903296;713182778425023;1.58;420
05/07/2026;31903327;60204631461275;0.24;393
05/07/2026;31903335;482448450679630;0.62;
05/07/2026;31903380;6849881873874;4.21;
05/07/2026;31903401;176988789360190;0.35;393
05/07/2026;31903490;267948603582548;19.97;397|420
05/07/2026;31903493;545398552975881;4.84;
05/07/2026;31903531;296217738374717;0.22;268
05/07/2026;31903555;257966942373631;0.16;420
05/07/2026;31903599;912339070472430;2.84;397
05/07/2026;31903671;198477283151118;0.37;268
05/07/2026;31903675;726682406972191;0.48;393|419
05/07/2026;31903690;857338710419300;11.5;420
05/07/2026;31903706;727100107323615;0.17;
05/07/2026;31903714;416303779142310;5.56;397
05/07/2026;31903728;344834189572804;3.18;397
05/07/2026;31903756;152833325516653;1.26;420
05/07/2026;31903762;431608997415428;0.27;393|416
05/07/2026;31903823;944618369736531;0.06;393|419
05/07/2026;31903837;163327988002228;0.05;
05/07/2026;31903895;406274429731573;2.84;397
05/07/2026;31903966;190672086166857;21.34;268|393|397
05/07/2026;31903978;775568220283510;0.04;393|416
05/07/2026;31904052;215890742733811;3.54;397
05/07/2026;31904061;377233983800970;1.21;397
05/07/2026;31904069;153800974992819;4.51;268
05/07/2026;31904071;614002474291267;0.87;397
05/07/2026;31904084;374827742570148;8.72;421
05/07/2026;31904123;687206911932264;0.07;421
05/07/2026;31904162;489914423381653;1.24;420
05/07/2026;31904184;912174513418518;0.06;393|416
05/07/2026;31904197;918644014410893;11.81;421
05/07/2026;31904202;111441069542019;0.08;397
05/07/2026;31904224;767559622594594;0.16;
05/07/2026;31904265;986617291937035;2.84;397
06/07/2026;31595517;268864713978274;0.84;
06/07/2026;31904295;214679799317714;0.52;
06/07/2026;31904323;940198447367154;2.43;268|393
06/07/2026;31904359;243448882560480;3.46;421
06/07/2026;31904367;487821925255917;0.13;
06/07/2026;31904374;232734070228059;123.78;268
06/07/2026;31904434;411989332361051;0.21;397
06/07/2026;31904510;899761082184270;1.11;420
06/07/2026;31904573;319868181954769;0.43;
06/07/2026;31904675;18745184164573;0.61;393
06/07/2026;31904846;23728450424066;2.21;397
06/07/2026;31904849;679205689167196;4.04;420
06/07/2026;31904869;601391428009580;0.81;397
06/07/2026;31904921;213441244124426;10.14;268
06/07/2026;31904946;205947178271486;16.23;397
06/07/2026;31904979;995002877865076;0.07;
06/07/2026;31904984;672538729720026;0.36;393|417
06/07/2026;31904995;383326947040569;0.33;393|416
06/07/2026;31905008;131922327764981;0.3;
06/07/2026;31905058;850414120124864;0.14;393|416
06/07/2026;31905074;836090563721052;60.35;393|397
06/07/2026;31905096;993690742377688;61.73;393|397|417
